:020000040800F2
:1000000000C901209D010008F735000849320008A9
:10001000F53500083B0500084D46000800000000CB
:10002000000000000000000000000000494100083E
:10003000F905000800000000F93500084B410008F0
:10004000B7010008B7010008B7010008B7010008B0
:10005000B7010008B7010008B7010008B7010008A0
:10006000FB0500080106000807060008B7010008A4
:10007000B7010008B7010008B7010008B701000880
:10008000B7010008B7010008B7010008B701000870
:10009000B7010008B7010008B7010008B701000860
:1000A000B7010008B7010008B7010008B701000850
:1000B000B7010008B7010008E9410008B7010008CE
:1000C000B7010008B7010008B7010008B701000830
:1000D000B701000841460008B7010008B701000851
:1000E000B7010008B7010008B7010008B701000810
:1000F000B7010008B7010008B7010008B701000800
:10010000B70100082D360008B7010008B701000844
:10011000B7010008B7010008B7010008B7010008DF
:10012000B7010008B7010008B70100083D05000845
:10013000B7010008B7010008B7010008B7010008BF
:10014000B7010008B7010008B7010008B7010008AF
:10015000B701000849050008B7010008B701000809
:10016000B7010008B7010008B7010008B70100088F
:10017000B7010008B7010008B7010008000000003F
:10018000B7010008B7010008DFF80CD000F098F9BB
:1001900000480047FD9B000800C901200648804731
:1001A00006480047FEE7FEE7FEE7FEE7FEE7FEE75C
:1001B000FEE7FEE7FEE7FEE7D941000889010008F7
:1001C0002DE9F05F0546002092469B46884606468C
:1001D000814640241BE0284641464746224600F01F
:1001E00002F953465A46C01A914110D31146184697
:1001F000224600F0E9F82D1A67EB01084F46224627
:100200000120002100F0E0F817EB00094E41201E0C
:10021000A4F10104DFDC484631462A464346BDE8E6
:10022000F09F40EA01039B0703D009E008C9121FB1
:1002300008C0042AFAD203E011F8013B00F8013BA0
:10024000521EF9D27047D2B201E000F8012B491ECC
:10025000FBD270470022F6E710B513460A46044663
:100260001946FFF7F0FF204610BDCAB2401E10F835
:10027000011F8A4202D00029F9D10020704730B511
:1002800004460020034600E05B1C934203D2E05C7E
:10029000CD5C401BF8D030BD2DE9FE4F81EA030450
:1002A00004F0004421F0004100944FF0000B23F0D3
:1002B000004350EA01045ED052EA03045BD0C3F36A
:1002C0000A54C1F30A552C44A4F2F3340194A0FB60
:1002D0000254C1F3130141F48011C3F3130343F437
:1002E000801301FB024400FB034E840A970A44EA90
:1002F000815447EA8357A4FB076802958D0A05FBE2
:1003000007854FEA932C04FB0C542705029D4FEA06
:10031000065847EA1637B5EB08056EEB070C870E53
:10032000920E47EA811742EA8312A7FB0201B6EB5D
:100330000B0164EB00042B0D43EA0C335E1844EB15
:100340001C50DA465146E7FB0201C5F313044FEA9D
:100350000B3343EA14534FEA0432019C43EA060389
:10036000A4F10C040294009CCDE900B400F05AF80A
:1003700003B0BDE8F08F00200146F9E70EB540F26A
:10038000334102910021CDE900110A460B4600F0ED
:1003900049F803B000BDC1F30A5210B5C1F313010F
:1003A00040F2FF3341F480119A4201DA002010BD7F
:1003B00040F233439A42A2F2334203DC524200F04D
:1003C00012F810BD904010BD202A04DB203A00FA3C
:1003D00002F1002070479140C2F1200320FA03F39C
:1003E000194390407047202A04DB203A21FA02F09A
:1003F0000021704721FA02F3D040C2F1200291405F
:1004000008431946704710B5141E73F1000408DA4A
:10041000401C41F1000192185B411A4301D120F0C8
:10042000010010BD2DE9F04D92469B4611B1B1FA85
:1004300081F202E0B0FA80F220329046FFF7C4FF6A
:1004400004460F4640EA0A0041EA0B0153465A4669
:10045000084313D0114653EA010019D0C8F14002F5
:100460005046FFF7C0FF05460E46504659464246E5
:10047000FFF7AAFF084305D0012004E020463946D3
:10048000BDE8F08D0020054346EAE0762C43374373
:100490000A986305E40AA0EB08000022FD0A44EA7A
:1004A00047540A3002D500200146E9E7010510193A
:1004B0006941DDE9084500196941BDE8F04DA2E751
:1004C000064C074D06E0E06840F0010394E80700A1
:1004D00098471034AC42F6D3FFF75AFED8A0030871
:1004E000F8A0030870B58C1810F8015B15F007032D
:1004F00001D110F8013B2A1106D110F8012B03E0BD
:1005000010F8016B01F8016B5B1EF9D12B0705D4C4
:100510000023521E0DD401F8013BFAE710F8013B0D
:10052000CB1A921C03E013F8015B01F8015B521E29
:10053000F9D5A142D8D3002070BDFEE7014800F0F4
:100540002FB9000010C10120014800F029B90000B6
:1005500070C1012001681823CAB2103AB2FBF3F24D
:10056000054B6FF30901032A9B5CC36500D9091D84
:10057000816508467047000090F0000810B50146FC
:1005800000208B698A6A4FF0C07453B1B3F5005FE5
:1005900015D072B1012A0CD0022A0AD0032A09D13F
:1005A00004E01AB1012A06D0022A03D1C96AC9019E
:1005B00000D5012010BDC96AA142FAD010BD002AA1
:1005C000F7D0012AF2D0022AF3D0032AF3D010BDCB
:1005D00030B50468256825F48025256004686360CB
:1005E0008368402B036803D099600068C26030BD07
:1005F0009A600068C16030BD7047042000F0EEBC16
:10060000082000F0EBBC102000F0E8BC70470000B0
:1006100070B5B3F5804F05D06FF0704140F82210EF
:10062000002070BD50F82240084B8E891C40D1E953
:10063000003543EA05138D6889692D0245EA0645B0
:100640002B430B43234340F82230E9E70000F0CF6F
:10065000F0B50C6850F82430114A1340D1E9012557
:10066000D1E903672A433E4332434E6932438E69E0
:100670003243CE6932430E6A32434E6A32438E6A47
:100680003243CE6A3243CE6B096B32430A431A437C
:10069000082D01D142F0400240F824200020F0BD96
:1006A0008000F0FF30B500EB820250688D8900F0C9
:1006B0004043D1E9000440EA04108C68240244EA73
:1006C000054420430C8A074D05EB045420430C7D60
:1006D0006D0105EB046489692043084318435060A9
:1006E000002030BD0000F0FF2DE9F0410446876D89
:1006F00000F084FD064694F835000025022806D057
:100700008020606584F834500120BDE8F0812068C5
:10071000016821F0160101602068416921F0800123
:100720004161206C08B9A06C20B12068016821F0FB
:10073000080101602068016821F0010101600BE0FF
:1007400000F05CFD801B052806D92020606504F8B8
:10075000345F03206070D8E720680068C007EFD1DD
:1007600094F85C103F208840B86004F8345F0120A2
:1007700060700020C9E790F83510022903D080216D
:10078000416501207047052180F835100068016837
:1007900021F00101016000207047406D70470000AA
:1007A0002DE9F84304464FF00009CDF80090634866
:1007B0004FF41651A56D0068B0FBF1F72E6894F860
:1007C0005C10082000FA01F131420FD021680A685C
:1007D00052070BD50A6822F004020A6094F85C10F4
:1007E0008840A860606D40F00100606594F85C107E
:1007F0004FF0010808FA01F0304208D02168496939
:10080000090604D5A860606D40F00200606594F8A8
:100810005C1004208840304208D0216809688907AC
:1008200004D5A860606D40F00400606594F85C1029
:1008300010208840304218D021680968090714D573
:10084000A86020680168490304D50068000308D542
:10085000A16C07E00168C90503D4016821F0080113
:100860000160216C09B12046884794F85C10202073
:100870008840304231D021680968C9062DD5A8606A
:1008800094F8350005282068016806D0490347D54B
:10089000006800031DD4616C1CE021F016010160AA
:1008A0002068416921F080014161206C08B9A06C89
:1008B00020B12068016821F00801016094F85C1003
:1008C0003F208840A86084F8349084F83580216DFA
:1008D0001FE0E16B09B120468847606D00282BD0EE
:1008E000606DC00714D0052084F8350020680168C9
:1008F00021F0010101600098401C0090B84203D82B
:1009000020680068C007F6D184F8349084F83580F8
:10091000E16C002910D001B02046BDE8F043084743
:100920000168C905D5D4016821F01001016084F87F
:10093000349084F83580CCE7BDE8F883800200204D
:100940002DE9F041044600F059FC06465CB1002553
:1009500084F83450022084F835002068016821F0C2
:10096000010101600DE00120BDE8F08100F046FCCE
:10097000801B052805D920206065032084F83500F8
:10098000F2E720680068C007F0D1226811682048AB
:100990000140D4E901031843D4E903363343184333
:1009A00063691843A3691843E3691843236A18432A
:1009B0000843616A042903D1D4E90B13194308439E
:1009C000106020684069666A20F0070130460E43D7
:1009D000012704280CD1A06A0643E06A40B12046F2
:1009E000FFF7CCFD20B14020606584F83570BAE790
:1009F000206846612046FFF7ADFD94F85C203F215A
:100A000091408160656584F835700020ACE7000096
:100A10003F8010F02DE9F0410446866D90F83400D7
:100A2000002501280DD0012084F8340094F8357099
:100A30000020012F07D084F8340002252846BDE8A5
:100A4000F0810220FBE7022784F8357060652046BC
:100A5000FFF7BEFD94F85C103F208840B06020682E
:100A6000016841F016010160206C20B12068016826
:100A700041F0080101602068016841F00101016056
:100A8000DCE780B204F082BA2DE9F04387B014218C
:100A90006846FFF7DFFB2F480168002956D1012780
:100AA00007602D488846016841F001010160006837
:100AB000022400F0010005904FF231008DE8910012
:100AC00003250C26DFF89490CDE903566946484685
:100AD00000F090FA0E208DE81101CDE90356694629
:100AE000484600F087FA41F23B408DE89100DFF87C
:100AF0007090CDE903566946484600F07BFA4FF600
:100B000083708DE89100CDE903566946154800F0E1
:100B100071FA4CF633708DE89100134FCDE903560E
:100B20006946384600F066FA28038DE81101CDE9E0
:100B300003566946384600F05DFA04208DE811013D
:100B4000CDE903566946484600F054FA07B0BDE8BF
:100B5000F083000068020020383802400014024090
:100B60000018024000100240000C02402DE9FE4334
:100B700080460A20FFF785FF10258F4C1F264FF473
:100B80008777B8F1040F7DD0B8F1080F7BD0B8F1AA
:100B9000100F79D189A003F05BFD8EA003F058FD02
:100BA0000027012367711A4604F11C018E4801F0E9
:100BB00043FC20B18DA00BE00120FFF762FF6079BC
:100BC0000028F9D0884800F0C9FF0428F4D191A08A
:100BD00003F03EFD95A003F03BFD0123A7711A46EB
:100BE0009749814801F0B4FADFF8549220B195A0FA
:100BF00023E00120FFF745FFA0790028F9D09BA052
:100C000003F026FD277199F80000C84628B118F8AE
:100C10000710781C20719BA006E0A0A003F018FD2F
:100C200004E0401C2071A2A003F012FD94F904001E
:100C300018F800100029F4D165A003F009FDB846AA
:100C400027714F4694F90400395C9AA003F000FD27
:100C50002079401C40B220711028F3DB5CA003F027
:100C6000F7FC84F8048000BF94F90400395C92A07A
:100C700003F0EEFC2079401C40B220711028F3DB19
:100C800053A002E046E012E093E003F0E1FC8BA009
:100C9000CDE900501023C822E62102961E2008F05C
:100CA0003CFE1023D122E621E12002967DE08AA0BD
:100CB00003F0CEFC8FA003F0CBFC6148E16810226A
:100CC0001038643909F096FE90A003F0C1FC96A09C
:100CD00003F0BEFC5A48E16810221038643909F06C
:100CE000F5FD574996A0103903F0B2FC9BA0CDE961
:100CF00000501023E622FA2102961E2008F00DFE75
:100D00004F4810231038CDE90050D122FA21029625
:100D100038464CE099A003F09BFC4FF4006120782A
:100D200009F070FD206180B194F90120511C6170BF
:100D300098A103F09DFC20691023CDE90050D12239
:100D4000394602961E2008F0E8FD98A19B482269CA
:100D500003F08EFC994F1023CDE90057D1224FF4B8
:100D600091711E20029608F0D8FD95A0CDE90050A3
:100D70004FF49B781023C822414602961E2008F0AB
:100D8000CCFD002009F0EAFC0A21B0FBF1F201FBE6
:100D90001203B0FBF1F220818DA1384603F068FC0C
:100DA0001023C82241468E200296CDE9005708F054
:100DB000B4FDBDE8FE830000340000204B657930AF
:100DC0002070726573732C20546573742053442112
:100DD0000A00000073746172742077726974652070
:100DE000534421200A0000008CC00120577269740E
:100DF00065206661696C65642C20736F6D6574682D
:100E0000696E67206572726F72206F6363757265B9
:100E100064210A0057726974652053442073756316
:100E200063657373656421200A0000007374617246
:100E300074207265616420534421200A0000000080
:100E400050BD012052656164206661696C65642C47
:100E500020736F6D657468696E67206572726F725A
:100E6000206F636375726564210A000052656164D6
:100E70002053442073756363657373656421200A8E
:100E8000000000007265616420736F6D65746869AD
:100E90006E67206C696B653A20256300726561643A
:100EA00020736F6D65207A65726F730A0000000011
:100EB0002563000025642000256320005344207230
:100EC00065616420736F6D657468696E67206C6915
:100ED0006B653A20000000004B6579312070726527
:100EE00073732C2054657374206E6F72666C61731B
:100EF00068210A00537461727420777269746520E6
:100F00005732355131323821200A00007772697426
:100F10006520573235513132382066696E69736801
:100F2000656421200A0000005374617274207265A8
:100F300061642057323551313238210A00000000F7
:100F40007265616420736F6D657468696E67206C8B
:100F5000696B653A2025730A000000004E6F7266C7
:100F60006C617368207265616420736F6D6574686D
:100F7000696E67206C696B653A2000005352414DE1
:100F8000207374617274206D616C6C6F6321200A30
:100F9000000000004D656D6F7279204D616C6C6FC3
:100FA000632054657374253033640000502041641D
:100FB00064723A30582530385800000050BF012084
:100FC0005352414D494E202020555345443A00008C
:100FD00025642E253031642525000000044910B514
:100FE0000A68024202D00860FFF7C0FD10BD000091
:100FF000143C01402DE9F84FDFF8B8A1002201258B
:101000000AF1040B03264FF00F090BF1040E00BF89
:101010000B6805FA02F42340A3426FD10F7907F061
:101020000307012F01D0022F16D187684FEA42082B
:1010300006FA08FC27EA0C07D1F80CC00CFA08FCE9
:101040004CEA070CC0F808C04768A7430C79C4F302
:10105000001494403C4344600C79E443A4070AD054
:10106000C4684FEA420C06FA0CF7BC438F6807FAD3
:101070000CF72743C7600C7904F00304022C12D14B
:10108000D40800EB840CDCF820405707FF0E09FA67
:1010900007F824EA0804D1F8108008FA07F848EAAB
:1010A0000408CCF8208004684FEA420C06FA0CF7DA
:1010B000BC430F7907F0030707FA0CF727430760D3
:1010C0004C68E40070D53C4C276847F480472760A3
:1010D000246822F0030704F480440094374C07EBA3
:1010E000040CDCF8084897074FEA177809FA08F764
:1010F000BC43334FB84202D1002724E054E0314FC3
:10110000B84201D101271EE02F4FB84201D102277A
:1011100019E02E4FB84201D1032714E02C4FB842FA
:1011200001D104270FE02B4FB84201D105270AE077
:10113000294FB84201D1062705E0284FB84201D116
:10114000072700E0082707FA08F72743CCF80878B4
:10115000DAF800405746D1F804C09C435FEACC3C23
:1011600000D51C433C60DBF800405F46D1F804C06A
:101170009C435FEA8C3C00D51C433C60DEF8004099
:101180007746D1F804C09C435FEACC2C00D51C43C1
:101190003C60084F0C373C68D1F804C09C435FEAC0
:1011A0008C2C00D51C433C60521C102AFFF430AF3D
:1011B000BDE8F88F003C0140443802400030014057
:1011C000000002400004024000080240000C0240FF
:1011D000001002400014024000180240001C0240AF
:1011E000426921EA02030A4043EA024181617047F1
:1011F0000AB1816170470904FBE70000014880687B
:10120000704700007402002002488168027811448F
:1012100081607047740200200B4810B5016841F4EA
:1012200000710160016841F480610160016841F46E
:1012300080710160032000F071F8002000F006F8D2
:1012400000F024F8002010BD003C024070B50D4DA8
:1012500004464FF47A712878B1FBF0F00A49096826
:10126000B1FBF0F001F028FB48B9102C07D20022A6
:101270002146501E00F032F800206C6070BD012045
:1012800070BD000074020020800200200B4882B074
:10129000016841F480410160006800F480400090E2
:1012A0000648001F016841F080510160006800F0AD
:1012B00080500090052002B000F030B84438024061
:1012C000002809DB00F01F02012191404009800045
:1012D00000F1E020C0F8001170470000F0B40E4BA0
:1012E0001B680C46C3F30223C3F10705042D00D984
:1012F0000425191D072901D2002300E0DB1E012669
:1013000006FA05F1491E214099409E40761E16407E
:101310003143F0BC03F0C0B90CED00E0064900F029
:10132000070208684FF6FF03184040EA0220034A0C
:1013300010430860704700000CED00E00000FA0563
:101340002DE9F0470E46050065D0DFF81481D8F886
:101350000000F7B200F00700B04207D288F8007032
:10136000D8F8000000F00700B04254D128683D4C86
:10137000810712D5400703D5206840F4E050206073
:101380002878000703D5206840F46040206020687A
:10139000A96820F0F000084320602878C0072DD00D
:1013A000304968680839012812D0022813D0032870
:1013B00011D00968890700292DDA216821F003017D
:1013C00001432160FFF71AFF814641F2883A0EE09F
:1013D00009688903EFE709688901ECE7FFF70EFF69
:1013E000A0EB0901514502D90320BDE8F087206830
:1013F000696800F00C00B0EB810FEFD1D8F8001055
:10140000404601F00701B14207D90770006800F0BB
:101410000700B04201D00120E7E72878400705D552
:101420002068E96820F4E05008432060287800072D
:1014300006D52068296920F4604040EAC100206098
:1014400000F038F82168084AC1F30311515CC84024
:101450000649086006480068FFF7F8FE0020C4E768
:10146000003C02400838024098F00008800200204A
:10147000780200200448054900680968044AC1F35D
:101480008221515CC8407047800200200838024029
:10149000A8F000080448054900680968044AC1F337
:1014A0004231515CC8407047800200200838024039
:1014B000A8F00008154810B5006810F00C02144898
:1014C00013D04110042A0FD0082A0ED10F4C241F2C
:1014D0002268236802F03F025B0207D52068C0F350
:1014E0008810A0FB010106E0084610BD2168C1F389
:1014F0008811A1FB00010023FEF762FE2168C1F301
:101500000141491C4900B0FBF1F010BD0838024010
:101510000024F4002DE9F84F04006ED02078DFF8A5
:101520004C93C007A9F104054AD009F104000168F1
:10153000C1F38101012908D00068C0F381000228AD
:101540000AD1D9F80000400206D52868800337D5B3
:1015500060680028E1D033E06068B0F5803F10D0CB
:10156000B0F5A02F286810D020F4803028602868BB
:1015700020F4802028606068A8B1FFF73FFE06468F
:101580000DE0286840F48030F4E740F480202860C3
:10159000F7E700BFFFF732FE801B642873D8286886
:1015A0008003F7D50CE0FFF729FE064605E000BFF3
:1015B000FFF724FE801B6428F0D828688003F7D446
:1015C0002078DFF8AC8280074FF0000A3ED5A748AC
:1015D000001D016811F00C0F08D00068C0F38100F5
:1015E00002280BD1D9F80000400207D428688007F0
:1015F00016D5E068012800D112E033E1E068B8B107
:101600000120C8F80000FFF7F9FD064605E000BF1D
:10161000FFF7F4FD801B0228C0D828688007F7D5A3
:101620002868216920F0F80040EAC10028600DE038
:10163000C8F800A0FFF7E2FD064604E0FFF7DEFD74
:10164000801B02281FD828688007F7D4207800075D
:1016500022D5864F87486169703771B101210160D9
:10166000FFF7CCFD064604E0FFF7C8FD801B02280B
:1016700009D838688007F7D50EE0C0F800A0FFF75A
:10168000BDFD064605E082E0FFF7B8FD801B02289D
:101690007DD838688007F7D42078400768D5DFF810
:1016A000CCB100270BF13C0BDBF80000C0000BD4E1
:1016B000DBF8001041F08051CBF80010DBF800009F
:1016C000012700F0805000906B4E3068C00510D4A8
:1016D000306840F480703060FFF790FD009005E0C6
:1016E000FFF78CFD0099401A022850D83068C005D9
:1016F000F6D55E4EA0686C3601280FD005283068FC
:1017000010D020F001003060306820F0040030601C
:10171000A068B8B1FFF772FD00900FE0306840F0AC
:101720000100F4E740F004003060F7E7FFF766FDE2
:101730000099411A41F28830814266D830688007AA
:10174000F4D50EE0FFF75AFD009007E0FFF756FDD5
:101750000099411A41F28830814256D8306880079A
:10176000F4D42FB1DBF8001021F08051CBF8001039
:10177000A069C8B33D49091D0968C1F38101022967
:101780004AD00228504607D0C8F8600000E03CE08C
:10179000FFF734FD04463BE04746C8F86000FFF71A
:1017A0002DFD064605E000BFFFF728FD801B02283F
:1017B0002BD828688001F7D4D4E907010843A16A2F
:1017C0002E4A490802EB0141626A41EA821108434C
:1017D00094F82C1040EA0161C9F800100120386625
:1017E000FFF70CFD044606E03EE000BFFFF706FDF4
:1017F000001B022809D828688001F7D534E000BF13
:10180000FFF7FCFC001B022802D90320BDE8F88F7B
:1018100028688001F4D427E00128F7D0D9F8000027
:10182000E26900F4800191421CD1226A00F03F017C
:10183000914217D147F6C071626A0140B1EB821F35
:1018400010D1A26A4FF0FF3300F4403103EB520293
:10185000B1EB024F06D194F82C1000F07060B0EBA1
:10186000016F01D00120D1E70020CFE7043802400A
:1018700000004742800E4742007000400000FFFF1A
:10188000704700002DE9FE430446002603200D4664
:1018900084F83400606C03285ED0B5F5805F5BD0BF
:1018A0004FF4006700204FF08068BD421FD1814691
:1018B000009001900021206801F0B5FE800113D452
:1018C0006946204602F07AFA07000DD101984003DC
:1018D00034D5B4F850000104206801F0DFFE0700A1
:1018E00002D10221206823E0A06B384328E01DB11B
:1018F000A06B40F0006023E0814600900190002141
:10190000206801F090FE8001EED46946204602F086
:1019100055FA0700E8D10198C0030FD5B4F850007C
:101920000104206801F0BAFE0700DDD10021206823
:1019300001F001FF0700D7D14F46D5E74746D3E76F
:10194000A063A06B144F4FF0010848B12068876373
:1019500084F8348001260EE0A06B40F08050EFE761
:10196000211DD4E9050C0EC9CDE90050CDF808C001
:10197000206801F061FE4FF40071206801F0C2FEA2
:1019800028B121688F63A16B0143A163012684F80C
:1019900034803046BDE8FE83FF05400070470000FC
:1019A000F0B5426E920F0A70426EC2F383624A70C3
:1019B000426EC2F301628A70426E120CCA70B0F8B5
:1019C0006420120A0A7190F864204A71826E120D26
:1019D000CA80826EC2F303420A72B0F86820C2F372
:1019E000C0324A72B0F86820C2F380328A72B0F80E
:1019F0006820C2F34032CA72B0F86820C2F30032E5
:101A00000A7300264E73426C4FF40075012462B1D4
:101A1000012A3AD0026847499163816B41F08051B5
:101A2000816380F834400120F0BDB0F86820C36EB7
:101A30009205120D42EA93720A61C26EC2F3C2624B
:101A40000A75C26EC2F302624A75C26EC2F3425296
:101A50008A75C26EC2F38242CA75C26EC2F3C232C6
:101A60000A760A69521C42650B7E03F007039B1C31
:101A70009A4042650B7A03F00F0704FA07F3836577
:101A80005B0A5A43C0E917250EE090F86820C36E40
:101A90009206920A42EA13420A610A69521C9202B1
:101AA0004265C0E91652056630F86C2FC2F38032E9
:101AB00001F8192F0288C2F3C6124A70027802F0A8
:101AC0007F028A704268D20FCA704268C2F34172C4
:101AD0000A714268C2F382624A714268C2F3835259
:101AE0008A714268C2F34052CA710E724268C2F3F0
:101AF00000424A728288C2F3C0328A728288C2F37C
:101B00008032CA728288C2F340320A738288C2F37A
:101B100000324A738288C2F381228A738288C2F3B8
:101B20000122CA730079C0F3460008744C74002087
:101B3000F0BD0000FF054000426C0A60826C4A6004
:101B4000C26C8A60026DCA60426D0A61826D4A6130
:101B5000C26D8A61006EC8610020704770B504468E
:101B6000B0F8500000250104206801F0EEFE18B125
:101B7000A16B0143A16304E00021206801F053FD43
:101B80000546C5F3432070BDF8B5056B04460068F3
:101B9000416B09041BD5290719D5D4E90A56002E33
:101BA00014D00027206801F061FD05F8010B010A3F
:101BB00005F8011B010C05F8021B000E361F7F1CE7
:101BC00005F8010C082FEDD3C4E90A56F8BD416BA6
:101BD0004FF00006C9054FF0010744D53902816373
:101BE0002068C16B4CF23A329143C1632068C16AEC
:101BF00021F00101C16228071DD515F0220F09D07F
:101C0000206801F0D3FE28B1A16B0143A1632046F7
:101C1000FFF7C4FE216840F23A50886384F83470BC
:101C20002663A80703D0204600F024FBF8BD204619
:101C300000F026FBF8BD2806FCD5A80609D52068CB
:101C400001F0B4FE28B1A16B0143A1632046FFF768
:101C5000A5FEA807EED12068C16A21F00801C16283
:101C600084F83470E3E7416B490424D5290722D571
:101C7000D4E90856002EDDD05FF0000715F8010BFF
:101C8000009015F8011B361F40EA0120009015F85E
:101C9000021B40EA0140009015F8011C40EA016077
:101CA00000906946206801F0F4FC7F1C082FE5D302
:101CB000C4E90856F8BD416B40F23A221142F9D00E
:101CC000416B890703D5A16B41F00201A163416B10
:101CD000090703D5A16B41F00801A163416B890697
:101CE00003D5A16B41F02001A163416BC90603D567
:101CF000A16B41F01001A163416B890503D5A16B74
:101D000041F00801A16340F23A7181632068C16B20
:101D100040F23A329143C163206801F047FEA16B63
:101D20000843A063280706D584F83470266320464C
:101D3000FFF734FEF8BD2806FCD515F0300F0CD0A7
:101D4000E16B11480865E06BFEF715FD0028F1D046
:101D5000E06BBDE8F84002F00FB8A8070CD0216C8A
:101D60000A480865206CFEF706FD0028E2D0206CCA
:101D7000BDE8F84001F0D7BFA66384F8347026634D
:101D80002046FFF77DFDF8BD793D0008273D00089E
:101D900070B504000ED094F83400002518B92577EA
:101DA000204600F04BF8032084F83400204600F071
:101DB0000BF808B1012070BDA5632563012084F8EC
:101DC0003400002070BD0000FEB5002504467620DA
:101DD0000095CDE9015029460B460A46206801F0DE
:101DE0002BFC28BB134E46F8A05F206801F036FCA0
:101DF00001253560204602F0C5F828B184F834503A
:101E0000A16B0143A16313E0204602F044F80028CF
:101E1000F4D14FF40071206801F074FC002808D060
:101E2000226805499163A16B0143A16384F8345092
:101E30000120FEBD00802542FF0540002DE9F04F46
:101E400087B0054614216846FEF704FA444928681D
:101E500088427DD143480068424940F400600860F0
:101E6000086800F4006005903E48143800683D4959
:101E700040F0040014390860086800F00400059080
:101E8000086840F0080008600868022400F00800B4
:101E900005904FF4F8504FF001098DE81102032628
:101EA0004FF00C08CDE9036869462F48FFF7A2F808
:101EB0000427CDE90074CDF80890CDE903686946A0
:101EC0002A48FFF797F82B4C29484FF00068E4E8C0
:101ED0000208002001C44FF480694FF4805BA4E83D
:101EE000010A4FF0200A64E8060A2062C4E9097674
:101EF0007E05B7101F48C4E90B67FEF721FD08B146
:101F0000FEF784FB2C64A5631A4C194860344830F2
:101F1000E4E80208402001C40020A4E8010A64E8C3
:101F2000060A04F12801206204206062032081E88F
:101F3000C10010486030FEF703FD08B1FEF766FBF4
:101F4000EC63002201213120A563FFF7C7F900E00F
:101F500002E03120FFF7B4F907B0BDE8F08F0000D0
:101F6000002C01404438024000080240000C0240AE
:101F70005864024010C101202DE9F04F87B09B4604
:101F800016460D460446FFF739F900903DB194F826
:101F90003400012807D0A06B40F000500DE0A06B8A
:101FA00040F0006009E00020A063E26D06EB0B0149
:101FB000914204D9A06B40F00070A06386E0032139
:101FC00084F834102168C862616C012900D076025F
:101FD0004FF0FF3101914FEA4B2102914FF0010880
:101FE00003AA902102278146CDF8188082E8820258
:101FF00001A9206801F001FBBBF1010F05D927639E
:102000003146206801F012FC05E0C4F8308031460A
:10201000206801F024FCDFF834A130B12268C2F856
:1020200038A0A16B0143A1634CE0029E1EE0406B0F
:10203000000413D596B10027206801F017FB05F8BE
:10204000010B010A05F8011B010C05F8021B000E2B
:10205000361F7F1C05F8010C082FEDD3FFF7CEF8D3
:102060000099411A109881421DD2E0B12068426B5C
:1020700040F22A310A42DAD0416BC90509D5BBF1D9
:10208000010F06D9616C032903D001F08FFC0028F1
:10209000C4D12068416B09071AD5C0F838A0A06BDD
:1020A00040F0080050E02168C1F838A0A06B40F073
:1020B0000040A06384F83480C4F83090032007B057
:1020C000BDE8F08F84F83480C4F830900120F6E742
:1020D000416B890705D5C0F838A0A06B40F002001D
:1020E00032E0416B89061BD5C0F838A0A06B40F0E8
:1020F000200029E001F0BAFA05F8010B010A05F801
:10210000011B010C05F8021B000E05F8010C361F1F
:10211000FFF774F80099411A109881420ED268B105
:102120002068416B890201D5002EE3D1216840F27D
:102130003A50886384F834800020C0E72168C1F8F1
:1021400038A0A06B40F00040A063BBE7FF05400053
:102150002DE9F04786B01F460446154639B194F87C
:102160003400012807D0022006B0BDE8F087A06B3C
:1021700040F0006008E00020A063E36DEA199A4295
:1021800004D9A06B40F00070A06369E0032284F8DA
:10219000342022688146D0622268D36B40F22A360E
:1021A0003343D363236C2F4ADA63236C2E4ADA64F9
:1021B000226C1065226C9060206C0068026822F02E
:1021C000C002026020680A46266C4FEA472800F1E8
:1021D00080014FEA98033046FEF71CFCDFF88CA024
:1021E000012670B12068C16B21F49571C16321682B
:1021F000C1F838A0A06B40F08040A06384F8346040
:102200002EE01B480660606C012800D06D024FF084
:10221000FF30CDE900089020029002200596CDE91C
:1022200003096946206801F0E8F9012F06D98220E8
:1022300020632946206801F0F9FA05E08120206337
:102240002946206801F00BFB00288DD02268C2F8D7
:1022500038A0A16B0143A16384F83460C4F83090C6
:10226000012081E7E53C0008813C0008FF054000B3
:102270008C85254201490120087070473A000020F2
:102280000149012008707047390000202DE9F04F06
:102290008DB09B4616460D460446FEF7AFFF0A90EA
:1022A0003DB194F83400012807D0A06B40F00050F5
:1022B0000DE0A06B40F0006009E00020A063E26D3B
:1022C00006EB0B01914204D9A06B40F00070A063B3
:1022D0007AE0032184F834102168C862616C012916
:1022E00000D076024FF0FF3103914FEA4B21049169
:1022F0009021CDE905104FF00109CDE9070982468B
:1023000003A9206801F079F9BBF1010F06D920205B
:1023100020633146206801F063FB05E01020206354
:102320003146206801F075FB5FEA000806D021689D
:1023300040488863A06B40EA080071E0049E27E0F3
:10234000406B40041CD5DEB15FF0000715F8010BAF
:10235000009015F8011B361F40EA0120009015F887
:10236000021B40EA0140009015F8011C40EA0160A0
:1023700000906946206801F08CF97F1C082FE5D396
:10238000FEF73CFF0A99411A1698814220D2F8B113
:102390002068416B40F21A321142D1D0416BC9051D
:1023A00023D5BBF1010F20D9616C03291DD001F0A9
:1023B000FDFAD0B122681F499163A16B0143A1636B
:1023C00084F83490C4F830A001200DB0BDE8F08F3F
:1023D000216818488863A06B40EA0800A06384F86D
:1023E0003490C4F830A00320EFE72068416B090760
:1023F00005D510498163A06B40F0080010E0416BE7
:10240000890705D50B498163A06B40F0020007E006
:10241000416BC90606D507498163A06B40F01000E7
:10242000A063CDE740F23A51816384F834900020F4
:10243000CBE70000FF0540002DE9F04F5FEA010BFC
:1024400087B01E460446114607D094F83400012890
:1024500007D0022007B0BDE8F08FA06B40F000600D
:1024600008E00025A563E26D8819904204D9A06BAD
:1024700040F00070A06356E0032084F83400206828
:10248000C5622068C26B40F21A2942EA0902C2639F
:10249000E26B2D48D063E26B2C48D064E06B05659D
:1024A000606C012800D049024FF09008012E05D938
:1024B000A0202063206801F093FA04E0C4F8308083
:1024C000206801F0A6FADFF888A0012730B1226861
:1024D000C2F838A0A16B0143A16321E01D48076049
:1024E000E16B40208860E06B0068016821F0C0016A
:1024F00041F04001016022687602B30859468032FB
:10250000E06BFEF787FA80B12068C16B21EA090110
:10251000C1632168C1F838A0A06B40F08040A0637F
:1025200084F834702563012094E74FF0FF30CDE943
:102530000006CDE90285CDE904576946206801F01F
:102540005CF8002086E700006B3D0008813C000835
:10255000FF0540008C85254270B5040009D0606AF3
:10256000002540B125616561A56294F8510040B134
:102570000CE0012070BD6068B0F5827FF4D0E561A9
:10258000F2E784F85050204600F044F8022084F826
:1025900051002068016821F040010160A088218974
:1025A00000F4827001F404410843A18901F4006140
:1025B0000843217C01F002010843217D01F0010163
:1025C0000843218B01F400710843217F01F0380199
:1025D000084394F8201001F080010843218D01F494
:1025E0000051084321680860A069042101EA1040F5
:1025F00094F8241001F01001084321684860206815
:10260000C16921F40061C1616565012084F8510050
:10261000002070BD10B586B0044614216846FDF751
:1026200019FE13492068884220D11248016841F4FC
:1026300080510160006800F4805005900D48143806
:10264000016841F0020101600068694600F0020083
:102650000590382000900220019001200290032074
:102660000390052004900448FEF7C4FC06B010BD9A
:102670000030014044380240000402402DE9F84F88
:10268000044690F8500000270A9E1D4692468B464D
:102690004FF0010901280ED0012084F85000FEF708
:1026A000ADFD804694F85100616801280CD0B1F569
:1026B000827F07D102E00220BDE8F88FA16809B946
:1026C000042801D00227C2E0BBF1000F27D0BAF1E5
:1026D000000F24D01DB394F85100042802D0052027
:1026E00084F8510000206065C4F838A0E587A5870C
:1026F000C4F830B0E586A58620646064206801686F
:10270000490603D4016841F040010160E068B0F57A
:10271000006F606805D0E8B3012D46D07FE0012747
:1027200095E008B1012D39D1206B21680088C8607F
:10273000206B801C2063E08E401EE0862EE0206827
:10274000816889070FD5E18E69B1B9F1010F0AD10E
:10275000216B0988C160206B801C2063E08E401EC5
:10276000E0864FF0000920688168C9070CD0E18F2E
:1027700051B1C068A16B0880A06B801CA063E08F82
:10278000401EE0874FF00109FEF738FDA0EB08007E
:10279000B04200E009E001D3701C50D1E08E002867
:1027A000CDD1E08F0028CAD13FE0206B21680078AE
:1027B0000873206B401C2063E08E401EE0862EE0F4
:1027C0002068816889070FD5E18E69B1B9F1010FE1
:1027D0000AD1216B09780173206B401C2063E08EC5
:1027E000401EE0864FF0000920688168C9070CD0C0
:1027F000E18F51B1C068A16B0870A06B401CA06351
:10280000E08F401EE0874FF00109FEF7F7FCA0EBD8
:102810000800B04202D3701C01D010E07EB1E08EFF
:102820000028CDD1E08F0028CAD14246314620464B
:1028300001F002FC28B101272020606507E0032792
:1028400005E0A06818B92068C16880680090012080
:1028500084F85100002084F8500038462CE770B509
:1028600015460E46040003D094F8490010B107E065
:10287000012070BD002084F84800204600F01AF8BE
:1028800004F108012068FDF7E3FE3146A2682068E4
:10289000FDF708FFD4E901022946236BFDF7B8FED6
:1028A000A168206850F8212042F0010240F8212060
:1028B000002070BDFEF7E8B810B5401EB0F1807F73
:1028C00001D3012010BD4FF0E02460610F2160179B
:1028D00001F0E2FE0020A06107202061002010BD71
:1028E0007047704770B590F83C20012A32D001241F
:1028F00080F83C40022280F83D2003685A689D68B9
:1029000022F070060A6832435A60134B02689A42FA
:1029100014D0B2F1804F11D0104B9A420ED0104B10
:102920009A420BD00F4B9A4208D00F4B9A4205D0D7
:102930000E4B9A4202D00E4B9A4204D1496825F0C0
:1029400080031943916080F83D40002180F83C10DD
:10295000084670BD022070BD000001400004004028
:1029600000080040000C004000040140004001400D
:102970000018004010B5040003D094F83D0010B1D9
:1029800007E0012010BD002084F83C00204600F044
:102990001FF8022084F83D00211D206801F042FC50
:1029A000012084F8460084F83E0084F83F0084F853
:1029B000400084F8410084F8420084F8430084F821
:1029C000440084F8450084F83D00002010BD00005C
:1029D00010B586B0044614216846FDF73BFC164945
:1029E0002068884226D115480021026842F004027E
:1029F0000260006800F0040005901048103802687A
:102A000042F002020260006800F0020005904020DF
:102A100000900220CDE90101CDE903106946084884
:102A2000FEF7E8FA032211461E20FEF757FC1E208F
:102A3000FEF746FC06B010BD0008004040380240DA
:102A40000004024090F83D10012901D00120704798
:102A5000022180F83D100168CA6842F00102CA6094
:102A600000681149884214D0B0F1804F11D00F494D
:102A700088420ED00E4988420BD00E49884208D0B9
:102A80000D49884205D00D49884202D00C49884240
:102A900004D1816801F00701062903D0016841F0E3
:102AA0000101016000207047000001400004004067
:102AB00000080040000C00400004014000400140BC
:102AC0000018004070B5044690F83C00012817D06B
:102AD000012584F83C50022084F83D00206882687B
:102AE00022F0770222F47F4282600868502830D0BA
:102AF0000DDC20284DD005DC98B310283BD148E0F0
:102B0000022070BD302844D0402834D139E06028FC
:102B100028D0702806D0B0F5805F2CD0B0F5005FCB
:102B200029D10AE0CB68D1E90121206801F0DEFB60
:102B30002068816841F0770109E0CB68D1E9012183
:102B4000206801F0D3FB2068816841F480418160F6
:102B500011E0CA684968206801F0DAFB502120685A
:102B600007E016E0CA684968206801F023FC60218C
:102B7000206801F0C5FB84F83D50002084F83C003B
:102B800070BDCA684968206801F0C2FB4021206816
:102B9000EFE7226801461046EBE770472DE9F04168
:102BA000054690F83C000C46012836D0012085F8F7
:102BB0003C008AB3042A42D02868082A51D0D4E9BC
:102BC0000023E168066A26F480560662C669076A31
:102BD00026F4407646EA03234FF6FF7606EA0131F3
:102BE00023F4704319434FF4204627F4204306EAA8
:102BF00002321A43C16102622868C16921F440614E
:102C0000C1612868C169A26841EA0221C16100204E
:102C100085F83C00BDE8F08101E00220FAE7D4E944
:102C20000012E368286801F085FB2868816921F0BB
:102C30000C01816128688169A26811430FE0D4E921
:102C40000012E368286801F0C7FB2868816921F455
:102C50004061816128688169A26841EA022181613D
:102C6000D5E7D4E90027267B016A21F4807101624F
:102C7000C169036A21F00301394321F0F0073107EC
:102C80004FF4206647EA116123F4206306EA02222A
:102C90001A43C16102622868C16921F00C01C16157
:102CA0002868C169A2681143B0E710B5040003D0D9
:102CB00094F83D0010B107E0012010BD002084F819
:102CC0003C00204600F01EF8022084F83D00211D43
:102CD000206801F0A7FA012084F8460084F83E003D
:102CE00084F83F0084F8400084F8410084F84200F2
:102CF00084F8430084F8440084F8450084F83D00DB
:102D0000002010BD704770B50446006801694FF09F
:102D10000005C943890715D4C168C943890711D47F
:102D2000E91E016101202077206880698007204624
:102D300002D0FFF732FF04E000F098F8204600F0E0
:102D400096F8257720680169C943490717D4C168F7
:102D5000C943490713D46FF00401016102202077B1
:102D60002068806910F4407F204602D0FFF715FFED
:102D700004E000F07BF8204600F079F82577206821
:102D80000169C943090716D4C168C943090712D4A8
:102D90006FF008010161042020772068C069800776
:102DA000204602D0FFF7F9FE04E000F05FF820466D
:102DB00000F05DF8257720680169C943C90617D47A
:102DC000C168C943C90613D46FF01001016108201E
:102DD00020772068C06910F4407F204602D0FFF7BA
:102DE000DCFE04E000F042F8204600F040F82577D1
:102DF00020680169C943C90708D1C168C943C90727
:102E000004D1891E0161204600F032F82068016972
:102E1000C943090609D4C168C943090605D46FF03E
:102E2000800101612046FFF75BFD20680169C9430D
:102E3000490609D4C168C943490605D46FF0400169
:102E40000161204600F015F820680169C943890630
:102E50000BD4C168C943890607D46FF02001016112
:102E60002046BDE87040FFF73CBD70BD704770471D
:102E70007047704770477047F8B50268044610689D
:102E8000D168536910F00F0F4FF0000553D003F0D5
:102E9000010601F4907737435FD0C20705D0CA0519
:102EA00003D5226C42F001022264420705D5DA07FD
:102EB00003D0226C42F002022264820705D5DA07B1
:102EC00003D0226C42F004022264020707D501F00D
:102ED0002002324303D0226C42F008022264226CAA
:102EE000002A34D0800604D5880602D5204601F099
:102EF000AEFA20684069216CC0F38010090700D445
:102F000030B3204601F08BFA2068416949061BD591
:102F1000416921F040014161A06BA8B159490165A7
:102F2000A06BFDF728FC002811D0A06B016D01B04B
:102F3000BDE8F040084783060FD58B060DD5204627
:102F4000BDE8F84001F083BA2046FFF794FFF8BDD2
:102F50002046FFF790FF2564F8BD266B2023012E45
:102F600053D1C60651D5CE064FD510685068009093
:102F7000506940062BD5A16B086840680004000C1E
:102F8000EAD0A68D8642E7D9E085C869B0F5807F92
:102F900018D0D06820F48070D0602068416921F09A
:102FA000010141612068416921F04001416184F8DB
:102FB0003E3025632068C16821F01001C160A06B1C
:102FC000FDF792FBA08DE18D401A81B219E0A08D32
:102FD000E18D401A81B2E08D0028BDD00029BBD020
:102FE000D06820F49070D0602068426922F001021D
:102FF000426184F83E3025632068C26822F01002E6
:10300000C2602046FFF736FFF8BD05062BD50D063A
:1030100029D594F83D002128F6D1A068B0F5805F4D
:1030200001D12069B0B1206A411C21622168007879
:103030004860E08C401E0004000CE084E4D120686D
:10304000C16821F08001C1602068C16841F0400181
:10305000C160F8BD206A0088C0F308005060206A93
:10306000801C2062E5E74006F3D54806F1D5D1681B
:10307000204621F04001D16084F83D3000F0BEF8D8
:10308000F8BD00000F44000870B5040004D094F8A7
:103090003D00002510B106E0012070BD84F83C50D1
:1030A000204600F023F8242084F83D002068C16801
:1030B00021F40051C160204601F020FA2068016926
:1030C00021F4904101612068416921F02A014161A8
:1030D0002068C16841F40051C1602564202084F853
:1030E0003D0084F83E00002070BD000010B586B0A1
:1030F000044614216846FDF7ADF818492068884257
:1031000029D11748016841F010010160006800F002
:103110001000059012481438016841F00101016067
:103120000068694600F0010005904FF4C06000900F
:1031300002200190012002900320039007200490B8
:103140000848FDF757FF032211462520FEF7C6F871
:103150002520FEF7B5F806B010BD000000100140B4
:10316000443802400000024090F83E30202B0ED13F
:1031700059B152B190F83C30012B08D0012380F8AE
:103180003C300023036301F03FBA01207047022066
:103190007047000030B400681549884225D11548B1
:1031A00041880A0416D402464C0412784FF00003FA
:1031B00004D50A2A0DD141F4004114E00D2A10D0A3
:1031C000C1F30D040C4D491C89B22A554180C72911
:1031D00000D943800848012230BC06494438FFF733
:1031E000C3BF41F480414180F4E730BC7047000028
:1031F0000010014070020020B4C2012070B50068C8
:103200000B49884213D144150A4D00222146284615
:10321000FDF7EEFF3220FDF734FC0122214628465F
:10322000FDF7E6FFBDE8704003A001F011BA70BDE4
:10323000001001400014024073656E642066696EE0
:103240006973680A00000000FEE700000D4808B539
:10325000016841F4800101600068002200F48000F0
:10326000009002213B20FEF739F83B20FEF728F8BA
:10327000002202214520FEF731F8BDE80840452034
:10328000FEF71EB8303802402DE9F0438FB01C2104
:103290006846FCF7DFFF1C2107A8FCF7DBFF2F487F
:1032A00004210024C0E902141025C0E9044584610A
:1032B000C461046244628462C46204634463284E4D
:1032C00084634FF020484464C0E9008602200F2741
:1032D000CDE9000702A908204FF0110981E8310269
:1032E000002269461D480694FFF7B9FA08B1FDF7B8
:1032F0008DF91A480621503007AAC0E90214C0E926
:1033000004458461C4614FF480510462C0E90941FD
:103310008900C0E90B41446384634464C0E90086CA
:103320003C200097CDE90170CDF81490CDE90375EC
:103330000921CDE90641CDE90871CDE90C94074892
:10334000CDE90A7569465030FFF789FA002801D0A7
:10335000FDF75CF90FB0BDE8F0830000ECBF012081
:10336000040100A0F0B587B014216846FCF772FF95
:103370004648016841F010010160016801F0100148
:103380000591016841F020010160016801F0200110
:103390000591016841F080010160016801F0800140
:1033A0000591016841F040010160016801F04001B0
:1033B0000591016841F002010160016801F002011C
:1033C0000591016841F008010160016801F0080100
:1033D0000591016841F004010160016801F00401F8
:1033E0000591016841F0010101600068284E00F07C
:1033F00001004FF4C0650590012229463046FDF7D3
:10340000F7FE244F012269013846FDF7F1FE1C202A
:10341000009021480124CDE9010469461F48FDF7C9
:10342000E9FDCDE90054022569463046CDE9024563
:10343000FDF7E0FDA003CDE9000469463846CDE97B
:103440000245FDF7D7FDE0038DE8310069463846B7
:103450000395FDF7CFFD012203210820FDF73EFF74
:103460000820FDF72DFF012203210920FDF736FF7B
:103470000920FDF725FF012203210A20FDF72EFF79
:103480000A20FDF71DFF07B0F0BD000030380240F4
:10349000001402400004024000002110001002400D
:1034A0000E4810B50C490160002141608160C16087
:1034B000016141618161FEF76BFC08B1FDF7A6F87F
:1034C0004FF400610548FEF7DDF9002803D0BDE8A0
:1034D0001040FDF79BB810BD002C01408CC00120AE
:1034E000104810B50E4901604FF48271416000210F
:1034F00002228160C0E9031201224261520282610C
:103500003822C0E90721416281620A21C162FFF7C6
:1035100023F8002803D0BDE81040FDF777B810BDB0
:1035200000300140D0C1012010B58AB000242248EB
:1035300004940594069407940894099400940194C3
:1035400002941C49039401605321C0E90114C46032
:1035500004618461FFF70EFA08B1FDF757F84FF4E4
:103560008050049004A91448FFF7ACFA08B1FDF7A5
:103570004DF81148FFF799FB08B1FDF747F808949B
:1035800008A90D480994FFF7ADF908B1FDF73EF819
:10359000022000900120CDE901040022694606487E
:1035A0000394FFF7FBFA002801D0FDF72FF80AB0CB
:1035B00010BD00000008004028C201200C4810B5D2
:1035C0000A4901604FF4E1314160002181600C2221
:1035D000C160C0E904128161C161FFF755FD002897
:1035E00003D0BDE81040FDF711B810BD0010014038
:1035F00070C20120FEE7704770470A6842624A685D
:103600008262D1E902231A43D1E904310B43C16A32
:103610001A4321F0F7011143C1620020704700688E
:1036200000F0030070470844406970470148FEF706
:10363000ABBA00008CC0012070B50DF1100C114325
:103640009CE870002343194329434268314347F6FD
:10365000FF639A430A434260002070BD10B5032106
:1036600001600220FDF70DFA002010BDD0F88000A7
:1036700070470A688260D1E901231A43D1E9033116
:103680000B43C1681A436FF30B011143C160002063
:1036900070470968C0F880100020704710B586B0E8
:1036A00004463720CDE9001040200290002003900E
:1036B0004FF48060049069462046FFF7DAFF41F23C
:1036C00088323721204600F0BDF906B010BD000059
:1036D00010B504460A4886B001432920CDE9001000
:1036E00040200290002003904FF4806004906946CF
:1036F0002046FFF7BEFF204600F05CFA06B010BD82
:103700000000108010B586B004461020CDE90010EE
:1037100040200290002003904FF48060049069469E
:103720002046FFF7A6FF41F288321021204600F024
:1037300089F906B010BD10B586B004460620CDE963
:10374000001040200290002003904FF4806004900D
:1037500069462046FFF78DFF41F288320621204658
:1037600000F070F906B010BD30B585B000240546F4
:10377000009401944FF480600294CDE903406946BF
:103780002846FFF776FF0B484FF4FA510068B0FB6C
:10379000F1F041F288314843401E03D24FF000401F
:1037A00005B030BD696B0906F6D5C520A863204673
:1037B000F6E700008002002070B585B004464FF4A3
:1037C000D570009001A908204025002681E86100FD
:1037D000C001049069462046FFF74BFF12484FF4A2
:1037E000FA510068B0FBF1F041F288314843401EC5
:1037F00003D24FF0004005B070BD616B11F0450F72
:10380000F5D00905F3D4606B400701D5042003E02F
:10381000606BC00702D00120A063ECE7606B40063C
:1038200000D5A5633046E6E78002002010B586B0DB
:1038300004461220CDE900104020029000200390A1
:103840004FF48060049069462046FFF712FF41F272
:1038500088321221204600F0F5F806B010BD10B5F0
:1038600086B004461120CDE90010402002900020CF
:1038700003904FF48060049069462046FFF7F9FEFC
:1038800041F288321121204600F0DCF806B010BD6C
:1038900010B586B004460720CDE9002040200290F4
:1038A000002003904FF48060049069462046FFF7A3
:1038B000E0FE41F288320721204600F0C3F806B04E
:1038C00010BD10B586B0044600210220CDE90010DD
:1038D000C020CDE902014FF4806004906946204683
:1038E000FFF7C7FE204600F03DF906B010BD10B549
:1038F00086B004460920CDE90010C02002900020C7
:1039000003904FF48060049069462046FFF7B1FEB3
:10391000204600F027F906B010BD10B586B0044669
:1039200000213320CDE900104020CDE90201000143
:10393000049069462046FFF79CFE41F2883233210D
:10394000204600F07FF806B010BD10B586B00446E2
:103950000D20CDE9001040200290002003904FF48C
:103960008060049069462046FFF783FE41F288326A
:103970000D21204600F066F806B010BD30B585B0C8
:103980000C46054600210320CDE900104020CDE97A
:1039900002010001049069462846FFF76AFE2246AC
:1039A0000321284600F028F905B030BD10B586B0D7
:1039B000044600210C20CDE900104020CDE9020191
:1039C0000001049069462046FFF753FE034A0C218C
:1039D000204600F037F806B010BD000000E1F50504
:1039E00010B586B004461920CDE9001040200290A1
:1039F000002003904FF48060049069462046FFF752
:103A000038FE41F288321921204600F01BF806B03A
:103A100010BD10B586B004461820CDE90010402036
:103A20000290002003904FF4806004906946204685
:103A3000FFF71FFE41F288321821204600F002F8FD
:103A400006B010BD454B10B51B684FF4FA54B3FBDC
:103A5000F4F353435B1E02D24FF0004010BD426BA3
:103A600012F0450FF6D01205F4D4426B520703D57D
:103A700004218163084610BD426BD20702D00121A8
:103A8000816305E0C52282630269D2B28A4201D015
:103A9000012010BD0021FFF7C6FD3149084201D1C8
:103AA000002010BD002802DA4FF0007010BD410068
:103AB00001D5402010BD810001D5802010BDC1007E
:103AC00002D54FF4807010BD010102D54FF4007093
:103AD00010BD410102D54FF4806010BDC10102D577
:103AE0004FF4006010BD010202D54FF4805010BDAC
:103AF000410202D54FF4005010BD810202D54FF4AF
:103B0000804010BDC10202D54FF4004010BD4103FA
:103B100002D54FF4003010BD810302D54FF4802050
:103B200010BDC10302D54FF4002010BD010402D521
:103B30004FF4801010BD410402D54FF4001010BDA9
:103B4000810402D54FF4800010BD000702D54FF468
:103B5000000010BD4FF4803010BD00008002002036
:103B600008E0FFFD12494FF4FA520968B1FBF2F187
:103B700041F288325143491E02D24FF00040704753
:103B8000426B12F0450FF6D01205F4D4416B490791
:103B900003D50421816308467047416BC90703D0F0
:103BA0000121816308467047C52181630020704769
:103BB000800200200F494FF4FA520968B1FBF2F17C
:103BC00041F288325143491E02D24FF00040704703
:103BD000426B12F0450FF6D01205F4D4416B490741
:103BE00003D50421816308467047C5218163002005
:103BF000704700008002002030B5204B4FF4FA548B
:103C00001B68B3FBF4F341F2883463435B1E02D2BA
:103C10004FF0004030BD446B14F0450FF6D0240542
:103C2000F4D4436B5B0703D504218163084630BDA0
:103C3000436BDB0702D00121816303E00369DBB240
:103C40008B4201D0012030BDC52181630021FFF7E7
:103C5000EAFC10F4604F04D0410406D54FF4005044
:103C600030BD000C1080002030BD000402D54FF4A0
:103C7000805030BD4FF4803030BD00008002002005
:103C800010B5846BFCF789FD022828D0206C416DAB
:103C9000E06B406D012901D001281DD12168104839
:103CA00088632068C16B21F49D71C163A06B40F0F3
:103CB0008040A0632046FDF751FF062801D005286B
:103CC00005D12068FFF772FEA16B0843A0630120B5
:103CD00084F83400002020632046FDF75FFE10BD0D
:103CE000FF05400010B5846B206B822809D1206845
:103CF000FFF75CFE28B1A16B0143A1632046FDF7ED
:103D00004DFE2068C16A21F00801C162216840F2BD
:103D10003A508863012084F8340000202063204654
:103D2000FEF7A8FA10BD10B5846B40F23A50216836
:103D300088632046FDF712FF012184F8341000212A
:103D40002163062801D0052805D12068FFF72EFE43
:103D5000A16B0843A063A06B0028204602D0FDF7AA
:103D60001DFE10BDFDF78CFD10BD806B0068C16BA2
:103D700041F48071C163704710B5846B40F23A50D2
:103D8000216888632046FDF7E9FE012184F834109C
:103D900000212163062801D0052805D12068FFF7FE
:103DA00005FEA16B0843A063A06B0028204602D04B
:103DB000FDF7F4FD10BDFDF763FD10BD2DE9F047E3
:103DC00088B00D460446FDF719FA00268246009693
:103DD0000196374608212068FFF794FC002829D176
:103DE000B4F8500001042068FFF758FC002821D1E6
:103DF000401E4FF00808CDE9020830204FF00209BC
:103E0000CDE904090120CDE9067002A92068FFF779
:103E1000F4FB2068FFF781FD00280BD16F46206876
:103E2000416B11F02A0F08D0416B09071AD5C0F871
:103E30003880082008B0BDE8F087416B890205D5BD
:103E4000FFF714FC47F82600761C02E0416B89045A
:103E5000EAD5FDF7D3F9A0EB0A00401CDFD14FF003
:103E60000040E7E7416B890703D5C0F8389002208E
:103E7000E0E7416B890603D5202181630846D9E735
:103E800040F23A518163019800BA2860009800BA64
:103E900068600020CEE710B590B004460120ADF870
:103EA00038002068FFF7BBFB002854D0606C032863
:103EB00042D02068FFF705FD00284AD10021206884
:103EC000FFF7B1FB606704212068FFF7ACFBA06738
:103ED00008212068FFF7A7FBE0670C212068FFF7A7
:103EE000A2FBC4F88000606C032825D00EA92068CE
:103EF000FFF744FD00282CD1606C03281CD0BDF8CE
:103F00003800206501042068FFF7F1FC002820D16B
:103F100000212068FFF787FB606604212068FFF717
:103F200082FBA06608212068FFF77DFBE0660C217C
:103F30002068FFF778FB206704212068FFF773FBF8
:103F4000000DE06403A92046FDF72AFD30B14FF0D3
:103F5000805010B010BD4FF08060FAE7B4F8500008
:103F6000002302042068FFF793FC0028F1D104F13C
:103F7000100007C88DE8070094E80F00FFF75CFB0E
:103F80000020E6E72DE9F84F002604460096354666
:103F9000B0460068FFF7E8FB002827D12068FFF74C
:103FA0000BFC4FF0805B4FF001094FF6FF7748B1F3
:103FB000A6642068FFF7D8FB002817D1A06C012861
:103FC00002D020E0C4F8489000212068FFF766FB8B
:103FD00058B918E000212068FFF760FB002805D1E0
:103FE00051462068FFF774FB10B15846BDE8F88FC2
:103FF00000212068FFF717FB05464FEAD0780098AC
:10400000401C009002E0DFF82CA00098B84202D2D9
:10401000B8F1000FDED00098B84202D34FF08070A4
:10402000E4E7680002D5C4F8449000E0666400202C
:10403000DCE70000000010C138B504461248134BFD
:104040000068B0FBF3F04FF47A7358430090606857
:10405000B0F5827F0DD10B460092002280212046D0
:1040600000F016F870B1606D40F02000606503202C
:1040700038BD009830B1401E009020688068C04371
:104080000006F6D5002038BD8002002000366E0103
:104090002DE9F8431E46914688460446089DFDF7E3
:1040A000ADF8401B351AFDF7A9F80746254800680A
:1040B000C0F3CB30684338E0701C37D0FDF79EF872
:1040C000C01BA84203D215B1009860B32CE0206851
:1040D000416821F0E00141606068B0F5827F0BD15A
:1040E000A068B0F5004F02D0B0F5806F04D1206811
:1040F000016821F040010160A06AB0F5005F09D1BC
:104100002068016821F4005101602068016841F4D1
:1041100000510160012084F85100002084F8500013
:104120000320BDE8F8830025401E009020688168C8
:1041300038EA010004D000214945BDD10020F0E754
:104140000121F9E7800200207047FDF75DB800000B
:1041500030B593B030216846FCF77CF814210CA8E8
:10416000FCF778F81A480025016841F08051016099
:10417000006800F0805011901648016841F48041B9
:1041800001600068022400F480401190012000903A
:10419000000401908001CDE90640082008904FF40A
:1041A000A870CDE9090407200B906846FDF7B2F925
:1041B0000CA90F2081E831004FF4A0500F90E002CD
:1041C000109005210CA8FDF7BBF813B030BD00001E
:1041D00040380240007000400248016841F470011C
:1041E0000160704788ED00E010B50C4C2068C06895
:1041F000C043C00709D10A480069804721680020F0
:10420000486221686420C862E06021686FF00100A4
:104210000861BDE810400148FEF775BD28C20120C5
:1042200020030020F0B50268254C264D264E274F6E
:10423000274B4FF0804CA04209D0604507D0A842E0
:1042400005D0B04203D0B84201D0984204D122F048
:10425000700E4A6842EA0E02A0421BD0604519D097
:10426000A84217D0B04215D0B84213D0984211D00E
:10427000184DA8420ED0184DA8420BD0174DA84299
:1042800008D0174DA84205D0164DA84202D0164DB1
:10429000A84203D122F44075CA682A434D6922F02E
:1042A00080022A4302608A68C2620A688262A0426F
:1042B00001D0984201D10969016301214161F0BD3A
:1042C000000001400004004000080040000C0040D5
:1042D000000401400040014000440140004801400A
:1042E00000180040001C00400020004010B5846809
:1042F00042EA032224F47F440A432243826010BD31
:10430000826822F070020A4342F007018160704720
:1043100010B5036A046A24F001040462846924F07D
:10432000F00444EA021423F00A020A4384610262A0
:1043300010BD000070B5046A24F0010404628469B1
:10434000056A154EB04214D0B0F1804F11D0134E13
:10435000B0420ED0124EB0420BD0124EB04208D036
:10436000114EB04205D0114EB04202D0104EB042B4
:1043700003D124F00304144301E044F001041A07BC
:1043800024F0F00444EA126225F00A0301F00A0165
:1043900019438261016270BD0000014000040040C9
:1043A00000080040000C00400004014000400140B3
:1043B0000018004010B5036A23F0100303628369FC
:1043C000046A23F4704343EA023224F0A00343EA70
:1043D00001118261016210BD30B5046A24F010043D
:1043E00004628469056A24F4407444EA022222F4D7
:1043F00070444FF6FF7202EA03322243A02425F0F4
:10440000A00304EA011119438261016230BD10B5B5
:10441000806B0021C185C184FEF72DFD10BD0168B0
:10442000CA6822F49072CA6001684A6922F00102E7
:104430004A61016B012904D10168CA6822F01002A7
:10444000CA60202180F83E1000210163704710B53A
:10445000044690F83E00222801D0022010BDA16839
:104460004FF48052914201D1206920B1A06A91425B
:104470001BD049B10AE02168A06A4968C1F308016C
:104480000180A06A801C08E0216971B12168496837
:1044900001F07F010170A06A401CA062E08D401E07
:1044A0000004000CE08503D01CE021684968F1E7B6
:1044B0002068C16821F02001C1602068C16821F432
:1044C0008071C1602068416921F0010141612020B3
:1044D00084F83E00206B012806D02046FEF75AFEE5
:1044E00000202063002010BD2068C16821F0100169
:1044F000C160A18D2046FEF7BDFCF1E770B5044612
:1045000000680169E26821F44051114301612169A9
:10451000A068E26908436169114308432168CA68D9
:1045200049F20C639A430243CA6020684169A26958
:1045300021F440711143416131492068884202D021
:104540003049884202D1FCF7A5FF01E0FCF792FF59
:10455000E2690023192164253226B2F5004F626812
:1045600028D0A0FB0101930F9200FBF729FE014622
:10457000B0FBF5F06FF01802504301EB800006EB42
:104580000010B0FBF5F000F0F002B1FBF5F002EB2B
:104590000012B1FBF5F06FF01803584301EB8000F7
:1045A00006EB0010B0FBF5F000F00F00216810449E
:1045B000886070BDA0FB010192185B41FBF700FE13
:1045C0000146B0FBF5F00201B1FBF5F06FF0180306
:1045D000584301EB800006EBC000B0FBF5F000F0A3
:1045E000F80002EB4002B1FBF5F0584301EB80000C
:1045F00006EBC000B0FBF5F000F00700D6E70000C6
:10460000001001400014014081628285C2850021B2
:104610000164222280F83E2080F83C100168CA68BC
:1046200042F48072CA6001684A6942F001024A613C
:104630000068C16841F02001C1600020704700009F
:104640000148FEF719BC000070C20120FEE700001F
:104650000FB4054B10B503A9044A029800F03CF8CA
:1046600010BC5DF814FB0000C164000828040020A1
:104670000FB4084B10B504A902AA039800F02CF857
:10468000044602A9002000F058FA204610BC5DF84C
:1046900014FB00003B4B00080907090E002804DB4F
:1046A00000F1E02080F80014704700F00F0000F1E6
:1046B000E02080F8141D704702E008C8121F08C1EE
:1046C000002AFAD170477047002001E001C1121F93
:1046D000002AFBD1704700002DE9FF4F8DB00F4637
:1046E0000546002606E025280BD0DDE90F1290478D
:1046F0006D1C761C28780028F5D111B03046BDE835
:10470000F08F0024A246A1460122EC4900E00443B8
:1047100015F8013F203B02FA03F00842F7D1287850
:104720002A2810D06FF02F022878A0F13001092933
:1047300014D80AEB8A0102EB410144F0020400EBB9
:10474000010A6D1CF0E701CF5FEA000A03D544F4CB
:104750000054CAF1000A44F002046D1C28782E2887
:1047600017D115F8010F44F004042A280ED06FF079
:104770002F022878A0F1300109290AD809EB890114
:1047800002EB410100EB01096D1CF2E757F8049BB5
:104790006D1C28786C280FD006DC4C2817D06828B0
:1047A0000DD06A2814D104E0742810D07A280FD1D3
:1047B0000DE044F400140AE044F4801401E044F4F1
:1047C00040146978814202D104F580146D1C6D1C7F
:1047D0002A786E2A1FD00CDC632A31D004DC002A30
:1047E0008BD0582A11D1A3E0642A68D0692A0CD151
:1047F00065E0732A2ED004DC6F2A73D0702A04D1AE
:104800009BE0752A6FD0782A6ED01046DDE90F1232
:104810009047761C50E1C4F30250022806D00328CA
:1048200009D0042801CF09D0066045E101CFF11776
:10483000C0E9006140E101CF06803DE106703BE147
:1048400017F8040B8DF8000000208DF80100EB46EE
:10485000012003E057F804BB4FF0FF3061074FF031
:10486000000102D40DE008F10101884649450FDA44
:104870008045F8DB1BF808100029F4D108E008F1A6
:10488000010188468142FADB1BF808100029F6D1A5
:10489000DDE90F23AAEB08008146214600F036F936
:1048A000304400EB080604E0DDE90F121BF8010BB1
:1048B0009047B8F10108F7D221464846F7E00A21AF
:1048C000C4F302534FF0000B0891022B04D001CF28
:1048D000C117032B09D00AE0FF1D27F00707F7E8EF
:1048E000020108E032E01FE020E000B2C117042B13
:1048F00001D140B2C117031E71F1000307DA4FF076
:10490000000CD0EB0C006CEB01012D2302E0230521
:1049100004D52B238DF82430012303E0E30701D0D5
:104920002023F7E7984658E00A2110E010210EE016
:1049300010204FF0000B08900CE010214FF0000BFE
:1049400044F004044FF00809089103E008214FF0F7
:10495000000B0891C4F30253022B04D001CF0021B5
:10496000032B06D006E0FF1D27F00707F7E802013A
:1049700003E080B2042B00D1C0B24FF0000823073F
:104980002BD5702A07D0DDF820C08CF0100C5CEA23
:104990000B0C05D00EE040238DF82430012308E0F5
:1049A00050EA010306D030238DF824308DF82520FD
:1049B00002239846DDF820C08CF0080C5CEA0B0C52
:1049C0000BD150EA010301D1630706D530238DF8DE
:1049D00024304FF00108A9F10109582A04D038A267
:1049E0000B9208AA0A920BE03AA2F9E75B46089AF2
:1049F000FBF7E6FB0B9B9B5C0A9A521E0A92137014
:104A000050EA0102F2D10A98ADEB000000F1200B50
:104A1000600702D524F4803401E04FF00109D94544
:104A200002DDA9EB0B0000E0002000EB0B0141448C
:104A30000890AAEB010AE00306D4DDE90F23214622
:104A4000504600F063F806444FF0000908E009A959
:104A500011F80900DDE90F12904709F10109761CF0
:104A6000C145F4DBE0030CD5DDE90F2321465046B8
:104A700000F04CF8064404E0DDE90F1230209047C6
:104A8000761C0899481E08900029F5DC08E00A9871
:104A90000A990078491C0A91DDE90F129047761CAB
:104AA000BBF10001ABF1010BF1DC21465046DDE921
:104AB0000F2300F019F806446D1C1BE609280100BD
:104AC0003031323334353637383961626364656684
:104AD0000000000030313233343536373839414246
:104AE00043444546000000002DE9F04104460025FE
:104AF0001E461746880404D405E039462020B047F6
:104B00006D1C641EF9D52846BDE8F0812DE9F04101
:104B1000044600251E469046C80301D5302700E014
:104B20002027880404D505E041463846B0476D1C6F
:104B3000641EF9D52846BDE8F0810A68531C0B6055
:104B4000107070472DE9F05F0746406B891E00EB3F
:104B50001135C1F3C80601F007014FF0010B0BFA44
:104B600001F09A469146C4B229466D1C384605F0BC
:104B70007DFD10B10120BDE8F09F5A464FF400734F
:104B8000B91991F83C00204202D04FF0010801E031
:104B90004FF00008D04501D10220ECE7604081F8D9
:104BA0003C00B9F101003A718146E4D0600010F098
:104BB000FF04E5D10124761C9E42E1D30026D3E711
:104BC00070B5044600202071401EA063204605F009
:104BD0004DFD08B1042070BD04F23A2004F094FFAA
:104BE0004AF655260546B04206D10B222BA104F108
:104BF0003C00FBF744FB40B194F83C00EB2806D0A6
:104C0000E92804D0E82802D041E0012070BDB54277
:104C100007D1082224A104F18E00FBF730FB002805
:104C2000F4D004F1470004F06FFF94F84910421EDD
:104C300010422CD14FF40072904228D3904226D8D3
:104C400029B3481E014222D104F14A0004F05CFF5E
:104C5000E8B194F84C00401E012818D804F14D002A
:104C600004F052FF98B104F14F0004F04DFF80288A
:104C700006D204F15C0004F011FFB0F5803F06D3CA
:104C800004F1520004F040FF08B1002070BDB542AD
:104C900001D1022070BD032070BD0000EB7690456D
:104CA00058464154202020004641543332202020D1
:104CB00000000000C269891E921E8A4201D80020AD
:104CC0007047026B408900FB012070472DE9F047D7
:104CD00006685FEA010807462BD04146384601F0D6
:104CE000F7FB022846D3411C45D0F169814242D8E6
:104CF0004546B06900283ED030784FF0FF3904288F
:104D00001ED045455FD1F0696C1CA04200D802243A
:104D10002146384601F0DCFB01282CD0411C2AD06A
:104D200080B3706902284ED3F16981424BD90546A0
:104D300049E0756915B1F069A842DAD80125D8E7CC
:104D400001222946304601F072FB040062D0601C4B
:104D500060D001231A4621463046FFF7F3FE0228B1
:104D600008D0012809D0B8F1000F08D0F97902293C
:104D700009D010E00120BDE8F0874846FBE702219A
:104D8000F97143E01EE0691C8C423FD0B968691A92
:104D9000B9610321F97108F101018C4206D1F96969
:104DA00009B1491C00E00221F9612FE0F8690125F1
:104DB00000B9FD6122464146384601F01FFB30BB79
:104DC000FD6129E0A4B92C46F069641CA04202D818
:104DD0000224022D0AD32146384601F079FB38B16E
:104DE0000128C8D0411CC6D0AC42EDD10020C2E79A
:104DF0004A462146304605F001FF40B9B8F10000AF
:104E00000AD001462246304605F0F8FE20B10128BE
:104E10000FD001242046AEE77461D6E90601891E51
:104E2000884201D8401EB061707940F00100707175
:104E3000F0E74C46EEE72DE9FF4F81B09B466A460E
:104E40000121019800F070FA00287DD108264FF06A
:104E50003F09F101009F03E0700010F0FF0606D04B
:104E600016FB09F0B7FBF0F08842F5D806B9FF262B
:104E70004FF400715846FBF7EDF90BF5DF754FF075
:104E8000000A4C465DE0029951F82A80B8F1640F9F
:104E900009D801D1384605E04FF06400B7FBF0F0C7
:104EA00000FB08F0804604EB0800B84201D8A0429D
:104EB00001D2A7EB0408B8F1000F44D0214605F158
:104EC000080006F069F8414605F10C0006F064F8A8
:104ED0000398287119FB06F3B4FBF9F1B1FBF6F264
:104EE000B4FBF9FC06FB1212B4FBF3F009FB1C4106
:104EF0006A70C02202EA900C491C4CEA010C85F849
:104F000002C0E87004EB0800441EB4FBF3F1B4FBEC
:104F1000F9FCBCFBF6F3B4FBF9F806FB13CC09FB78
:104F2000184302EA91025B1C85F805C01A43AA7176
:104F3000E9710AF1010A10350446BAF1040F02D2F0
:104F40000CB1BC429FD300E00DE04AF655210BF5B1
:104F5000FF7006F04EF8012300225946019800F038
:104F60003CFA002800D0012005B0BDE8F08F812870
:104F700003D3FE2801D801207047002070470000AD
:104F800001490860704700000C0000204FF47A715E
:104F9000484300F001B8000070B54FF0E024002253
:104FA00065690949A36909684843A1699942FCD028
:104FB00002D2A3EB010302E0A5EB010633441A443D
:104FC0000B468242F1D370BD0C0000202DE9F04168
:104FD0000F4604460021066800F04DF9E8B90025A7
:104FE0003046A16B05F042FBB8B931780429E16B7A
:104FF000097803D0E52905D021B107E041F3C011BC
:10500000491C03D06D1CBD420AD000E000250121DF
:10501000204600F05CF80028E2D0042800D10720E8
:10502000BDE8F0812DE9F0470C46054606F034F85E
:10503000A8BB21462846FFF73DFE0646A8634FF46D
:10504000007705F13C0039468046FBF703F9688993
:10505000BC01B4EB402F04D9440200E06408BC4218
:105060001ED9204601F030F95FEA0009F6D0BC42B3
:1050700016D92146FBF7EEF8670A002400E03C440D
:105080006889A04207D9321968783B46494600F042
:10509000A4F90028F3D0484601F01AF90FE011E016
:1050A0000127002400E03C446889A04207D9321956
:1050B00068783B46414600F090F90028F3D06889B3
:1050C000A04202D00120BDE8F0870020FBE72DE9D7
:1050D000F04707680446066B38782036894604286E
:1050E0000AD04FF400104FF00008B04238D9A06B3E
:1050F00028B1F10506D044E04FF08050F3E70420DA
:10510000BDE8F087401CA063616B29B17889401E1F
:1051100010EA562F05D034E03889B0EB561F1FD95E
:105120002FE0204601F0D4F9054601281DD9681C5E
:1051300014D0F869A8421ED8B9F1000F10D020464B
:10514000616BFFF7C3FD05000DD0012D0DD0681C6C
:1051500004D029463846FFF765FF40B10120CFE76C
:10516000C4F83880CBE70720CAE70220C8E7E07917
:1051700040F00400E071294638466563FFF79AFD68
:10518000A063C6F3080038443C302663E063002087
:10519000B6E72DE9F0470426FF2489460546A046D8
:1051A00007685FE0384605F061FA06005ED1E96BFA
:1051B000087898B13A78042A12D0CA7AE52802F021
:1051C0003F02AA7108D02E2806D022F02003082B17
:1051D0001BD0B446CC451BD0FF2433E0042645E069
:1051E000B9F1000F02D0832842D02BE0852829D1C5
:1051F000286BE864284604F099FC060036D138692B
:10520000007900F03F00A87132E04FF0010CE1E7B7
:105210000F2A01D014BB1CE0420606D591F80D8080
:1052200000F0BF002A6B0446EA64A04208D14A7B22
:10523000424505D1F86805F0A7FC08B1641E00E0FE
:10524000FF24E4B200212846FFF741FF060009D001
:105250000CE0084605F0D1FE404509D04FF0FF3084
:10526000E86405E0A96B00299CD10EB10020A86379
:105270003046BDE8F0872DE9F041066805460F4647
:105280003078042806D04FF40010B8423CD9F80614
:105290003AD102E04FF08050F7E72F63AC6834B9A1
:1052A0003078032807D30020F46AE8711CB17089B4
:1052B0004FEA402812E03089B0EB571F24D9F06A3A
:1052C00012E0284601F004F90446401C1AD0022CD2
:1052D0001AD3F069A04217D9A7EB08074745214622
:1052E000EFD23046FFF7E6FCC5E90D4060B100EBB8
:1052F0005720A863C7F3080030443C30E86300201F
:10530000BDE8F0810120FBE70220F9E710B518B1F4
:10531000012804D0012010BD05F0EEFC01E005F0ED
:10532000A1FA002010BD00004FF4007318B101284D
:1053300014D00120704739B1114801290AD002293F
:1053400004D0032908D103E0002070471360FBE775
:10535000808B0CE0806910E0042070470029F3D0B6
:10536000012908D0022904D00329F5D10820108092
:10537000EAE71380E8E74FF4C0401060E4E700007C
:10538000CCBF01202DE9F0411C0015460E4605D08A
:1053900030B1012810D00120BDE8F0810420FBE7E6
:1053A0001A4602E0FEF77CF822462946304605F010
:1053B000E3FC0028F6D10CE04FF4007769023A468E
:1053C000304605F083FA641E05F1010506F5007606
:1053D000F4D10020E0E7002070472DE9F0411C00E7
:1053E00015460E4605D030B1012810D00120BDE889
:1053F000F0810420FBE71A4602E0FEF751F822464E
:105400002946304605F0D2FC0028F6D10CE04FF4D6
:10541000007769023A46304605F0ECFA641E05F161
:10542000010506F50076F4D10020E0E77CB50D46D5
:1054300000211446009101AA694600F029F80028CD
:105440000AD10199009ACB6949899B1E4B4351436C
:105450005A0849082A6021607CBD000070B50B4DD8
:1054600000244FF40F763146002005F0CBF945F8C3
:10547000240018B1641CE4B2022CF4D304F00CFF35
:10548000022C01D1002800D0012070BD2004002092
:105490002DE9F7438EB014468946002269460EA8CE
:1054A00004F014FF07007AD1009820600098D0E93A
:1054B0000614A21E914202D8C9F800106FE00178CC
:1054C0000025012905D004291AD00026D0F828800B
:1054D0003DE002240290214602A800F0F9FF411CA1
:1054E00003D0012803D020B104E0012757E00227B0
:1054F00055E06D1C0098641CC0698442EBD346E003
:105500000026A41ED0F8348000E046B9414608F1D8
:105510000108009805F0AAF8070040D1009A082178
:10552000901990F83C00C043C0B207E000F00103BE
:1055300040081D44491EA4F1010401D0002CF5D1FE
:10554000761CC6F30806002CDFD120E03EB94146A8
:1055500008F10108009805F089F807001FD10098AC
:1055600001783044022900F13C0004D004F096FA9E
:10557000000106D006E004F0C7FA00B96D1CB61CA5
:1055800001E06D1C361DC6F30806641EDED1C9F8A5
:10559000005000988561417941F00101417111B0DD
:1055A0003846BDE8F08300002DE9FF4FA7B09946CB
:1055B00090460C4627A801F025F8002803DA0B20B6
:1055C0002BB0BDE8F08FFE49002751F8201001B143
:1055D0000F70C0B20790FFF799FEC10701D00320FA
:1055E000EEE7400701D50A20EAE704B9F54C4FF48D
:1055F00000456068109030B910AA03210798FFF7A2
:1056000093FE109820B1A84202D8411E084201D052
:105610000120109020784FF4007600F00F001790D2
:1056200060780146401E012801D8084600E00120AC
:105630000E90A068411EA94205D21021B0FBF1F2E4
:1056400001FB120101B130460B90E068B0F1807FA0
:1056500002D8411E084200D00020B0FBF6F5B9FB8D
:10566000F6F05FEA000915D05FEA080405D14FEAB9
:10567000492000F029FE04000CD00020834613903E
:1056800013AA01210798FFF74FFE50B1B8F1000FA0
:1056900002D004E0112093E7204600F019FE01201B
:1056A0008EE71798000706D413983F2803D93F3890
:1056B0004FF03F0B13901398802807D2B8F1000FDA
:1056C00002D1204600F004FE0E2079E717994A0720
:1056D000BD4911D5179A02F007034FF08062042BE1
:1056E00003D0904201D2802D09D901440F91B0F529
:1056F000805FE3D3FDB126E0802D00D98025179A85
:105700004FF6F57E9207179A4FEAC27205D52AB96D
:1057100001444FF0030A0F9150E322B101444FF0CE
:10572000020A0F9142E3B8F1000F02D1204600F0C7
:10573000CFFD132044E70825B0F5002F03D3402503
:10574000904200D3AD000BF120011291B0FBF5F1B6
:10575000890001F20721B1FBF6F2129906920A4480
:1057600010990A44491E521E8A43A2EB0B0108926B
:105770001491B1EB500FA1D2401AB0FBF5F01C9080
:1057800010289BD39149884298D8C01DC0080E901C
:10579000401E05FB06006902B0FBF1F01E9005FB00
:1057A0000020199000200390074682460B900D9030
:1057B00016900AE00B9840B101282CD00D9880B2C9
:1057C0001A900D98384487B22CE0384600F0D2FD8C
:1057D00080B21A90B84202D07F1CBFB224E00120F0
:1057E00001E00D98401C0D90384401900004000C1D
:1057F00007D0019880B200F0BDFD019989B28842BE
:10580000EFD00D98802804D34FF6FF701A90022035
:1058100009E001200B901A977F1C0D98BFB2401E23
:105820000D9001D100200B901A98C0B204F80A0024
:10583000039906F04BFC01461A9804EB0A02000A91
:10584000507006F043FC039016980AF1020A801C7F
:1058500016901FB109FB06F05045ABD10AEB0600CC
:10586000401EB0FBF6F0824603462146199A07987F
:10587000FFF7B3FD00287FF409AF1998002F5044BB
:105880004FF0000A199095D1169805FB06F1401EBD
:1058900005FB0600B0FBF1F01F9001202090089856
:1058A00019900E9809FB06F73044401EB0FBF6FA3B
:1058B000DDE91E010844401C1B9039462046FAF7DA
:1058C000C9FC00201B990DE004EBD00200F0070C8E
:1058D0001178012303FA0CF3194311701B99491E27
:1058E000401C1B9111B1B7EBD00FEDD85046494683
:1058F000CA4500D90846034601902146199A0798DF
:10590000FFF76BFD0028B6D101991998084419904A
:10591000AAEB01005FEA000ACFD11298199006980D
:105920000B9000201A901B900D9039462046FAF7F4
:1059300091FC1A984FF0000A10BB20466FF0070147
:1059400005F02AFB201D4FF0FF3105F025FB02205A
:105950004FF0080A1A9013E01B98012802D91A99EF
:10596000491C01E04FF0FF3104EB0A0005F014FB85
:105970001A980AF1040A401C1A901B98401E1B90AA
:105980001B9810B15745E7D80BE00D9803280AD2B1
:105990000D991EA850F821001B90481C0D901B98D3
:1059A00008B15745ECD80B994846494500D80846F8
:1059B000824603462146199A0798FFF70EFD07E035
:1059C00018040020ECF0000800002154FDFFFF7FC8
:1059D000002898D11998504419900B98B0EB0A0000
:1059E0000B90A2D139462046FAF734FC8320207070
:1059F000812084F82000022104F1340005F0CCFA63
:105A000004F138000E9905F0C7FA822084F84000AE
:105A100004F14400039905F0BFFA1E9904F1540003
:105A2000891C0C9005F0B8FA04F1580016991590ED
:105A300005F0B2FADDE91E01014408982F4605FB86
:105A40000100199048464F4500D838468246034623
:105A50002146199A0798FFF7C0FC0028B9D13146B2
:105A60002046FAF7F7FB1998B7EB0A07504419904C
:105A7000E8D10020019004F14000249008301299F0
:105A8000D9462390A1EB0900269004F150001B9009
:105A90000C301D90001D1A90001D0A90001D2590CD
:105AA00031462046FAF7D6FBFBA0002701682160AB
:105AB00041686160008920812020A0725A463B46DF
:105AC000249805F071FA0023139A239805F06CFAD4
:105AD00026991B9805F060FA06990C9805F05CFA77
:105AE000DDE9141005F058FADDE91C1005F054FA50
:105AF000DDE91E010144891C1A9805F04DFA0F9941
:105B00000A9805F049FA4FF48071259805F071FA6A
:105B100084F86C70304604E094F86C10491C84F8EA
:105B20006C104008F8D184F86D702F4605E000BF76
:105B300094F86D00401C84F86D007F08F8D10120B6
:105B400084F86E00802084F86F004FF6EB6104F15A
:105B5000780005F04EFA4AF6552A514604F5FF70D2
:105B600005F047FA0020039005E06A2F42D06B2F22
:105B70003ED0702F3AD0E05D039906F0A7FA7F1C63
:105B80000390B742F1D34A4609F1010901232146A6
:105B90000798FFF722FC00287FF478AD31462046B5
:105BA000FAF758FBA0195146801E05F022FA4FF073
:105BB000010A00270399E05D7F1C06F087FA039035
:105BC000B742F7D34A4609F1010901232146079854
:105BD000FFF703FC0028DFD10AF1010ABAF1090F2F
:105BE000E7D331462046FAF735FB19E07127C2E7C3
:105BF0006C27BAE76B27B8E7E05D7F1C039906F0D6
:105C000065FA0390B742F7D34A4609F10109012327
:105C100021460798FFF7E1FB0028BDD10AF1010AF0
:105C2000BAF10B0F4FF00007E6D3E019039905F026
:105C3000B3F93F1DB742F8D34A4609F101090123E0
:105C400021460798FFF7C9FB0028A5D10198401C01
:105C500001900228FFF424AF02E200BF00214FEAC6
:105C6000504C01278F4B01E07F00491C33F8112075
:105C70000AB16245F8D9B0FBF7F106EB8102D21DFB
:105C8000B2FBF6F206922022039200220D92714599
:105C90007FF614AD844A91423FF610AD2CE000BF70
:105CA000804A002101274FEA103C0E3A01E07F00B4
:105CB000491C32F811300BB16345F8D9B0FBF7F14C
:105CC00040F6F572914203D9042202EB410107E04C
:105CD00001EB41010322491C4FF0010A02EB510183
:105CE0003144491EB1FBF6F10691012103910B9954
:105CF0004901B1FBF6F10D91039A0BEB02011291F0
:105D00000D9A8B180E9A069901FB023210995318BE
:105D1000491E5B1E8B43991ABAF1030F2DD00E9BBF
:105D2000B1FBF3FC03FB1C1333B1039B5B1C03931C
:105D3000129B5B1C491E12930E9BB1FBF3F3069959
:105D40001944069102EB0712A2EB0B018142A3D882
:105D500003990E9A431A069901FB12320D99511AB2
:105D6000B1FBF7F11C91BAF1030F0DD0BAF1020F9C
:105D700013D0BAF1010F2FD033E0039B0B440393F0
:105D8000129B19441291DDE71C99714529D8002D09
:105D90007FF494AC7D0811D190E41C99714511D920
:105DA0003DB94021B1EB470F03D37D002F0085D1D2
:105DB00076E71799890709D54FF0030A2F007FF47A
:105DC0005AAF4BE740F6F57291420AD8002DE3D165
:105DD0007D00802DEAD971E41C9840F6F571884267
:105DE000DAD831462046FAF735FA30A0016821604A
:105DF00041686160008920813020A072314604F141
:105E00000B0005F0F6F86773039881B204F10E00F9
:105E100005F0EFF80E982074BAF1030F0FD00B982D
:105E200081B204F1110005F0E4F81399B1F5803F57
:105E300007D289B204F1130005F0DBF805E0002079
:105E4000EEE704F1200005F0A7F8F82060753F2187
:105E500004F1180005F0CDF8FF2104F11A0005F057
:105E6000C8F8594604F11C0005F096F829250F9949
:105E7000BAF1030F3BD004F1270005F08DF8069826
:105E800081B204F1160005F0B4F8802084F82400F3
:105E900084F8265013220FE0EB7690455846415483
:105EA00020202000DEF00008F5FFFF0FEBFE904DF4
:105EB00053444F53352E300082A104F12B0000BF14
:105EC000FAF7AFF94AF6552504F5FF702946019017
:105ED00005F08FF801235A4621460798FFF77DFA0F
:105EE00000287FF4D3ABBAF1030F22D052E004F1C3
:105EF000430005F051F804F12400069905F04CF830
:105F0000022104F12C0005F047F8012104F13000D2
:105F100005F06FF8062104F1320005F06AF88020E0
:105F200084F8400084F8425013226BA104F147002A
:105F3000C6E701230BF1060221460798FFF74DFA49
:105F400031462046FAF786F96849204605F024F8DC
:105F5000674904F5F27005F01FF81C9904F5F47018
:105F6000491E05F019F8022104F5F67005F014F841
:105F70002946019805F03DF801230BF1070221465F
:105F80000798FFF72AFA01230BF10102214607982F
:105F9000FFF723FA09FB06F12046FAF75BF9002028
:105FA000DDF848B025E000BFBAF1030F2FD0BAF1F9
:105FB000010F3BD06FF007014FEA040004F0ECFF43
:105FC000069D48464D4500D82846034601905A464E
:105FD00021460798FFF701FA00287FF457AB3146B6
:105FE0002046FAF737F901998B446D1AE9D10498E4
:105FF000401C014604900E988142D5D3BAF1030F9C
:1060000000D00D9F48464F4512D9054611E06FF06C
:106010000701204604F0C0FF4FF0FF31201D04F0BF
:10602000BBFF6FF0704104F10800C7E73149C3E7D7
:106030003D462B465A4621460798FFF7CEF90028E1
:10604000CBD1AB447F1BDDD1BAF1040F08D0BAF13C
:10605000030F07D01398B0F5803F05D3062207E061
:10606000072205E00C2203E0BAF1020F12D0012250
:106070001798000717D413982190002022902346E8
:1060800021A90798FEF7D7FE05000CD0B8F1000F44
:1060900002D004E00422EBE7204600F019F928467C
:1060A0002BB0BDE8F08F002211460798FFF73CF9AE
:1060B000002892D1B8F1000F02D1204600F008F973
:1060C0000020EDE74E4F204E414D45202020204638
:1060D00041542020202020004E4F204E414D45208D
:1060E000202020464154333220202000525261416A
:1060F00072724161F8FFFF0017B581B01446029833
:106100000090684600F07EFA002802DA0B2004B006
:1061100010BD0B4A002352F8201011B142F8203074
:106120000B70019919B148700B7042F820102CB116
:10613000002201A902A804F0C9F8E8E70020E6E778
:1061400018040020F1B59EB0022269461EA804F092
:10615000BDF8002860D100984FF4803701AE007878
:10616000042806D020220B213046FAF76CF80024D0
:1061700049E018213046FAF76DF800241DE01EA80A
:1061800004F0ADFF0546B84209D3681C43D00A2C81
:1061900041D2290C06EB440004F02BFF641CD5B35C
:1061A00029464848FAF761F8A8BB0B2C33D2A9B2AC
:1061B00006EB440004F01DFF641C1E9800782028A4
:1061C000DDD232E01EA804F08AFFB84223D200F0EC
:1061D000D1F84FF46A7100F0A5F805001BD0014614
:1061E0003848C01FFAF741F8A8B9FF2D01D90A2095
:1061F00000E00B20A0420ED9FF2D02D9280A30550D
:10620000641C3555641C1E9800782028DAD29DF84D
:106210000400E52803D106201FB0F0BD641E24B1A0
:10622000301910F8010C2028F8D0009808900020B0
:1062300001460A9008A8FFF71EF80028ECD10121BA
:1062400008A8FEF7A6FF0125B0B10428E4D100207C
:10625000002CE1D0012108A8FEF7B8FE0028DBD110
:1062600020211798F9F7F6FF00980078042825D028
:1062700017990820C87204E00098007804280CD010
:10628000A4B117980199016002994160BDF80C1002
:1062900001819DF80E1081720BE01798162201A95A
:1062A00044701798801CF9F7BCFF02E01799E520AD
:1062B00008700098057104F0ADFEADE717998320D2
:1062C0000870EAE7C4F000080146002004F09ABA1A
:1062D0000146002004F068BAF0B502460020802A8A
:1062E00001D21046F0BDB1F56A7FFBD10C4E002300
:1062F00045F220551024E91A03EB510136F82170BC
:10630000974206D001D20B4600E00D46641EF2D142
:10631000F0BD002CFCD006EB81004088F0BD0000F1
:1063200080450208F0B50023802801D283B21DE029
:10633000B0F5803F1AD2B1F56A7F17D10C4D00211C
:1063400086B245F220541022601A01EB500035F855
:106350002070B74206D001D2014600E00446521E2A
:10636000F2D103E012B105EB800043881846F0BD7E
:10637000FCF0000830B5B0F5803F20D280B2B0F517
:10638000805F01D21B4900E01B4931F8022B002A33
:1063900015D0904213D331F8024B230AE5B252FADA
:1063A00084F4844221D9092B09D2DFE803F00509DE
:1063B0000E10121416181A00801A31F8100030BD91
:1063C000811A01F00101401A0DE010380BE020386D
:1063D00009E0303807E01A3805E0083003E05038AB
:1063E00001E0A0F5E35080B230BD002BCDD101EB30
:1063F0004501CAE7049A0308F69B030870B50446F2
:1064000016460D46C0690FE0012802D92A1A921CCF
:1064100000E03246291A491C206804F0EFFB0028EE
:1064200004D1E069401EE0610028EDD170BD2DE986
:10643000F0470646C0698D1E801E9146A84200D8CE
:1064400000252C46A84600274FF4007A706B00EB1D
:106450001431304604F00AF918B14FF0FF30BDE8AE
:10646000F08704F0070201209040F269C4F3C801EC
:10647000C0B25346921E06EB010C641C9CF83CC053
:106480000CEA000C4006000E944202D30024204681
:106490001946BCF1000F05D0A0460027AC4207D139
:1064A0000020DCE77F1C4F45F8D108F10200D6E759
:1064B0000028E0D10120491C9942DCD3C6E7000046
:1064C00002490A681206FCD5486070470010014076
:1064D0002DE9F04106680C46022973D3F169A14207
:1064E00070D932784FF0FF35012A09D0022A2CD01A
:1064F000E90D01EA8407032A36D0042A7ED141E05F
:10650000B06A04EB540700EB5721304604F0AEF8B4
:10651000002874D1C7F3080030447F1C90F83C80F9
:10652000B06A00EB5721304604F0A0F848BBC7F32F
:106530000800304490F83C1048EA0120E10701D0FF
:1065400005095CE0C0F30B0559E0B06A00EB1421CB
:10655000304604F08BF8A0B9E0B206EB40003C30C6
:1065600003F0D2FA05464AE0B06A00EBD411304697
:1065700004F07CF828B9B8193C3003F08FFA20F009
:1065800070453CE0D0E9041251EA020301D083686F
:106590000BB9C379B3B98368E31A491E42F1FF32DC
:1065A000490A41EAC2517289B1FBF2FCC1796FF02C
:1065B0000042022907D003290DD002291ED0C0694C
:1065C00020B90DE01AE0634518D801D1154616E050
:1065D00004F1010513E081699942F0D9651C0EE0D0
:1065E000B06A00EBD411304604F040F838B9B8195D
:1065F0003C3003F053FA20F0004500E00125284626
:10660000BDE8F08110B504464FF0FF3021680A0064
:1066100011D000BF11F8013B202B0DD33A2BF9D13B
:106620001378303B092B06D8921C8A4203D1022BE7
:1066300001DA1846216010BD002010BD10B50448D5
:10664000FBF78CFA042801D0012010BD002010BDFA
:106650008CC0012070B50A490646002408884D8880
:1066600021464543204603F037F803F007FA4FF080
:10667000D84002E0A0F88060641CAC42FAD370BD40
:106680002C0400202DE9F04F38492C260A46887149
:1066900092884FF4305A4FF4285B41F6631E2B2743
:1066A0004FF02A0C4FF0F00845F210594FF448759E
:1066B0004FF4A0744FF4F07358B10C80A1F802802D
:1066C0004A4530D1A1F808A0A1F80AB03802888163
:1066D00041E0A1F800804C804A4507D1A1F808A00C
:1066E000A1F80AB04FF42C50888105E072450E8164
:1066F00005D14F81A1F80CC00B804D8002E0A1F8BC
:106700000AC08F81A2F5A640103803D0A2F5EE4052
:10671000963801D10C804B80A2F5184006381FD165
:106720000B804D801CE0724511D0A2F51840063850
:106730000DD00E81A1F80AC0A1F80C70A2F5A640F8
:1067400010380BD0A2F5EE40963807D008E00E8145
:10675000A1F80AC08F810D804B80EFE70B804C8041
:10676000BDE8F04F002002F0D7BE00002C0400204E
:106770002DE9FF4F804600251446032082B00F46C6
:10678000A0EB440651E0381B81B208EB050A0190EA
:106790001FFA8AF0059A00F09BF8781B009081B2EE
:1067A00008EB04091FFA89F0059A00F091F807EB4D
:1067B000050B1FFA8BF11FFA89F0059A00F088F893
:1067C00007EB04091FFA89F11FFA8AF0059A00F015
:1067D0007FF8A8EB050A1FFA89F11FFA8AF0059ADB
:1067E00000F076F8A8EB04091FFA8BF11FFA89F084
:1067F000059A00F06DF80198059A81B21FFA8AF0A7
:1068000000F066F80098059A81B21FFA89F000F04E
:106810005FF86D1C002E03DA06EB8506B61D04E05A
:10682000281B06EB8006641E0A36A542ABDD06B0C7
:10683000BDE8F08F2DE9FE4F161ACDE900104FF09C
:1068400000085D1A47464FF0FF30002E02DD4FF082
:10685000010102E003D14FF000018B4602E08346C4
:10686000C6F10006002D02DD4FF0010002E003D169
:106870004FF00000824602E08246C5F10005AE42BC
:1068800001DD344600E02C46601C4FF00009029008
:1068900019E000980C9A81B2019880B200F018F8C3
:1068A000B0442F44A04504DD0198A8EB04085844E7
:1068B0000190A74203DD00983F1B5044009009F16E
:1068C00001001FFA80F902998945E2DDBDE8FE8FDB
:1068D00010B5144602F000FF03F0D0F84FF0D84096
:1068E000A0F8804010BD2DE9F8411D46079C1646D2
:1068F000884607460B460094FFF79CFF3A462B4616
:10690000414610460094FFF795FF2B463246194644
:1069100038460094FFF78EFF32462B46414610461C
:106920000094FFF787FFBDE8F88110B5CF2003F092
:1069300099F8002003F08AF8C12003F087F830208E
:1069400003F084F8ED2003F08DF8642003F07EF866
:10695000032003F07BF8122003F078F8812003F085
:1069600075F8E82003F07EF8852003F06FF810201A
:1069700003F06CF87A2003F069F8CB2003F072F88A
:10698000392003F063F82C2003F060F8002003F0B6
:106990005DF8342003F05AF8022003F057F8F7208E
:1069A00003F060F8202003F051F8EA2003F05AF8D1
:1069B000002003F04BF8002003F048F8C02003F05B
:1069C00051F81B2003F042F8C12003F04BF80120DE
:1069D00003F03CF8C52003F045F8302003F036F80A
:1069E000302003F033F8C72003F03CF8B72003F061
:1069F0002DF8362003F036F8482003F027F83A2027
:106A000003F030F8552003F021F8B12003F02AF804
:106A1000002003F01BF81A2003F018F8B62003F04A
:106A200021F80A2003F012F8A22003F00FF8F22058
:106A300003F018F8002003F009F8262003F012F8FC
:106A4000012003F003F8E02003F00CF80F2002F01F
:106A5000FDFF2A2002F0FAFF282002F0F7FF0820AD
:106A600002F0F4FF0E2002F0F1FF082002F0EEFF2A
:106A7000542002F0EBFFA92002F0E8FF432002F0CF
:106A8000E5FF0A2002F0E2FF0F2002F0DFFF002006
:106A900002F0DCFF002002F0D9FF002002F0D6FF58
:106AA000002002F0D3FFE12002F0DCFF002002F022
:106AB000CDFF152002F0CAFF172002F0C7FF072004
:106AC00002F0C4FF112002F0C1FF062002F0BEFF59
:106AD0002B2002F0BBFF562002F0B8FF3C2002F052
:106AE000B5FF052002F0B2FF102002F0AFFF0F202B
:106AF00002F0ACFF3F2002F0A9FF3F2002F0A6FF0A
:106B00000F2002F0A3FF2B2002F0ACFF002002F0C8
:106B10009DFF002002F09AFF012002F097FF3F2026
:106B200002F094FF2A2002F09DFF002002F08EFF69
:106B3000002002F08BFF002002F088FFEF2002F01F
:106B400085FF112002F08EFF7820FEF71FFABDE8C6
:106B50001040292002F086BF10B5FF2002F082FF0E
:106B6000FF2002F073FF982002F070FF062002F071
:106B70006DFFBC2002F076FF012002F067FF0F20BE
:106B800002F064FF612002F061FFFF2002F05EFF6F
:106B9000012002F05BFF012002F058FF0B2002F001
:106BA00055FF102002F052FF372002F04FFF632004
:106BB00002F04CFFFF2002F049FFFF2002F046FFE9
:106BC000012002F043FF012002F040FF002002F00C
:106BD0003DFF002002F03AFFFF2002F037FF522075
:106BE00002F034FF012002F031FF002002F02EFFFE
:106BF000402002F02BFFBD2002F034FF012002F004
:106C000025FF232002F022FF452002F01FFF67200E
:106C100002F01CFF012002F019FF232002F016FFF2
:106C2000452002F013FF672002F010FFBE2002F0A3
:106C300019FF002002F00AFF012002F007FFAB203D
:106C400002F004FF602002F001FF222002F0FEFEAD
:106C5000222002F0FBFE222002F0F8FE222002F0A9
:106C6000F5FE222002F0F2FEC72002F0FBFE3620E5
:106C700002F0ECFEED2002F0F5FE7F2002F0E6FED1
:106C80000F2002F0E3FEC02002F0ECFE0F2002F025
:106C9000DDFE0B2002F0DAFE0A2002F0D7FEFC2017
:106CA00002F0E0FE082002F0D1FEDF2002F0DAFE62
:106CB000002002F0CBFE002002F0C8FE002002F00F
:106CC000C5FE002002F0C2FE002002F0BFFE202020
:106CD00002F0BCFEF32002F0C5FE742002F0B6FE06
:106CE000B42002F0BFFE002002F0B0FE002002F04F
:106CF000ADFE002002F0AAFEF72002F0B3FE8220D3
:106D000002F0A4FEB12002F0ADFE002002F09EFED3
:106D1000132002F09BFE132002F098FEF22002F0F6
:106D2000A1FE802002F092FE042002F08FFE40209F
:106D300002F08CFE282002F089FEC12002F092FEB3
:106D4000172002F083FE882002F080FE882002F0E7
:106D50007DFE202002F07AFEE02002F083FE00207B
:106D600002F074FE0A2002F071FE122002F06EFEA4
:106D7000102002F06BFE0E2002F068FE202002F0D0
:106D800065FECC2002F062FE072002F05FFE0620C6
:106D900002F05CFE0B2002F059FE0E2002F056FEBF
:106DA0000F2002F053FE0D2002F050FE152002F0DD
:106DB0004DFE102002F04AFE002002F047FEE120C6
:106DC00002F050FE002002F041FE0B2002F03EFED9
:106DD000132002F03BFE0D2002F038FE0E2002F0E0
:106DE00035FE1B2002F032FE712002F02FFE06203D
:106DF00002F02CFE062002F029FE0A2002F026FEF8
:106E00000F2002F023FE0E2002F020FE0F2002F0E1
:106E10001DFE152002F01AFE0C2002F017FE0020C5
:106E200002F014FE2A2002F01DFE002002F00EFEE9
:106E3000002002F00BFE012002F008FEDF2002F02D
:106E400005FE2B2002F00EFE002002F0FFFD0020C8
:106E500002F0FCFD032002F0F9FD1F2002F0F6FD18
:106E60003A2002F0FFFD552002F0F0FD362002F03E
:106E7000F9FD002002F0EAFD112002F0F3FD782078
:106E8000FEF784F8292002F0EDFD1420FEF77EF8CD
:106E9000BDE810402C2002F0E5BD10B5ED2002F059
:106EA000E1FD012002F0D2FDFE2002F0CFFDEE2038
:106EB00002F0D8FDDE2002F0C9FD212002F0C6FD5F
:106EC000F12002F0CFFD012002F0C0FDDF2002F032
:106ED000C9FD102002F0BAFDC42002F0C3FD8F20CE
:106EE00002F0B4FDC62002F0BDFD002002F0AEFDB0
:106EF000E22002F0ABFDE22002F0A8FDE22002F069
:106F0000A5FDBF2002F0AEFDAA2002F09FFDB0203B
:106F100002F0A8FD0D2002F099FD002002F096FD80
:106F20000D2002F093FD002002F090FD112002F0F0
:106F30008DFD002002F08AFD192002F087FD00205F
:106F400002F084FD212002F081FD002002F07EFD90
:106F50002D2002F07BFD002002F078FD3D2002F0A4
:106F600075FD002002F072FD5D2002F06FFD002033
:106F700002F06CFD5D2002F069FD002002F066FD6C
:106F8000B12002F06FFD802002F060FD002002F0D1
:106F90005DFD8B2002F05AFD002002F057FD962087
:106FA00002F054FD002002F051FDB22002F05AFD23
:106FB000002002F04BFD002002F048FD022002F00C
:106FC00045FD002002F042FD032002F03FFD0020BD
:106FD00002F03CFDB32002F045FD002002F036FD3A
:106FE000002002F033FD002002F030FD002002F00E
:106FF0002DFD002002F02AFD002002F027FD0020D8
:1070000002F024FD002002F021FD002002F01EFD10
:10701000002002F01BFD002002F018FD002002F00D
:1070200015FD002002F012FD002002F00FFD0020EF
:1070300002F00CFD002002F009FD002002F006FD28
:10704000002002F003FD002002F000FD002002F00D
:10705000FDFC002002F0FAFC002002F0F7FC00200A
:1070600002F0F4FC002002F0F1FCB42002F0FAFC83
:107070008B2002F0EBFC002002F0E8FC962002F0EE
:10708000E5FC002002F0E2FCA12002F0DFFC002081
:1070900002F0DCFCB52002F0E5FC022002F0D6FC98
:1070A000002002F0D3FC032002F0D0FC002002F00C
:1070B000CDFC042002F0CAFC002002F0C7FCB62080
:1070C00002F0D0FC002002F0C1FC002002F0BEFC67
:1070D000B72002F0C7FC002002F0B8FC002002F04C
:1070E000B5FC3F2002F0B2FC002002F0AFFC5E20B5
:1070F00002F0ACFC002002F0A9FC642002F0A6FC27
:10710000002002F0A3FC8C2002F0A0FC002002F082
:107110009DFCAC2002F09AFC002002F097FCDC20E1
:1071200002F094FC002002F091FC702002F08EFC32
:10713000002002F08BFC902002F088FC002002F07E
:1071400085FCEB2002F082FC002002F07FFCDC20BA
:1071500002F07CFC002002F079FCB82002F082FCF6
:10716000002002F073FC002002F070FC002002F00E
:107170006DFC002002F06AFC002002F067FC002099
:1071800002F064FC002002F061FC002002F05EFCD2
:10719000BA2002F067FC242002F058FC002002F024
:1071A00055FC002002F052FC002002F04FFCC120F0
:1071B00002F058FC202002F049FC002002F046FCBE
:1071C000542002F043FC002002F040FCFF2002F0BB
:1071D0003DFC002002F03AFCC22002F043FC0A20F1
:1071E00002F034FC002002F031FC042002F02EFCFE
:1071F000002002F02BFCC32002F034FC3C2002F003
:1072000025FC002002F022FC3A2002F01FFC0020A6
:1072100002F01CFC392002F019FC002002F016FCE0
:10722000372002F013FC002002F010FC3C2002F09A
:107230000DFC002002F00AFC362002F007FC0020C2
:1072400002F004FC322002F001FC002002F0FEFB00
:107250002F2002F0FBFB002002F0F8FB2C2002F0B4
:10726000F5FB002002F0F2FB292002F0EFFB0020EA
:1072700002F0ECFB262002F0E9FB002002F0E6FB26
:10728000242002F0E3FB002002F0E0FB242002F0C7
:10729000DDFB002002F0DAFB232002F0D7FB002008
:1072A00002F0D4FB3C2002F0D1FB002002F0CEFB28
:1072B000362002F0CBFB002002F0C8FB322002F0A7
:1072C000C5FB002002F0C2FB2F2002F0BFFB002014
:1072D00002F0BCFB2C2002F0B9FB002002F0B6FB50
:1072E000292002F0B3FB002002F0B0FB262002F0C0
:1072F000ADFB002002F0AAFB242002F0A7FB002037
:1073000002F0A4FB242002F0A1FB002002F09EFB6F
:10731000232002F09BFB002002F098FBC42002F027
:10732000A1FB622002F092FB002002F08FFB0520FF
:1073300002F08CFB002002F089FB842002F086FB27
:10734000002002F083FBF02002F080FB002002F01E
:107350007DFB182002F07AFB002002F077FBA420CE
:1073600002F074FB002002F071FB182002F06EFBAB
:10737000002002F06BFB502002F068FB002002F0BE
:1073800065FB0C2002F062FB002002F05FFB17207F
:1073900002F05CFB002002F059FB952002F056FB46
:1073A000002002F053FBF32002F050FB002002F01B
:1073B0004DFBE62002F04AFB002002F047FBC5200F
:1073C00002F050FB322002F041FB002002F03EFBB5
:1073D000442002F03BFB002002F038FB652002F065
:1073E00035FB002002F032FB762002F02FFB00205C
:1073F00002F02CFB882002F029FB002002F026FB83
:10740000C62002F02FFB202002F020FB002002F01B
:107410001DFB172002F01AFB002002F017FB0120D1
:1074200002F014FB002002F011FBC72002F01AFB4F
:10743000002002F00BFB002002F008FB002002F00D
:1074400005FB002002F002FBC82002F00BFB00202D
:1074500002F0FCFA002002F0F9FA002002F0F6FA3D
:10746000002002F0F3FAC92002F0FCFA002002F03A
:10747000EDFA002002F0EAFA002002F0E7FA00201C
:1074800002F0E4FA002002F0E1FA002002F0DEFA55
:10749000002002F0DBFA002002F0D8FA002002F00F
:1074A000D5FA002002F0D2FA002002F0CFFA002034
:1074B00002F0CCFA002002F0C9FA002002F0C6FA6D
:1074C000002002F0C3FA002002F0C0FAE02002F02F
:1074D000C9FA162002F0BAFA002002F0B7FA1C200E
:1074E00002F0B4FA002002F0B1FA212002F0AEFA64
:1074F000002002F0ABFA362002F0A8FA002002F0D9
:10750000A5FA462002F0A2FA002002F09FFA5220CB
:1075100002F09CFA002002F099FA642002F096FA38
:10752000002002F093FA7A2002F090FA002002F094
:107530008DFA8B2002F08AFA002002F087FA992057
:1075400002F084FA002002F081FAA82002F07EFA0C
:10755000002002F07BFAB92002F078FA002002F055
:1075600075FAC42002F072FA002002F06FFACA2005
:1075700002F06CFA002002F069FAD22002F066FAFA
:10758000002002F063FAD92002F060FA002002F035
:107590005DFAE02002F05AFA002002F057FAF320D8
:1075A00002F054FA002002F051FAE12002F05AFAF7
:1075B000162002F04BFA002002F048FA1C2002F0DC
:1075C00045FA002002F042FA222002F03FFA0020A1
:1075D00002F03CFA362002F039FA002002F036FAC6
:1075E000452002F033FA002002F030FA522002F077
:1075F0002DFA002002F02AFA642002F027FA002077
:1076000002F024FA7A2002F021FA002002F01EFA99
:107610008B2002F01BFA002002F018FA992002F0E9
:1076200015FA002002F012FAA82002F00FFA00204A
:1076300002F00CFAB92002F009FA002002F006FA72
:10764000C42002F003FA002002F000FACA2002F07F
:10765000FDF9002002F0FAF9D22002F0F7F900203B
:1076600002F0F4F9D82002F0F1F9002002F0EEF96E
:10767000E02002F0EBF9002002F0E8F9F32002F03C
:10768000E5F9002002F0E2F9E22002F0EBF9052032
:1076900002F0DCF9002002F0D9F90B2002F0D6F953
:1076A000002002F0D3F91B2002F0D0F9002002F0F4
:1076B000CDF9342002F0CAF9002002F0C7F94420C5
:1076C00002F0C4F9002002F0C1F94F2002F0BEF927
:1076D000002002F0BBF9612002F0B8F9002002F0AE
:1076E000B5F9792002F0B2F9002002F0AFF9882054
:1076F00002F0ACF9002002F0A9F9972002F0A6F9F7
:10770000002002F0A3F9A62002F0A0F9002002F068
:107710009DF9B72002F09AF9002002F097F9C220F3
:1077200002F094F9002002F091F9C72002F08EF9DE
:10773000002002F08BF9D12002F088F9002002F03D
:1077400085F9D62002F082F9002002F07FF9DD20D1
:1077500002F07CF9002002F079F9F32002F076F9CA
:10776000002002F073F9E32002F07CF9052002F01A
:107770006DF9002002F06AF90A2002F067F9002092
:1077800002F064F91C2002F061F9002002F05EF9B9
:10779000332002F05BF9002002F058F9442002F097
:1077A00055F9002002F052F9502002F04FF9002064
:1077B00002F04CF9622002F049F9002002F046F98B
:1077C000782002F043F9002002F040F9882002F00E
:1077D0003DF9002002F03AF9972002F037F9002035
:1077E00002F034F9A62002F031F9002002F02EF95F
:1077F000B72002F02BF9002002F028F9C22002F095
:1078000025F9002002F022F9C72002F01FF900201C
:1078100002F01CF9D12002F019F9002002F016F94B
:10782000D52002F013F9002002F010F9DD2002F05B
:107830000DF9002002F00AF9F32002F007F9002008
:1078400002F004F9E42002F00DF9012002F0FEF844
:10785000002002F0FBF8012002F0F8F8002002F00E
:10786000F5F8022002F0F2F8002002F0EFF82A20EA
:1078700002F0ECF8002002F0E9F83C2002F0E6F813
:10788000002002F0E3F84B2002F0E0F8002002F0C4
:10789000DDF85D2002F0DAF8002002F0D7F874205D
:1078A00002F0D4F8002002F0D1F8842002F0CEF8E3
:1078B000002002F0CBF8932002F0C8F8002002F07C
:1078C000C5F8A22002F0C2F8002002F0BFF8B320F1
:1078D00002F0BCF8002002F0B9F8BE2002F0B6F8C1
:1078E000002002F0B3F8C42002F0B0F8002002F04B
:1078F000ADF8CD2002F0AAF8002002F0A7F8D320BE
:1079000002F0A4F8002002F0A1F8DD2002F09EF8B9
:10791000002002F09BF8F32002F098F8002002F01B
:1079200095F8E52002F09EF8002002F08FF8002084
:1079300002F08CF8002002F089F8002002F086F8AE
:10794000022002F083F8002002F080F8292002F0E3
:107950007DF8002002F07AF83C2002F077F8002051
:1079600002F074F84B2002F071F8002002F06EF87B
:107970005D2002F06BF8002002F068F8742002F03D
:1079800065F8002002F062F8842002F05FF8002021
:1079900002F05CF8932002F059F8002002F056F84B
:1079A000A22002F053F8002002F050F8B32002F0B9
:1079B0004DF8002002F04AF8BE2002F047F80020FF
:1079C00002F044F8C42002F041F8002002F03EF832
:1079D000CD2002F03BF8002002F038F8D32002F06E
:1079E00035F8002002F032F8DC2002F02FF80020F9
:1079F00002F02CF8F32002F029F8002002F026F81B
:107A0000E62002F02FF8112002F020F8002002F00A
:107A10001DF8342002F01AF8002002F017F8562062
:107A200002F014F8002002F011F8762002F00EF8AF
:107A3000002002F00BF8772002F008F8002002F096
:107A400005F8662002F002F8002001F0FFFF882010
:107A500001F0FCFF002001F0F9FF992001F0F6FF92
:107A6000002001F0F3FFBB2001F0F0FF002001F047
:107A7000EDFF992001F0EAFF002001F0E7FF66200A
:107A800001F0E4FF002001F0E1FF552001F0DEFFEE
:107A9000002001F0DBFF552001F0D8FF002001F0AD
:107AA000D5FF452001F0D2FF002001F0CFFF432099
:107AB00001F0CCFF002001F0C9FF442001F0C6FF17
:107AC000002001F0C3FFE72001F0CCFF322001F0DD
:107AD000BDFF002001F0BAFF552001F0B7FF0020E4
:107AE00001F0B4FF762001F0B1FF002001F0AEFFFD
:107AF000662001F0ABFF002001F0A8FF672001F035
:107B0000A5FF002001F0A2FF672001F09FFF0020E9
:107B100001F09CFF872001F099FF002001F096FF03
:107B2000992001F093FF002001F090FFBB2001F0AD
:107B30008DFF002001F08AFF992001F087FF0020CF
:107B400001F084FF772001F081FF002001F07EFF2B
:107B5000442001F07BFF002001F078FF562001F067
:107B600075FF002001F072FF232001F06FFF00205D
:107B700001F06CFF332001F069FF002001F066FF87
:107B8000452001F063FF002001F060FFE82001F0D4
:107B900069FF002001F05AFF002001F057FF9920F3
:107BA00001F054FF002001F051FF872001F04EFF4B
:107BB000002001F04BFF882001F048FF002001F079
:107BC00045FF772001F042FF002001F03FFF6620D3
:107BD00001F03CFF002001F039FF882001F036FF62
:107BE000002001F033FFAA2001F030FF002001F057
:107BF0002DFFBB2001F02AFF002001F027FF992074
:107C000001F024FF002001F021FF662001F01EFF9B
:107C1000002001F01BFF552001F018FF002001F0AB
:107C200015FF552001F012FF002001F00FFF442046
:107C300001F00CFF002001F009FF442001F006FFD5
:107C4000002001F003FF552001F000FF002001F0AB
:107C5000FDFEE92001F006FFAA2001F0F7FE00205A
:107C600001F0F4FE002001F0F1FE002001F0EEFE34
:107C7000002001F0F7FEAA2001F0E8FECF2001F07D
:107C8000F1FE002001F0E2FE002001F0DFFE002006
:107C900001F0DCFE002001F0D9FE002001F0D6FE4C
:107CA000002001F0D3FE002001F0D0FE002001F002
:107CB000CDFE002001F0CAFE002001F0C7FE00202A
:107CC00001F0C4FE002001F0C1FE002001F0BEFE64
:107CD000002001F0BBFE002001F0B8FE002001F002
:107CE000B5FE002001F0B2FEF02001F0BBFE002046
:107CF00001F0ACFE502001F0A9FE002001F0A6FE2C
:107D0000002001F0A3FE002001F0A0FEF32001F00E
:107D1000A9FE002001F09AFEF92001F0A3FE062042
:107D200001F094FE102001F091FE292001F08EFE5A
:107D3000002001F08BFE3A2001F094FE552001F066
:107D400085FE112001F08EFE6420FDF71FF9292029
:107D500001F088FE352001F085FE002001F076FE5E
:107D6000512001F07FFEFF2001F070FE532001F052
:107D700079FE2C2001F06AFE552001F073FE82206E
:107D800001F064FEBDE810402C2001F06BBE2DE92F
:107D9000F05F4FF470435521184601F079FE4FF221
:107DA0000104AA21204601F073FE651C52212846D9
:107DB00001F06EFEA61C0821304601F069FEE71CAA
:107DC0000121384601F064FE0D214FF4304001F0EE
:107DD0005FFE0D214BF2010001F05AFE0D214BF226
:107DE000020001F055FE4FF436483421404601F0C0
:107DF0004FFE34214BF2016001F04AFE34214BF278
:107E0000026001F045FE4FF431490D21484601F072
:107E10003FFE4BF2011A0D21504601F039FE0D21B3
:107E20004BF2021001F034FE4FF4374B3421584628
:107E300001F02EFE34214BF2017001F029FE3421B5
:107E40004BF2027001F024FE00214FF4324001F0A9
:107E50001FFE00214BF2012001F01AFE00214BF21F
:107E6000022001F015FE24214FF4384001F010FEED
:107E700024214BF6010001F00BFE24214BF60200F9
:107E800001F006FE01214FF43F4001F001FE0F21F9
:107E90004FF4334001F0FCFD0F214BF2013001F0B3
:107EA000F7FD0F214BF2023001F0F2FD34214FF4C7
:107EB000394001F0EDFD34214BF6011001F0E8FDF1
:107EC00034214BF6021001F0E3FD08214FF4354058
:107ED00001F0DEFD08214BF2015001F0D9FD08212F
:107EE0004BF2025001F0D4FD03214FF4424001F067
:107EF000CFFD24214FF43A4001F0CAFD24214BF676
:107F0000012001F0C5FD24214BF6022001F0C0FD47
:107F100000214FF43C4001F0BBFD78214BF60140BD
:107F200001F0B6FD00214BF6024001F0B1FD002149
:107F30004FF43D4001F0ACFD78214BF6015001F0CB
:107F4000A7FD00214BF6025001F0A2FD00214FF4E5
:107F50003E4001F09DFD64214BF6016001F098FD6B
:107F600000214FF4514001F093FD33214DF20110F7
:107F700001F08EFD00214DF2021001F089FD342147
:107F80004DF2031001F084FD00214DF2041001F0C8
:107F90007FFD3A214DF2051001F07AFD00214DF2EE
:107FA000061001F075FD4A214DF2071001F070FD39
:107FB00000214DF2081001F06BFD5C214DF209101B
:107FC00001F066FD00214DF20A1001F061FD8121F2
:107FD0004DF20B1001F05CFD00214DF20C1001F090
:107FE00057FDA6214DF20D1001F052FD00214DF27A
:107FF0000E1001F04DFDE5214DF20F1001F048FD8E
:1080000001214DF2101001F043FD13214DF211102A
:1080100001F03EFD01214DF2121001F039FD542115
:108020004DF2131001F034FD01214DF2141001F056
:108030002FFD82214DF2151001F02AFD01214DF294
:10804000161001F025FDCA214DF2171001F020FD98
:1080500002214DF2181001F01BFD00214DF2191004
:1080600001F016FD02214DF21A1001F011FD01215F
:108070004DF21B1001F00CFD02214DF21C1001F01D
:1080800007FD34214DF21D1001F002FD02214DF2D9
:108090001E1001F0FDFC67214DF21F1001F0F8FCED
:1080A00002214DF2201001F0F3FC84214DF2211049
:1080B00001F0EEFC02214DF2221001F0E9FCA421B6
:1080C0004DF2231001F0E4FC02214DF2241001F0E6
:1080D000DFFCB7214DF2251001F0DAFC02214DF250
:1080E000261001F0D5FCCF214DF2271001F0D0FC75
:1080F00002214DF2281001F0CBFCDE214DF22910B7
:1081000001F0C6FC02214DF22A1001F0C1FCF2215F
:108110004DF22B1001F0BCFC02214DF22C1001F0AD
:10812000B7FCFE214DF22D1001F0B2FC03214DF2FF
:108130002E1001F0ADFC10214DF22F1001F0A8FC23
:1081400003214DF2301001F0A3FC33214DF2311028
:1081500001F09EFC03214DF2321001F099FC6D21DB
:108160004DF2331001F094FC00214FF4524001F025
:108170008FFC33214DF2012001F08AFC00214DF2E9
:10818000022001F085FC34214DF2032001F080FC37
:1081900000214DF2042001F07BFC3A214DF2052034
:1081A00001F076FC00214DF2062001F071FC4A211D
:1081B0004DF2072001F06CFC00214DF2082001F087
:1081C00067FC5C214DF2092001F062FC00214DF2B8
:1081D0000A2001F05DFC81214DF20B2001F058FCDA
:1081E00000214DF20C2001F053FCA6214DF20D2090
:1081F00001F04EFC00214DF20E2001F049FCE5217A
:108200004DF20F2001F044FC01214DF2102001F04D
:108210003FFC13214DF2112001F03AFC01214DF2F7
:10822000122001F035FC54214DF2132001F030FCF6
:1082300001214DF2142001F02BFC82214DF215207A
:1082400001F026FC01214DF2162001F021FCCA218B
:108250004DF2172001F01CFC02214DF2182001F014
:1082600017FC00214DF2192001F012FC02214DF201
:108270001A2001F00DFC01214DF21B2001F008FC39
:1082800002214DF21C2001F003FC34214DF21D208F
:1082900001F0FEFB02214DF21E2001F0F9FB6721E7
:1082A0004DF21F2001F0F4FB02214DF2202001F0DD
:1082B000EFFB84214DF2212001F0EAFB02214DF277
:1082C000222001F0E5FBA4214DF2232001F0E0FB88
:1082D00002214DF2242001F0DBFBB7214DF22520D5
:1082E00001F0D6FB02214DF2262001F0D1FBCF2177
:1082F0004DF2272001F0CCFB02214DF2282001F0A5
:10830000C7FBDE214DF2292001F0C2FB02214DF214
:108310002A2001F0BDFBF2214DF22B2001F0B8FB29
:1083200002214DF22C2001F0B3FBFE214DF22D2055
:1083300001F0AEFB03214DF22E2001F0A9FB10212C
:108340004DF22F2001F0A4FB03214DF2302001F06B
:108350009FFB33214DF2312001F09AFB03214DF2B6
:10836000322001F095FB6D214DF2332001F090FB9E
:1083700000214FF4534001F08BFB33214DF20130CB
:1083800001F086FB00214DF2023001F081FB342127
:108390004DF2033001F07CFB00214DF2043001F07E
:1083A00077FB3A214DF2053001F072FB00214DF2CE
:1083B000063001F06DFB4A214DF2073001F068FBF9
:1083C00000214DF2083001F063FB5C214DF20930D1
:1083D00001F05EFB00214DF20A3001F059FB8121D2
:1083E0004DF20B3001F054FB00214DF20C3001F046
:1083F0004FFBA6214DF20D3001F04AFB00214DF25A
:108400000E3001F045FBE5214DF20F3001F040FB4D
:1084100001214DF2103001F03BFB13214DF21130E0
:1084200001F036FB01214DF2123001F031FB5421F5
:108430004DF2133001F02CFB01214DF2143001F00C
:1084400027FB82214DF2153001F022FB01214DF274
:10845000163001F01DFBCA214DF2173001F018FB58
:1084600002214DF2183001F013FB00214DF21930BA
:1084700001F00EFB02214DF21A3001F009FB01213F
:108480004DF21B3001F004FB02214DF21C3001F0D3
:10849000FFFA34214DF21D3001F0FAFA02214DF2BB
:1084A0001E3001F0F5FA67214DF21F3001F0F0FAAD
:1084B00002214DF2203001F0EBFA84214DF22130FF
:1084C00001F0E6FA02214DF2223001F0E1FAA42196
:1084D0004DF2233001F0DCFA02214DF2243001F09C
:1084E000D7FAB7214DF2253001F0D2FA02214DF230
:1084F000263001F0CDFACF214DF2273001F0C8FA35
:1085000002214DF2283001F0C3FADE214DF229306C
:1085100001F0BEFA02214DF22A3001F0B9FAF2213F
:108520004DF22B3001F0B4FA02214DF22C3001F063
:10853000AFFAFE214DF22D3001F0AAFA03214DF2DF
:108540002E3001F0A5FA10214DF22F3001F0A0FAE3
:1085500003214DF2303001F09BFA33214DF23130DE
:1085600001F096FA03214DF2323001F091FA6D21BB
:108570004DF2333001F08CFA00214FF4544001F0F9
:1085800087FA33214DF2014001F082FA00214DF2C9
:10859000024001F07DFA34214DF2034001F078FAF7
:1085A00000214DF2044001F073FA3A214DF20540EA
:1085B00001F06EFA00214DF2064001F069FA4A21FD
:1085C0004DF2074001F064FA00214DF2084001F03D
:1085D0005FFA5C214DF2094001F05AFA00214DF298
:1085E0000A4001F055FA81214DF20B4001F050FA9A
:1085F00000214DF20C4001F04BFAA6214DF20D4046
:1086000001F046FA00214DF20E4001F041FAE52159
:108610004DF20F4001F03CFA01214DF2104001F003
:1086200037FA13214DF2114001F032FA01214DF2D7
:10863000124001F02DFA54214DF2134001F028FAB6
:1086400001214DF2144001F023FA82214DF2154030
:1086500001F01EFA01214DF2164001F019FACA216B
:108660004DF2174001F014FA02214DF2184001F0CA
:108670000FFA00214DF2194001F00AFA02214DF2E1
:108680001A4001F005FA01214DF21B4001F000FAF9
:1086900002214DF21C4001F0FBF934214DF21D4046
:1086A00001F0F6F902214DF21E4001F0F1F96721C7
:1086B0004DF21F4001F0ECF902214DF2204001F093
:1086C000E7F984214DF2214001F0E2F902214DF257
:1086D000224001F0DDF9A4214DF2234001F0D8F948
:1086E00002214DF2244001F0D3F9B7214DF225408B
:1086F00001F0CEF902214DF2264001F0C9F9CF2157
:108700004DF2274001F0C4F902214DF2284001F05A
:10871000BFF9DE214DF2294001F0BAF902214DF2F4
:108720002A4001F0B5F9F2214DF22B4001F0B0F9E9
:1087300002214DF22C4001F0ABF9FE214DF22D400B
:1087400001F0A6F903214DF22E4001F0A1F910210C
:108750004DF22F4001F09CF903214DF2304001F021
:1087600097F933214DF2314001F092F903214DF296
:10877000324001F08DF96D214DF2334001F088F95E
:1087800000214FF4554001F083F933214DF201509F
:1087900001F07EF900214DF2025001F079F9342107
:1087A0004DF2035001F074F900214DF2045001F034
:1087B0006FF93A214DF2055001F06AF900214DF2AE
:1087C000065001F065F94A214DF2075001F060F9B9
:1087D00000214DF2085001F05BF95C214DF2095087
:1087E00001F056F900214DF20A5001F051F98121B2
:1087F0004DF20B5001F04CF900214DF20C5001F0FC
:1088000047F9A6214DF20D5001F042F900214DF239
:108810000E5001F03DF9E5214DF20F5001F038F90D
:1088200001214DF2105001F033F913214DF2115096
:1088300001F02EF901214DF2125001F029F95421D5
:108840004DF2135001F024F901214DF2145001F0C2
:108850001FF982214DF2155001F01AF901214DF254
:10886000165001F015F9CA214DF2175001F010F918
:1088700002214DF2185001F00BF900214DF2195070
:1088800001F006F902214DF21A5001F001F901211F
:108890004DF21B5001F0FCF802214DF21C5001F08A
:1088A000F7F834214DF21D5001F0F2F802214DF29B
:1088B0001E5001F0EDF867214DF21F5001F0E8F86D
:1088C00002214DF2205001F0E3F884214DF22150B5
:1088D00001F0DEF802214DF2225001F0D9F8A42176
:1088E0004DF2235001F0D4F802214DF2245001F052
:1088F000CFF8B7214DF2255001F0CAF802214DF210
:10890000265001F0C5F8CF214DF2275001F0C0F8F4
:1089100002214DF2285001F0BBF8DE214DF2295022
:1089200001F0B6F802214DF22A5001F0B1F8F2211F
:108930004DF22B5001F0ACF802214DF22C5001F019
:10894000A7F8FE214DF22D5001F0A2F803214DF2BF
:108950002E5001F09DF810214DF22F5001F098F8A3
:1089600003214DF2305001F093F833214DF2315094
:1089700001F08EF803214DF2325001F089F86D219B
:108980004DF2335001F084F800214FF4564001F0CD
:108990007FF833214DF2016001F07AF800214DF2A9
:1089A000026001F075F834214DF2036001F070F8B7
:1089B00000214DF2046001F06BF83A214DF20560A0
:1089C00001F066F800214DF2066001F061F84A21DD
:1089D0004DF2076001F05CF800214DF2086001F0F3
:1089E00057F85C214DF2096001F052F800214DF278
:1089F0000A6001F04DF881214DF20B6001F048F85A
:108A000000214DF20C6001F043F8A6214DF20D60FB
:108A100001F03EF800214DF20E6001F039F8E52139
:108A20004DF20F6001F034F801214DF2106001F0B9
:108A30002FF813214DF2116001F02AF801214DF2B7
:108A4000126001F025F854214DF2136001F020F876
:108A500001214DF2146001F01BF882214DF21560E6
:108A600001F016F801214DF2166001F011F8CA214B
:108A70004DF2176001F00CF802214DF2186001F080
:108A800007F800214DF2196001F002F802214DF2C1
:108A90001A6000F0FDFF01214DF21B6000F0F8FFAD
:108AA00002214DF21C6000F0F3FF34214DF21D60F5
:108AB00000F0EEFF02214DF21E6000F0E9FF672199
:108AC0004DF21F6000F0E4FF02214DF2206000F043
:108AD000DFFF84214DF2216000F0DAFF02214DF228
:108AE000226000F0D5FFA4214DF2236000F0D0FFFA
:108AF00002214DF2246000F0CBFFB7214DF225603A
:108B000000F0C6FF02214DF2266000F0C1FFCF2128
:108B10004DF2276000F0BCFF02214DF2286000F00A
:108B2000B7FFDE214DF2296000F0B2FF02214DF2C5
:108B30002A6000F0ADFFF2214DF22B6000F0A8FF9B
:108B400002214DF22C6000F0A3FFFE214DF22D60BA
:108B500000F09EFF03214DF22E6000F099FF1021DE
:108B60004DF22F6000F094FF03214DF2306000F0D1
:108B70008FFF33214DF2316000F08AFF03214DF267
:108B8000326000F085FF6D214DF2336000F080FF10
:108B90005521184600F07CFFAA21204600F078FFFE
:108BA0005221284600F074FF0821304600F070FF83
:108BB0000021384600F06CFFCC21484600F068FFE9
:108BC0000021504600F064FF0521404600F060FFA0
:108BD0007021584600F05CFF70214BF2017000F0EC
:108BE00057FF01214FF4384000F052FF03214BF6AC
:108BF000010000F04DFF03214BF6020000F048FF9A
:108C000003214BF6030000F043FF02214FF43C40E8
:108C100000F03EFF00214BF6014000F039FF00213B
:108C20004BF6024000F034FFD0214FF4494000F0F1
:108C30002FFF02214CF6011000F02AFF50214CF6C4
:108C4000021000F025FF50214CF6031000F020FF29
:108C500050214CF6041000F01BFF00214FF454503B
:108C600000F016FF55214FF4685000F011FF4FF44B
:108C7000885000F0F7FE7820FCF788F9BDE8F05F37
:108C80004FF4245000F0EEBE10B5E22000F0EAFEF2
:108C90001D2000F0DBFE022000F0D8FE042000F0D2
:108CA000D5FE6420FCF772F9E02000F0DBFE012025
:108CB00000F0CCFE0A20FCF769F9E02000F0D2FEBB
:108CC000032000F0C3FE0C20FCF760F9012000F047
:108CD000C9FE0A20FCF75AF9E62000F0C3FE2F2057
:108CE00000F0B4FEFF2000F0B1FEFF2000F0AEFE69
:108CF000B02000F0B7FE202000F0A8FE002000F019
:108D0000A5FE032000F0A2FE40F21F3000F09EFE00
:108D1000012000F09BFE40F2DF1000F097FE0020E3
:108D200000F094FEB42000F09DFE042000F08EFEC2
:108D300040F21F4000F08AFE002000F087FE2E2047
:108D400000F084FE002000F081FE002000F07EFE96
:108D5000002000F07BFE002000F078FEB62000F03E
:108D600081FE022000F072FE4FF4037000F06EFEF0
:108D7000002000F06BFE172000F068FE152000F0C8
:108D800065FE002000F062FE002000F05FFEF02093
:108D900000F068FE032000F059FE292000F062FE7A
:108DA000D02000F05FFE002000F050FEBE2000F05A
:108DB00059FE052000F04AFEFE2000F047FE01208B
:108DC00000F044FE002000F041FE002000F03EFED6
:108DD000002000F03BFEB82000F044FE032000F02D
:108DE00035FE012000F032FEBA2000F03BFEBDE867
:108DF0001040012000F02ABE10B5112000F032FE14
:108E00007820FCF7C3F8362000F02CFE002000F09C
:108E10001DFE3A2000F026FE052000F017FEB220CD
:108E200000F020FE0C2000F011FE0C2000F00EFEE1
:108E3000002000F00BFE332000F008FE332000F08D
:108E400005FEB72000F00EFE352000F0FFFDBB2030
:108E500000F008FE322000F0F9FDC02000F002FE14
:108E60000C2000F0F3FDC22000F0FCFD012000F01A
:108E7000EDFDC32000F0F6FD102000F0E7FDC4205A
:108E800000F0F0FD202000F0E1FDC62000F0EAFD3A
:108E90000F2000F0DBFDD02000F0E4FDA42000F066
:108EA000D5FDA12000F0D2FDE02000F0DBFDD020B8
:108EB00000F0CCFD002000F0C9FD022000F0C6FD4E
:108EC000072000F0C3FD0A2000F0C0FD282000F0BC
:108ED000BDFD322000F0BAFD442000F0B7FD422075
:108EE00000F0B4FD062000F0B1FD0E2000F0AEFD54
:108EF000122000F0ABFD142000F0A8FD172000F0B8
:108F0000A5FDE12000F0AEFDD02000F09FFD002087
:108F100000F09CFD022000F099FD072000F096FD76
:108F20000A2000F093FD282000F090FD312000F091
:108F30008DFD542000F08AFD472000F087FD0E20B3
:108F400000F084FD1C2000F081FD172000F07EFD64
:108F50001B2000F07BFD1E2000F078FD2A2000F091
:108F600081FD002000F072FD002000F06FFD002068
:108F700000F06CFDEF2000F069FD2B2000F072FD89
:108F8000002000F063FD002000F060FD012000F0F3
:108F90005DFD3F2000F05AFDBDE81040292000F0A3
:108FA00061BD10B5112000F05DFD7820FBF7EEFFEC
:108FB000362000F057FD482000F048FD3A2000F030
:108FC00051FD552000F042FDF02000F04BFDC32084
:108FD00000F03CFDF02000F045FD962000F036FD4D
:108FE000B42000F03FFD012000F030FDB62000F07D
:108FF00039FD0A2000F02AFDA22000F027FDB7204D
:1090000000F030FDC62000F021FDB92000F02AFD5F
:10901000022000F01BFDE02000F018FDC02000F051
:1090200021FD802000F012FD162000F00FFDC12070
:1090300000F018FD192000F009FDC22000F012FD1B
:10904000A72000F003FDC52000F00CFD162000F065
:10905000FDFCE82000F006FD402000F0F7FC8A202F
:1090600000F0F4FC002000F0F1FC002000F0EEFC29
:10907000292000F0EBFC192000F0E8FCA52000F00E
:10908000E5FC332000F0E2FCE02000F0EBFCF020F7
:1090900000F0DCFC072000F0D9FC0D2000F0D6FC2D
:1090A000042000F0D3FC052000F0D0FC142000F0D8
:1090B000CDFC362000F0CAFC542000F0C7FC4C2048
:1090C00000F0C4FC382000F0C1FC132000F0BEFC0E
:1090D000142000F0BBFC2E2000F0B8FC342000F07F
:1090E000B5FCE12000F0BEFCF02000F0AFFC102049
:1090F00000F0ACFC142000F0A9FC0E2000F0A6FC4F
:109100000C2000F0A3FC082000F0A0FC352000F0AB
:109110009DFC442000F09AFC4C2000F097FC262097
:1091200000F094FC102000F091FC122000F08EFC66
:109130002C2000F08BFC322000F088FCF02000F0A6
:1091400091FC3C2000F082FCF02000F08BFC6920B8
:1091500000F07CFC7820FBF719FF212000F082FC56
:10916000BDE81040292000F07DBC00002DE9F0434F
:109170008146A2EB09020798521C1F4695B20C4685
:1091800086B24FF0D84811E02146484600F0A4FAD4
:1091900000F074FC0020414604E000BFA1F88060AC
:1091A000401C80B2A842F9D3641CA4B2BC42EBD9E3
:1091B000BDE8F08310B5BF2000F054FC00F064F966
:1091C00000F062F9C0B210BD2DE9F05F3220FBF76C
:1091D000DDFED32000F046FC00F056F9A14CA08043
:1091E00000F052F9A08000F04FF94FF6FF7101EA4C
:1091F0000020A08000F048F9A18849F241360843D8
:10920000A08047F2897545F2103747F2967845F20B
:10921000105949F6060A41F6631BB0427DD004207E
:1092200000F020FC00F030F9A08000F02DF9A080C3
:1092300000F02AF94FF6FF7101EA0020A08000F04B
:1092400023F9A1880843A0F50541A080523965D0D3
:10925000A84262D0D42000F005FC00F015F9A080EF
:1092600000F012F9A08000F00FF94FF6FF7101EA4B
:109270000020A08000F008F9A1880843A080B8422F
:109280007ED0D32000F0EEFB00F0FEF8A08000F0CE
:10929000FBF8A08000F0F8F84FF6FF7101EA00201B
:1092A000A08000F0F1F8A1880843A080404567D075
:1092B00055214FF4704000F0EBFBAA214FF2010062
:1092C00000F0E6FB52214FF2020000F0E1FB082122
:1092D0004FF2030000F0DCFB01214FF2040000F02C
:1092E000D7FB4FF4454000F0BDFB00F0CDF84FF642
:1092F000FF7101EA0020A0804CF2015000F0B2FBA7
:1093000000F0C2F8A1880843A0800520FBF73EFECC
:10931000A188494534D0D32001E02CE02CE000F0B6
:10932000A1FB00F0B1F8A08000F0AEF8A08000F042
:10933000ABF84FF6FF7101EA0020A08000F0A4F81E
:10934000A1880843A08050451AD0A12000F08AFBD4
:1093500000F09AF8A08000F097F84FF6FF7101EA4C
:109360000020A08000F090F8A1880843A0F5AE414D
:10937000A080613902D003E0A58001E0A4F804B028
:10938000A18839A0FBF764F9A088A84202D1FFF7B1
:1093900033FD1FE0B04202D1FDF7C7FA1AE0B84230
:1093A00002D1FDF77AFD15E0404502D1FFF7F9FD46
:1093B00010E0484502D1FEF7EAFC0BE0504502D12F
:1093C000FDF7CAFB06E0584504D1FFF75DFC6420B9
:1093D00000F014FBA1884FF02040A94203D0B14215
:1093E00001D0594510D1D0F81C1121F00F01C0F85F
:1093F0001C11D0F81C1141F00301C0F81C11D0F869
:109400001C1141F440711DE0B94205D0414503D023
:10941000494501D0514517D1D0F81C1121F00F0159
:10942000C0F81C11D0F81C1141F00201C0F81C1149
:10943000D0F81C1121F47061C0F81C11D0F81C1177
:1094400041F40071C0F81C110020FDF71BF9012246
:10945000D1030848F7F7CCFEBDE8F05F4FF6FF7088
:10946000FDF7F8B82C0400204C43442049443A2529
:10947000780D0A00000402400246012000E050433B
:10948000491EC9B2FBD2704708B50220401EFDD26A
:109490004FF0D840B0F88000ADF80000BDF80000F3
:1094A00008BD000070B51B4C2288824202D9628838
:1094B0008A4201D8002070BD00F00EF9A088A0F506
:1094C000AA41103920D02E2000F0CCFAFFF7DCFFA3
:1094D000A188A1F5C852633AEDD0FFF7D5FF054644
:1094E000A088A0F5EE41963911D0FFF7CDFFE9B283
:1094F0004FF6FF7202EA012125EA6212890A42EA66
:10950000411141EAD02070BD4FF43850DCE72846C5
:1095100070BD00002C04002070B55F4C0023214674
:10952000A279898841F66316012A01D01AB10CE0AC
:10953000B14202D109E0B14207D1082805D2DFE8E3
:1095400000F0161812140C19100E082812D2DFE8B9
:1095500000F0110406080A0C0E1080230AE04023D4
:1095600008E0C02306E0202304E0602302E0A023FB
:1095700000E0E023362045F21055A94200D1000258
:10958000A1F51342413A07D0A1F5EE42893A03D042
:10959000A1F5EE42963A01D143F00803194600F0D6
:1095A00077FAA188B1420AD098062088628802D54D
:1095B000904202D303E0904201D92280608060890A
:1095C000A94240D100F04EFA002000F03FFA608935
:1095D000401C80B200F046FA002000F037FA6089A3
:1095E000801C80B200F03EFA2088401EC0F30F209D
:1095F00000F02CFA6089C01C80B200F033FA2078A9
:10960000401EC0B200F022FAA08900F02BFA002020
:1096100000F01CFAA089401C80B200F023FA002060
:1096200000F014FAA089801C80B200F01BFA608858
:10963000401EC0F30F2000F009FAA089C01C80B2C0
:1096400000F010FA21E000F00DFA002000F0FEF921
:10965000002000F0FBF92088401EC0F30F2000F02E
:10966000F5F92078401EC0B200F0F0F9A08900F0B2
:10967000F9F9002000F0EAF9002000F0E7F960882D
:10968000401EC0F30F2000F0E1F9A078BDE8704063
:10969000401EC0B200F0DAB92C04002010B5044618
:1096A000D12000F0DFF9FFF7EFFE400605D4D0200F
:1096B00000F0D8F9682000F0C9F9BE2000F0D2F916
:1096C000062000F0C3F9204600F0C0F9BDE81040C4
:1096D000012000F0BBB90000F0B53B4A0D4604463E
:1096E000060A918810462F0A4089A1F5C853633BAA
:1096F00016D0A1F5AA43103B4CD000F0B3F9304688
:1097000000F0A4F9E0B200F0A1F9908900F0AAF904
:10971000384600F09BF9E8B2BDE8F04000F096B999
:10972000917931B300F09EF9304600F08FF9E0B244
:1097300000F08CF91088401EC0F30F2000F086F96D
:109740001078401E5FFA80F000F080F9908900F0F8
:1097500089F9384600F07AF9E8B200F077F95088D4
:10976000401EC0F30F2000F071F99078401EC0B287
:10977000D2E71188091B491E8CB200F073F9002052
:1097800000F064F9002000F061F9200A00F05EF9B1
:10979000E0B2D9E700F066F9304600F057F9508999
:1097A000401C80B200F05EF9E0B200F04FF9908901
:1097B00000F058F9384600F049F99089401C80B211
:1097C00000F050F9A7E700002C0400202DE9FF4F1E
:1097D0001D460C468B46580700D0012000EBD500F3
:1097E000690810FB01F0203A00F0FF0AD0B20C2DFE
:1097F0000AD0102D0CD0182D0ED0202D46D1244982
:1098000001EB801600203EE000EB4001214806E01D
:10981000214901EB0016F5E700EBC0011F4800EB02
:109820008106EFE716F808704FF00009380601D5F9
:109830000E9A03E00D9828B919480268214600984D
:10984000FDF746F87806070E1648641CA4B2408857
:10985000A0421BD9A4EB0B00A8420AD100985C4699
:10986000401C80B200900F480188009881420DD9B9
:1098700006E009F1010000F0FF09B9F1080FD5D3A6
:1098800008F10100C0B280465045CBD3BDE8FF8F40
:109890009CD80008DCC0000850C5000840CB000878
:1098A000040000202C0400202DE9FF4F83B0002687
:1098B000DDE910BA1D4681463446B0464FEA5B07E3
:1098C00026E0281B401EC1B20A20FFF7D5FD0599EE
:1098D000B1FBF0F00A21B0FBF1F201FB120026B956
:1098E000691E8C4201DA38B101263030C2B207FB62
:1098F000049080B25B4604E007FB049080B25B46B4
:109900002022CDE9008A0499FFF760FF641CE4B2CD
:10991000AC42D6D307B0BDE8F08F2DE9FC4F04462A
:1099200000F0FF0910190D46DDE90BB61FFA80F8AB
:10993000581987B24FF0000A13E0444503D305EBF2
:109940000B004C4685B2BD4210D20D985B46CDE966
:1099500000A029462046FFF739FF04EB5B0084B2E4
:10996000761C3278A2F120005E28E6D9BDE8FC8F93
:109970002DE9FF4F83B08146DDE911BA10984FF011
:1099800000081E4644460BF0010547082EE0301B38
:10999000401EC1B20A20FFF76FFD0599B1FBF0F040
:1099A0000A21B0FBF1F201FB1200B8F1000F05D162
:1099B000711E8C4202DA50B14FF001083030C2B251
:1099C000CDE9005A07FB049080B2109B09E0CDE975
:1099D000005A5FEA0B6007FB0490109B80B20AD527
:1099E00030220499FFF7F2FE641CE4B2B442CED3F5
:1099F00007B0BDE8F08F2022F3E7000010B5024663
:109A0000BE2000F02FF8052000F020F81046F6F7F1
:109A1000B5FC9FED0C1B53EC112BF6F73DFCF6F754
:109A2000BAFC80B200F012F8012000F00FF8FF201D
:109A300000F00CF8002000F009F8BDE8104000200C
:109A400000F004B8666666666666044001B5BDF857
:109A50000000ADF80000BDF800004FF0D841A1F8BB
:109A6000800008BD01B5BDF80000ADF80000BDF8EC
:109A700000004FF0D841A1F87E0008BD03484FF028
:109A8000D8410089A1F87E00704700002C04002016
:109A90004FF0D84222F87E0F51807047C17882780B
:109AA00042EA01214278007842EA012140EA01209D
:109AB000704710B5C17983790A0E43EA0121120279
:109AC00042EA11624379120243EA012142EA116239
:109AD0000379120243EA012142EA1162C3781202B9
:109AE00043EA0121837842EA116243EA0121130229
:109AF00043EA11630A02417800780A43190241EAF5
:109B0000126140EA022010BD4178007840EA01204D
:109B100070470000044B4FF4806108B1012200E05F
:109B200000221846F7F764BB001402402DE9F0410B
:109B300004460068A16B056900F098FD002845D136
:109B4000E16B0878852840D120222846F6F769FB8A
:109B500068784601A6F140002036B0F5007F34D881
:109B600000212046FBF7B3FA04282ED000282DD17F
:109B7000A16B206800F07AFD002827D1E16B0878FE
:109B8000C02822D1202205F12000F6F74AFB95F8E3
:109B900023000F212C30B0FBF1F0B6EB401F14D3A3
:109BA00040274FF4187800212046FBF790FA04284C
:109BB0000BD000280AD1A16B206800F057FD0028C7
:109BC00004D1E16B0878C12802D00220BDE8F08101
:109BD000474503D2E8192022F6F723FB2037B74286
:109BE000E1D3474508D8284602F056FA0446A81C97
:109BF000FFF78AFF8442E8D10020E7E70EB5F7F7C8
:109C00000BFBFAF7A5FAF9F7ADFBF9F71FFBF9F72C
:109C10003BFBF9F765FCF9F7D1FCF9F741FCF9F7E3
:109C200083FCA820FBF7ACF9FFF7CEFAE7484FF426
:109C30007845E8A10560E6488288E948FAF718FD0A
:109C4000FF20FFF72BFDFFF7B5FADFF898830246F8
:109C5000444688F80700E248E3A10C30FAF708FD13
:109C6000A17808F5077030F81100FCF7F3FC20210B
:109C7000E3A0CDE900100B46F022029528210A202E
:109C8000FFF74BFE1821E0A0CDE900100B46F022B3
:109C9000029550210A20FFF740FE1024DDA0CDE9F7
:109CA00000402346F0226E2102950A20FFF735FE80
:109CB000CB481023CDE90040F022822102950A20F2
:109CC000FFF72BFEC64810230C30CDE90040F022F0
:109CD000962102950A20FFF720FED2A0CDE9004090
:109CE0001023C822AA2102950A20FFF716FED1A050
:109CF000CDE900401023C822BE2102950A20FFF7BB
:109D00000CFED1A0CDE900401023C822D22102953B
:109D10000A20FFF702FE00F0A5FD00F0FFFD074658
:109D20000146CDA0FAF794FCD04AD1A1D148FAF768
:109D30009FFC4FF4FA764FF6FF7A0BE0CEA0FAF7CD
:109D400087FC3046F6F79DFED1A0FAF781FC30463D
:109D5000F6F797FE002FF1D05745EFD001F06AF8E3
:109D6000002000F09DFC022000F09AFC012000F091
:109D700097FCCB484168542088470122C949CA480A
:109D8000F9F7F2F94FF4A577DFF820B31EE0C8A089
:109D9000CDE900401023C822394602951E20FFF766
:109DA000BCFD3046FBF7F2F8C5A0CDE9004010231A
:109DB000C822394602951E20FFF7AFFD3046FBF75B
:109DC000E5F84FF480615846F7F70AFA00F094FF7F
:109DD0000028DCD1FBF742FBDFF8F4920122BDA1A1
:109DE000D9F80000FCF788F988F8030001464646D8
:109DF000B9A0FAF72DFCF07848B9BCA0CDE9004035
:109E00001023C822394602951E20FFF786FDF07800
:109E10004FF400780D2822D1BBA0FAF719FCBEA0A0
:109E2000CDE900401023C822394602951E20FFF7D5
:109E300074FD002243461146A6A0FBF7B5FBF07067
:109E4000E8B1BBA0CDE900401023C82239460295F5
:109E50001E20FFF762FD4FF47A70FBF797F801229E
:109E6000B9A1D9F80400FCF747F9F0700146B7A092
:109E7000FAF7EEFBF0784FF4AF7728B10EE0B9A017
:109E8000FCF760F9BBA0DDE7C0A0CDE900401023DE
:109E9000C822394602951E20FFF73FFDF0784FF4A7
:109EA000B9790D2822D1C0A0FAF7D2FBC3A0CDE921
:109EB00000401023C822394602951E20FFF72DFDD1
:109EC000002243461146A0A0FBF76EFBF070B0B332
:109ED000C1A0CDE900401023C822394602951E20BA
:109EE000FFF71BFD4FF47A70FBF750F85F463D4AD1
:109EF00078A01832111FFBF799FA30B34FF478406D
:109F0000BCA10094CDE901101023C8224D4649465A
:109F10001E20FFF702FDC820FBF738F8A623F02229
:109F200029461E20CDF800A0FFF720F9C820FBF736
:109F30002DF84FF480613846F7F752F9D7E7FFE77D
:109F4000B2A0FCF7FFF8B6A0C3E7BCA0CDE9004083
:109F50001F251023C822494602951E20FFF7DDFC6D
:109F6000B9A0CDE900404FF4C3791023C822494677
:109F700002951E20FFF7D1FCB9A0CDE900404FF4B7
:109F8000CD7A1023C822514602951E20FFF7C5FC4A
:109F9000CDE9004570690523820A49468E20FFF706
:109FA00083FCCDE90045B0690523820A51468E2025
:109FB000FFF77AFC44464FF4967521463846F7F78A
:109FC0000FF92846F6F75DFDF7E7000000000020D6
:109FD0002C0400204C43442049443A253034580096
:109FE00064BF01203400002063757272656E7420B6
:109FF0006272696768746E6573733A253375000021
:10A0000053544D33320000005446544C43442054C2
:10A010004553540041544F4D40414C49454E5445E1
:10A020004B0000004B4559303A546573742053443B
:10A03000210000004B4559313A54657374206E6F0E
:10A0400072666C61736821004B4559323A546573EE
:10A0500074205352414D21006E6F72666C617368BB
:10A060002069642069732025640A000080F00008DC
:10A070002573000040BD0120464C415348204368F1
:10A0800065636B204661696C6564210A000000000D
:10A09000506C6561736520436865636B21200A001D
:10A0A000200300207002002070C201200014024032
:10A0B00053442043617264204572726F7221000024
:10A0C000506C6561736520436865636B21200000F7
:10A0D00020040020303A0000665F6D6F756E7420BA
:10A0E0007364207265733A25750A00005344204456
:10A0F00069736B204D6F756E742053756363657360
:10A10000736564210000000073642066732065722B
:10A11000726F72210A0000005344204469736B205F
:10A12000466F726D617474696E672E2E2E0000008A
:10A130005344204469736B20466F726D61742045EF
:10A1400072726F7220000000313A0000665F6D6F1E
:10A15000756E7420666C617368207265733A25753C
:10A160000A000000303A414C49454E54454B5F537C
:10A17000440000005344204469736B20466F726DA5
:10A1800061742046696E697368000000466C6173F3
:10A1900068204469736B204D6F756E74205375632E
:10A1A0006365737365642100666C61736820667310
:10A1B000206572726F72210A00000000466C6173A4
:10A1C00068204469736B20466F726D617474696EA8
:10A1D000672E2E2E00000000466C617368204469D3
:10A1E000736B20466F726D6174204572726F7220BE
:10A1F000000000005344204361726420466174668D
:10A2000073204572726F722100000000313A414C98
:10A2100049454E54454B5F464C41534800000000B1
:10A22000466C617368204469736B20466F726D6180
:10A23000742046696E697368000000004641544608
:10A2400053204F4B21000000534420546F74616C25
:10A250002053697A653A20202020204D42000000DA
:10A26000534420467265652053697A653A20202060
:10A270002020204D4200000010B5064C002021682F
:10A2800000F092FAD4F87811BDE81040002000F0F8
:10A290008BBA000080C3012010B54FF41671002066
:10A2A00000F0B0FA084C4FF400712060002000F07C
:10A2B000A9FAC4F87801216811B108B1002010BDD5
:10A2C000FFF7DAFF012010BD80C301202DE9FF4711
:10A2D000002617460D460E60FCF794F9002803DAB5
:10A2E0000B2004B0BDE8F087DB4951F8204094B161
:10A2F0002C60207807F0FE0520B16078FBF76BF842
:10A30000C1070AD02670B0466078FAF7FFFFC10790
:10A3100008D00320E5E70C20E3E70DB1400704D4A3
:10A320000020DEE71DB1400701D50A20D9E7002152
:10A330002046FAF745FC02281BD100264FEA0D05FE
:10A3400004EB061000F20220FFF7A8FB45F82600F8
:10A35000761C042EF4D3002655F8261029B1204689
:10A36000FAF72EFC022801D203E00320761C042E0B
:10A37000F2D304287DD002287CD2A56B4FF400765E
:10A380004FF0FF3A01280CD004F14700FFF7BCFB67
:10A39000B0426FD104F15200FFF7B6FB00286AD03B
:10A3A000A8E00B2002E0401C402806D2211891F8BA
:10A3B0003C100029F7D040285CD304F1A400FFF73B
:10A3C000A3FBB0F5807FE4D194F8A800012707FA39
:10A3D00000F0B042DDD104F18400FFF76AFBC14612
:10A3E00010EB050841EB0906012E43D204F1900061
:10A3F000FFF754FB206294F8AA00E070012839D1DD
:10A4000094F8A90087403804000C608132D004F130
:10A410009800FFF743FB9149074688422AD8B81CA9
:10A420006562E06104F19400FFF738FB2844206383
:10A4300004F18C00FFF732FB2844A0626189226B93
:10A440007943521849EB0900B8EB0201864111D358
:10A4500004F19C00FFF722FB00252E46E062608994
:10A46000B04207D92046E16AFAF724FC8119204658
:10A4700002E026E033E039E000F0F8F808BB761C93
:10A48000601990F83C00812804D02035ED05ED0DD1
:10A49000F6D1E4E760195030FFF700FB05460228CB
:10A4A0001DD3E069A8421AD96289216BA81E02FB5C
:10A4B00000106063A06A00EBD511204600F0D6F8CA
:10A4C00008B101200DE705F07F0004EB80003C306F
:10A4D000FFF7E4FA411C03D06D1C8542EAD069E025
:10A4E000C4F818A00426C4F814A0ADE004F160007C
:10A4F000FFF7D4FA206294F84C70E770012F01D076
:10A50000022F57D1474394F849006081B0B3411EF0
:10A5100008424FD104F14D00FFF7F6FA2081000701
:10A5200048D104F14F00FFF7EFFA060004D104F11F
:10A530005C00FFF7B3FA064604F14A00FFF7E4FABD
:10A54000010037D02389C81900EB1312964231D38A
:10A55000B01A6689B0FBF6F080B1DFF804C10026BE
:10A56000604500D803264FF6F57C604500D80226EA
:10A5700040F6F57C604502D8012601E01AE0CEB134
:10A58000801C2A4422632944E061C4E90951032E56
:10A5900012D07BB13944E162022E1ED000F00101DD
:10A5A00000EB400001EB5000216A00F2FF10B1EB1C
:10A5B000502F14D20D2094E604F16600FFF7A4FAA0
:10A5C0000028F7D120890028F4D104F16800FFF7B2
:10A5D00065FAE062E0698000E6E74000E4E7C4F87D
:10A5E00018A08020C4F814A06071032E2CD104F1AF
:10A5F0006C00FFF789FA012826D1691C204600F07B
:10A6000035F808BB84F8058004F23A20FFF77CFA9D
:10A61000A0F52A41553917D104F13C00FFF73EFA65
:10A620001049884210D104F50870FFF737FA0E4937
:10A63000884209D104F50970FFF730FAA06104F5EA
:10A640000A70FFF72BFA606103492670091F08881A
:10A65000401C0880E08063E618040020FDFFFF7FB7
:10A66000F5FFFF0F525261417272416170B50446AD
:10A67000806B0D460026A8420FD0204600F00CFD4E
:10A6800006000AD1607801232A4604F13C01FAF75A
:10A6900079FE08B1751E0126A563304670BD000025
:10A6A00030B504460748084D002150F82400420008
:10A6B00005EB8400406900F06FF80120291981F84A
:10A6C000200030BD5CF00008100000202DE9F041B2
:10A6D000204E0446002530190F4690F8200010B98E
:10A6E0003168204688474FF0FF3277B31A4B53F852
:10A6F0002410B7FBF1F0B7FBF1FC01FB1C7101B1B9
:10A70000401C15490C3951F82410491E20D406EB81
:10A710008406776937F811C0BCF1000F05D0002519
:10A72000854213D1002285B208E06D1CF8E700BF16
:10A73000776901EB020C521C27F81C508242F7D3B8
:10A7400053F824004843BDE8F08101E0491EE1D5FB
:10A750001046F8E71000002068F0000810B50C4B18
:10A760000C4C002253F82030114604EB800005E029
:10A77000446934F8114004B1521C491C8B42F7D88B
:10A780004FF47A704243B2FBF3F080B210BD000088
:10A790005CF000081000002002E000BF00F8011B80
:10A7A000521EFBD270470000F0B4002923D0134B97
:10A7B00003EB80029468091B1C1894F8204084B1B4
:10A7C0000F4B53F820308B4215D90D4B0C3B53F8EF
:10A7D0002000B1FBF0F1506930F811300020044640
:10A7E00007E01968F0BC084755690E18401C25F8A9
:10A7F00016409842F8DBF0BC7047000010000020C3
:10A8000074F0000810B50446FFF760FF411C05D046
:10A81000034901EB84018968084410BD002010BD84
:10A820001000002070B5040300F032F900F0DAF8EF
:10A830000B4E4FF48045002229463046F6F7D8FCEF
:10A84000202000F0CDFA204600F0B2F8012229467F
:10A850003046F6F7CDFCBDE8704000F0C3B800000C
:10A860000004024070B50122164E95032946304679
:10A87000F6F7BEFC012000F0C3FA00F04FF81249D1
:10A880000880A0F56F4118391BD1032000F06CF847
:10A890000446C00715D100F0FBF844F00201032084
:10A8A00000F04CF9002229463046F6F7A1FCB7200B
:10A8B00000F096FA29463046BDE870400122F6F7CE
:10A8C00097BC70BD00040240080000202DE9F04153
:10A8D000DFF8448015460C4606464FF480470022B8
:10A8E00039464046F6F784FC032000F079FA20460A
:10A8F00000F05EF8002405E0FF2000F071FA30550A
:10A90000641CA4B2AC42F7D339464046BDE8F041DE
:10A910000122F6F76DBC00000004024070B5114E34
:10A920004FF48045002229463046F6F761FC90201E
:10A9300000F056FA002000F053FA002000F050FA20
:10A94000002000F04DFAFF2000F04AFA0402FF2038
:10A9500000F046FA0443012229463046F6F748FC47
:10A96000204670BD0004024070B5012803D00228C3
:10A9700003D0032803D0052402E0352400E0152489
:10A980000A4E4FF48045002229463046F6F730FC47
:10A99000204600F025FAFF2000F022FA04460122AA
:10A9A00029463046F6F724FC204670BD00040240DC
:10A9B00010B504460A480088A0F56F41183902D145
:10A9C000200E00F00DFAC4F3074000F009FAC4F3BA
:10A9D000072000F005FAE0B2BDE8104000F000BA30
:10A9E0000800002010B50120FFF7BEFFC007FAD114
:10A9F00010BD00002DE9F05FC1F30B06DFF88C807D
:10AA00000F0BC6F58054894682461546A24200D8EF
:10AA1000144639038B464FF480524046FFF756FFE9
:10AA2000002006E0321818F80210FF2903D1401C5C
:10AA300080B2A042F6D3A04222D23846FFF7F2FEFF
:10AA4000002006E01AF800208319401C08F80320B3
:10AA500080B2A042F6D359464FF480524FEA080024
:10AA600000F02CF8A5420FD0281BA244A1440026D8
:10AA700085B24FF480547F1CA542CAD82C46C8E743
:10AA8000224649465046EBE7BDE8F09F3A040020D5
:10AA900070B5094D4FF48044002221462846F6F750
:10AAA000A7FB062000F09CF921462846BDE870402F
:10AAB0000122F6F79DBB0000000402402DE9F05F83
:10AAC0008046C8B2C0F580740E461546A24200D832
:10AAD0001446DFF864A04FF480494FF4807B00BF38
:10AAE000FFF7D6FF002249465046F6F781FB0220C9
:10AAF00000F076F93046FFF75BFF002706E000BF65
:10AB000018F8070000F06CF97F1CBFB2A742F7D31A
:10AB1000012249465046F6F76BFBFFF763FFA5425B
:10AB200008D0281BA044264485B25C46A542D7D84D
:10AB30002C46D5E7BDE8F09F000402402DE9F04126
:10AB40000E46012803D0022803D0032803D0012495
:10AB500002E0312400E011240A4F4FF48045002226
:10AB600029463846F6F744FB204600F039F93046CE
:10AB700000F036F929463846BDE8F0410122F6F7E3
:10AB800037BB0000000402402DE9F04781460E4625
:10AB900001F11A00FEF7B8FF30BB3078012420F035
:10ABA0004000401E00EB8001DFF84C8001EBC00547
:10ABB00000274FF6FF7A00BF18F807003044FEF771
:10ABC000A3FF34B1FF2D0FD829F8150004466D1CE2
:10ABD00001E0504508D17F1C0D2FEDD330784006A1
:10ABE00008D53CB1FF2D02D90020BDE8F087002137
:10ABF00029F815100120F8E7B0F000082DE9F0471A
:10AC0000022617460D46044602296FD3E069A84282
:10AC10006CD920784FF00109012806D0022838D0DD
:10AC2000032846D0042861D143E0A16A05EB55080A
:10AC300001EB58212046FFF719FD060056D1C8F355
:10AC4000080020443C3008F10108E90704D00178ED
:10AC5000FAB262F31F1100E03946017084F80490E3
:10AC6000A16A204601EB5821FFF700FD06003DD107
:10AC7000C8F3080020443C30E90702D0C7F30711AD
:10AC800005E00178C7F3032201F0F00111430170E0
:10AC90002AE0A06A00EB15212046FFF7E7FC06003A
:10ACA00024D1E8B204EB4000B9B23C3000F0A1F985
:10ACB0001AE0A06A00EBD5112046FFF7D7FC06008A
:10ACC00014D140F2FF1000EA8500217805193C35C7
:10ACD000042905D02846FEF7E1FE67F31B0007466E
:10ACE0002846394600F058F984F804903046BDE80B
:10ACF000F0870068704700000E4910B50020886397
:10AD00000846F7F745F820B10BA0F9F7A1FC0120A0
:10AD100010BD0E490748F6F70FFF4FF400610548D4
:10AD2000F6F7B0FD0028F3D009A0F9F791FC022056
:10AD300010BD00008CC0012048414C5F53445F4966
:10AD40006E6974206572726F72210A00CCBF012097
:10AD500048414C5F53445F436F6E6669675769644F
:10AD6000654275734F7065726174696F6E206572AC
:10AD7000726F72210A00000038B50A4C72B6134691
:10AD80000A46014608480094F7F7F6F8054602E03F
:10AD9000641E00D20125FBF751FC0028F8D162B6F1
:10ADA000284638BD00E1F5058CC0012038B50A4CB5
:10ADB00072B613460A46014608480094F7F766FA49
:10ADC000054602E0641E00D20125FBF737FC00288F
:10ADD000F8D162B6284638BD00E1F5058CC00120E7
:10ADE00001B582B04FF47A700090012301AA02A944
:10ADF0000248F7F743FC9DF804000EBDD0C10120C6
:10AE00000B4910B50A68136823F0400313600A6801
:10AE100013684FF6C774234013600A68136843EA47
:10AE2000C00010600868016841F04001016010BD79
:10AE3000D0C101202DE9F04350488DB000240168B5
:10AE400041F040010160016801F040010C9101688E
:10AE500041F008010160016801F008010C910168EE
:10AE600041F008010160016801F008010C914349BB
:10AE700008310A6842F001020A60096801F0010124
:10AE80000C91016841F008010160016801F00801BE
:10AE90000C91016841F010010160016801F010019E
:10AEA0000C91016841F020010160016801F020016E
:10AEB0000C91016841F0400101600068022500F03A
:10AEC00040000C904FF4806001278DE8A1000C2019
:10AED000CDE90350DFF8A89069464846F6F78AF8AE
:10AEE0002020DFF8A080009069464046F6F782F8FF
:10AEF0001026694640460096F6F77CF84FF6037038
:10AF00008DE8A100694640460395F6F773F84FF6C1
:10AF10008370009069461C48F6F76CF84FF23F00CA
:10AF2000009069461948F6F765F83F200090694699
:10AF30004846F6F75FF816484FF0204105AA016031
:10AF4000144941600421C0E90214C0E90446846147
:10AF50008902C461C0E90941C46204634463846333
:10AF60000820CDE9064005950894114608480B9441
:10AF7000F7F775FC0DB0BDE8F083000030380240F3
:10AF800000180240000C0240001002400014024071
:10AF9000ECBF0120040100A00170090A4170090AF8
:10AFA0008170090AC170704710B5110A027041EA38
:10AFB000036141701A0A090A41EA02618170120AAA
:10AFC000090A41EA0261C170120A090A41EA0261F2
:10AFD0000171120A090A41EA02614171120A090A61
:10AFE00041EA0261120A8171090A41EA0261C171F2
:10AFF00010BD0170090A41707047014600200B2204
:10B00000430803EBC01011F8013B521E1844C0B2B4
:10B01000F6D1704770B5044600F03EF8050035D112
:10B02000207803282BD16079012828D1410204F12E
:10B030003C000646F5F70EF94AF6552104F23A208F
:10B04000FFF7D7FF12493046FFF7A6FF114904F575
:10B050000870FFF7A1FF04F50970A169FFF79CFFD5
:10B0600004F50A706169FFF797FF626A0123521CB9
:10B07000A26360783146FAF7B0F9002060710022CF
:10B0800060781146FAF750F900B10125284670BDE5
:10B09000525261417272416170B5044600790025D7
:10B0A00048B104F13C01607801230E46A26BFAF727
:10B0B00094F910B10125284670BD00202071A16BC4
:10B0C000A06A0A1A206A8242F5D2E278022AF2D1F4
:10B0D0000A18607801233146FAF77FF9EBE72DE98A
:10B0E000F0410568064615F8014B2046F9F73FFF89
:10B0F0004FF0FF3760B115F8010B402814D37E28BC
:10B1000003D9A0F180017E290ED800EB042084B27F
:10B1100034B14FF46A712046FBF7DEF8040003D027
:10B1200020463560BDE8F0813846FBE770B596B043
:10B13000054614AB01AA03A900F0DEF9002824D1CA
:10B140008DF84C001D4C042615E000BF216806EB6D
:10B15000C00014AB08586A460BA900F0CDF90028CE
:10B1600013D103A90BA800F0E2FB80B19DF84C00BD
:10B17000401C8DF84C00217DC0B28142E6D8207D74
:10B180009DF84C1088420ED1042016B070BD9DF879
:10B1900000009DF80410884201D90220F5E79DF8CF
:10B1A0004C00A075EBE713A9284600F05DFA0028D3
:10B1B000EBD19DF84C0060750020E6E720030020ED
:10B1C0002DE9F0417F4C9AB0A57D207DA8427DD924
:10B1D0000421206801EBC50119AB405810AA11A940
:10B1E00000F08AF911A978A0F9F732FA00270DF1D9
:10B1F000180833E0208B0121B940084217D02221E2
:10B2000073A0F9F725FA384600F0A8FA011971A0E1
:10B210002431F9F71DFA22216DA0F9F719FA384601
:10B2200000F09CFA2044243048F827000CE038460F
:10B2300000F094FA2044416A48F82710E07D08B3F2
:10B2400065A000BFF9F704FA9DF84000401E874250
:10B2500002D063A0F9F7FCF97F1CFFB29DF8400013
:10B260008742C7D35FA0F9F7F3F900F0FFFE607DD6
:10B270000B2814D2DFE800F0080D31384048525E48
:10B280006B78880058A0DDE7206850F835008047CB
:10B2900004E0206850F8351006988847064600F00C
:10B2A000A5FE9DF8640001287DD050A0F9F7D0F9E3
:10B2B00094F8EC0000280DD0D4F8F0100A20B1FB6F
:10B2C000F0F200FB1212B1FBF0F100E002E048A046
:10B2D000F9F7BEF91AB0BDE8F081206850F83520C2
:10B2E000DDE906019047D9E7206806AE50F8353011
:10B2F00096E807009847D1E7206806AE50F8355029
:10B3000096E80F00A847C9E70A980090206806AEA3
:10B3100050F8355096E80F00A847BFE7DDE90A016D
:10B32000CDE90001206806AE50F8355096E80F00D0
:10B33000A847B3E70AAB06AE93E807008DE807001D
:10B34000206850F8355096E80F00A847A6E70AAEE7
:10B3500096E80F008DE80F00206806AE50F83550D3
:10B3600096E80F00A84799E70BAE96E80F0001AEEC
:10B3700086E80F000A980090206806AE50F8355015
:10B3800096E80F00A84789E70CAE96E80F0002AEDA
:10B3900086E80F00DDE90A01CDE90001206806AE6C
:10B3A00050F8355000E003E096E80F00A84775E735
:10B3B000E07D314618B116A0F9F74AF978E717A0F1
:10B3C000FAE70000200300200D0A25732800000082
:10B3D0002563000025730000305825580000000048
:10B3E0002C00000029000000256C64003B0D0A00C1
:10B3F00046756E6374696F6E2052756E2054696D68
:10B40000653A25642E2531646D730D0A0000000035
:10B410003D305825583B0D0A000000003D256C7555
:10B420003B0D0A00F0B504460020074606460546D7
:10B4300023782C2B03D0292B04D01BB103E015B9A2
:10B44000012700E015B31EB1222B2BD0F7B92FE056
:10B45000A3F1300CBCF1090F19D92D2B17D02B2BD0
:10B4600015D0A3F1610CBCF1050F10D9A3F1410C6B
:10B47000BCF1050F0BD9582B09D0782B07D0222B04
:10B480000CD0202B1DD02C2B1BD0FF260CE05FB93D
:10B49000612B00D3203B01F8013B12E027B90126C4
:10B4A00035460EE0002567B100230B701670F0BD25
:10B4B0003DB15C2B02D1401CC0B2641C237801F862
:10B4C000013B401CC0B2641CB2E730B500251570CA
:10B4D0000AE001F8014B1478401C641CE4B21470BB
:10B4E0009C4201D3012030BD0478202C01D0002CD7
:10B4F000EFD10D70002030BD2DE9FF4F002582B047
:10B50000984604462F462E464FF0010BAA462A467F
:10B51000A94615E0202910D002F07F03052B0CD29C
:10B5200002B9802202F07F03042B01D12A290AD11B
:10B53000521C0DF80310D2B201E0852A04D0401C41
:10B5400001780029E6D162B102F07F0244A10DF832
:10B550000290684600F0EBF938B1012188F800103C
:10B5600000224FF00008234614E088F80090F7E727
:10B5700008F1010000F0FF0813F8010F202801D0A6
:10B580002A2807D1184600F05FF9282802D02A2877
:10B5900000D047461878282801D00028E8D10FB1FC
:10B5A0003C44641C00273946207888B1282804D000
:10B5B000292806D022280FD010E079B96D1CEDB2F1
:10B5C0000CE059B925B16D1E15F0FF0501D00CE056
:10B5D0000127012E32D039E049B100214DB12C288C
:10B5E0000FD020281FD028281DD07AB117E00121C4
:10B5F000F4E7202820D0039B18700398401C039088
:10B600001AE0521C4FF0010BD2B20CE0BAF1050F58
:10B6100005D20DF80A000AF1010000F0FF0A0BF153
:10B62000010000F0FF0B012D06D1BBF1020F03D189
:10B63000761C4FF0030BF6B2641CB5E70DF80A90C8
:10B6400007A1684600F073F900B900260498067057
:10B65000039880F8009006B03846BDE8F08F0000EF
:10B66000766F6964000000002DE9F04300248946EC
:10B67000314DB5B0214622466B18491CC9B29A76A5
:10B680000A29F9D303E000BF10F8011F91B1017836
:10B690002829F9D1461C012733AA69463046FFF70D
:10B6A000C1FE06449DF8CC0040B1012824D0FF28FB
:10B6B00039D10BE0012035B0BDE8F0839DF80000E2
:10B6C00080B334A9684600F0C7F808B10220F2E759
:10B6D000204600F043F8284434994162288B07FA49
:10B6E00004F188432883042029198876641CE4B275
:10B6F0000A2C18D90320DEE7684600F02DF900F186
:10B700000108204600F02AF841196846243100F06B
:10B710001AF9288B07FA04F108432919288381F8BC
:10B720001A80E3E7FFE73078292801D00028B3D159
:10B7300089F800400020BEE72003002005490020D2
:10B740000A88130405D5044BD0B200221A541846B7
:10B750000A80704772020020B4C20120024610B570
:10B7600000200146054B05E05C18491CA47EC9B2C7
:10B770002044C0B29142F7D310BD00002003002046
:10B7800000EBC00101EB00104FF0FF3101EB800036
:10B7900010B581B24FF47A7000F040FC01490120ED
:10B7A000C87510BD200300200246012000E0504370
:10B7B000491EC9B2FBD2704770B5FFF7BFFF050045
:10B7C00022D0124EB1688847040013D0284600F0FA
:10B7D000CDF8012801D0040016D0012C0ED0022C87
:10B7E0000ED0032C0ED0042C0ED109A0BDE8704061
:10B7F000F8F72EBFF068BDE87040004709A0F5E7F4
:10B800000BA0F3E70DA0F1E770BD000020030020BE
:10B81000CEB4D5D2B5BDC6A5C5E4B5C4BAAFCAFDD0
:10B82000210D0A00BAAFCAFDB4EDCEF3210D0A0016
:10B83000B2CECAFDB4EDCEF3210D0A00B2CECAFDE0
:10B84000CCABB6E0210D0A0010F8011F202901D170
:10B850000028F9D1C8B270472DE9F0430D46002405
:10B860004FF00A09264601462C600A78A2F13003FF
:10B87000092B14D903782D2B01D02B2B00D174B1B7
:10B88000A2F14103052B0AD9582A05D012F0FF0F67
:10B8900017D00120BDE8F083012C02D0F9E7412A3E
:10B8A00001D34FF0100902782D2A04D02B2A04D09E
:10B8B000641CE4B203E0022600E00126401C491C9F
:10B8C000D3E70746B9F1100F01D084B112E0032C81
:10B8D00001D20220DEE73878302802D17878582863
:10B8E00001D00320D6E7A41EE4B2BF1C01E004206F
:10B8F000D0E70CB1641EE4B23878A0F13001092918
:10B9000001D8884601E0A0F1370821464846FFF7F4
:10B910004BFF2A6808FB0020286017F8011F002948
:10B92000E7D1022E01D1404228600020B2E7027820
:10B930000B789A4201D00120704712B1401C491C7B
:10B94000F5E70020704702780A700278002A02D0DA
:10B95000401C491CF7E77047002102781AB1491CC6
:10B96000C9B2401CF9E7084670470000F0B58DB039
:10B9700004461E236A4602A9FFF7A7FD019000288E
:10B9800072D19DF80000271800263E4C8DF800600B
:10B990009DF8000054F8201002A8FFF7C8FF38B146
:10B9A0009DF80000401CC0B28DF800000728EFD3BE
:10B9B0009DF800000425344C072855D2DFE800F03C
:10B9C0000404395A605F5E0030A0F8F741FE30A0F1
:10B9D000F8F73EFE3EA0F8F73BFE4DA0F8F738FE24
:10B9E0005BA0F8F735FE6AA0F8F732FE78A0F8F70A
:10B9F0002FFE86A0F8F72CFE8BA0F8F729FE93A067
:10BA0000F8F726FE97A0F8F723FE9CA0F8F720FE93
:10BA1000A1A0F8F71DFEA7A0F8F71AFEB3A0F8F74B
:10BA200017FEC0A0F8F714FECBA0F8F711FED7A0C0
:10BA30001BE016A0F8F70CFEE4A0F8F709FE8DF85D
:10BA400000600BE0216805EBC0000958EFA0F8F793
:10BA5000FFFD9DF80000401C8DF80000217D9DF841
:10BA600000008142EED856E257E2F8F7F1FD0020DF
:10BA70000DB0F0BD05A0F8F7EBFDCBE12CE20CE238
:10BA8000EBE1000084020020200300200D0A0000EA
:10BA90002D2D2D2D2D2D2D2D2D2D2D2D2D2D2D2DD6
:10BAA0002D2D2D2D2D2D2D2D55534D4152542056DC
:10BAB000332E352D2D2D2D2D2D2D2D2D2D2D2D2DA7
:10BAC0002D2D2D2D2D2D2D2D2D2D2D200D0A000050
:10BAD0002020202055534D415254CAC7D3C9414C50
:10BAE00049454E54454BBFAAB7A2B5C4D2BBB8F620
:10BAF000C1E9C7C9B5C4B4AEBFDAB5F7CAD4BBA5EE
:10BB0000BDBBD7E9BCFE2CCDA8B9FD200D0A0000B5
:10BB1000CBFC2CC4E3BFC9D2D4CDA8B9FDB4AEBF11
:10BB2000DAD6FACAD6B5F7D3C3B3CCD0F2C0EFC3D6
:10BB3000E6B5C4C8CEBACEBAAFCAFD2CB2A2D6B44E
:10BB4000D0D02ED2F2B4CB2CC4E3BFC90D0A000072
:10BB5000D2D4CBE6D2E2B8FCB8C4BAAFCAFDB5C401
:10BB6000CAE4C8EBB2CECAFD28D6A7B3D6CAFDD761
:10BB7000D62831302F3136BDF8D6C62CD6A7B3D64D
:10BB8000B8BACAFD29A1A2D7D6B7FBB4AE0D0A0038
:10BB9000A1A2BAAFCAFDC8EBBFDAB5D8D6B7B5C84F
:10BBA000D7F7CEAAB2CECAFD292CB5A5B8F6BAAF42
:10BBB000CAFDD7EEB6E0D6A7B3D63130B8F6CAE4A0
:10BBC000C8EBB2CECAFD2CB2A2D6A7B3D60D0A00DE
:10BBD000BAAFCAFDB7B5BBD8D6B5CFD4CABE2ED67C
:10BBE000A7B3D6B2CECAFDCFD4CABEBDF8D6C6C999
:10BBF000E8D6C3B9A6C4DC2CD6A7B3D6BDF8D6C642
:10BC0000D7AABBBBB9A6C4DC2E0D0A00BCBCCAF5C2
:10BC1000D6A7B3D63A7777772E6F70656E65647660
:10BC20002E636F6D0D0A000055534D415254D3D011
:10BC300037B8F6CFB5CDB3C3FCC1EE28B1D8D0EB41
:10BC4000D0A1D0B4293A0D0A000000003F3A2020CC
:10BC500020202020BBF1C8A1B0EFD6FAD0C5CFA2DA
:10BC60000D0A000068656C703A202020BBF1C8A165
:10BC7000B0EFD6FAD0C5CFA20D0A00006C6973747C
:10BC80003A202020BFC9D3C3B5C4BAAFCAFDC1D0C2
:10BC9000B1ED0D0A0A00000069643A20202020203E
:10BCA000BFC9D3C3BAAFCAFDB5C44944C1D0B1ED11
:10BCB0000D0A0A006865783A20202020B2CECAFD1D
:10BCC0003136BDF8D6C6CFD4CABE2CBAF3B8FABF47
:10BCD000D5B8F12BCAFDD7D6BCB4D6B4D0D0BDF8F8
:10BCE000D6C6D7AABBBB0D0A0A0000006465633A3A
:10BCF00020202020B2CECAFD3130BDF8D6C6CFD428
:10BD0000CABE2CBAF3B8FABFD5B8F12BCAFDD7D644
:10BD1000BCB4D6B4D0D0BDF8D6C6D7AABBBB0D0A2A
:10BD20000A00000072756E74696D653A312CBFAA05
:10BD3000C6F4BAAFCAFDD4CBD0D0BCC6CAB13B3072
:10BD40002CB9D8B1D5BAAFCAFDD4CBD0D0BCC6CAF5
:10BD5000B13B0D0A0A000000C7EBB0B4D5D5B3CC97
:10BD6000D0F2B1E0D0B4B8F1CABDCAE4C8EBBAAF02
:10BD7000CAFDC3FBBCB0B2CECAFDB2A2D2D4BBD8FE
:10BD8000B3B5BCFCBDE1CAF82E0D0A002D2D2D2D3A
:10BD90002D2D2D2D2D2D2D2D2D2D2D2D2D2D2D2DD3
:10BDA0002D2D2D2D2D2DD5FDB5E3D4ADD7D32D2D96
:10BDB0002D2D2D2D2D2D2D2D2D2D2D2D2D2D2D2DB3
:10BDC0002D2D2D2D2D2D2D200D0A00002D2D2D2D4D
:10BDD0002D2D2D2D2D2D2D2D2D2D2D2D2D2D2D2D93
:10BDE0002D2D2D2D2DBAAFCAFDC7E5B5A52D2D2DB5
:10BDF0002D2D2D2D2D2D2D2D2D2D2D2D2D2D2D2D73
:10BE00002D2D2D2D2D2D2D2D200D0A0025730D0AE4
:10BE10000000000042A0F8F71BFC8DF8006016E05F
:10BE2000216805EBC0000BAB08580AAA02A9FFF76E
:10BE300063FB9DF80010206850F8312002A948A04B
:10BE4000F8F706FC9DF80000401C8DF80000217DED
:10BE50009DF800008142E3D85DE0AFF2D030F8F702
:10BE6000F7FB6A4602A93846FFF7DCFA9DF80000A6
:10BE7000002843D101A902A8FFF7EEFC8DF80000CD
:10BE800010B104283AD102E03AA001991CE03CA08C
:10BE9000F8F7DEFB0120E0753DE038A0F8F7D8FBAD
:10BEA0006A4602A93846FFF7BDFA9DF8000028BB94
:10BEB00001A902A8FFF7D0FC8DF8000010B10428FA
:10BEC0001CD104E033A00199F8F7C2FB23E034A0B1
:10BED000F8F7BEFBE6751EE028A0F8F7B9FB6A4646
:10BEE00002A93846FFF79EFA9DF8000030B901A973
:10BEF00002A8FFF7B1FC8DF8000008B10220B7E5F9
:10BF0000019810F0FF0084F8EC0001D029A000E0B7
:10BF10002FA0F8F79DFB19A0A7E50120A8E50000D8
:10BF20002D2D2D2D2D2D2D2D2D2D2D2D2D2D2D2D41
:10BF30002D2D2D2D2D2D2D2D2DBAAFCAFD2049448F
:10BF4000202D2D2D2D2D2D2D2D2D2D2D2D2D2D2D2E
:10BF50002D2D2D2D2D2D2D2D2D2D2D2D200D0A008E
:10BF600025732069642069733A0D0A3058253038EA
:10BF7000580D0A004845583A305825580D0A000017
:10BF80003136BDF8D6C6B2CECAFDCFD4CABE210D59
:10BF90000A0000004445433A256C750D0A00000074
:10BFA0003130BDF8D6C6B2CECAFDCFD4CABE210D3F
:10BFB0000A00000052756E2054696D652043616C63
:10BFC00063756C6174696F6E204F4E0D0A0000003E
:10BFD00052756E2054696D652043616C63756C61A8
:10BFE00074696F6E204F46460D0A000009480068CC
:10BFF0000169C943CA070849D1F8F02004D14FF6B6
:10C00000FF731A44C1F8F020406A1044C1F8F000F0
:10C010007047000028C201202003002038B5104AD4
:10C020000023146844F00404146012680D4C02F0FC
:10C03000040200920C4AC2E902301361C2E90041D5
:10C040001046F6F797FC0848F6F7FCFC012211466B
:10C050001E20F5F743F9BDE838401E20F5F730B94A
:10C06000403802400008004028C2012007486FF015
:10C070000101026811610268090CD162C1600068A7
:10C08000002141620248C0F8F010704728C2012028
:10C09000200300200160704730B5034640784FF41C
:10C0A000004442010020014620320AE002290BD060
:10C0B000C50700D0254605EB50005D5C284480B2E2
:10C0C000491C9142F2D330BD0321F9E7CA0701D0E0
:10C0D0004FF0004202EB510108447047000000009D
:10C0E0000000000000000000000000003F400000D1
:10C0F0000000000000003000400030004000000060
:10C1000009000BC03D000BC03D00090018C02440D1
:10C110007FE0224031800000180024C01B000D8009
:10C120003240018003801C4027401C8007400040B3
:10C13000100060000000000000000000000000008F
:10C1400000001F80204040200000402020401F8031
:10C1500000000000090006001F8006000900000022
:10C16000040004003F800400040000000010006090
:10C1700000000000000000000400040004000400AF
:10C18000040000000000004000000000000000006B
:10C19000002001C006003800400000001F80204041
:10C1A000204020401F800000000010403FC00040A1
:10C1B0000000000018C02140224024401840000028
:10C1C00010802040244024401B80000002000D000D
:10C1D00011003FC0014000003C8024402440244026
:10C1E000238000001F80244024403440038000004E
:10C1F0003000200027C03800200000001B802440B1
:10C20000244024401B8000001C0022C02240224009
:10C210001F80000000000000084000000000000037
:10C2200000000000046000000000000000000400A6
:10C230000A0011002080404009000900090009009F
:10C240000900000000004040208011000A000400A6
:10C250001800200023402400180000001F80204008
:10C26000274029401F400000004007C039000F0050
:10C2700001C0004020403FC0244024401B800000FB
:10C280001F802040204020403080000020403FC0E0
:10C29000204020401F80000020403FC024402E400E
:10C2A00030C0000020403FC024402E00300000007D
:10C2B0000F001080204022403380020020403FC009
:10C2C000040004003FC02040204020403FC02040E8
:10C2D000204000000060202020203FC020002000DF
:10C2E00020403FC024400B0030C0204020403FC0D1
:10C2F00020400040004000C03FC03C0003C03C0064
:10C300003FC0000020403FC00C4023003FC0200041
:10C310001F802040204020401F80000020403FC060
:10C3200024402400180000001F802140214020E00C
:10C330001FA0000020403FC02440260019C000403C
:10C3400018C02440244022403180000030002040AA
:10C350003FC020403000000020003F8000400040EF
:10C360003F80200020003E0001C007003800200070
:10C37000380007C03C0007C038000000204039C02A
:10C38000060039C0204000002000384007C0384077
:10C3900020000000304021C02640384020C000006E
:10C3A000000000007FE040204020000000007000FE
:10C3B0000C000380004000000000402040207FE08F
:10C3C00000000000000020004000200000000000ED
:10C3D00000100010001000100010001000000000FD
:10C3E0004000000000000000000002800540054001
:10C3F00003C0004020003FC0044004400380000010
:10C400000000038004400440064000000000038058
:10C41000044024403FC00040000003800540054028
:10C4200003400000000004401FC0244024402000BE
:10C43000000002E0055005500650042020403FC097
:10C440000440040003C000400000044027C0004036
:10C450000000000000100010041027E000000000A1
:10C4600020403FC00140070004C00440204020405D
:10C470003FC000400040000007C0040007C00400A7
:10C4800003C00000044007C00440040003C0004093
:10C49000000003800440044003800000041007F003
:10C4A0000450044003800000000003800440045056
:10C4B00007F00010044007C0024004000400000020
:10C4C000000006400540054004C0000000000400D4
:10C4D0001F8004400040000004000780004004402A
:10C4E00007C000400400070004C0018006000400EB
:10C4F000060001C0070001C006000000044006C09D
:10C50000010006C0044000000410071004E0018090
:10C51000060004000000044005C00640044000007E
:10C520000000000004007BE040200000000000004C
:10C530000000FFF000000000000040207BE004004D
:10C54000000000004000800040002000200040006B
:10C5500000000000000000000000000000000000DB
:10C560000000000000001FCC000C000000000000D4
:10C57000000008003000600008003000600000008B
:10C58000022003FC1E20022003FC1E2002200000CB
:10C5900000000E1811043FFF10840C78000000000A
:10C5A0000F0010840F3800C007781884007800004E
:10C5B00000780F8410C411240E9800E40084000851
:10C5C000080068007000000000000000000000008B
:10C5D00000000000000007E01818200440020000DE
:10C5E000000040022004181807E0000000000000CE
:10C5F0000240024001800FF0018002400240000032
:10C600000080008000800FF8008000800080000023
:10C610000001000D000E00000000000000000000FE
:10C62000000000800080008000800080008000808A
:10C630000000000C000C00000000000000000000E2
:10C6400000000006001800600180060018002000AD
:10C65000000007F0080810041004080807F00000A4
:10C660000000080408041FFC00040004000000008F
:10C6700000000E0C10141024104411840E0C000045
:10C6800000000C1810041104110412880C70000032
:10C69000000000E00320042408241FFC0024000004
:10C6A00000001F98108411041104108810700000FD
:10C6B000000007F0088811041104188800700000B9
:10C6C00000001C00100010FC13001C0010000000F3
:10C6D00000000E3811441084108411440E380000FC
:10C6E00000000700088C10441044088807F0000080
:10C6F000000000000000030C030C0000000000001C
:10C700000000000000010106000000000000000021
:10C7100000000080014002200410080810040000FE
:10C72000022002200220022002200220022000001B
:10C7300000001004080804100220014000800000DE
:10C7400000000E001200100C106C10800F00000092
:10C7500003E00C1813E4142417C4082807D00000C1
:10C760000004003C03C41C40074000E4001C00041B
:10C7700010041FFC1104110411040E880070000045
:10C7800003E00C1810041004100410081C10000022
:10C7900010041FFC100410041004080807F0000027
:10C7A00010041FFC1104110417C410040818000021
:10C7B00010041FFC1104110017C010000800000035
:10C7C00003E00C181004100410441C780040000012
:10C7D00010041FFC10840080008010841FFC1004D3
:10C7E0000000100410041FFC1004100400000000DE
:10C7F00000030001100110011FFE100010000000D6
:10C8000010041FFC110403801464181C10040000A1
:10C8100010041FFC1004000400040004000C0000BD
:10C8200010041FFC1F0000FC1F001FFC1004000070
:10C8300010041FFC0C04030000E010181FFC100083
:10C8400007F00808100410041004080807F000009E
:10C8500010041FFC10841080108010800F00000056
:10C8600007F0081810241024101C080A07F2000012
:10C8700010041FFC1104110011C011300E0C000433
:10C8800000000E1C11041084108410441C38000099
:10C890001800100010041FFC100410001800000005
:10C8A00010001FF810040004000410041FF810000A
:10C8B00010001E0011E0001C007013801C0010000E
:10C8C0001FC0103C00E01F0000E0103C1FC0000033
:10C8D0001004180C163401C001C01634180C1004D2
:10C8E00010001C00130400FC13041C0010000000C6
:10C8F0000804101C1064108413041C041018000099
:10C900000000000000007FFE4002400240020000E4
:10C91000000030000C0003800060001C00030000D9
:10C9200000004002400240027FFE000000000000C4
:10C9300000000000200040004000400020000000F7
:10C9400000010001000100010001000100010001DF
:10C950000000400040002000000000000000000037
:10C9600000000098012401440144014400FC00043B
:10C9700010001FFC00880104010400880070000002
:10C980000000007000880104010401040088000018
:10C990000000007000880104010411081FFC00045D
:10C9A000000000F8014401440144014400C80000B3
:10C9B0000000010401040FFC11041104110018000F
:10C9C000000000D601290129012901C90106000042
:10C9D00010041FFC008401000100010400FC00049D
:10C9E00000000104190419FC000400040000000008
:10C9F0000000000300010101190119FE0000000000
:10CA000010041FFC0024004001B4010C01040000CC
:10CA10000000100410041FFC0004000400000000CB
:10CA2000010401FC0104010001FC0104010000FCFF
:10CA3000010401FC008401000100010400FC000469
:10CA4000000000F8010401040104010400F80000E2
:10CA5000010101FF0085010401040088007000004D
:10CA600000000070008801040104010501FF0001BD
:10CA70000104010401FC00840104010001800000A4
:10CA8000000000CC012401240124012401980000AD
:10CA900000000100010007F801040104000000008B
:10CAA000010001F8000400040004010801FC000476
:10CAB000010001800170000C001001600180010084
:10CAC00001F0010C003001C00030010C01F0010048
:10CAD00000000104018C00740170018C010400004D
:10CAE000010101810171000E001801600180010047
:10CAF00000000184010C013401440184010C000098
:10CB0000000000000000000001003EFC4002400266
:10CB10000000000000000000FFFF00000000000017
:10CB20000000400240023EFC010000000000000046
:10CB300000006000800080004000400020002000D5
:10CB400000000000000000000000000000000000E5
:10CB500000000000000000000000000000000000D5
:10CB600000000000000000000000000000000000C5
:10CB70000000000F80380FFE380F803800000000E2
:10CB800000000000000000000000000000000100A4
:10CB9000000600000C000038000031000006000014
:10CBA0000C00003800003000000000000000000011
:10CBB00061800067F807F980006180006180006192
:10CBC000800061800067F807F98000618000000044
:10CBD00000000000000001C0E003E0F0063008049F
:10CBE00018081FFFFE040E080787F00381E000000D
:10CBF0000000000001F000060C00040408060C70A0
:10CC000001F9C0000E00003BE000EC180708080422
:10CC10000C180003E00000000001E00007F003F83A
:10CC200018041C0804170807E1D003C0E00023B073
:10CC3000003C080020080000100000000000000177
:10CC400000003100003200001C0000000000000065
:10CC500000000000000000000000000000000000D4
:10CC600000000000000000000000000000000000C4
:10CC70007F0001FFC00780F00C00181000042000A6
:10CC8000020000000000002000021000040C001848
:10CC90000780F001FFC0007F0000000000000000DE
:10CCA00000000000000000000000000042000066DC
:10CCB00000006600003C0000180003FFC0001800E0
:10CCC000003C00006600006600004200000000001A
:10CCD000080000080000080000080000080001FF2C
:10CCE000C00008000008000008000008000008005C
:10CCF00000000000000100003100003200001C00B4
:10CD00000000000000000000000000000000000023
:10CD100000000000000000000800000800000800FB
:10CD200000080000080000080000080000080000DB
:10CD300008000008000000000000000000000000E3
:10CD4000380000380000380000000000000000003B
:10CD500000000000000000000000000000000000D3
:10CD6000000600001C000070000180000E0000386A
:10CD70000000C0000700001C0000300000000000A0
:10CD8000000000007F8001FFE003807006001804AF
:10CD9000000804000806001803807001FFE0007F0F
:10CDA00080000000000000000000010008010008F1
:10CDB00001000803FFF807FFF80000080000080062
:10CDC000000800000000000000000001C03802C0A0
:10CDD00058040098040118040218040418061C18CA
:10CDE00003F81801E0F80000000000000000000156
:10CDF000C0E003C0F004000804080804080806188E
:10CE00000803F41801E7F00001E000000000000052
:10CE1000000000000300000D000011000061000090
:10CE2000810803010807FFF80FFFF800010800015F
:10CE3000080000000000000000E007FCD006080821
:10CE4000061008061008061008061838060FF00627
:10CE500007C0000000000000000000003F8001FF4C
:10CE6000E0038430020818041008041008041008B5
:10CE7000071810030FF00007C000000000000000BA
:10CE8000000003C0000700000600000600F80607C7
:10CE9000F806180006E00007000006000000000089
:10CEA00000000001E1E003F7F00634100418080464
:10CEB0001808040C08040C0806161803F3F001C146
:10CEC000E000000000000000F80003FC300306381A
:10CED0000402080402080402080404100308F00114
:10CEE000FFC0007F00000000000000000000000004
:10CEF000000000000000000070380070380070383A
:10CF00000000000000000000000000000000000021
:10CF1000000000000000000000000000301A003097
:10CF20001C000000000000000000000000000000E5
:10CF300000000000000000080000140000220000B3
:10CF40004100008080010040020020040010080021
:10CF50000800000000000000210000210000210066
:10CF6000002100002100002100002100002100001C
:10CF70002100002100000000000000000000080067
:10CF800008040010020020010040008080004100E1
:10CF90000022000014000008000000000000000350
:10CFA000C00004C000040000080038080F3808085A
:10CFB000380810000C300007E00003C0000000003B
:10CFC000000000003F8000FFE0038070020F1006A9
:10CFD000708804C088048308047F8802C09003011D
:10CFE0002000FE400000080000180001F8003E0884
:10CFF00001C20007020007E20000FE00001FC80097
:10D0000001F800003800000804000807FFF807FFD7
:10D01000F8040808040808040808040808061808A2
:10D0200003F41801E7F00001E00000000000000038
:10D030003F8001FFE0038070020018040008040034
:10D04000080400080400100600200780C00000004B
:10D0500004000807FFF807FFF804000804000804AC
:10D06000000804001802001003807001FFE0007F38
:10D070008000000004000807FFF807FFF804080814
:10D08000040808040808040808043E080400080608
:10D09000001801006000000004000807FFF807FF07
:10D0A000F8040808040800040800040800043E000E
:10D0B00006000006000001800000000000000000E3
:10D0C0003F8001FFE003807006001804000804029E
:10D0D000080402080203F00783F0000200000200C7
:10D0E00004000807FFF807FFF8040808000800001C
:10D0F000080000080000080004080807FFF807FF00
:10D10000F804000800000000000004000804000803
:10D1100004000807FFF807FFF804000804000804EB
:10D1200000080000000000000000000000060000F1
:10D130000700000104000104000104000307FFFED2
:10D1400007FFFC04000004000004000004000807BE
:10D15000FFF807FFF8040C08001800003E0004C7A1
:10D16000800503C80600F804003804001800000811
:10D1700004000807FFF807FFF80400080000080093
:10D180000008000008000008000008000018000067
:10D190006000000004000807FFF807800807FC0093
:10D1A000007FC00003F80007C00078000780080770
:10D1B000FFF807FFF804000804000807FFF807005D
:10D1C0000803C00000E000003800001E0000070057
:10D1D0000001C00400F007FFF80400000000000098
:10D1E0007F8001FFE003807006001804000804003F
:10D1F0000806001803003001FFE0007F80000000F7
:10D2000004000807FFF807FFF804040804040004FA
:10D210000400040400040400060C0003F80001F0FC
:10D2200000000000000000007F8001FFE00380702C
:10D230000600880400880400C806003C03003E0184
:10D24000FFE6007F8400000004000807FFF807FFE6
:10D25000F8040808040800040C00040F00040BC0C4
:10D260000610F003F03801E008000008000000019B
:10D27000E0F803F030063010041808041808040C15
:10D2800008040C080206180207F00781E0000000FD
:10D2900001800006000004000004000004000807EC
:10D2A000FFF807FFF804000804000004000006006F
:10D2B0000001800004000007FFE007FFF0040018F1
:10D2C0000000080000080000080000080000080432
:10D2D000001007FFE004000004000006000007E063
:10D2E0000007FE00041FE00001F80000380001E024
:10D2F000043E0007C0000600000400000400000710
:10D30000E00007FFC0041FF80007C007F80007FF90
:10D3100080043FF80007C004F80007000004000084
:10D3200000000004000806001807C07805F1C800D6
:10D330003E00001F800463E80780F8060018040020
:10D340000800000004000006000007800007E00855
:10D35000047C08001FF80007F800180804E008071C
:10D3600000000600000400000000000100080600A4
:10D37000380400F80403E8040F08047C0805F008EA
:10D3800007C008070018040060000000000000004B
:10D3900000000000000000000000003FFFFE200031
:10D3A00002200002200002200002200002000000F3
:10D3B00000000000000008000007000000C000009E
:10D3C00038000006000001C000003000000E000020
:10D3D0000100000000000000000020000220000208
:10D3E0002000022000022000023FFFFE000000009B
:10D3F000000000000000000000000000000000002D
:10D400000008000010000030000020000030000084
:10D4100010000008000000000000000000000100F3
:10D4200000010000010000010000010000010000F7
:10D4300001000001000001000001000001000001E6
:10D44000000000000000000000200000200000108C
:10D4500000001000000000000000000000000000BC
:10D46000000000000000000000F00019F8001B1888
:10D47000002208002608002408002410003FF800BD
:10D480001FF800000800001800000004000007FF5B
:10D49000F80FFFF0001818001008002008002008FE
:10D4A000003018001FF0000FC00000000000000056
:10D4B00007C0001FF00018300020080020080020DE
:10D4C00008003C08001C1000006000000000000084
:10D4D0000000000007C0001FF000381800200800FE
:10D4E000200800200804101007FFF80FFFF00000CC
:10D4F000100000000000000000000007C0001FF046
:10D500000012300022180022080022080032080011
:10D510001E10000E2000000000000000200000206F
:10D520000800200801FFF803FFF80620080420087F
:10D530000420080720000300000000000000000095
:10D54000000E000E6E001FF30031B10020B100206C
:10D55000B1003191001F13002E1E00200E0030007C
:10D5600000000004000807FFF80FFFF80010080093
:10D570002000002000002008003FF8001FF80000F5
:10D580000800000000000000000000200800200843
:10D59000002008063FF8063FF800000800000800D9
:10D5A0000008000000000000000000000000000073
:10D5B00003000003002001002001002003063FFEBD
:10D5C000063FFC0000000000000000000000000416
:10D5D000000807FFF80FFFF8000188000300002F84
:10D5E000C00038F8002038002008000008000000C3
:10D5F0000000000000000400080400080400080700
:10D60000FFF80FFFF8000008000008000008000005
:10D6100000000000002008003FF8003FF80010085C
:10D62000002000003FF8003FF80010080020000034
:10D630003FF8003FF8000008000000002008003F0D
:10D64000F8003FF80010080010000020000020083B
:10D65000003FF8001FF80000080000000000000074
:10D6600007C0000FF000183000300800200800202C
:10D6700008003008001830000FF00007C00000005C
:10D68000000000002001003FFF003FFF00101100DC
:10D690002009002008002008003038001FF0000F8B
:10D6A000C00000000000000007C0001FF000381894
:10D6B000002008002008002009001011001FFF00B2
:10D6C0003FFF0000010000000020080020080020AB
:10D6D00008003FF8003FF800080800100800200884
:10D6E00000200000300000300000000000000000BA
:10D6F0000000000C78001E180033080023080021E9
:10D70000080021880021980030F0003860000000F7
:10D7100000000000200000200000200000FFF003B7
:10D72000FFF800200800200800200800003000005A
:10D7300000000000000000002000003FF0007FF823
:10D74000000018000008000008002010003FF8004A
:10D750007FF00000100000000000000020000030FA
:10D7600000003C00003F800023F0000078000070C3
:10D77000002380003C00003000002000002000005A
:10D780003C00003FE00023F80000E0002700003EDE
:10D7900000003FE00021F80001E0003E0000200012
:10D7A000000000002008002008003838003E680013
:10D7B00027800003C8002CF800383800201800200B
:10D7C00008000000000000002000003003003C01C1
:10D7D000003F830023EC000070002380003C000029
:10D7E00020000020000000000000000000000038C1
:10D7F000080020380020F80023E8002F88003E08A9
:10D800000038080020180000700000000000000030
:10D8100000000000000000000000000008000014EC
:10D82000001FF7FC3000062000020000000000008E
:10D8300000000000000000000000000000000000E8
:10D840000000FFFFFF0000000000000000000000DB
:10D850000000000000000000000020000230000670
:10D860001FF7FC001400000800000000000000008A
:10D870000000000000000000000000180000600030
:10D8800000400000400000200000100000080000E0
:10D890000400000400000C00001000000000000064
:10D8A0000000000000000000000000000000000078
:10D8B0000000000000000000000000000000000068
:10D8C0000000000000000000000000000000000058
:10D8D0000000000000000000000000000000000048
:10D8E0000000000000000000000000000000000038
:10D8F0000000000007F000C007FFE1E007F001E0D2
:10D90000000000C000000000000000000000000057
:10D910000000000000000000000000000000000007
:10D92000000000000020000001C00000078000008F
:10D930001F0000001E0000001C20000001C00000AD
:10D94000078000001F0000001E0000001C000000F7
:10D9500000000000000000000000000000000000C7
:10D9600000180C0000180C0000180FE0001FFC004D
:10D9700003F80C0000180C0000180C0000180C0034
:10D9800000180C0000180FE0001FFC0003F80C004A
:10D9900000180C0000180C0000000000000000003F
:10D9A0000000000000000780007807C000FC06406F
:10D9B000010E002003070020020380200FFFFFFC60
:10D9C0000201C0200200E0600130704001F03F80A1
:10D9D00000F01F00000000000000000000FE00003A
:10D9E00001FF00000301800002008060030181C08C
:10D9F00001FF070000FE18000000E0000003BF0068
:10DA0000000CFFC00071806001C100200301806034
:10DA10000000FFC000003F000000000000001F00E9
:10DA200000007FC000FCC0C001FF80600303E02055
:10DA30000202782002061E2003FC074001F003804A
:10DA4000000103C000011C600001E0200001002073
:10DA50000001004000000180000000000000000004
:10DA6000002000001C6000001C4000001F8000001F
:10DA70000F00000000000000000000000000000097
:10DA80000000000000000000000000000000000096
:10DA90000000000000000000000000000000000086
:10DAA0000000000000000000000000000000000076
:10DAB00000000000000000000007F800003FFF0029
:10DAC000007807C001C000E0030000300400000837
:10DAD0000800000410000002000000000000000028
:10DAE00010000002080000040400000803000030D9
:10DAF00001C000E0007807C0003FFF000007F80009
:10DB00000000000000000000000000000000000015
:10DB10000000000000000000000000000000000005
:10DB200000000000000C1800000E3800000E380045
:10DB300000063000000360000061438000FFFF80AA
:10DB4000006143000003600000063000000E380052
:10DB5000000E3800000C180000000000000000005B
:10DB60000000000000008000000080000000800035
:10DB7000000080000000800000008000007FFF00A7
:10DB80000000800000008000000080000000800095
:10DB90000000800000008000000000000000000085
:10DBA00000000001000000E3000000E2000000FCB3
:10DBB00000000078000000000000000000000000ED
:10DBC0000000000000000000000000000000000055
:10DBD0000000000000000000000000000000000045
:10DBE0000000800000008000000080000000800035
:10DBF0000000800000008000000080000000800025
:10DC00000000800000008000000080000000800014
:10DC10000000800000008000000000000000000004
:10DC200000000000000000C0000001E0000001E072
:10DC3000000000C000000000000000000000000024
:10DC400000000000000000000000000000000000D4
:10DC500000000000000000000000000000000000C4
:10DC60000000000C00000038000000E0000003800D
:10DC700000000E00000038000000E00000038000FB
:10DC8000000E00000038000000E0000003800000EB
:10DC90000E0000001800000000000000000000005E
:10DCA00000000000000FF800007FFF0000F0078078
:10DCB000018000C00300006002000020020000207C
:10DCC0000200002003000060018000C000E003802B
:10DCD000007FFF00000FF8000000000000000000BF
:10DCE00000000000000000000080002000800020F4
:10DCF000008000200080006001FFFFE003FFFFE0E4
:10DD00000000006000000020000000200000002053
:10DD10000000000000000000000000000000000003
:10DD200000000000007800E000980160010002603F
:10DD3000020004600200086002001060020020601F
:10DD400002004060030080600183006001FE00E08B
:10DD5000007C0780000000000000000000000000C0
:10DD60000000000000F0078001F007C00100004043
:10DD70000200002002010020020100200201002018
:10DD8000030380200186804001FCC0C000787F80B2
:10DD900000001E0000000000000000000000000065
:10DDA0000000080000003800000048000001880062
:10DDB00000060800000C0810003008100040081091
:10DDC00001FFFFF003FFFFF003FFFFF0000008106A
:10DDD0000000081000000810000000000000000013
:10DDE0000000000000000780001F864003E10020C3
:10DDF0000302002003040020030400200304002089
:10DE00000304002003060040030301C00301FF8058
:10DE100003007E0000000000000000000000000081
:10DE2000000000000007FC00003FFF000070C380FE
:10DE3000008180C001010060030200200202002076
:10DE400002020020020200200203004001C180C043
:10DE500000C0FF8000007E00000000000000000005
:10DE60000000000000F0000003C00000038000007C
:10DE700003000000030007E003003FE00301C000CF
:10DE80000306000003180000036000000380000088
:10DE9000030000000000000000000000000000007F
:10DEA00000001F0000783F8000FC60C0018EC04071
:10DEB000030780200203002002018020020180204D
:10DEC0000201C0200301E040018670C000FC3F80D9
:10DED00000781F00000000000000000000000000AB
:10DEE000003F000000FF81C001C0C1C001006020F0
:10DEF00002002020020020200200202002002060DA
:10DF0000020040C00100C18000C18F00007FFE0000
:10DF1000001FF000000000000000000000000000F2
:10DF200000000000000000000000000000000000F1
:10DF300000000000000300C0000781E0000781E04E
:10DF4000000300C00000000000000000000000000E
:10DF500000000000000000000000000000000000C1
:10DF600000000000000000000000000000000000B1
:10DF700000000000000600660006007800000000B7
:10DF80000000000000000000000000000000000091
:10DF90000000000000000000000000000000000081
:10DFA00000000000000080000001C00000036000CD
:10DFB00000063000000C180000180C0000300600AD
:10DFC0000060030000C0018001000040020000204A
:10DFD000040000100000000000000000000000002D
:10DFE00000041000000410000004100000041000E1
:10DFF00000041000000410000004100000041000D1
:10E0000000041000000410000004100000041000C0
:10E0100000041000000410000000000000000000D8
:10E020000000000004000010020000200100004079
:10E0300000C00180006003000030060000180C00E2
:10E04000000C180000063000000360000001C00052
:10E050000000800000000000000000000000000040
:10E06000000000000078000001F800000238000005
:10E0700002000000040000C0040079E0040081E018
:10E08000040100C0040300000202000003060000B7
:10E0900001FC000000F8000000000000000000008B
:10E0A000000FF800003FFE000070078000C000C0B5
:10E0B0000101F8400307FC20021E04200230082062
:10E0C00002203020023FFC20013F044001800CC0B0
:10E0D00000E03180001FC2000000000000000020AE
:10E0E00000000060000003E000003E200003E0208C
:10E0F000003E200003E020000380200007FC2000F9
:10E10000003FE0000003FE2000003FE0000001E0CF
:10E1100000000020000000200000000000000000BF
:10E12000020000200200002003FFFFE003FFFFE0E9
:10E130000201002002010020020100200201002053
:10E1400002010020030300200186806001FCC0C0A2
:10E1500000F87F8000001F000000000000000000A9
:10E160000007F800003FFF000070078000C000C0FB
:10E1700001000040030000200200002002000020F7
:10E18000020000200200002001000040018000C0C9
:10E1900003C0018000300600000000000000000005
:10E1A000020000200200002003FFFFE003FFFFE069
:10E1B00002000020020000200200002002000020D7
:10E1C0000300006001000040018000C000F00780F3
:10E1D000007FFE00000FF8000000000000000000BB
:10E1E000020000200200002003FFFFE003FFFFE029
:10E1F0000201002002010020020100200201002093
:10E200000201002002038020020FE02003000060D2
:10E2100003C000E0006003000000000000000000F8
:10E22000020000200200002003FFFFE003FFFFE0E8
:10E230000201002002010020020100000201000092
:10E24000020100000201000002038000030FE00051
:10E250000300000003C00000006000000000000098
:10E260000007F800003FFE000070078001C001C0F9
:10E2700001000040030000200200002002000020F6
:10E2800002000020010020200100204003C03F8048
:10E2900000303F800000200000002000020000202D
:10E2A0000200002003FFFFE003FFFFE002008020E8
:10E2B000020080200000800000008000000080003C
:10E2C000020080200200802003FFFFE003FFFFE048
:10E2D00002000020020000200000000000000000FA
:10E2E00000000000000000000200002002000020EA
:10E2F000020000200200002003FFFFE003FFFFE018
:10E300000200002002000020020000200200002085
:10E3100000000000000000000000000000000000FD
:10E320000000000E0000000F0000000F00000001C0
:10E3300002000001020000010200000302000006CA
:10E3400003FFFFFC03FFFFF80200000002000000D3
:10E3500002000000020000000000000000000000B9
:10E36000020000200200002003FFFFE003FFFFE0A7
:10E370000200C0200201002000078000000FE00022
:10E380000030F80002603E2003800F20030003E00D
:10E39000020000E002000020000000200000000059
:10E3A000020000200200002003FFFFE003FFFFE067
:10E3B00002000020020000200000002000000020D9
:10E3C000000000200000002000000020000000608D
:10E3D000000000E000000300000000000200002038
:10E3E0000200002003FFFFE003E0002003FF002005
:10E3F000001FF0000001FF8000000FE000001E0081
:10E400000003E000003E002003E0002003FFFFE0E7
:10E4100003FFFFE0020000200200002002000020B5
:10E420000200002003FFFFE00380002003F0002033
:10E4300000FC0000001F00000007C0000001F00009
:10E4400000007C0002001F80020007E003FFFFE0E5
:10E4500002000000020000000000000000000000B8
:10E46000000FF800003FFE0000F00780018000C0B0
:10E4700001000040020000200200002002000020F5
:10E480000200002001000040018000C000F0038075
:10E49000003FFE00000FF800000000000000000038
:10E4A000020000200200002003FFFFE003FFFFE066
:10E4B0000200802002008020020080000200800014
:10E4C0000200800002008000030180000183000040
:10E4D00000FE0000007C00000000000000000000C2
:10E4E000000FF800007FFF0000F00380018001C0F2
:10E4F0000100064002000420020004200200062061
:10E50000020003E0010000F80180005C00E0038CE1
:10E51000003FFF0C000FFC1800000000000000008E
:10E52000020000200200002003FFFFE003FFFFE0E5
:10E530000201002002010020020180000201E0002F
:10E540000201FC0003033F80018607E001FC00E0BC
:10E5500000F8002000000020000000000000000083
:10E56000000000000078060000FE01E0018600C007
:10E5700003030040020300200201802002018020EA
:10E580000201C0200200C0200100E060018070C0D4
:10E5900003E03F8000001F000000000000000000BA
:10E5A0000060000003800000030000000200000083
:10E5B000020000200200002003FFFFE003FFFFE055
:10E5C0000200002002000020020000000200000003
:10E5D0000380000000E000000000000002000000D6
:10E5E0000200000003FFFF0003FFFFC00200004025
:10E5F0000200006000000020000000200000002059
:10E6000000000020020000400200008003FFFF0025
:10E6100002000000020000000000000000000000F6
:10E62000020000000200000003C0000003FC000024
:10E63000023FC0000003F80000007F80000007E0F8
:10E6400000000780000078000203C000023C0000C8
:10E6500003C00000020000000200000002000000F1
:10E6600003C0000003FF8000023FFE0002007FE0C5
:10E6700000000F000200F00003EF000003FF800025
:10E68000020FFE0000003FE000001F000207E00054
:10E6900003F800000300000002000000000000007A
:10E6A0000200002002000020038000E003F00320AD
:10E6B00002FC0C20021F30000007C0000007F00021
:10E6C00002187C0002601F20038003E0020000E0CB
:10E6D00002000020000000200000000000000000F8
:10E6E000020000000300000003C0000003F8000067
:10E6F000023E0020020FC0200001FFE000007FE08A
:10E7000000038020021C0020027000000380000033
:10E7100002000000020000000000000000000000F5
:10E7200000000020006000E0038003E003000FA071
:10E7300002003E200200F8200203E020020F8020A9
:10E74000023E00200278002003E00060038000E029
:10E7500002000300000000000000000000000000B4
:10E7600000000000000000000000000000000000A9
:10E77000000000001FFFFFFC100000041000000458
:10E780001000000410000004100000041000000439
:10E790001000000400000000000000000000000065
:10E7A00000000000000000000700000003C000009F
:10E7B00000780000001E00000003C0000000F00010
:10E7C00000001E0000000780000000F00000003C78
:10E7D0000000000600000000000000000000000033
:10E7E00000000000100000041000000410000004ED
:10E7F00010000004100000041000000410000004C9
:10E800001FFFFFFC000000000000000000000000EF
:10E8100000000000000000000000000000000000F8
:10E8200000000000000000000000000002000000E6
:10E8300004000000080000001800000010000000A4
:10E840001800000018000000040000000200000092
:10E8500000000000000000000000000000000001B7
:10E8600000000001000000010000000100000001A4
:10E870000000000100000001000000010000000194
:10E880000000000100000001000000010000000184
:10E890000000000100000001000000010000000075
:10E8A0000000000000000000100000001000000048
:10E8B0001000000018000000080000000400000024
:10E8C0000000000000000000000000000000000048
:10E8D0000000000000000000000000000000000038
:10E8E0000000038000018FC000038C600006182028
:10E8F0000004102000041020000420200004204008
:10E90000000620400003FFC00001FFE000000020DF
:10E9100000000020000000C0000000000000000017
:10E92000020000000200000003FFFFE007FFFFC03D
:10E93000000180C0000200600002002000040020EE
:10E94000000400200004002000060040000300C076
:10E950000001FF800000FE00000000000000000039
:10E960000000000000007E000001FF80000381C065
:10E9700000020040000600200004002000040020E7
:10E9800000040020000600200003C0400001C080F9
:10E990000000030000000000000000000000000074
:10E9A0000000000000007E000001FF80000380C026
:10E9B0000006006000040020000400200004002085
:10E9C000020400400202008003FFFFE007FFFFC0D7
:10E9D00000000040000000400000000000000000B7
:10E9E0000000000000007E000001FF80000311C055
:10E9F00000021040000410600004102000041020E9
:10EA00000004102000061020000310400001F0C098
:10EA10000000710000000000000000000000000085
:10EA2000000000000004000000040020000400209A
:10EA300000040020007FFFE001FFFFE00104002050
:10EA4000030400200204002002040020020400004D
:10EA50000200000001C0000001C000000000000032
:10EA6000000000000000001C0000E33E0003FFC2A5
:10EA700000020CC3000404C1000404C1000404C16A
:10EA8000000404C100060CC10003F8C30005F062D5
:10EA90000006007E0006003C0000000000000000B0
:10EAA000020000200200002003FFFFE007FFFFE05C
:10EAB0000001002000020020000600000004000009
:10EAC0000004000000040020000600200003FFE016
:10EAD0000001FFE000000020000000200000000016
:10EAE00000000000000000000004002000040020DE
:10EAF00000040020000400200387FFE0038FFFE0F4
:10EB00000380002000000020000000200000002002
:10EB100000000000000000000000000000000000F5
:10EB200000000000000000000000000600000007D8
:10EB300000000001000000010004000100040001C9
:10EB400000040003000400060387FFFC038FFFF8A6
:10EB50000380000000000000000000000000000032
:10EB6000020000200200002003FFFFE007FFFFE09B
:10EB70000000082000001020000030000000FC0011
:10EB800000058E00000707A0000601E0000400E079
:10EB90000004002000000020000000000000000031
:10EBA0000000000000000000020000200200002021
:10EBB000020000200200002003FFFFE007FFFFE04B
:10EBC00000000020000000200000002000000020C5
:10EBD0000000000000000000000000000000000035
:10EBE000000400200007FFE0000FFFE0000200200B
:10EBF00000040000000400200007FFE00003FFE025
:10EC00000002002000040000000400200007FFE0D4
:10EC10000003FFE0000000200000000000000000F2
:10EC200000040020000400200007FFE0000FFFE0C8
:10EC3000000100200002002000020000000400008B
:10EC40000004000000040020000600200003FFE094
:10EC50000001FFE000000020000000200000000094
:10EC60000000000000007E000000FF80000381C063
:10EC700000020040000600200004002000040020E4
:10EC8000000400200006002000020040000381C0B4
:10EC90000001FF8000007E00000000000000000076
:10ECA00000040001000400010007FFFF000FFFFF48
:10ECB000000100C100020041000400200004002007
:10ECC000000400200004002000060040000301C0F2
:10ECD0000001FF8000007E00000000000000000036
:10ECE0000000000000007E000001FF80000380C0E3
:10ECF0000002006000040020000400200004002046
:10ED00000004002000020041000300C10003FFFFD7
:10ED10000007FFFF000000010000000100000000EC
:10ED20000004002000040020000400200004002053
:10ED3000000FFFE0000FFFE00000C02000010020F6
:10ED40000002002000060020000400000004000073
:10ED500000070000000300000000000000000000A9
:10ED600000000000000003E00001C0E00003E040FC
:10ED70000006302000043020000418200004182071
:10ED80000004182000040C2000020C60000307C0DF
:10ED90000007838000000000000000000000000069
:10EDA0000000000000040000000400000004000057
:10EDB000000C0000001FFF8000FFFFC00004006087
:10EDC0000004002000040020000400200004004093
:10EDD00000000180000000000000000000000000B2
:10EDE00000040000000400000007FF80000FFFC0C7
:10EDF0000000006000000020000000200000002053
:10EE00000000002000040040000400800007FFE034
:10EE1000000FFFC0000000400000004000000000A4
:10EE20000004000000040000000780000007F0005C
:10EE30000004FE0000041FC0000003E00000038087
:10EE400000001C00000460000007800000060000B5
:10EE500000040000000000000000000000040000AA
:10EE6000000600000007C0000007FC0000043F800F
:10EE7000000003E000040F800006F0000007F0002F
:10EE80000007FF8000040FE00000038000043C0046
:10EE90000007C000000600000004000000000000A1
:10EEA000000000200004002000040060000700E0D3
:10EEB000000783200007E6000004F80000003C0083
:10EEC00000045E20000587A0000601E00004006049
:10EED00000040020000000200000000000000000EE
:10EEE0000004000000040003000700030007E00125
:10EEF0000004F80100041F02000007FC000000E00D
:10EF000000000700000438000007C00000060000F1
:10EF100000040000000400000000000000000000E9
:10EF20000000000000078060000600E0000403E02D
:10EF3000000407A000040E2000043C200004702000
:10EF40000005E0200007802000070060000400E0CA
:10EF5000000003800000000000000000000000002E
:10EF600000000000000000000000000000000000A1
:10EF70000000000000000000000080000000800091
:10EF80000001400007FE3FF80800000410000002E6
:10EF9000100000020000000000000000000000005F
:10EFA0000000000000000000000000000000000061
:10EFB000000000000000000000000000FFFFFFFF55
:10EFC0000000000000000000000000000000000041
:10EFD0000000000000000000000000000000000031
:10EFE00000000000100000021000000208000004F1
:10EFF00007FE3FF800014000000080000000800094
:10F000000000000000000000000000000000000000
:10F0100000000000000000000000000000000000F0
:10F020001800000030000000400000004000000018
:10F030004000000020000000300000000800000038
:10F0400004000000020000000200000002000000B6
:10F050000C0000001800000000000000800C000000
:10F060008007000060780000200000002000000001
:10F07000200000000090010000F00000000C0F00D4
:10F0800053544D333220535049205445535421009A
:10F090000006101600061016000000000000000018
:10F0A000010203040607080900000000010203042E
:10F0B00001030507090E10121416181C1E2B2E2C06
:10F0C0003B3D5B5D2F2A3A3C3E7C5C223F7F00004B
:10F0D00001000400100040000001000200000100D7
:10F0E00002000400080010002000000007000000DB
:10F0F000000000000000000000000000A400E8A1E3
:10F10000A700ECA1A800A7A1B000E3A1B100C0A195
:10F11000B700A4A1D700C1A1E000A4A8E100A2A863
:10F12000E800A8A8E900A6A8EA00BAA8EC00ACA8E4
:10F13000ED00AAA8F200B0A8F300AEA8F700C2A1A3
:10F14000F900B4A8FA00B2A8FC00B9A80101A1A86E
:10F150001301A5A81B01A7A82B01A9A84401BDA8BC
:10F160004801BEA84D01ADA86B01B1A8CE01A3A86E
:10F17000D001ABA8D201AFA8D401B3A8D601B5A8DD
:10F18000D801B6A8DA01B7A8DC01B8A85102BBA81B
:10F190006102C0A8C702A6A1C902A5A1CA0240A8CF
:10F1A000CB0241A8D90242A89103A1A69203A2A62C
:10F1B0009303A3A69403A4A69503A5A69603A6A6C7
:10F1C0009703A7A69803A8A69903A9A69A03AAA697
:10F1D0009B03ABA69C03ACA69D03ADA69E03AEA667
:10F1E0009F03AFA6A003B0A6A103B1A6A303B2A636
:10F1F000A403B3A6A503B4A6A603B5A6A703B6A603
:10F20000A803B7A6A903B8A6B103C1A6B203C2A6B4
:10F21000B303C3A6B403C4A6B503C5A6B603C6A666
:10F22000B703C7A6B803C8A6B903C9A6BA03CAA636
:10F23000BB03CBA6BC03CCA6BD03CDA6BE03CEA606
:10F24000BF03CFA6C003D0A6C103D1A6C303D2A6D5
:10F25000C403D3A6C503D4A6C603D5A6C703D6A6A2
:10F26000C803D7A6C903D8A60104A7A71004A1A75D
:10F270001104A2A71204A3A71304A4A71404A5A70A
:10F280001504A6A71604A8A71704A9A71804AAA7D7
:10F290001904ABA71A04ACA71B04ADA71C04AEA7A6
:10F2A0001D04AFA71E04B0A71F04B1A72004B2A776
:10F2B0002104B3A72204B4A72304B5A72404B6A746
:10F2C0002504B7A72604B8A72704B9A72804BAA716
:10F2D0002904BBA72A04BCA72B04BDA72C04BEA7E6
:10F2E0002D04BFA72E04C0A72F04C1A73004D1A7A7
:10F2F0003104D2A73204D3A73304D4A73404D5A74A
:10F300003504D6A73604D8A73704D9A73804DAA716
:10F310003904DBA73A04DCA73B04DDA73C04DEA7E5
:10F320003D04DFA73E04E0A73F04E1A74004E2A7B5
:10F330004104E3A74204E4A74304E5A74404E6A785
:10F340004504E7A74604E8A74704E9A74804EAA755
:10F350004904EBA74A04ECA74B04EDA74C04EEA725
:10F360004D04EFA74E04F0A74F04F1A75104D7A70F
:10F3700010205CA9132043A81420AAA1152044A89A
:10F380001620ACA11820AEA11920AFA11C20B0A15D
:10F390001D20B1A1252045A82620ADA13020EBA13C
:10F3A0003220E4A13320E5A1352046A83B20F9A175
:10F3B000AC2080000321E6A1052147A8092148A827
:10F3C0001621EDA1212159A96021F1A26121F2A20A
:10F3D0006221F3A26321F4A26421F5A26521F6A2C1
:10F3E0006621F7A26721F8A26821F9A26921FAA291
:10F3F0006A21FBA26B21FCA27021A1A27121A2A211
:10F400007221A3A27321A4A27421A5A27521A6A290
:10F410007621A7A27721A8A27821A9A27921AAA260
:10F420009021FBA19121FCA19221FAA19321FDA1A0
:10F43000962149A897214AA898214BA899214CA820
:10F440000822CAA10F22C7A11122C6A115224DA8C8
:10F450001A22CCA11D22D8A11E22DEA11F224EA855
:10F460002022CFA123224FA82522CEA12722C4A14A
:10F470002822C5A12922C9A12A22C8A12B22D2A1B2
:10F480002E22D3A13422E0A13522DFA13622C3A14E
:10F490003722CBA13D22D7A14822D6A14C22D5A10B
:10F4A000522250A86022D9A16122D4A16422DCA1F9
:10F4B0006522DDA1662251A8672252A86E22DAA138
:10F4C0006F22DBA1952292A89922D1A1A522CDA1DC
:10F4D000BF2253A81223D0A16024D9A26124DAA2AA
:10F4E0006224DBA26324DCA26424DDA26524DEA204
:10F4F0006624DFA26724E0A26824E1A26924E2A2D4
:10F500007424C5A27524C6A27624C7A27724C8A2F3
:10F510007824C9A27924CAA27A24CBA27B24CCA2C3
:10F520007C24CDA27D24CEA27E24CFA27F24D0A293
:10F530008024D1A28124D2A28224D3A28324D4A263
:10F540008424D5A28524D6A28624D7A28724D8A233
:10F550008824B1A28924B2A28A24B3A28B24B4A2A3
:10F560008C24B5A28D24B6A28E24B7A28F24B8A273
:10F570009024B9A29124BAA29224BBA29324BCA243
:10F580009424BDA29524BEA29624BFA29724C0A213
:10F590009824C1A29924C2A29A24C3A29B24C4A2E3
:10F5A0000025A4A90125A5A90225A6A90325A7A987
:10F5B0000425A8A90525A9A90625AAA90725ABA957
:10F5C0000825ACA90925ADA90A25AEA90B25AFA927
:10F5D0000C25B0A90D25B1A90E25B2A90F25B3A9F7
:10F5E0001025B4A91125B5A91225B6A91325B7A9C7
:10F5F0001425B8A91525B9A91625BAA91725BBA997
:10F600001825BCA91925BDA91A25BEA91B25BFA966
:10F610001C25C0A91D25C1A91E25C2A91F25C3A936
:10F620002025C4A92125C5A92225C6A92325C7A906
:10F630002425C8A92525C9A92625CAA92725CBA9D6
:10F640002825CCA92925CDA92A25CEA92B25CFA9A6
:10F650002C25D0A92D25D1A92E25D2A92F25D3A976
:10F660003025D4A93125D5A93225D6A93325D7A946
:10F670003425D8A93525D9A93625DAA93725DBA916
:10F680003825DCA93925DDA93A25DEA93B25DFA9E6
:10F690003C25E0A93D25E1A93E25E2A93F25E3A9B6
:10F6A0004025E4A94125E5A94225E6A94325E7A986
:10F6B0004425E8A94525E9A94625EAA94725EBA956
:10F6C0004825ECA94925EDA94A25EEA94B25EFA926
:10F6D000502554A8512555A8522556A8532557A85A
:10F6E000542558A8552559A856255AA857255BA82A
:10F6F00058255CA859255DA85A255EA85B255FA8FA
:10F700005C2560A85D2561A85E2562A85F2563A8C9
:10F71000602564A8612565A8622566A8632567A899
:10F72000642568A8652569A866256AA867256BA869
:10F7300068256CA869256DA86A256EA86B256FA839
:10F740006C2570A86D2571A86E2572A86F2573A809
:10F75000702574A8712575A8722576A8732577A8D9
:10F76000812578A8822579A883257AA884257BA875
:10F7700085257CA886257DA887257EA8882580A844
:10F78000892581A88A2582A88B2583A88C2584A811
:10F790008D2585A88E2586A88F2587A8932588A8DE
:10F7A000942589A895258AA8A025F6A1A125F5A1CB
:10F7B000B225F8A1B325F7A1BC258BA8BD258CA83F
:10F7C000C625F4A1C725F3A1CB25F0A1CE25F2A132
:10F7D000CF25F1A1E2258DA8E3258EA8E4258FA8E9
:10F7E000E52590A80526EFA10626EEA1092691A8F9
:10F7F0004026E2A14226E1A10030A1A10130A2A150
:10F800000230A3A10330A8A10530A9A1063065A943
:10F81000073096A90830B4A10930B5A10A30B6A1C5
:10F820000B30B7A10C30B8A10D30B9A10E30BAA180
:10F830000F30BBA11030BEA11130BFA1123093A870
:10F840001330FEA11430B2A11530B3A11630BCA103
:10F850001730BDA11D3094A81E3095A8213040A9B5
:10F86000223041A9233042A9243043A9253044A99C
:10F87000263045A9273046A9283047A9293048A96C
:10F880004130A1A44230A2A44330A3A44430A4A494
:10F890004530A5A44630A6A44730A7A44830A8A464
:10F8A0004930A9A44A30AAA44B30ABA44C30ACA434
:10F8B0004D30ADA44E30AEA44F30AFA45030B0A404
:10F8C0005130B1A45230B2A45330B3A45430B4A4D4
:10F8D0005530B5A45630B6A45730B7A45830B8A4A4
:10F8E0005930B9A45A30BAA45B30BBA45C30BCA474
:10F8F0005D30BDA45E30BEA45F30BFA46030C0A444
:10F900006130C1A46230C2A46330C3A46430C4A413
:10F910006530C5A46630C6A46730C7A46830C8A4E3
:10F920006930C9A46A30CAA46B30CBA46C30CCA4B3
:10F930006D30CDA46E30CEA46F30CFA47030D0A483
:10F940007130D1A47230D2A47330D3A47430D4A453
:10F950007530D5A47630D6A47730D7A47830D8A423
:10F960007930D9A47A30DAA47B30DBA47C30DCA4F3
:10F970007D30DDA47E30DEA47F30DFA48030E0A4C3
:10F980008130E1A48230E2A48330E3A48430E4A493
:10F990008530E5A48630E6A48730E7A48830E8A463
:10F9A0008930E9A48A30EAA48B30EBA48C30ECA433
:10F9B0008D30EDA48E30EEA48F30EFA49030F0A403
:10F9C0009130F1A49230F2A49330F3A49B3061A95A
:10F9D0009C3062A99D3066A99E3067A9A130A1A57F
:10F9E000A230A2A5A330A3A5A430A4A5A530A5A5A7
:10F9F000A630A6A5A730A7A5A830A8A5A930A9A577
:10FA0000AA30AAA5AB30ABA5AC30ACA5AD30ADA546
:10FA1000AE30AEA5AF30AFA5B030B0A5B130B1A516
:10FA2000B230B2A5B330B3A5B430B4A5B530B5A5E6
:10FA3000B630B6A5B730B7A5B830B8A5B930B9A5B6
:10FA4000BA30BAA5BB30BBA5BC30BCA5BD30BDA586
:10FA5000BE30BEA5BF30BFA5C030C0A5C130C1A556
:10FA6000C230C2A5C330C3A5C430C4A5C530C5A526
:10FA7000C630C6A5C730C7A5C830C8A5C930C9A5F6
:10FA8000CA30CAA5CB30CBA5CC30CCA5CD30CDA5C6
:10FA9000CE30CEA5CF30CFA5D030D0A5D130D1A596
:10FAA000D230D2A5D330D3A5D430D4A5D530D5A566
:10FAB000D630D6A5D730D7A5D830D8A5D930D9A536
:10FAC000DA30DAA5DB30DBA5DC30DCA5DD30DDA506
:10FAD000DE30DEA5DF30DFA5E030E0A5E130E1A5D6
:10FAE000E230E2A5E330E3A5E430E4A5E530E5A5A6
:10FAF000E630E6A5E730E7A5E830E8A5E930E9A576
:10FB0000EA30EAA5EB30EBA5EC30ECA5ED30EDA545
:10FB1000EE30EEA5EF30EFA5F030F0A5F130F1A515
:10FB2000F230F2A5F330F3A5F430F4A5F530F5A5E5
:10FB3000F630F6A5FC3060A9FD3063A9FE3064A95B
:10FB40000531C5A80631C6A80731C7A80831C8A81D
:10FB50000931C9A80A31CAA80B31CBA80C31CCA8ED
:10FB60000D31CDA80E31CEA80F31CFA81031D0A8BD
:10FB70001131D1A81231D2A81331D3A81431D4A88D
:10FB80001531D5A81631D6A81731D7A81831D8A85D
:10FB90001931D9A81A31DAA81B31DBA81C31DCA82D
:10FBA0001D31DDA81E31DEA81F31DFA82031E0A8FD
:10FBB0002131E1A82231E2A82331E3A82431E4A8CD
:10FBC0002531E5A82631E6A82731E7A82831E8A89D
:10FBD0002931E9A82032E5A22132E6A22232E7A2A9
:10FBE0002332E8A22432E9A22532EAA22632EBA28D
:10FBF0002732ECA22832EDA22932EEA231325AA9E4
:10FC0000A33249A98E334AA98F334BA99C334CA9FF
:10FC10009D334DA99E334EA9A1334FA9C43350A99A
:10FC2000CE3351A9D13352A9D23353A9D53354A9D4
:10FC3000004EBBD2014EA1B6024E4081034EDFC63C
:10FC4000044E4181054E4281064E4381074EF2CD5E
:10FC5000084EC9D5094EFDC80A4ECFC90B4EC2CFBA
:10FC60000C4EA2D80D4EBBB20E4EEBD30F4E4481BC
:10FC7000104EA4D8114EF3B3124E4581134EA8D79F
:10FC8000144ED2C7154EA7D8164EC0CA174E46817D
:10FC9000184EF0C7194EFBB11A4EB5D21B4ED4B454
:10FCA0001C4EABB61D4EBFCB1E4EA9D81F4E478172
:10FCB000204E4881214E4981224EAAB6234E4A81C8
:10FCC000244EBDC1254ECFD1264E4B81274EA5C90E
:10FCD000284EADD8294E4C812A4EF6B82B4EBED1B7
:10FCE0002C4EDCE32D4ED0D62E4E4D812F4E4E8124
:10FCF000304EE1B7314E4F81324EAEB4334E50816B
:10FD0000344ED9C1354E5181364EBCD8374E528112
:10FD1000384EE8CD394EA4B53A4EAACE3B4EF7D672
:10FD20003C4E53813D4EF6C03E4ED9BE3F4EAFD8FD
:10FD3000404E5481414E5581424E5681434ECBC474
:10FD4000444E5781454EC3BE464E5881474EB1D8AA
:10FD5000484EB4C3494EE5D24A4E59814B4EAED6B9
:10FD60004C4EDACE4D4EA7D54E4EF5BA4F4EA6B7F5
:10FD7000504ED6C0514E5A81524EB9C6534ED2C57E
:10FD8000544EC7C7554E5B81564ED4B9574E5C8111
:10FD9000584ECBB3594ED2D25A4E5D815B4E5E81E6
:10FDA0005C4EBFD85D4EC5BE5E4EF2C65F4EB2D24F
:10FDB000604EB0CF614EE7CF624E5F81634E60818F
:10FDC000644E6181654E6281664EE9CA674E638109
:10FDD000684E6481694EC0D86A4E65816B4E6681FB
:10FDE0006C4E67816D4E68816E4E69816F4E6A817F
:10FDF000704EF2C2714ED2C2724E6B81734EE9C820
:10FE0000744E6C81754E6D81764E6E81774E6F812A
:10FE1000784E7081794E71817A4E72817B4E7381FA
:10FE20007C4E74817D4E75817E4EACC77F4E76814F
:10FE3000804E7781814E7881824E7981834E7A819E
:10FE4000844E7B81854E7C81864ECBC1874E7D81E1
:10FE5000884EE8D3894EF9D58A4E7E818B4EC2CA30
:10FE60008C4EFEB68D4EA1D88E4EDAD38F4EF7BF94
:10FE7000904E8081914EC6D4924EA5BB934EC1D870
:10FE8000944EE5CE954EAEBE964E8181974E8281C0
:10FE9000984EA8D8994E83819A4EC7D19B4EA9D02F
:10FEA0009C4E84819D4E85819E4E86819F4EBDD8FD
:10FEB000A04EEFD9A14EF6CDA24EBABFA34E878178
:10FEC000A44EBBBDA54EA5BAA64EE0D2A74EFAB22F
:10FED000A84EE0BAA94EB6C4AA4E8881AB4EEDCF6B
:10FEE000AC4EA9BEAD4EA4CDAE4EC1C1AF4E8981C0
:10FEF000B04E8A81B14E8B81B24ED7C7B34EF1D985
:10FF0000B44E8C81B54EF4D9B64E8D81B74E8E81EC
:10FF1000B84E8F81B94E9081BA4ECBC8BB4EE9D84E
:10FF2000BC4E9181BD4E9281BE4E9381BF4EDAD2BE
:10FF3000C04EB2CAC14ECAC8C24EECD8C34EEAD8EF
:10FF4000C44EC6D8C54EF6BDC64ECDC6C74EF0B3DC
:10FF5000C84E9481C94EEBD8CA4EF1BDCB4EE9BD17
:10FF6000CC4E9581CD4ED4C8CE4ED3B4CF4E9681D3
:10FF7000D04E9781D14ED8C2D24E9881D34ED6B2B0
:10FF8000D44ED0D7D54ECBCAD64EFBCBD74ECCD540
:10FF9000D84EB6B8D94EC9CFDA4E9981DB4E9A8188
:10FFA000DC4E9B81DD4EDAD9DE4EF0D8DF4EAAC79B
:10FFB000E04E9C81E14EEED8E24E9D81E34EFAB4D4
:10FFC000E44EEEC1E54ED4D2E64E9E81E74E9F81CF
:10FFD000E84EEDD8E94EA081EA4EC7D2EB4EEFD8FD
:10FFE000EC4EC7C3ED4EA181EE4EA281EF4EA38130
:10FFF000F04EF6D1F14EA481F24ED9D6F34EF2D89E
:020000040801F1
:10000000F44EA581F54EF5D8F64EFEBCF74EDBBC9E
:10001000F84EA681F94EA781FA4EA881FB4ECEC8B4
:10002000FC4EA981FD4EDDB7FE4EAA81FF4EC2B740
:10003000004FAB81014FF3C6024FAC81034FAD813E
:10004000044FAE81054FAF81064FB081074FB1819C
:10005000084FB281094FF8D80A4FC1D20B4FB38174
:100060000C4FB4810D4FE9CE0E4FBFBC0F4FFCB704
:10007000104FA5B7114FDDD0124FB581134FB68188
:10008000144FB781154FB881164FB981174FDAD683
:10009000184FC5D3194FEFBB1A4FE1BB1B4FF1D817
:1000A0001C4FBA811D4FBB811E4FA1C91F4FB0CE3F
:1000B000204FABB4214FBC81224FF3D8234FBD81D9
:1000C000244FCBC9254FF6D8264FD7C2274FF7D894
:1000D000284FBE81294FBF812A4FB1CE2B4FF9D86F
:1000E0002C4FC0812D4FC1812E4FC2812F4FAEB2F8
:1000F000304FC0B9314FC381324FA3D9334FC48180
:10010000344FE9B0354FC581364FE6C1374FC68110
:10011000384FECC9394FC7813A4FC5CB3B4FC881E7
:100120003C4FC6CB3D4FA4D93E4FC9813F4FCA81FA
:10013000404FCB81414FCC81424FCD81434FE8B5F9
:10014000444FCE81454FCF81464FABB5474FD0810D
:10015000484FD181494FD2814A4FD3814B4FD481EF
:100160004C4FD5814D4FBBCE4E4FCDB54F4FA1D744
:10017000504FF4D7514FD3D3524FD681534FE5CC84
:10018000544FD781554FCEBA564FD881574FA2D929
:10019000584FDCD9594FE0D35A4FFDD85B4FF0B7D9
:1001A0005C4FF7D75D4FFED85E4FFAD85F4FA1D9AD
:1001B000604FE3C4614FD981624FDA81634FB6D398
:1001C000644FF4D8654FDDD9664FDB81674FFBD8AC
:1001D000684FDC81694FE5C56A4FDD816B4FDE8179
:1001E0006C4FD0C06D4FDF816E4FE0816F4FF0D10B
:1001F000704FDBB0714FE181724FE281734FD1BC20
:10020000744FA6D9754FE381764FA5D9774FE48116
:10021000784FE581794FE6817A4FE7817B4FACD902
:100220007C4FAED97D4FE8817E4FABD97F4FB9CAA5
:10023000804FE981814FEA81824FEB81834FA9D9B9
:10024000844FB6D6854FEC81864FED81874FEE8186
:10025000884FDEB3894FA8D98A4FEF818B4FFDC0FD
:100260008C4FF0818D4FCCCA8E4FF1818F4FAAD920
:10027000904FF281914FA7D9924FF381934FF48120
:10028000944FB0D9954FF581964FF681974FB1B6FF
:10029000984FF781994FF8819A4FF9819B4FA9B9EF
:1002A0009C4FFA819D4FC0D29E4FFB819F4FFC8196
:1002B000A04FC0CFA14FFD81A24FFE81A34FC2C26C
:1002C000A44F4082A54FC4BDA64FECD5A74FE0B2C6
:1002D000A84FC8C7A94FEBBFAA4FADD9AB4F4182BA
:1002E000AC4FAFD9AD4F4282AE4FEACEAF4FEEBA70
:1002F000B04F4382B14F4482B24F4582B34F4682E2
:10030000B44F4782B54FD6C7B64F4882B74F4982E0
:10031000B84F4A82B94F4B82BA4F4C82BB4F4D8285
:10032000BC4F4E82BD4F4F82BE4F5082BF4FE3B194
:10033000C04F5182C14F5282C24F5382C34FD9B472
:10034000C44FEDB6C54FB4D9C64F5482C74F55827E
:10035000C84F5682C94F5782CA4FA1BFCB4F588250
:10036000CC4F5982CD4F5A82CE4FDED9CF4FCEC718
:10037000D04FFEC0D14FB8D9D24F5B82D34F5C82F1
:10038000D44F5D82D54F5E82D64F5F82D74FD7CB99
:10039000D84FFDB7D94F6082DA4FB5D9DB4F6182B4
:1003A000DC4FB7D9DD4FA3B1DE4FE1D3DF4FB9D971
:1003B000E04F6282E14FC5D0E24F6382E34FB6D98E
:1003C000E44F6482E54F6582E64FB1D9E74F66821C
:1003D000E84FB2D9E94FA9C1EA4FB3D9EB4F6782D1
:1003E000EC4F6882ED4FF3BCEE4FDED0EF4FA9B873
:1003F000F04F6982F14FE3BEF24F6A82F34FBDD9ED
:10040000F44F6B82F54F6C82F64F6D82F74F6E8220
:10041000F84FBAD9F94F6F82FA4FB3B0FB4F7082E1
:10042000FC4F7182FD4F7282FE4FC2D9FF4F738223
:100430000050748201507582025076820350778298
:10044000045078820550798206507A8207507B8268
:1004500008507C8209507D820A507E820B50808237
:100460000C50C4D90D50B6B10E5081820F50BFD977
:1004700010508282115083821250B9B51350848279
:100480001450F3BE1550858216508682175087820D
:100490001850C8CC1950F2BA1A50D0D21B508882CA
:1004A0001C50C3D91D5089821E508A821F50E8BD3E
:1004B00020508B822150ABB322508C8223508D82EE
:1004C00024508E822550C5D92650EBBE27508F82EE
:1004D0002850C6D92950BBD92A50DFC42B5090824E
:1004E0002C50BED92D50C1D92E50C0D92F50918239
:1004F00030509282315093823250948233509582A0
:10050000345096823550978236509882375099826F
:1005100038509A8239509B823A50AED53B509C82DB
:100520003C50B5D63D509D823E50E3C73F509E8221
:1005300040509F824150A0824250A1824350C8D96E
:100540004450A2824550A3824650A4824750D9BC51
:100550004850CAD94950A5824A50A6824B50A7821A
:100560004C50BCD94D50A8824E50CBD94F50ABC641
:100570005050A9825150AA825250AB825350AC8243
:100580005450AD825550C9D95650AE825750AF82A3
:100590005850B0825950B1825A50F6D75B50B2824F
:1005A0005C50A3CD5D50B3825E50B4825F50B58283
:1005B0006050B6826150B7826250B8826350B9828F
:1005C0006450BA826550A1BD6650BB826750BC8240
:1005D0006850BD826950BE826A50BF826B50C08233
:1005E0006C50CCD96D50C1826E50C2826F50C382A4
:1005F0007050C4827150C5827250C6827350C782D7
:100600007450C8827550C9827650BCC57750B5CD3C
:100610007850CA827950CB827A50CC827B50CDD927
:100620007C50CD827D50CE827E50C7D97F50A5B3FD
:100630008050FEBF8150CF828250D0828350D182C1
:100640008450D2828550B5B88650D3828750D482E8
:100650008850FCC08950D5828A50D6828B50D78270
:100660008C50D8828D50F8B08E50D9828F50DA825B
:100670009050DB829150DC829250DD829350DE827A
:100680009450DF829550E0829650E1829750E2824A
:100690009850E3829950E4829A50E5829B50E6821A
:1006A0009C50E7829D50E8829E50E9829F50EA82EA
:1006B000A050EB82A150EC82A250ED82A350F6B480
:1006C000A450EE82A550CED9A650EF82A750CFD924
:1006D000A850A2B4A950D0D9AA50F082AB50F18250
:1006E000AC50DFB4AD50F282AE50F382AF50F48222
:1006F000B050F582B150F682B250C1B0B350F7821B
:10070000B450F882B550F982B650FA82B750FB82E5
:10071000B850FC82B950FD82BA50D1D9BB50B5C98E
:10072000BC50FE82BD504083BE504183BF504283C7
:10073000C0504383C1504483C2504583C350468355
:10074000C4504783C5504883C6504983C7504A8325
:10075000C8504B83C9504C83CA504D83CB504E83F5
:10076000CC504F83CD505083CE505183CF50F1CFDA
:10077000D0505283D1505383D2505483D350558399
:10078000D4505683D5505783D650D2D9D75058839A
:10079000D8505983D9505A83DA50C5C1DB505B8396
:1007A000DC505C83DD505D83DE505E83DF505F8311
:1007B000E0506083E1506183E2506283E3506383E1
:1007C000E4506483E5506583E650D6D9E750AEC95E
:1007D000E8506683E9506783EA506883EB50698389
:1007E000EC50D5D9ED50D4D9EE50D7D9EF506A831B
:1007F000F0506B83F1506C83F2506D83F350DBCB80
:10080000F4506E83F550A9BDF6506F83F750708396
:10081000F8507183F9507283FA507383FB50A7C666
:10082000FC507483FD507583FE507683FF507783B0
:10083000005178830151798302517A8303517B837C
:1008400004517C8305517D830651D3D90751D8D9F2
:1008500008517E83095180830A5181830B51D9D974
:100860000C5182830D5183830E5184830F518583F4
:1008700010518683115187831251E5C81351888323
:100880001451898315518A8316518B8317518C8398
:1008900018518D8319518E831A518F831B51908368
:1008A0001C5191831D5192831E5193831F51948338
:1008B000205195832151DCC0225196832351978387
:1008C000245198832551998326519A8327519B83DC
:1008D00028519C8329519D832A519E832B519F83AC
:1008E0002C51A0832D51A1832E51A2832F51A3837C
:1008F0003051A4833151A5833251A6833351A7834C
:100900003451A8833551A9833651AA833751AB831B
:100910003851AC833951AD833A51AE833B51AF83EB
:100920003C51B0833D51B1833E51B2833F51F9B642
:100930004051A3D84151CAD44251B3834351AAD4A0
:100940004451D6D04551E4B34651D7D54751B4832D
:100950004851C8CF4951E2B94A51B5834B51CBBF39
:100960004C51B6834D51E2C34E51B7834F51B883BA
:100970005051B9835151D2B65251BA835351BB83AE
:100980005451C3CD5551EED95651F0D95751BC836E
:100990005851BD835951BE835A51B3B55B51BF8382
:1009A0005C51B5B65D51C0835E51C1835F51C28356
:1009B0006051C3836151C4836251A4BE6351C58336
:1009C0006451C6836551EBC86651C7836751C883BC
:1009D0006851ABC86951C9836A51CA836B51CBB0A6
:1009E0006C51ABB96D51F9C16E51E2D96F51CB83E6
:1009F0007051BCC07151B2B97251CC837351D8B926
:100A00007451CBD07551F8B17651E4C67751DFBE41
:100A10007851E4B57951C8D77A51CD837B51F8D15B
:100A20007C51E6BC7D51DECA7E51CE837F51CF839F
:100A30008051BDBC8151E6D98251E7D88351D08322
:100A40008451D1838551DAC48651D2838751D383AF
:100A50008851D4B88951BDC88A51D4838B51D5836C
:100A60008C51E1B28D51D9D48E51D6838F51D78319
:100A70009051D8839151D9839251B0C39351DA8365
:100A80009451DB839551E1C39651A2DA9751DFC8A7
:100A90009851DC839951B4D09A51DD839B51FCBEAF
:100AA0009C51A9C59D51DE839E51DF839F51E083F8
:100AB000A051DAB9A151E183A251A3DAA351E28393
:100AC000A451A9D4A551A4DAA651E383A751E48384
:100AD000A851E583A951E683AA51E783AB51FBD91D
:100AE000AC51ACB6AD51E883AE51E983AF51EBB731
:100AF000B051F9B1B151FCD9B251E5B3B351F6BE21
:100B0000B451EA83B551F6BFB651B1D2B751E4C082
:100B1000B851EB83B951EC83BA51ED83BB51B3B6F5
:100B2000BC51FED9BD51FDD9BE51EE83BF51EF83FB
:100B3000C051BBBEC151F083C251F183C351F28396
:100B4000C451E0C6C551F383C651BCD7C751A1DA21
:100B5000C851F483C951B9C1CA51F583CB51F2B51B
:100B6000CC51E8C1CD51F683CE51F783CF51F5BCBE
:100B7000D051F883D151D5B4D251F983D351FA83EE
:100B8000D451FB83D551FC83D651FD83D751FE83CD
:100B9000D8514084D9514184DA514284DB51DDC1BE
:100BA000DC514384DD51FDC4DE514484DF51458472
:100BB000E051B8BCE151B2B7E2514684E3514784F9
:100BC000E451EFB7E5514884E6514984E7514A843E
:100BD000E8514B84E9514C84EA514D84EB51ECD9F6
:100BE000EC514E84ED51BEC6EE514F84EF51ADBF76
:100BF000F051CBBBF1515084F2515184F351CAB53D
:100C0000F4515284F551C9DBF651D7D0F7515384D2
:100C1000F851B9CDF951BCB0FA51F6B3FB51F7BB5D
:100C2000FC51CADBFD51AFBAFE515484FF51E4D4EC
:100C30000052B6B50152F3B50252D6D80352D0C80D
:100C400004525584055256840652D6B70752D0C76F
:100C50000852D7D8095257840A52AFBF0B52588452
:100C60000C5259840D52BBDB0E52D8D80F525A8405
:100C700010525B841152CCD01252AEBB13525C8422
:100C800014525D8415525E841652BEEB1752D0C1C9
:100C90001852F5C11952F2D41A52D5B81B52B4B435
:100CA0001C525F841D52F5B31E5260841F52618432
:100CB0002052BEC92152628422526384235264842A
:100CC0002452D0C5255265842652668427526784F3
:100CD0002852D9C52952FBC02A5268842B52F0B140
:100CE0002C5269842D52D9D82E52CEB92F526A84F3
:100CF0003052BDB531526B8432526C843352DAD8E3
:100D000034526D8435526E843652C6D63752A2CBD9
:100D10003852AFC83952B2C93A52CCB43B52CCBFA8
:100D20003C526F843D52F4B93E5270843F52DBD83E
:100D30004052DCD84152E7B64252C1BC4352EACCE1
:100D4000445271844552728446527384475274846B
:100D500048527584495276844A52F7CF4B52778471
:100D60004C52DDD84D52B0C74E5278844F527984E0
:100D70005052D0B95152A3BD52527A8453527B84FF
:100D80005452DECC55527C845652CAC657527D848A
:100D900058527E84595280845A5281845B52828494
:100DA0005C52E0D85D5283845E52DED85F52848408
:100DB000605285846152DFD8625286846352878490
:100DC000645288846552FEB0665289846752E7BED9
:100DD00068528A846952A3CA6A52F4BC6B528B84EB
:100DE0006C528C846D528D846E528E846F52B1B869
:100DF00070528F84715290847252EEB87352918403
:100E00007452928475529384765294847752958466
:100E100078529684795297847A5298847B52998436
:100E20007C529A847D52E2D87E529B847F52CBBD05
:100E300080529C848152E4D88252E3D883529D84AC
:100E400084529E8485529F848652A0848752A184B6
:100E50008852FCC58952A2848A52A3848B52A484EE
:100E60008C52A5848D52A6848E52A7848F52A8845A
:100E70009052E5D89152A9849252AA849352E6D80E
:100E80009452AB849552AC849652AD849752AE8402
:100E90009852AF849952B0849A52B1849B52A6C1A1
:100EA0009C52B2849D52B0C89E52ECB09F52A6B9DB
:100EB000A052D3BCA152F1CEA252BDDBA352D3C1EA
:100EC000A452B384A552B484A652B584A752B68462
:100ED000A852AFB6A952FAD6AA52ACC5AB52D9BDE8
:100EE000AC52BEDBAD52BFDBAE52B784AF52B8845A
:100EF000B052B984B152F8C0B252A2BEB352CDC002
:100F0000B452BA84B552BB84B652BC84B752BD84C5
:100F1000B852BE84B952BF84BA52C084BB52C18495
:100F2000BC52C284BD52C384BE52C0DBBF52C6CACB
:100F3000C052C484C152C584C252C684C352AAB22C
:100F4000C452C784C552C884C652C984C752C2D3CA
:100F5000C852CA84C952E3C3CA52CB84CB52ABD164
:100F6000CC52CC84CD52CD84CE52CE84CF52CF84BD
:100F7000D052C2DBD152D084D252D5C0D352D18408
:100F8000D452D284D552D384D652C3DBD752D48420
:100F9000D852B1BFD952D584DA52D684DB52D78425
:100FA000DC52D884DD52D984DE52DA84DF52BCC4EC
:100FB000E052DB84E152DC84E252DD84E352DE84E1
:100FC000E452DAC7E552DF84E652E084E752E18476
:100FD000E852E284E952E384EA52E484EB52E58485
:100FE000EC52E684ED52E784EE52E884EF52E98455
:100FF000F052C4DBF152EA84F252EB84F352EC84F7
:10100000F452ED84F552EE84F652EF84F752F084F8
:10101000F852F184F952E8D9FA52D7C9FB52F28456
:10102000FC52F384FD52F484FE52B4B9FF52F0CE68
:101030000053C8D40153F5840253F6840353F78454
:101040000453F8840553FCB00653D2B40753F98413
:101050000853D9D00953FA840A53FB840B53FC84F8
:101060000C53FD840D53E9D90E53FE840F53CBDE90
:101070001053EBD9115340851253418513534285C8
:10108000145343851553B0D81653AFBB1753B1B1A2
:10109000185344851953D7B31A53CED81B534585DB
:1010A0001C5346851D53D1D41E5347851F53488575
:1010B0002053B3BD2153EFBF225349852353BBCFE8
:1010C00024534A8525534B852653D0D827534C8526
:1010D00028534D8529534E852A53CBB72B534F8523
:1010E0002C5350852D5351852E53D1D82F535285D3
:1010F0003053538531535485325355853353568578
:1011000034535785355358853653598537535A8547
:1011100038535B853953A5C63A53F8C73B53BDD204
:101120003C535C853D535D853E53D2D83F53E4C468
:1011300040535E854153AECA42535F854353A7C7B0
:10114000445360854553A6D8465361854753FDC92E
:101150004853E7CE4953DCBB4A53EBB04B5362854F
:101160004C5363854D5364854E53AABB4F53ADD04A
:10117000505365855153B0B15253E4D75353BFD741
:10118000545366855553A5B55653F4C25753CFC42F
:1011900058536785595368855A53A9B25B5369857B
:1011A0005C53B7B25D536A855E53E5B15F53B2DFFE
:1011B0006053BCD56153A8BF6253ACC26353D5D84A
:1011C0006453B1C265536B856653D4D86753D4CE8C
:1011D00068536C856953E0DA6A536D856B53C0CEF2
:1011E0006C536E856D536F856E53B4D86F53AEC319
:1011F0007053A1D37153A3CE725370857353B4BC93
:101200007453B4C87553D1C2765371857753EDBE0C
:101210007853B6D0795372857A53E1DA7B5373856C
:101220007C5374857D5375857E5376857F53E4C7E3
:1012300080537785815378858253A7B3835379850B
:101240008453F2B68553FCCC8653FAC087537A8513
:1012500088537B858953F7C08A537C858B53B9D1DA
:101260008C53E1D18D53C7D88E537D858F537E85A6
:1012700090538085915381859253828593538385C2
:10128000945384859553DEB296538585975386850E
:101290009853E5C0995387859A53F1BA9B53888533
:1012A0009C5389859D53C8D89E538A859F53ADD43E
:1012B000A0538B85A1538C85A253E1CFA353C9D8EA
:1012C000A4538D85A553CAD8A653C3CFA7538E85E3
:1012D000A853F8B3A953C7BEAA538F85AB539085C3
:1012E000AC539185AD539285AE53CBD8AF53938514
:1012F000B0539485B1539585B2539685B353978572
:10130000B4539885B5539985B653CCDBB7539A85BA
:10131000B8539B85B9539C85BA539D85BB53A5C8CB
:10132000BC539E85BD539F85BE53A085BF53D8CF68
:10133000C053A185C153FEC8C253CEB2C353A285C8
:10134000C453A385C553A485C653A585C753A68595
:10135000C853D6D3C953E6B2CA53B0BCCB53D1D3CA
:10136000CC53ABCBCD53B4B7CE53A785CF53A885C1
:10137000D053A985D153A2B7D253AA85D353AB85F5
:10138000D453E5CAD553AC85D653A1C8D753DCCACC
:10139000D853E4B1D953F0D0DA53AD85DB53D1C57E
:1013A000DC53AE85DD53AF85DE53B085DF53C5DB3F
:1013B000E053FEB5E153B185E253B285E353DABFA2
:1013C000E453C5B9E553E4BEE653EDC1E753B38535
:1013D000E853B6DFE953B5DFEA53BBD6EB53D0BDD4
:1013E000EC53D9D5ED53C8B0EE53A3B6EF53C9BFF4
:1013F000F053A8CCF153B3DFF253B7CAF353D2D3AF
:10140000F453B485F553CFD8F653B6D2F753C5BAD3
:10141000F853BECBF953BECCFA53B585FB53B7DFB7
:10142000FC53F0B5FD53B4DFFE53B685FF53B785CB
:101430000054B8850154F5D30254B9850354D4B38C
:101440000454F7B80554BA850654BADF0754BB856F
:101450000854CFBA0954AABC0A54F5B50B54BC853C
:101460000C54ACCD0D54FBC30E54F3BA0F54F4C05E
:101470001054C2CD1154F2CF1254B8DF1354C5CF5B
:101480001454BD851554C0C21654B9DF1754F0C2A8
:101490001854BE851954BF851A54C0851B54FDBE0F
:1014A0001C54C1851D54DFC11E54CCCD1F54F7D22E
:1014B0002054CDB72154C1DF2254C2852354C4DF48
:1014C0002454C3852554C4852654F1B72754C9B084
:1014D0002854D6B62954D4B72A54C5852B54ACBA4F
:1014E0002C54FDCC2D54D4BF2E54B1CB2F54F4C664
:1014F0003054C6853154A8D63254C5DF3354C7851D
:101500003454E2CE3554B3B33654C8853754C98504
:101510003854FCCE3954B5B43A54CA853B54C7CE7E
:101520003C54F0BA3D54CB853E54E1CE3F54CC857B
:101530004054BDD14154CD854254CE854354C0DF83
:101540004454CF854554D0854654F4B44754D1858E
:101550004854CAB34954D2854A54E6B84B54BBDF09
:101560004C54D3854D54D4854E54D5854F54D6858F
:101570005054C5C45154D7855254BCDF5354BDDFB9
:101580005454BEDF5554BBC55654BFDF5754C2DF59
:101590005854B1D45954C3DF5A54D8855B54BAC790
:1015A0005C54D8CE5D54D9855E54DA855F54DB85B2
:1015B0006054DC856154DD856254D8C46354DE8593
:1015C0006454CADF6554DF856654CFDF6754E08515
:1015D0006854DCD66954E1856A54E2856B54E3852E
:1015E0006C54E4856D54E5856E54E6856F54E7854B
:1015F0007054E8857154C9DF7254DADF7354B6CE83
:101600007454E9857554C7BA7654CEDF7754C8DF71
:101610007854DEC57954EA857A54EB857B54EBC95E
:101620007C54F4BA7D54FCC37E54EC857F54ED8524
:101630008054D7BE8154EE858254C6DF8354EF8533
:101640008454CDDF8554F0858654D8C58754F18500
:101650008854F2858954F3858A54F4858B54A6D531
:101660008C54CDBA8D54F5858E54CCBE8F54BDD3D9
:101670009054C0B89154F6859254E4D69354F785AB
:101680009454C7DF9554BEB99654A7BF9754F885B4
:101690009854F9859954FCC19A54CBDF9B54CCDF04
:1016A0009C54FA859D54D0DF9E54FB859F54FC8545
:1016B000A054FD85A154FE85A2544086A354DBDFCF
:1016C000A454E5DFA5544186A654D7DFA754D6DF3E
:1016D000A854C9D7A954E3DFAA54E4DFAB54EBE51F
:1016E000AC54A7D2AD54D2DFAE544286AF54A9BF9A
:1016F000B0544386B154DBD4B2544486B354C8BF0B
:10170000B454D4DFB5544586B6544686B75447869C
:10171000B854CCCFB9544886BA544986BB54DDDF9F
:10172000BC544A86BD54CAD1BE544B86BF54DEDF7A
:10173000C054A7B0C154B7C6C254D3DFC3544C86FB
:10174000C454E5BAC5544D86C654DFB6C754DBCD84
:10175000C854FEB9C954D5D4CA544E86CB544F860A
:10176000CC54DFDFCD54ECCFCE54A5B0CF54E7DF5F
:10177000D054D1DFD154C6D1D254D5DFD354D8DF21
:10178000D454D9DFD554DCDFD6545086D754A9BB06
:10179000D8545186D954E0DFDA54E1DFDB54528665
:1017A000DC54E2DFDD54E6DFDE54E8DFDF54B4D39F
:1017B000E0545386E1545486E2545586E3545686E9
:1017C000E4545786E554E7B8E654B6C5E754EADF73
:1017D000E854DAC9E954A8C1EA54C4C4EB545886A1
:1017E000EC545986ED54DEBFEE54F8CFEF545A86D0
:1017F000F0545B86F1545C86F254DCD5F354EEDF92
:10180000F4545D86F5545E86F6545F86F754608620
:10181000F8546186F9546286FA54B8B2FB54638670
:10182000FC54DFBAFD54ECDFFE546486FF54C1DB88
:10183000005565860155E4D10255668603556786D5
:1018400004556886055569860655F4CB0755BDB421
:1018500008556A860955A6B00A556B860B556C86E5
:101860000C556D860D556E860E556F860F55F1DF42
:101870001055C6CC1155F2DF12557086135571867E
:101880001455EDDF155572861655738617557486F7
:1018900018557586195576861A5577861B55E9DFD2
:1018A0001C5578861D5579861E557A861F557B8670
:1018B0002055EBDF21557C862255EFDF2355F0DFE5
:1018C0002455BDBB25557D8626557E862755F3DFDD
:1018D00028558086295581862A55F4DF2B55828626
:1018E0002C55A3BB2D5583862E55DBCA2F55A8CE6C
:1018F0003055A7E03155AAB3325584863355A6E05A
:101900003455858635558686365587863755A1E008
:1019100038558886395589863A558A863B558B864F
:101920003C55FEDF3D558C863E55D9CD3F55FCDFFD
:1019300040558D864155FADF42558E864355D0BFBE
:101940004455C4D745558F864655CCC947559086D2
:10195000485591864955F8DF4A55A1B04B559286B6
:101960004C5593864D5594864E5595864F55968683
:101970005055FDDF51559786525598865355998697
:1019800054559A865555FBDF5655A2E057559B8610
:1019900058559C8659559D865A559E865B559F86FF
:1019A0005C55A8E05D55A0865E55A1865F55A28670
:1019B0006055A3866155C8B76255A4866355A58650
:1019C0006455A1C66555B6C96655B2C06755F5DF01
:1019D0006855A6866955A7866A55BEC56B55A88603
:1019E0006C55C4D86D55F9DF6E55F6C46F55A98690
:1019F0007055AA867155AB867255AC867355AD8607
:101A00007455AE867555A3E07655A4E07755A5E0EC
:101A10007855A5D07955AF867A55B0867B55B4E018
:101A20007C55E4CC7D55B1867E55B1E07F55B286BC
:101A30008055A6BF8155AFE08255B9CE8355ABE046
:101A40008455C6C98555B3868655B4868755AEC0BC
:101A50008855AEE08955EDBA8A55B0BA8B55A9E0E4
:101A60008C55B5868D55B6868E55B7868F55F6DF63
:101A70009055B8869155B3E09255B9869355BA867C
:101A80009455B8E09555BB869655BC869755BD864E
:101A90009855ADB49955B9E09A55BE869B55BF8609
:101AA0009C55B2CF9D55C8BA9E55C0869F55B0E093
:101AB000A055C186A155C286A255C386A355C4862A
:101AC000A455C586A555C686A655C786A755FAD07E
:101AD000A855C886A955C986AA55CA86AB55CB86CE
:101AE000AC55CC86AD55CD86AE55CE86AF55CF869E
:101AF000B055D086B155ACE0B255D186B355FBD4C4
:101B0000B455D286B555F7DFB655D386B755E7C578
:101B1000B855D486B955ADE0BA55D586BB55F7D37F
:101B2000BC55D686BD55B6E0BE55B7E0BF55D78685
:101B3000C055D886C155D986C255DA86C355DB86CD
:101B4000C455C4E0C555E1D0C655DC86C755DD8611
:101B5000C855DE86C955BCE0CA55DF86CB55E08640
:101B6000CC55C9E0CD55CAE0CE55E186CF55E286C9
:101B7000D055E386D155BEE0D255AAE0D355A4C9CD
:101B8000D455C1E0D555E486D655B2E0D755E586A3
:101B9000D855E686D955E786DA55E886DB55E986D5
:101BA000DC55C8CADD55C3E0DE55EA86DF55B5E031
:101BB000E055EB86E155CBCEE255EC86E355C3CB41
:101BC000E455CDE0E555C6E0E655C2E0E755ED86C3
:101BD000E855CBE0E955EE86EA55BAE0EB55BFE0B3
:101BE000EC55C0E0ED55EF86EE55F086EF55C5E0BB
:101BF000F055F186F155F286F255C7E0F355C8E08D
:101C0000F455F386F555CCE0F655F486F755BBE070
:101C1000F855F586F955F686FA55F786FB55F88698
:101C2000FC55F986FD55D4CBFE55D5E0FF55FA8617
:101C30000056D6E00156D2E00256FB860356FC86DB
:101C40000456FD860556FE86065640870756418790
:101C50000856D0E00956CEBC0A5642870B56438739
:101C60000C56D1E00D5644870E56C2B80F56C5D853
:101C70001056458711564687125647871356488790
:101C80001456498715564A8716564B8717564C8760
:101C90001856EAD019564D871A564E871B56EFC272
:101CA0001C564F871D5650871E56CFE01F56BDE06D
:101CB0002056518721565287225653872356D4E007
:101CC0002456D3E025565487265655872756D7E005
:101CD00028565687295657872A5658872B5659878C
:101CE0002C56DCE02D56D8E02E565A872F565B87AF
:101CF00030565C873156F6D63256B0B333565D87D0
:101D00003456ECD735565E873656BBCB37565F8791
:101D1000385660873956DAE03A5661873B56FBCE33
:101D20003C5662873D5663873E5664873F56D9BA14
:101D3000405665874156668742566787435668878F
:101D40004456698745566A8746566B8747566C875F
:101D500048566D8749566E874A566F874B5670872F
:101D60004C56E1E04D56DDE04E56ADD24F567187F0
:101D700050567287515673875256748753567587DB
:101D80005456E2E055567687565677875756DBE02D
:101D90005856D9E05956DFE05A5678875B5679870E
:101DA0005C56E0E05D567A875E567B875F567C879F
:101DB00060567D8761567E876256DEE06356808777
:101DC0006456E4E065568187665682876756838746
:101DD0006856F7C66956ACD86A56EBD46B56E6E03F
:101DE0006C56C9CA6D5684876E5685876F5686872E
:101DF000705687877156E5E07256888773568987D3
:101E000074568A8775568B877656C1B877568C87F5
:101E100078568D8779568E877A568F877B56E7E07E
:101E20007C56E8E07D5690877E5691877F56928754
:101E300080569387815694878256958783569687D6
:101E4000845697878556E9E08656E3E0875698875B
:101E50008856998789569A878A569B878B569C877E
:101E60008C569D878D569E878E56BFBA8F56E7CC6F
:101E700090569F879156A0879256A1879356EAE085
:101E80009456A2879556A3879656A4879756A587FA
:101E90009856A6879956A7879A56A8879B56A987CA
:101EA0009C56AA879D56AB879E56AC879F56AD879A
:101EB000A056AE87A156AF87A256B087A356F9CFDA
:101EC000A456B187A556B287A656B387A756B4873E
:101ED000A856B587A956B687AA56B787AB56B8870E
:101EE000AC56B987AD56BA87AE56BB87AF56EBE056
:101EF000B056BC87B156BD87B256BE87B356BF87B2
:101F0000B456C087B556C187B656C287B756C2C841
:101F1000B856C387B956C487BA56C587BB56C68755
:101F2000BC56C0BDBD56C787BE56C887BF56C987F9
:101F3000C056CA87C156CB87C256CC87C356CD87F9
:101F4000C456CE87C556CF87C656D087C756D187C9
:101F5000C856D287C956D387CA56D2C4CB56D4875F
:101F6000CC56D587CD56D687CE56D787CF56D8876D
:101F7000D056D987D156DA87D256DB87D356DC873D
:101F8000D456ECE0D556DD87D656DE87D756EDE041
:101F9000D856DF87D956E087DA56F4C7DB56C4CB6C
:101FA000DC56E187DD56EEE0DE56D8BBDF56B6D80C
:101FB000E056F2D2E156EFE0E256C5CDE356E287B5
:101FC000E456DAB6E556E387E656E487E756E58752
:101FD000E856E687E956E787EA56E887EB56F1E0E8
:101FE000EC56E987ED56B0D4EE56EA87EF56EB870C
:101FF000F056A7C0F156D1B4F256EC87F356ED87F0
:10200000F456A7CEF556F0E0F656EE87F756EF8772
:10201000F856F087F956F2E0FA56CCB9FB56F1873C
:10202000FC56F287FD56FAB9FE56BCCDFF56F3E0DA
:102030000057F3870157F4870257F5870357D4C633
:102040000457F4E00557F6870657B2D40757F787C9
:102050000857A6C80957F6E00A57F5E00B57F88766
:102060000C57F9870D57FA870E57FB870F57FC87D8
:102070001057FD871157FE87125740881357418824
:102080001457428815574388165744881757458870
:1020900018574688195747881A5748881B57498840
:1020A0001C57F7E01D574A881E574B881F57C1CD54
:1020B00020574C8821574D8822574E882357A5CA50
:1020C00024574F88255750882657518827575288BC
:1020D0002857DAD42957D7DB2A57D9DB2B5753880F
:1020E0002C57D8DB2D57E7B92E57DCDB2F57DDDB1C
:1020F0003057D8B531575488325755883357DADBC3
:10210000345756883557578836575888375759881F
:1021100038575A883957DBDB3A57A1B33B57DFDBD7
:102120003C575B883D575C883E57F8BB3F575D88FE
:102130004057B7D641575E884257E0DB43575F8828
:102140004457608845576188465762884757F9BEAB
:1021500048576388495764884A57BBB74B576588C7
:102160004C57D0DB4D57AECC4E57B2BF4F57B5BBD7
:102170005057F8D75157D3BF52576688535767887F
:10218000545768885557698856576A885757E9BF22
:1021900058576B8859576C885A57E1BC5B57B3CC7A
:1021A0005C57DEDB5D57D3B05E57EBCE5F57D8B7D9
:1021B0006057B9D76157C2C662576D8863576E883A
:1021C0006457A4C065576F886657B9CC6757708845
:1021D0006857E7DB6957E1DB6A57BAC66B57E3DB41
:1021E0006C5771886D57E8DB6E5772886F57F7C56B
:1021F0007057738871577488725775887357EADB04
:1022000074577688755777887657E9DB7757C0BF5C
:1022100078577888795779887A577A887B57E6DBB8
:102220007C57E5DB7D577B887E577C887F577D8890
:1022300080577E88815780888257B9B48357ACC055
:102240008457A2C28557E2DB8657E4DB8757818833
:1022500088578288895783888A5784888B57CDD03E
:102260008C57EDDB8D5785888E5786888F578788EA
:1022700090578888915789889257DDC09357F2DB31
:1022800094578A8895578B8896578C8897578D884E
:1022900098578E8899578F889A5790889B57E2B69F
:1022A0009C5791889D5792889E5793889F579488F2
:1022B000A057F3DBA157D2DBA257B8B9A357ABD4D1
:1022C000A457ECDBA5579588A657D1BFA757F0DBDD
:1022D000A8579688A957D1DBAA579788AB57E6B578
:1022E000AC579888AD57EBDBAE57E5BFAF57998831
:1022F000B0579A88B1579B88B257EEDBB3579C888A
:10230000B457F1DBB5579D88B6579E88B7579F885D
:10231000B857F9DBB957A088BA57A188BB57A2882C
:10232000BC57A388BD57A488BE57A588BF57A688A9
:10233000C057A788C157A888C257A1B9C357A3B02F
:10234000C457A988C557AA88C657AB88C757AC8851
:10235000C857AD88C957AE88CA57AF88CB57F1C2A6
:10236000CC57B088CD57B188CE57C7B3CF57EFDB26
:10237000D057B288D157B388D257F8DBD357B48837
:10238000D457D2C6D557F4DBD657B588D757B688B9
:10239000D857F5DBD957F7DBDA57F6DBDB57B788C9
:1023A000DC57B888DD57FEDBDE57B988DF57F2D33C
:1023B000E057BAB2E157BA88E257BB88E357BC8806
:1023C000E457FDDBE557BD88E657BE88E757BF8871
:1023D000E857C088E957C188EA57C288EB57C388D5
:1023E000EC57C488ED57A4DCEE57C588EF57FBDBEC
:1023F000F057C688F157C788F257C888F357C9887D
:10240000F457FADBF557CA88F657CB88F757CC88CC
:10241000F857FCDBF957E0C5FA57F9BBFB57CD88F5
:10242000FC57CE88FD57A3DCFE57CF88FF57D088D6
:102430000058A5DC0158D1880258C3CC0358D28873
:102440000458D3880558D4880658D1B60758C0DD3B
:102450000858D5880958D6880A58D7880B58A1DC5F
:102460000C58D8880D58A2DC0E58D9880F58DA8835
:102470001058DB881158B5C71258DC881358DD880E
:102480001458DE881558E9B61658DF881758E088C2
:102490001858E1881958A7DC1A58E2881B58E388B5
:1024A0001C58E4881D58E5881E58A6DC1F58E6888D
:1024B0002058A9DC2158A4B12258E7882358E8887D
:1024C0002458CCB52558E9882658EA882758EB883F
:1024D0002858EC882958ED882A58B0BF2B58EE8828
:1024E0002C58EF882D58F0882E58F1882F58F288F4
:1024F0003058DFD13158F3883258F4883358F58892
:102500003458F6883558C2B63658F7883758F888A0
:102510003858F9883958FA883A58FB883B58FC886B
:102520003C58FD883D58FE883E5840893F584189B7
:102530004058428941584389425844894358458903
:102540004458A8DC45584689465847894758488921
:102550004858498949584A894A584B894B584C89A7
:102560004C58FACB4D58F3EB4E584D894F584E8985
:1025700050584F895158DCCB525850895358518983
:102580005458FECB55585289565853895758548938
:102590005858C1CC595855895A5856895B5857894B
:1025A0005C5858895D5859895E58FBC85F585A89EC
:1025B00060585B8961585C8962585D8963585E899F
:1025C00064585F896558AADC6658608967586189D4
:1025D00068586289695863896A5864896B58EECC77
:1025E0006C58ABDC6D5865896E5866896F58678981
:1025F000705868897158698972586A8973586B89EB
:1026000074586C8975586D8976586E8977586F89BA
:1026100078587089795871897A5872897B5873898A
:102620007C5874897D5875897E58D3DB7F587689AC
:102630008058AFDC8158ACDC825877898358B3BEB0
:10264000845878898558FBCA8658798987587A8949
:1026500088587B898958ADDC8A587C898B587D895C
:102660008C587E898D5880898E5881898F588289AF
:1026700090588389915884899258CAC99358B9C48B
:102680009458858995588689965887899758888956
:10269000985889899958BDC79A58AEDC9B588A8941
:1026A0009C588B899D588C899E58F6D49F58E6D0AB
:1026B000A0588D89A1588E89A2588F89A3589089D6
:1026C000A4589189A5589289A6589389A7589489A6
:1026D000A858ABC4A958D5B6AA589589AB589689BD
:1026E000AC589789AD589889AE589989AF589A894E
:1026F000B0589B89B1589C89B2589D89B3589E891E
:10270000B4589F89B558A089B658A189B758A289ED
:10271000B858A389B958A489BA58A589BB58A689BD
:10272000BC58D4DBBD58A789BE58A889BF58A98911
:10273000C058AA89C158DAB1C258AB89C358AC890C
:10274000C458AD89C558D5DBC658AE89C758AF89BE
:10275000C858B089C958B189CA58B289CB58B38909
:10276000CC58B489CD58B589CE58B689CF58B789D9
:10277000D058B889D158D6DBD258B989D358BA893C
:10278000D458BB89D558BEBAD658BC89D758BD894C
:10279000D858BE89D958BF89DA58C089DB58C18951
:1027A000DC58C289DD58C389DE58C489DF58C58921
:1027B000E058C689E158C789E258C889E358C989F1
:1027C000E458C0C8E558CA89E658CB89E758CC898F
:1027D000E858CD89E958CE89EA58CF89EB58BFCA65
:1027E000EC58C9C8ED58D089EE58B3D7EF58D18905
:1027F000F058F9C9F158D289F258D389F358C7BFB4
:10280000F458D489F558D589F658F8BAF758D689C6
:10281000F858D789F958BCD2FA58D889FB58D989C1
:10282000FC58DA89FD58DB89FE58DC89FF58DD89C0
:102830000059DE890159DF890259BAE20359E0895A
:102840000459A6B40559E1890659E2890759B8B176
:102850000859E3890959E4890A59E5890B59E68938
:102860000C59E7890D59B4B80E59E8890F59C4CFEE
:102870001059E9891159EA891259EB891359EC89E0
:102880001459E7D91559A6CF1659E2CD1759ED8934
:102890001859EE891959EDD91A59E0B61B59EF8923
:1028A0001C59B9D21D59F0891E59F1891F59BBB95C
:1028B0002059F2892159F3892259F4892359F5893C
:1028C0002459B9E22559B7E22659F6892759F3B4B4
:1028D0002859F7892959ECCC2A59ABCC2B59F2B796
:1028E0002C59F8892D59B2D82E59EBD12F59BBBA92
:1028F0003059F9893159A7CA3259FA893359FB89B4
:102900003459B7CD3559FC893659FD893759C4D268
:102910003859E4BF3959D0BC3A59E1B63B59FE8920
:102920003C59C5DE3D59408A3E59418A3F59428A49
:102930004059438A4159C6DE4259BCDB4359448A57
:102940004459D9D14559458A4659468A4759E6C618
:102950004859CEC44959EEB74A59478A4B59DCB752
:102960004C59488A4D59498A4E59FCBF4F59E0D7B6
:1029700050594A8A5159F5C652594B8A53594C8A73
:102980005459BCB15559C8DE5659B1BD5759D7CC69
:102990005859CADE59594D8A5A59C9DE5B594E8A6F
:1029A0005C594F8A5D59508A5E59518A5F59528AE3
:1029B0006059ECB56159538A6259DDC96359548A2B
:1029C0006459558A6559C2B06659568A6759578AFB
:1029D0006859588A6959598A6A595A8A6B595B8A5F
:1029E0006C595C8A6D595D8A6E595E8A6F595F8A2F
:1029F0007059608A7159618A7259628A7359AEC579
:102A00007459ABC57559638A7659CCC47759648AB1
:102A10007859E9BC7959FDCB7A59658A7B59668A20
:102A20007C59678A7D59C3BA7E59688A7F59698AF9
:102A300080596A8A8159F9E58259E7C88359FAE5CC
:102A40008459FDCD85596B8A8659B1D78759BEB84F
:102A50008859E8C289596C8A8A59D1C88B596D8ABC
:102A60008C596E8A8D59FBE58E596F8A8F59708A01
:102A70009059718A9159728A9259CAB69359CBBCAE
:102A80009459738A9559748A9659FDD19759A1E63C
:102A90009859758A9959EEC39A59768A9B59778ABB
:102AA0009C59788A9D59798A9E59A4E69F597A8AB9
:102AB000A0597B8AA1597C8AA2597D8AA359FEE537
:102AC000A459A5E6A559D7CDA6597E8AA759808ACB
:102AD000A859C1B7A959FCE5AA59FDE5AB59A3E628
:102AE000AC59818AAD59828AAE59DDC4AF59A8E686
:102AF000B059838AB159848AB259A7E6B359858AF5
:102B0000B459868AB559878AB659888AB759898A45
:102B1000B8598A8AB959C3C3BA598B8ABB59DEC618
:102B2000BC598C8ABD598D8ABE59AAE6BF598E8A76
:102B3000C0598F8AC159908AC259918AC359928AC1
:102B4000C459938AC559948AC659B7C4C759958A36
:102B5000C859968AC959978ACA59A2E6CB59BCCA9C
:102B6000CC59988ACD59998ACE599A8ACF599B8A3D
:102B7000D059E3BDD159C3B9D259A6E6D359D5D05E
:102B8000D459AFCED5599C8AD6599D8AD759A9E632
:102B9000D859B0E6D9599E8ADA59A6D2DB599F8A0C
:102BA000DC59AABDDD59ADE6DE59A08ADF59A18AFC
:102BB000E059A28AE159A38AE259A48AE359AFE60F
:102BC000E459A58AE559D1C0E659A68AE759A78AEA
:102BD000E859CCD2E959A88AEA59A98AEB59AA8AB4
:102BE000EC59A7BCED59AB8AEE59AC8AEF59AD8AC6
:102BF000F059AE8AF159AF8AF259B08AF359B18AC5
:102C0000F459B28AF559B38AF659B48AF759B58A94
:102C1000F859B68AF959B1E6FA59B78AFB59F6D28A
:102C2000FC59B88AFD59B98AFE59BA8AFF59CBD7DF
:102C3000005ABB8A015AFECD025ABC8A035ADECD25
:102C4000045AA6C2055AABE6065AACE6075ABFBDFF
:102C5000085AAEE6095AB3E60A5ABD8A0B5ABE8A2A
:102C60000C5AB2E60D5ABF8A0E5AC08A0F5AC18A50
:102C7000105AC28A115AB6E6125AC38A135AB8E6D3
:102C8000145AC48A155AC58A165AC68A175AC78A48
:102C9000185AEFC4195AC88A1A5AC98A1B5ACA8ABA
:102CA0001C5AC8C41D5ACB8A1E5ACC8A1F5AEABE67
:102CB000205AEFC9215ACD8A225ACE8A235AB7E622
:102CC000245ACF8A255AF0B6265AD08A275AD18A52
:102CD000285AD28A295AE4C32A5AD38A2B5AD48A28
:102CE0002C5AD58A2D5AD68A2E5AD78A2F5AD88A44
:102CF000305AD98A315AE9D3325AB4E6335ADA8A89
:102D0000345AB5E6355ADB8A365AA2C8375ADC8AB5
:102D1000385ADD8A395ADE8A3A5ADF8A3B5AE08AC3
:102D20003C5ABDE63D5AE18A3E5AE28A3F5AE38A5E
:102D3000405AB9E6415AE48A425AE58A435AE68A39
:102D4000445AE78A455AE88A465AC5C6475AE98A24
:102D5000485AEA8A495AF1CD4A5ABBE64B5AEB8A9D
:102D60004C5AEC8A4D5AED8A4E5AEE8A4F5AEF8AE7
:102D7000505AF08A515AF18A525AF28A535AF38AB7
:102D8000545AF48A555ABCE6565AF58A575AF68A66
:102D9000585AF78A595AF88A5A5AE9BB5B5AF98A3B
:102DA0005C5AFA8A5D5AFB8A5E5AFC8A5F5AFD8A2F
:102DB000605AFE8A615A408B625ABEE6635A418B62
:102DC000645A428B655A438B665A448B675ABAE6FB
:102DD000685A458B695A468B6A5AB7C06B5A478BFB
:102DE0006C5A488B6D5A498B6E5A4A8B6F5A4B8B73
:102DF000705A4C8B715A4D8B725A4E8B735A4F8B43
:102E0000745AA4D3755ABFE6765AF4C9775AC3E602
:102E1000785A508B795A518B7A5AC4E67B5A528B26
:102E20007C5A538B7D5A548B7E5A558B7F5AF6D0E1
:102E3000805A568B815A578B825A588B835A598B9A
:102E4000845A5A8B855A5B8B865A5C8B875A5D8B6A
:102E5000885A5E8B895A5F8B8A5A608B8B5A618B3A
:102E60008C5A628B8D5A638B8E5A648B8F5A658B0A
:102E7000905A668B915A678B925ABDC3935A688B4E
:102E8000945A698B955A6A8B965A6B8B975A6C8BAE
:102E9000985A6D8B995A6E8B9A5AC4C39B5AC2E644
:102EA0009C5A6F8B9D5A708B9E5A718B9F5A728B56
:102EB000A05A738BA15A748BA25A758BA35A768B26
:102EC000A45A778BA55A788BA65A798BA75A7A8BF6
:102ED000A85A7B8BA95A7C8BAA5AC1E6AB5A7D8B28
:102EE000AC5A7E8BAD5A808BAE5A818BAF5A828B97
:102EF000B05A838BB15A848BB25AC7E6B35AB1CF5A
:102F0000B45A858BB55AF4EBB65A868BB75A878B71
:102F1000B85ACAE6B95A888BBA5A898BBB5A8A8B77
:102F2000BC5A8B8BBD5A8C8BBE5AC5E6BF5A8D8B53
:102F3000C05A8E8BC15ADEBCC25AA9C9C35A8F8BE4
:102F4000C45A908BC55A918BC65A928BC75A938B91
:102F5000C85A948BC95AB5BCCA5A958BCB5A968B12
:102F6000CC5AD3CFCD5A978BCE5A988BCF5A998BB8
:102F7000D05A9A8BD15A9B8BD25AC8E6D35A9C8B83
:102F8000D45AC9E6D55A9D8BD65ACEE6D75A9E8BCF
:102F9000D85AD0E6D95A9F8BDA5AA08BDB5AA18B2C
:102FA000DC5AD1E6DD5AA28BDE5AA38BDF5AA48B02
:102FB000E05ACBE6E15AD5B5E25AA58BE35ACCE606
:102FC000E45AA68BE55AA78BE65ACFE6E75AA88BB8
:102FD000E85AA98BE95ADBC4EA5AAA8BEB5AC6E62F
:102FE000EC5AAB8BED5AAC8BEE5AAD8BEF5AAE8BE5
:102FF000F05AAF8BF15ACDE6F25AB08BF35AB18B3F
:10300000F45AB28BF55AB38BF65AB48BF75AB58B88
:10301000F85AB68BF95AB78BFA5AB88BFB5AB98B58
:10302000FC5ABA8BFD5ABB8BFE5ABC8BFF5ABD8B28
:10303000005BBE8B015BBF8B025BC08B035BC18BF4
:10304000045BC28B055BC38B065BC48B075BC58BC4
:10305000085BC68B095BD2E60A5BC78B0B5BC88B30
:103060000C5BC98B0D5BCA8B0E5BCB8B0F5BCC8B68
:10307000105BCD8B115BCE8B125BCF8B135BD08B38
:10308000145BD18B155BD28B165BD4E6175BD3E652
:10309000185BD38B195BD48B1A5BD58B1B5BD68BE0
:1030A0001C5BD78B1D5BD88B1E5BD98B1F5BDA8BB0
:1030B000205BDB8B215BDC8B225BDD8B235BDE8B80
:1030C000245BDF8B255BE08B265BE18B275BE28B50
:1030D000285BE38B295BE48B2A5BE58B2B5BE68B20
:1030E0002C5BE78B2D5BE88B2E5BE98B2F5BEA8BF0
:1030F000305BEB8B315BEC8B325BD5E6335BED8B7E
:10310000345BF8D9355BEE8B365BEF8B375BD6E6FD
:10311000385BF08B395BF18B3A5BF28B3B5BF38B6B
:103120003C5BF48B3D5BF58B3E5BF68B3F5BF78B3B
:10313000405BD7E6415BF88B425BF98B435BFA8BD4
:10314000445BFB8B455BFC8B465BFD8B475BFE8BDF
:10315000485B408C495B418C4A5B428C4B5B438CA7
:103160004C5B448C4D5B458C4E5B468C4F5B478C77
:10317000505BD3D7515BDDE6525B488C535BDEE698
:10318000545BD7BF555BD0D4565B498C575BD6D7C1
:10319000585BE6B4595BEFCB5A5BDAE65B5BC3D8AE
:1031A0005C5BCED75D5BA2D05E5B4A8C5F5BCFC3BE
:1031B000605B4B8C615B4C8C625BDFE6635BBEBC2F
:1031C000645BC2B9655BDBE6665BA7D1675B4D8C70
:1031D000685B4E8C695BA2BA6A5BCFC26B5B4F8C3B
:1031E0006C5BABD86D5B508C6E5B518C6F5B528CA3
:1031F000705BEBCA715BEEE5725B538C735BDCE674
:10320000745B548C755BF5B7765B558C775B568C2D
:10321000785B578C795B588C7A5BE6C87B5B598C02
:103220007C5B5A8C7D5BF5C47E5B5B8C7F5B5C8CCE
:10323000805BB2E5815BFEC4825B5D8C835BFCCB13
:10324000845BB3E5855BACD5865B5E8C875BEED338
:10325000885BD8CA895BB2B08A5B5F8C8B5BCECB54
:103260008C5BEACD8D5B608C8E5B618C8F5BEABA88
:10327000905B628C915B638C925B648C935BB5E535
:10328000945B658C955BB4E5965B668C975BDAD74F
:10329000985BD9B9995BE6D69A5BA8B69B5BF0CDF3
:1032A0009C5BCBD29D5BA6B19E5BB5CA9F5B678CD6
:1032B000A05BE8B3A15BF3C9A25BCDBFA35BFBD06E
:1032C000A45BD2CAA55BB6E5A65BC2BBA75B688C54
:1032D000A85B698CA95B6A8CAA5BDCCFAB5BACB9E1
:1032E000AC5B6B8CAD5B6C8CAE5B6D8CAF5B6E8CDA
:1032F000B05BD7D4B15B6F8CB25B708CB35BA6BA9A
:10330000B45BE7D1B55BFCCFB65BD2BCB75B718C6D
:10331000B85BB7E5B95BDDC8BA5B728CBB5B738C1D
:10332000BC5B748CBD5BEDBFBE5BF6B1BF5BDECB3F
:10333000C05B758CC15B768CC25BC5BCC35B778C94
:10334000C45BC4BCC55BFAD2C65BDCC3C75BDCBF75
:10335000C85B788CC95B798CCA5B7A8CCB5B7B8CC5
:10336000CC5BBBB8CD5B7C8CCE5B7D8CCF5B7E8C2D
:10337000D05BC2C3D15B808CD25BAEBAD35BA2D42C
:10338000D45B818CD55B828CD65B838CD75B848C41
:10339000D85B858CD95B868CDA5B878CDB5B888C11
:1033A000DC5B898CDD5BDEC7DE5BAFC4DF5BECB270
:1033B000E05B8A8CE15BD1B9E25B8B8CE35B8C8C4C
:1033C000E45BBBE5E55BC8C1E65B8D8CE75B8E8C9F
:1033D000E85BAFD5E95B8F8CEA5B908CEB5B918C03
:1033E000EC5B928CED5B938CEE5BBCE5EF5B948CBD
:1033F000F05BBEE5F15B958CF25B968CF35B978C92
:10340000F45B988CF55B998CF65B9A8CF75B9B8CE4
:10341000F85BE7B4F95BD4B6FA5BC2CBFB5BB0D127
:10342000FC5BBCB5FD5B9C8CFE5B9D8CFF5BD9CAD5
:10343000005C9E8C015CE2B7025C9F8C035CA08CFC
:10344000045CE4C9055CA18C065CABBD075CA28C86
:10345000085CA38C095CBECE0A5CF0D70B5CA48C24
:103460000C5CA58C0D5CA68C0E5CA78C0F5CA1D0AF
:10347000105CA88C115CD9C9125CA98C135CAA8C55
:10348000145CFBB6155CD8E6165CE2BC175CAB8C32
:10349000185CBEB3195CAC8C1A5CD0C91B5CAD8CDB
:1034A0001C5CD9E61D5CA2B31E5CAE8C1F5CAF8CAD
:1034B000205CB08C215CB18C225CCCDE235CB28CB5
:1034C000245CC8D3255CCDDE265CB38C275CA2D2FD
:1034D000285CB48C295CB58C2A5CB68C2B5CB78CD0
:1034E0002C5CCEDE2D5CB88C2E5CB98C2F5CBA8C3B
:1034F000305CBB8C315CCDBE325CBC8C335CBD8C33
:10350000345CCFDE355CBE8C365CBF8C375CC08CE7
:10351000385CACCA395CFCD23A5CDFB33B5CEAE5B0
:103520003C5CE1C43D5CA1BE3E5CB2CE3F5CF2C4FB
:10353000405CD6BE415CA8C6425CE3B2435CC18C31
:10354000445CC28C455CD3BE465CC38C475CC48C77
:10355000485CFCC7495CEBCC4A5CECBD4B5CDDCE07
:103560004C5CC58C4D5CC68C4E5CBACA4F5CC1C607
:10357000505CECE5515CBCD0525CC78C535CC88C91
:10358000545CC98C555CB9D5565CCA8C575CCB8CE5
:10359000585CCC8C595CEDE55A5CCD8C5B5CCE8C78
:1035A0005C5CCF8C5D5CD08C5E5CF4CA5F5CD18C63
:1035B000605CC0CD615CC5C2625CD28C635CEFE5CF
:1035C000645CD38C655CC4C2665CF0E5675CD48CDB
:1035D000685CD58C695CD68C6A5CD78C6B5CD88C4B
:1035E0006C5CD98C6D5CDA8C6E5CF8E56F5CCDCD73
:1035F000705CDB8C715CBDC9725CDC8C735CDD8CD7
:10360000745CDE8C755CDF8C765CE08C775CE18CC6
:10361000785CE28C795CD9D27A5CA8E17B5CE38C43
:103620007C5CE48C7D5CE58C7E5CE68C7F5CECD322
:10363000805CE78C815CEACB825CF1C6835CE88CC1
:10364000845CE98C855CEA8C865CEB8C875CEC8C1A
:10365000885CACE1895CED8C8A5CEE8C8B5CEF8CD9
:103660008C5CA7E18D5CA9E18E5CF08C8F5CF18CA9
:10367000905CAAE1915CAFE1925CF28C935CF38C7C
:10368000945CEDB2955CF48C965CABE1975CDAB837
:10369000985CADE1995CAEE19A5CB0E19B5CBAB537
:1036A0009C5CB1E19D5CF58C9E5CF68C9F5CF78C1C
:1036B000A05CF88CA15CF98CA25CB3E1A35CB8E1DE
:1036C000A45CFA8CA55CFB8CA65CFC8CA75CFD8CD6
:1036D000A85CFE8CA95CD2D1AA5C408DAB5CB6E143
:1036E000AC5CB5E1AD5CEBC1AE5C418DAF5C428DD5
:1036F000B05C438DB15CB7E1B25C448DB35CC0D4C7
:10370000B45C458DB55CB2E1B65C468DB75CBAE1A0
:10371000B85CB6B0B95C478DBA5C488DBB5C498D6E
:10372000BC5C4A8DBD5CB4E1BE5C4B8DBF5CF9BF37
:10373000C05C4C8DC15CB9E1C25C4D8DC35C4E8DEB
:10374000C45CBBE1C55C4F8DC65C508DC75C518DC0
:10375000C85C528DC95C538DCA5C548DCB5CBEE194
:10376000CC5C558DCD5C568DCE5C578DCF5C588D25
:10377000D05C598DD15C5A8DD25CBCE1D35C5B8D41
:10378000D45C5C8DD55C5D8DD65C5E8DD75C5F8DC9
:10379000D85C608DD95CC5D6DA5C618DDB5C628DEE
:1037A000DC5C638DDD5C648DDE5C658DDF5C668D6D
:1037B000E05C678DE15CBFCFE25C688DE35C698DA6
:1037C000E45CBDE1E55CBFE1E65CCDC2E75C6A8D2F
:1037D000E85CEBB6E95C6B8DEA5CF8D3EB5C6C8D76
:1037E000EC5C6D8DED5CCDC7EE5C6E8DEF5C6F8D2E
:1037F000F05CE5B7F15C708DF25C718DF35C728DFD
:10380000F45C738DF55C748DF65C758DF75C768D6C
:10381000F85C778DF95C788DFA5C798DFB5CFEBE87
:10382000FC5C7A8DFD5C7B8DFE5C7C8DFF5C7D8D10
:10383000005D7E8D015D808D025DC0E1035DC1E1B3
:10384000045D818D055D828D065DC7E1075DE7B38F
:10385000085D838D095D848D0A5D858D0B5D868D88
:103860000C5D878D0D5D888D0E5DE9C60F5D898DC0
:10387000105D8A8D115D8B8D125D8C8D135D8D8D2C
:10388000145DDEB4155D8E8D165DC2D1175D8F8D12
:10389000185D908D195D918D1A5D928D1B5DC8E14B
:1038A0001C5D938D1D5D948D1E5DC6E11F5D958D24
:1038B000205D968D215D978D225D988D235D998D7C
:1038C000245DC5E1255D9A8D265DC3E1275DC2E1DA
:1038D000285D9B8D295DC0B12A5D9C8D2B5D9D8DE2
:1038E0002C5D9E8D2D5DB8D52E5DC4E12F5D9F8D25
:1038F000305DA08D315DA18D325DA28D335DA38DD4
:10390000345DCBE1355DA48D365DA58D375DA68D2B
:10391000385DA78D395DA88D3A5DA98D3B5DAA8D77
:103920003C5DAB8D3D5DCCE13E5DCAE13F5DAC8D64
:10393000405DAD8D415DAE8D425DAF8D435DB08D1F
:10394000445DB18D455DB28D465DB38D475DFAEF47
:10395000485DB48D495DB58D4A5DD3E14B5DD2E1E3
:103960004C5DB6C74D5DB68D4E5DB78D4F5DB88D64
:10397000505DB98D515DBA8D525DBB8D535DBC8D6F
:10398000545DBD8D555DBE8D565DBF8D575DC08D3F
:10399000585DC9E1595DC18D5A5DC28D5B5DCEE157
:1039A0005C5DC38D5D5DD0E15E5DC48D5F5DC58D89
:1039B000605DC68D615DC78D625DC88D635DC98DBB
:1039C000645DCA8D655DCB8D665DCC8D675DCD8D8B
:1039D000685DCE8D695DD4E16A5DCF8D6B5DD1E1AF
:1039E0006C5DCDE16D5DD08D6E5DD18D6F5DCFE194
:1039F000705DD28D715DD38D725DD48D735DD58D0B
:103A0000745DD5E1755DD68D765DD78D775DD88D8A
:103A1000785DD98D795DDA8D7A5DDB8D7B5DDC8DAE
:103A20007C5DDD8D7D5DDE8D7E5DDF8D7F5DE08D7E
:103A3000805DE18D815DE28D825DD6E1835DE38D08
:103A4000845DE48D855DE58D865DE68D875DE78D22
:103A5000885DE88D895DE98D8A5DEA8D8B5DEB8DF2
:103A60008C5DEC8D8D5DED8D8E5DEE8D8F5DEF8DC2
:103A7000905DF08D915DF18D925DF28D935DF38D92
:103A8000945DF48D955DF58D965DF68D975DF78D62
:103A9000985DF88D995DD7E19A5DF98D9B5DFA8D02
:103AA0009C5DFB8D9D5DD8E19E5DFC8D9F5DFD8DD8
:103AB000A05DFE8DA15D408EA25D418EA35D428E14
:103AC000A45D438EA55D448EA65D458EA75D468EA2
:103AD000A85D478EA95D488EAA5D498EAB5D4A8E72
:103AE000AC5D4B8EAD5D4C8EAE5D4D8EAF5D4E8E42
:103AF000B05D4F8EB15D508EB25D518EB35D528E12
:103B0000B45D538EB55D548EB65D558EB75DDAE10A
:103B1000B85D568EB95D578EBA5D588EBB5D598EB5
:103B2000BC5D5A8EBD5D5B8EBE5D5C8EBF5D5D8E85
:103B3000C05D5E8EC15D5F8EC25D608EC35D618E55
:103B4000C45D628EC55DDBE1C65D638EC75D648E5C
:103B5000C85D658EC95D668ECA5D678ECB5D688EF9
:103B6000CC5D698ECD5DA1CECE5D6A8ECF5D6B8E54
:103B7000D05D6C8ED15D6D8ED25D6E8ED35D6F8E9D
:103B8000D45D708ED55D718ED65D728ED75D738E6D
:103B9000D85D748ED95D758EDA5D768EDB5DDDE77E
:103BA000DC5D778EDD5DA8B4DE5DDDD6DF5D788E11
:103BB000E05D798EE15DB2D1E25DB2B3E35D7A8E14
:103BC000E45D7B8EE55DA4B9E65DF3D7E75DC9C72B
:103BD000E85DDEBEE95DAEB9EA5D7C8EEB5DD7CE19
:103BE000EC5D7D8EED5D7E8EEE5DEEB2EF5DCFDB4A
:103BF000F05D808EF15DBABCF25DD1D2F35DC8CBD1
:103C0000F45DCDB0F55D818EF65D828EF75DEFCF10
:103C1000F85D838EF95D848EFA5D858EFB5D868E00
:103C2000FC5D878EFD5DE3D9FE5DEDBDFF5D888E99
:103C3000005E898E015ED2B1025ED0CA035EBCB264
:103C4000045E8A8E055EA7CB065EABB7075E8B8EE1
:103C5000085EA6CA095E8C8E0A5E8D8E0B5E8E8E05
:103C60000C5EA3CF0D5E8F8E0E5E908E0F5EF8E021
:103C7000105ECAD5115EFBE0125E918E135E928ECD
:103C8000145EFAE0155EC1C5165EFBCC175E938E1E
:103C9000185EB1C1195EF9E01A5EE3D61B5EAFB2E1
:103CA0001C5EC4D61D5EDBB51E5E948E1F5E958EB7
:103CB000205E968E215E978E225E988E235E998E70
:103CC000245E9A8E255E9B8E265EF8B4275EA1D672
:103CD000285E9C8E295E9D8E2A5E9E8E2B5E9F8E18
:103CE0002C5EA08E2D5EAFCF2E5EEFB02F5EA18E2C
:103CF000305EA28E315EFCE0325EA38E335EA48E17
:103D0000345EA58E355EA68E365EA78E375EA1E147
:103D1000385EA3B3395EA88E3A5EA98E3B5EFDE0A5
:103D20003C5EFEE03D5EB1C33E5EAA8E3F5EAB8E62
:103D3000405EAC8E415EAD8E425EDDC3435EAE8EB4
:103D4000445EA2E1455EF9B7465EAF8E475EB08E37
:103D5000485EB18E495EB28E4A5EB38E4B5EB48EC3
:103D60004C5ECFBB4D5EB58E4E5EB68E4F5EB78E4F
:103D7000505EB88E515EB98E525EBA8E535EBB8E67
:103D8000545EA3E1555EBBC4565EBC8E575EBD8ECD
:103D9000585EBE8E595EBF8E5A5EC08E5B5EA4E1D9
:103DA0005C5EC18E5D5EC28E5E5EA5E15F5EC38EAF
:103DB000605EC48E615EA6E1625EB1B4635EC58E74
:103DC000645EC68E655EC78E665EC88E675EC98E8F
:103DD000685ECA8E695ECB8E6A5ECC8E6B5ECD8E5F
:103DE0006C5ECE8E6D5ECF8E6E5ED08E6F5ED18E2F
:103DF000705ED28E715ED38E725EC9B8735EBDC6C0
:103E0000745EEAC4755ED48E765EA2B2775ED58E9D
:103E1000785ED2D0795ED68E7A5EDBE77B5EC3BBFE
:103E20007C5ED7D37D5EC4D37E5ED78E7F5EE3B9E2
:103E3000805ECFE2815ED88E825ED98E835EDA8E1E
:103E4000845EAFD7855EDB8E865EECC7875ED3B1BE
:103E5000885EDC8E895EDD8E8A5EB2B48B5ED1E2D6
:103E60008C5EDE8E8D5EDF8E8E5EE08E8F5EF2D09B
:103E7000905EAEC2915ED0E2925EE18E935EE2BF52
:103E8000945EA6D3955ED7B5965ED2E2975EEAB50C
:103E9000985EE28E995EEDC39A5EFDB89B5EE38EFE
:103EA0009C5EAEB89D5EE48E9E5ED3C59F5ECFB72E
:103EB000A05ED4E2A15EE58EA25EE68EA35EE78EF2
:103EC000A45EE88EA55ED3E2A65EC8B6A75EF9D76B
:103ED000A85EE98EA95EEA8EAA5EEB8EAB5EEC8EE2
:103EE000AC5EED8EAD5EA5CDAE5EEE8EAF5EEF8EBE
:103EF000B05EF08EB15EF18EB25EF28EB35ED8E24D
:103F0000B45EF38EB55ED6E2B65EFCCAB75EB5BFF0
:103F1000B85EB9D3B95ED5E2BA5EF48EBB5EF58EFB
:103F2000BC5EF68EBD5EF78EBE5ED7E2BF5EF88EDB
:103F3000C05EF98EC15EFA8EC25EFB8EC35EFC8EE1
:103F4000C45EFD8EC55EFE8EC65E408FC75E418F2D
:103F5000C85E428FC95EAEC1CA5EC8C0CB5E438F29
:103F6000CC5E448FCD5E458FCE5E468FCF5E478F51
:103F7000D05E488FD15EDBE2D25EDAE2D35EAAC0C9
:103F8000D45E498FD55E4A8FD65ECEC1D75E4B8F49
:103F9000D85E4C8FD95E4D8FDA5E4E8FDB5EDCE2F1
:103FA000DC5E4F8FDD5E508FDE5E518FDF5E528FA5
:103FB000E05E538FE15E548FE25E558FE35E568F75
:103FC000E45E578FE55E588FE65E598FE75E5A8F45
:103FD000E85EDDE2E95E5B8FEA5EDEE2EB5E5C8F6F
:103FE000EC5E5D8FED5E5E8FEE5E5F8FEF5E608FED
:103FF000F05E618FF15E628FF25E638FF35E648FBD
:10400000F45EC8DBF55E658FF65ED3D1F75EA2CDB8
:10401000F85E668FF95E678FFA5EA8BDFB5E688FFB
:10402000FC5E698FFD5E6A8FFE5EC3DEFF5EA5D813
:10403000005FAABF015FCDDB025FECD2035FFAC66F
:10404000045FAAC5055F6B8F065F6C8F075F6D8F7E
:10405000085FC4DE095F6E8F0A5FD7B10B5FAEDF0A
:104060000C5F6F8F0D5F708F0E5F718F0F5FBDCA1A
:10407000105F728F115FB1DF125F738F135FADB985
:10408000145F748F155FFDD2165F758F175FA5B82B
:10409000185FEBBA195F768F1A5F778F1B5FDAB301
:1040A0001C5F788F1D5F798F1E5F7A8F1F5FDCB575
:1040B000205FC5D5215F7B8F225F7C8F235F7D8F43
:1040C000245F7E8F255FD6C3265FD2CF275FA1BB3B
:1040D000285F808F295FF3E52A5FF2E52B5F818FF0
:1040E0002C5F828F2D5FF4E52E5F838F2F5FE4CDF1
:1040F000305F848F315FF5C8325F858F335F868F85
:10410000345F878F355F888F365F898F375F8A8FFF
:10411000385F8B8F395FAFB53A5FBFC73B5F8C8F1E
:104120003C5FF6E53D5F8D8F3E5F8E8F3F5F8F8FEB
:10413000405FB0EC415F908F425F918F435F928F01
:10414000445F938F455F948F465F958F475F968F4F
:10415000485F978F495F988F4A5F998F4B5F9A8F1F
:104160004C5F9B8F4D5F9C8F4E5F9D8F4F5F9E8FEF
:10417000505FE6E5515F9F8F525FE9B9535FB1B57C
:10418000545FA08F555FBCC2565FE8E5575FE7E517
:10419000585FE9E5595FA18F5A5FA28F5B5FA38FDC
:1041A0005C5FA48F5D5FCDD25E5FA58F5F5FA68FE2
:1041B000605FA78F615FEAE1625FCED0635FA88F27
:1041C000645FAECD655FA98F665FE5D1675FAA8F3B
:1041D000685FAB8F695FCAB26A5FEBB16B5FAC8F30
:1041E0006C5FF2B16D5FEDC56E5FAD8F6F5FAE8FCF
:1041F000705FC3D5715FB0D3725FAF8F735FDCE167
:10420000745FB08F755FB18F765FB28F775FDDE1DE
:10421000785FB38F795FDBD27A5FB48F7B5FB9B39E
:104220007C5FCBB17D5FB58F7E5FB68F7F5FB78FD1
:10423000805FF9CD815FF7D5825FDEE1835FB88F64
:10424000845FB6BE855FFDB4865FB98F875FDFE1AF
:10425000885FDCBA895FE0E18A5FB2BB8B5FC9C26D
:104260008C5FE1E18D5FBA8F8E5FBB8F8F5FBC8FFC
:10427000905FECD0915FBD8F925FBDCD935FBE8F9D
:10428000945FBF8F955FE2E1965FC08F975FC3B584
:10429000985FC7C5995FE3E19A5FC18F9B5FC28F4B
:1042A0009C5FE4E19D5FC38F9E5FC48F9F5FC58F5E
:1042B000A05FC68FA15FF9D3A25FC78FA35FC88F2E
:1042C000A45FC98FA55FCA8FA65FCB8FA75FCC8F76
:1042D000A85FE5E1A95FCD8FAA5FADD1AB5FCE8FBF
:1042E000AC5FCF8FAD5FE6E1AE5FA2CEAF5FD08FA8
:1042F000B05FD18FB15FD28FB25FD38FB35FD48FF6
:10430000B45FD58FB55FE7E1B65FD68FB75FC2B553
:10431000B85FD78FB95FD88FBA5FD98FBB5FDA8F9D
:10432000BC5FE8E1BD5FD5BBBE5FDB8FBF5FDC8FED
:10433000C05FDD8FC15FDE8FC25FDF8FC35FC4D020
:10434000C45FE0E2C55FD8B1C65FE4D2C75FE08F6B
:10435000C85FE18FC95FE1E2CA5FE28FCB5FE38FA5
:10436000CC5FC9BCCD5FCCC8CE5FE48FCF5FE3E24A
:10437000D05FFEECD15FFDECD25FAFDFD35FE58FA6
:10438000D45FE68FD55FE78FD65FE2E2D75FBED618
:10439000D85FFCCDD95FA6C3DA5FE88FDB5FE98F1A
:1043A000DC5FEA8FDD5FC3E3DE5FEB8FDF5FEC8F07
:1043B000E05FD2D6E15FE7E2E25FED8FE35FEE8F91
:1043C000E45FE8E2E55FEF8FE65FF08FE75FC7D37A
:1043D000E85FF18FE95FF28FEA5FECE2EB5FECBF41
:1043E000EC5FF38FED5FEDE2EE5FE5E2EF5FF48F00
:1043F000F05FF58FF15FC0B3F25FF68FF35FF78F79
:10440000F45FF88FF55FEEC4F65FF98FF75FFA8F10
:10441000F85FEEE2F95FFB8FFA5FFC8FFB5FC3D0C2
:10442000FC5FFD8FFD5FF6BAFE5FE9E2FF5FDEB77E
:104430000060B3BB0160ACCC0260CBCB0360E4E2B4
:104440000460E6E20560EAE20660EBE20760FE8FE8
:1044500008604090096041900A60F7E20B6042906A
:104460000C6043900D60F4E20E60F5D40F60F3E24F
:1044700010604490116045901260ADC51360469085
:104480001460FAD51560C2C51660C0B217604790B7
:10449000186048901960EFE21A6049901B60F2E2E0
:1044A0001C60AFC11D60BCCB1E604A901F604B906A
:1044B0002060A1B52160F9E222604C9023604D900C
:1044C00024604E902560B1BC2660F1E22760D4D014
:1044D0002860B9D42960F5E22A60D6B92B60F6E2EB
:1044E0002C604F902D6050902E6051902F60D3C75C
:1044F00030605290316053903260549033605590E8
:10450000346056903560F0E23660579037605890CE
:104510003860599039605A903A605B903B60DCD7C4
:104520003C60A1ED3D605C903E605D903F60F8E2D4
:1045300040605E904160A5ED4260FEE24360D1CAFA
:1045400044605F9045606090466061904760629013
:1045500048606390496064904A6065904B60B5C163
:104560004C6066904D60D0BB4E6067904F60689025
:104570005060D6BF516069905260E3BA53606A9050
:1045800054606B905560A1CB56606C9057606D90F5
:1045900058606E905960A6ED5A60A3ED5B606F9015
:1045A0005C6070905D60A2ED5E6071905F60729083
:1045B00060607390616074906260D6BB6360A7EDC9
:1045C0006460F4D065607590666076906760A4ED75
:1045D0006860DEBA6960F7B66A60A1E36B60B2B684
:1045E0006C60F1CC6D60A7B96E6077906F60A2CF00
:1045F0007060A1C771607890726079907360D2BF6B
:1046000074607A9075607B907660F1B677607C908C
:104610007860FAE27960FBE27A60FDE27B60FCE2BE
:104620007C60D5C47D60A2E37E607D907F60C1D355
:1046300080607E9081608090826081908360A7E33B
:104640008460C4C785608290866083908760849010
:10465000886085908960A4CF8A6086908B608790FF
:104660008C60A9E38D60B7BA8E6088908F60899066
:1046700090608A9091608B909260A8E393608C9098
:104680009460DABB95608D909660A3E397608E90FE
:1046900098608F90996090909A60A4E39B60AAE3E1
:1046A0009C6091909D60A6E39E6092909F60F2CE88
:1046B000A060C6D3A1609390A2609490A360BCBB9D
:1046C000A4609590A5609690A660C3D4A7609790CB
:1046D000A860FAC4A9609890AA609990AB60A8ED10
:1046E000AC60FCD0AD60A5E3AE609A90AF60F5C35E
:1046F000B0609B90B160ADE3B260AFB1B3609C902D
:10470000B460B2E3B5609D90B6609E90B7609F9034
:10471000B860C2BCB960A090BA60A190BB60ACE3C5
:10472000BC60BFB5BD60A290BE60A390BF60A49006
:10473000C060A590C160A690C260A790C360A89019
:10474000C460A990C560E9C7C660B0E3C760AA901D
:10475000C860AB90C960AC90CA60AABECB60EFCD18
:10476000CC60AD90CD60AE90CE60AF90CF60B09099
:10477000D060B190D160F3BBD260B290D360B390FF
:10478000D460B490D560E8CCD660B590D760B690D0
:10479000D860AFE3D960B790DA60B1E3DB60B8907E
:1047A000DC60A7CFDD60AEE3DE60B990DF60A9CE4C
:1047B000E060DDBBE160BA90E260BB90E360BC907A
:1047C000E460BD90E560BE90E660EBB5E760E5BEF5
:1047D000E860D2B2E960CDB3EA60BF90EB60B9B1F6
:1047E000EC60ABE3ED60D1B2EE60ACB5EF60DFB989
:1047F000F060E8B6F160C090F260C190F360EBCF7A
:10480000F460B7E3F560C290F660CCBBF760C3908C
:10481000F860C490F960C7C8FA60CAD0FB60C59060
:10482000FC60C690FD60C790FE60C890FF60C990B4
:104830000061B8E30161EEB30261CA900361CB90FD
:104840000461CC900561CD900661A9ED0761CE9021
:104850000861FAD30961E4D30A61CF900B61D0906B
:104860000C61D1900D61AAED0E61B9E30F61E2D246
:104870001061D2901161D3901261D4901361D590E0
:104880001461D6901561B5E31661D7901761D89081
:104890001861D9901961DA901A61DED31B61DB903F
:1048A0001C61DC901D61DD901E61DE901F61D0B83F
:1048B0002061B3E32161DF902261E0902361B6E3E0
:1048C0002461DFB72561E1902661B4E32761A2C0CE
:1048D0002861E2902961E3902A61E4902B61BAE3B8
:1048E0002C61E5902D61E6902E61E7902F61E890B4
:1048F0003061E9903161EA903261EB903361EC9084
:104900003461ED903561EE903661EF903761F09053
:104910003861F1903961F2903A61F3903B61F49023
:104920003C61F5903D61F6903E61F7903F61B8D4EF
:104930004061F8904161F9904261FA904361FB90C7
:104940004461FC904561FD904661FE904761409155
:104950004861C8B4496141914A61BBE34B614291EE
:104960004C61C5BB4D6143914E61F7C94F614491A4
:10497000506145915161E5C952614691536147913A
:10498000546148915561BDC45661499157614A913E
:1049900058614B9159614C915A614D915B614E91B7
:1049A0005C614F915D61ABED5E6150915F615191D2
:1049B00060615291616153916261FDC26361549182
:1049C0006461559165615691666157916761DBBB82
:1049D0006861AEBF696158916A6159916B615A9182
:1049E0006C615B916D615C916E615D916F615E91D7
:1049F0007061BFCE71615F9172616091736161910D
:104A0000746162917561BCE3766163917761B6BF51
:104A100078616491796165917A6166917B61679152
:104A20007C6168917D6169917E616A917F616B9122
:104A300080616C9181616D9182616E9183616F91F2
:104A400084617091856171918661729187617391C2
:104A500088617491896175918A6176918B61EFB1FA
:104A60008C6177918D6178918E61F7D48F617991A6
:104A700090617A9191617B9192617C9193617D913A
:104A80009461BEE395617E91966180919761819179
:104A900098618291996183919A6184919B618591DA
:104AA0009C6186919D61ADED9E6187919F6188912A
:104AB000A0618991A1618A91A2618B91A3618C917E
:104AC000A4618D91A5618E91A6618F91A761BFE3CD
:104AD000A861A9BAA961ACEDAA619091AB6191916D
:104AE000AC61BDE3AD619291AE619391AF61949180
:104AF000B0619591B1619691B2619791B3619891CE
:104B0000B4619991B5619A91B6619B91B761C0E327
:104B1000B8619C91B9619D91BA619E91BB619F9171
:104B2000BC61A091BD61A191BE61B6BABF61A29105
:104B3000C061A391C161A491C261AEB6C361A591E8
:104B4000C461A691C561A791C661A891C761A991E9
:104B5000C861B8D0C961AA91CA61C3B0CB61AEEDDA
:104B6000CC61AB91CD61AC91CE61AD91CF61AE9195
:104B7000D061AF91D161AFEDD261C1C0D361B091CD
:104B8000D461C1E3D561B191D661B291D761B391DE
:104B9000D861B491D961B591DA61B691DB61B79111
:104BA000DC61B891DD61B991DE61BA91DF61BB91E1
:104BB000E061BC91E161BD91E261BE91E361BF91B1
:104BC000E461C091E561C191E661B3C5E761C2915D
:104BD000E861C391E961C491EA61C591EB61C69155
:104BE000EC61C791ED61C891EE61C991EF61CA9125
:104BF000F061CB91F161CC91F261CD91F361CE91F5
:104C0000F461CF91F561C2E3F661D091F761D19182
:104C1000F861D291F961D391FA61D491FB61D59198
:104C2000FC61D691FD61D791FE61D891FF61B2DC44
:104C30000062D9910162DA910262DB910362DC9138
:104C40000462DD910562DE910662B0ED0762DF91DC
:104C50000862EAB80962E0910A62ECCE0B62A7EA48
:104C60000C62E7D00D62F9CA0E62D6C80F62B7CFE8
:104C70001062C9B31162D2CE1262E4BD1362E19137
:104C80001462E2911562DEE31662F2BB1762A8EAD3
:104C90001862BDD51962E3911A62DDC61B62A9EAEA
:104CA0001C62E4911D62E5911E62E6911F62AAEA10
:104CB0002062E7912162ACEA2262ABEA2362E891CA
:104CC0002462AEEA2562ADEA2662E9912762EA91A2
:104CD0002862EB912962EC912A62D8BD2B62ED919A
:104CE0002C62AFEA2D62EE912E62BEC22F62EF916E
:104CF0003062F0913162F1913262F2913362C1B46B
:104D00003462F7B43562F3913662F4913762A7BB2F
:104D10003862F5913962F6913A62F7913B62F89107
:104D20003C62F9913D62E6EC3E62E5EC3F62BFB762
:104D30004062F9CB4162E2B14262FA914362E7EC30
:104D40004462FB914562FC914662FD914762C8C98D
:104D50004862E8EC4962E9EC4A62FE914B62D6CACD
:104D60004C62D0DE4D62C5B24E62FAD44F624092C0
:104D7000506241925162CBC65262C7B05362F2B4E4
:104D80005462D3C85562429256624392576244922B
:104D90005862D0CD596245925A6246925B62B8BF62
:104DA0005C6247925D6248925E6249925F624A929B
:104DB00060624B9261624C9262624D926362DBBFB1
:104DC00064624E9265624F926662A4C76762B4D60F
:104DD000686250926962A9C06A62D1DE6B62A8C93A
:104DE0006C62EFD16D62A4C56E62E7B06F62B6B35C
:104DF0007062C5C871625192726252927362E2B07F
:104E000074625392756254927662F6B777625592E5
:104E1000786256927962FAC57A6257927B625892AA
:104E20007C62F3B67D6259927E62D2D57F62D0B346
:104E30008062BCBC81625A9282625B9283625C92A5
:104E40008462ADB385625D9286625E9287625F9294
:104E5000886260928962F1BE8A62D1B08B6261928F
:104E60008C6262928D6263928E6264928F626592AE
:104E7000906266929162D6D29262E3CA9362A5D79B
:104E8000946267929562B6CD9662B6B69762B9BFE4
:104E90009862DBD5996268929A62A7B89B62D7C57F
:104EA0009C6269929D626A929E626B929F62D2DE60
:104EB000A062D9BFA162D5C2A262C0C7A3626C9230
:104EC000A462A4BBA562A8B1A6626D92A7626E920D
:104ED000A862EAC5A9626F92AA627092AB62FBC532
:104EE000AC62A7CCAD627192AE627292AF62739205
:104EF000B0627492B162A7B1B2627592B3627692F7
:104F0000B4627792B562D6B5B6627892B76279929A
:104F1000B8627A92B962A8C4BA627B92BB62D3DEED
:104F2000BC62BAD1BD62E9B3BE627C92BF62F2C319
:104F3000C0627D92C1627E92C262F7B7C362809204
:104F4000C462F4D6C562A3B5C662F0B2C762B4C487
:104F5000C862E9C4C962ADC0CA62D4DECB628192C4
:104F6000CC62E8B0CD62C4C5CE62E0C1CF628292AD
:104F7000D062D5B9D1628392D262DCBED362D8CD81
:104F8000D462CEB0D5628492D662CFCDD762D6DE5F
:104F9000D862D0BED962BED7DA62D5DEDB62D0D5A8
:104FA000DC62DDB0DD628592DE628692DF62E2C4A1
:104FB000E0628792E1628892E262A3C2E362F0BC9F
:104FC000E4628992E562B5D3E662B9C0E762A1C541
:104FD000E862A6B2E962F1D4EA628A92EB628B924D
:104FE000EC62A8C0ED62C3CAEE62D7DEEF62FCD508
:104FF000F0628C92F162B0B9F2628D92F362ADC848
:10500000F462A9CBF5628E92F662D9DEF762BDBF7B
:10501000F8628F92F9629092FA629192FB62929298
:10502000FC62B4C6FD62A7D7FE62B0CAFF62C3C409
:10503000006393920163D6B30263D2B9036394927F
:105040000463959205639692066397920763B8D6B8
:105050000863FCEA0963B4B00A6398920B639992FF
:105060000C639A920D639B920E63E6BF0F639C9252
:1050700010639D921163F4CC12639E9213639F920E
:105080001463A0921563A1921663DACD1763A292FE
:105090001863A3921963A4921A63BFD61B63CEC28E
:1050A0001C63A5921D63CECE1E63A2CC1F63AED03F
:1050B0002063D3C42163B2B52263D8DE2363F5D560
:1050C0002463B7BC2563D3BB2663A6922763A7924C
:1050D0002863A4B02963A8922A63B2C52B63ECB4F9
:1050E0002C63A9922D63AA922E63AB922F63F1D504
:1050F0003063AC923163AD923263FDEA3363AE92BA
:105100003463AF923563B0923663B1923763B29233
:105110003863B3923963DADE3A63A6CD3B63B49267
:105120003C63B5923D63ECCD3E63B6923F63B7926C
:105130004063B8924163B9924263E6CE4363DCDEDA
:105140004463BA924563B1CD4663A6C04763BB9240
:105150004863BC924963BDD74A63BD924B63DBDEB3
:105160004C63C6B04D63B4BA4E63D3C94F63F3C446
:105170005063E8BE5163BE925263BF925363C092C4
:105180005463C1925563B6B25663C2925763C392D9
:105190005863C4925963C5925A63C6925B63C792BF
:1051A0005C63C8925D63C9925E63CCC05F63F0CB01
:1051B0006063CA926163F1BC6263BBBB6363B7B5F2
:1051C0006463CB926563CC926663CD926763F5C5E9
:1051D0006863CE926963E6DE6A63CF926B63D092B6
:1051E0006C63D1926D63E3DE6E63DDBE6F63D2925A
:1051F0007063D3927163DFDE7263D4927363D5926E
:105200007463D6927563D7927663B7B47763DDBD66
:105210007863D8927963D9927A63E0DE7B63EDC4D8
:105220007C63DA927D63DB927E63DC927F63DD9246
:105230008063C6CF8163DE928263E0B58363DF92D1
:105240008463E0928563E1928663E2928763DEB6CF
:105250008863DACA8963F4B58A63E5DE8B63E39217
:105260008C63C6D58D63E4928E63E1DE8F63CDCC13
:105270009063FEC69163E5929263C5C59363E6921F
:105280009463E7929563E8929663B4D29763E99248
:105290009863F2BE9963EA929A63EB929B63EC92F5
:1052A0009C63ED929D63EE929E63EF929F63F092FA
:1052B000A063D3C2A163F192A263BDCCA363B8B3D0
:1052C000A463F292A563D3BDA663F392A763D8BF8C
:1052D000A863C6CDA963DAD1AA63EBB4AB63F49239
:1052E000AC63E4DEAD63DDDEAE63E7DEAF63F592B3
:1052F000B063FEEAB163F692B263F792B363B0C2F1
:10530000B463E2DEB563F892B663F992B763C0D6D0
:10531000B863A7B5B963FA92BA63F4B2BB63FB9200
:10532000BC63E8DEBD63FC92BE63F2DEBF63FD9248
:10533000C063FE92C1634093C2634193C3634293CF
:10534000C463EDDEC5634393C663F1DEC763449374
:10535000C8634593C963E0C8CA634693CB63479368
:10536000CC634893CD63E1D7CE63EFDECF63E8C370
:10537000D063E1CCD1634993D263E5B2D3634A935E
:10538000D4634B93D5634C93D663BED2D7634D930E
:10539000D8634E93D9634F93DA635093DB63519391
:1053A000DC635293DD635393DE63EEDEDF6354937D
:1053B000E063EBDEE163D5CEE2635593E363A7B42C
:1053C000E4635693E5635793E6635893E763599311
:1053D000E8635A93E963ABBFEA63BEBEEB635B93DA
:1053E000EC635C93ED63D2BDEE635D93EF635E931C
:1053F000F0635F93F1636093F263E9DEF3636193BB
:10540000F463AED4F5636293F663DEDEF763639311
:10541000F863EADEF9636493FA636593FB6366936A
:10542000FC636793FD63BFC0FE636893FF63ECDEBC
:105430000064F3B20164E9B80264A7C2036469932B
:1054400004646A930564C1BD06646B9307646C933E
:1054500008646D9309646E930A646F930B64F5DEC0
:105460000C64F8DE0D6470930E6471930F64ABB23C
:105470001064A4B411647293126473931364EAB455
:105480001464A6C9156474931664759317647693AF
:1054900018647793196478931A6479931B64F6DE21
:1054A0001C64D1CB1D647A931E64E3B81F647B93A4
:1054B0002064F7DE2164FADE22647C9323647D930A
:1054C00024647E93256480932664F9DE27648193A7
:1054D00028648293296483932A64C2CC2B648493C6
:1054E0002C64E1B02D64EEB42E6485932F64869312
:1054F00030648793316488933264899333648A93E8
:105500003464BAE535648B9336648C9337648D9339
:1055100038648E9339648F933A64AFD03B64909330
:105520003C6491933D64EBB23E6492933F64A1EB83
:10553000406493934164F4DE42649493436495938E
:105540004464E3C94564F3DE4664DAB04764A1D23B
:105550004864F7B1496496934A64AFCC4B6497931F
:105560004C6498934D6499934E649A934F649B93C3
:1055700050649C9351649D935264F0DE53649E93F7
:105580005464A4CB55649F935664A0935764A1932D
:105590005864AAD55964A2935A64A3935B64A493F4
:1055A0005C64A5935D64A6935E64FBDE5F64A79371
:1055B0006064A8936164A9936264AA936364AB93E3
:1055C0006464AC936564AD936664AE936764DDB464
:1055D0006864AF936964A6C46A64B0936B64B19362
:1055E0006C64B2936D64FDDE6E64B3936F64B493C8
:1055F0007064B5937164B6937264B7937364B8932F
:105600007464B9937564BA937664BB937764BC93FE
:105610007864FEC37964A1C47A64A1DF7B64BD931E
:105620007C64BE937D64BF937E64C0937F64C193AA
:105630008064C2938164C3938264CCC18364C49345
:105640008464FCDE8564EFBE8664C5938764B2C65D
:105650008864C6938964C7938A64C8938B64C9932A
:105660008C64CA938D64CB938E64CC938F64CD93FA
:105670009064CE939164C5B39264F6C89364CF935B
:105680009464D0939564BACB9664FEDE9764D1930C
:105690009864D2939964A4DF9A64D3939B64D4935F
:1056A0009C64D5939D64D6939E64B2D79F64D79330
:1056B000A064D893A164D993A264DA93A364DB9322
:1056C000A464B7B3A564DC93A664DD93A764DE93FA
:1056D000A864DF93A964C3C1AA64E093AB64E193B7
:1056E000AC64CBC7AD64A5B2AE64E9B4AF64E29379
:1056F000B064ABD7B164E393B264E493B364E5936D
:10570000B464E693B564ECC4B664E793B764A2DF0F
:10571000B864A3DFB964E893BA64A5DFBB64E99316
:10572000BC64B3BABD64EA93BE64EB93BF64EC930C
:10573000C064A6DFC164ED93C264DEC0C364EE93AF
:10574000C464EF93C564C3C9C664F093C764F1939E
:10575000C864F293C964F393CA64F493CB64F59379
:10576000CC64F693CD64D9B2CE64E6C7CF64F79328
:10577000D064A7DFD164F893D264DCC7D364F99313
:10578000D464FA93D564FB93D664FC93D764A8DF02
:10579000D864A2EBD964FD93DA64FE93DB64409491
:1057A000DC644194DD644294DE64D3CBDF644394D3
:1057B000E0644494E1644594E264AADFE3644694BF
:1057C000E464A9DFE5644794E664C1B2E764489401
:1057D000E8644994E9644A94EA644B94EB644C9419
:1057E000EC644D94ED644E94EE644F94EF645094E9
:1057F000F0645194F1645294F2645394F3645494B9
:10580000F4645594F5645694F6645794F764589488
:10581000F8645994F9645A94FA645B94FB645C9458
:10582000FC645D94FD645E94FE645F94FF64609428
:105830000065CAC50165619402656294036563945D
:1058400004656494056565940665669407656794C8
:10585000086568940965ABDF0A6569940B656A940D
:105860000C656B940D656C940E656D940F656E946C
:1058700010656F94116570941265DCD41365719492
:105880001465729415657394166574941765759410
:105890001865C1C8196576941A6577941B65789464
:1058A0001C6579941D657A941E657B941F657C94B4
:1058B00020657D9421657E94226580942365819482
:1058C000246582942565ACDF2665839427658494DE
:1058D00028658594296586942A6587942B65F0BE92
:1058E0002C6588942D6589942E65ADDF2F65A7D62C
:1058F00030658A9431658B9432658C9433658D94D0
:105900003465B7EA3565B6EB3665D5CA37658E942A
:105910003865FCD83965C4B83A658F943B65A5B93C
:105920003C6590943D6591943E65C5B73F65FED555
:10593000406592944165939442659494436595942F
:10594000446596944565CAB94665979447659894A9
:105950004865A7D04965CDF44A6599944B659A94FA
:105960004C65D0B54D659B944E659C944F65F4C3D2
:1059700050659D945165C8BE52659E9453659F9431
:105980005465A0945565B7EB5665BDB05765A194B5
:105990005865A2945965CCBD5A65A3945B65B2C1A4
:1059A0005C65A4945D65D6B15E65A8B35F65A5949A
:1059B0006065A6946165A7946265D2B86365A2C963
:1059C0006465A8946565A9946665D8B66765AA9468
:1059D0006865AB946965AC946A65AD946B65B8EB2A
:1059E0006C65B4BE6D65AE946E65AF946F65B09432
:1059F0007065FDCA7165B1947265C3C77365B29471
:105A00007465FBD57565B3947665B4947765F3B723
:105A10007865B5947965B6947A65B7947B65B894E2
:105A20007C65B9947D65BA947E65BB947F65BC94B2
:105A30008065BD948165BE948265BF948365C09482
:105A40008465C1948565C2948665C3948765C4CE18
:105A50008865C4948965C5948A65C6948B65ABD501
:105A60008C65F3B18D65C7948E65C8948F65C994B4
:105A70009065B3EC9165DFB09265CA949365B5EC1F
:105A80009465CB949565CC949665CD949765B7B69F
:105A90009865CE949965CFC19A65CF949B65FAF5C8
:105AA0009C65B1D09D65D0949E65D1949F65E5D5E8
:105AB000A065D294A165D3CEA265D394A365D494F6
:105AC000A465EFBDA565E2B3A665D594A765ABB89F
:105AD000A865D694A965B6D5AA65D794AB65BDED82
:105AE000AC65D894AD65CFB6AE65D994AF65B9CB8A
:105AF000B065C2D0B165DA94B265DB94B365DC946D
:105B0000B465DD94B565DE94B665DF94B765E09461
:105B1000B865E194B965BDB7BA65E294BB65E39435
:105B2000BC65B6ECBD65A9CABE65E494BF65E594E5
:105B3000C065E694C165D4C5C265E794C365B9EC98
:105B4000C465B8ECC565C3C2C665B7ECC765E89463
:105B5000C865E994C965EA94CA65EB94CB65FDD044
:105B6000CC65BAECCD65EC94CE65BBECCF65E5D7E2
:105B7000D065ED94D165EE94D265BCECD365EF941D
:105B8000D465F094D565F194D665BDECD765ECC6C7
:105B9000D865F294D965F394DA65F494DB65F594ED
:105BA000DC65F694DD65F794DE65F894DF65F994BD
:105BB000E065DECEE165FA94E265C8BCE365FB947E
:105BC000E465FC94E565D5C8E665A9B5E765C9BE99
:105BD000E865BCD6E965E7D4EA65FD94EB65FE941B
:105BE000EC65AED1ED65F1D0EE65B8EAEF65B9EAE6
:105BF000F065BAEAF165B5BAF2654095F36541958D
:105C0000F4654295F5654395F665B1CAF765F5BF4C
:105C1000F8654495F9654595FA65FACDFB654695B5
:105C2000FC654795FD654895FE654995FF654A9574
:105C30000066C0EA01664B950266BAB00366BEEA2A
:105C400004664C9505664D950666A5C007664E959B
:105C500008664F95096650950A66BBEA0B66519532
:105C60000C66FDB20D6652950E66F7C30F66E8BB73
:105C70001066539511665495126655951366D7D2E2
:105C80001466F4CE1566BFEA1666569517665795E4
:105C9000186658951966BCEA1A6659951B665A9596
:105CA0001C665B951D66C3EA1E665C951F66C7D0C1
:105CB0002066B3D321665D9522665E9523665F9567
:105CC000246660952566BAB4266661952766C1C3C9
:105CD0002866F2D7296662952A6663952B666495D5
:105CE0002C6665952D66D1D52E6666952F66C7CA3A
:105CF000306667953166C5EA3266689533666995A0
:105D00003466C4EA3566C7EA3666C6EA37666A9517
:105D100038666B9539666C953A666D953B666E95FF
:105D20003C66E7D63D666F953E66D4CF3F6670957C
:105D3000406671954166CBEA426672954366CEBB7A
:105D4000446673954566749546667595476676957F
:105D500048667795496678954A6679954B66FABDA7
:105D60004C66CEC94D667A954E667B954F66CCEAF9
:105D700050667C9551667D955266B9C95366FECFD3
:105D80005466CAEA5566CED45666CDEA5766CFEA5F
:105D900058667E95596680955A66EDCD5B6681950D
:105DA0005C6682955D6683955E6684955F66C9EAEA
:105DB000606685956166CEEA6266869563668795BC
:105DC0006466EECE656688956666DEBB6766899515
:105DD0006866BFB369668A956A668B956B668C95B3
:105DE0006C668D956D668E956E66D5C66F66B0BE17
:105DF0007066FACE71668F9572669095736691950E
:105E00007466E7C7756692957666A7BE7766D0EA30
:105E100078669395796694957A66C7D67B669595EC
:105E20007C6696957D6697957E66C0C17F669895DF
:105E30008066999581669A958266DDD483669B9586
:105E40008466D1EA85669C9586669D958766BECFF9
:105E500088669E9589669F958A66A0958B66A195B2
:105E60008C66D2EA8D66A2958E66A3958F66A49500
:105E70009066A5959166EECA9266A6959366A795DB
:105E80009466A8959566A9959666AFC59766B5B0D0
:105E90009866AA959966AB959A66AC959B66AD9502
:105EA0009C66AE959D66D4EA9E66AF959F66B0955A
:105EB000A066B195A166B295A266B395A366B495A6
:105EC000A466B595A566B695A666B795A766D3EA06
:105ED000A866DFF4A966B895AA66B995AB66BA95C7
:105EE000AC66BB95AD66BC95AE66BAC4AF66BD95F3
:105EF000B066BE95B166BF95B266C095B366C195F2
:105F0000B466A9B1B566C295B666C395B766C495C1
:105F1000B866C595B966DFE5BA66C695BB66C7952E
:105F2000BC66C895BD66C995BE66D5EABF66CA950A
:105F3000C066CB95C166CC95C266CD95C366CE953D
:105F4000C466CF95C566D095C666D195C766D2950D
:105F5000C866D395C966D495CA66D595CB66D695DD
:105F6000CC66D795CD66D895CE66D995CF66DA95AD
:105F7000D066DB95D166DC95D266DD95D366DE957D
:105F8000D466DF95D566E095D666E195D766E2954D
:105F9000D866E395D966EFCADA66E495DB66D6EA99
:105FA000DC66D7EADD66D8C6DE66E595DF66E6958F
:105FB000E066E795E166E895E266E995E366EA95CD
:105FC000E466EB95E566EC95E666D8EAE766ED955E
:105FD000E866EE95E966D9EAEA66EF95EB66F09534
:105FE000EC66F195ED66F295EE66F395EF66F49545
:105FF000F066BBD4F166F595F266FAC7F366B7D2E0
:10600000F466FCB8F566F695F666F795F766C2EAAB
:10601000F866F895F966DCB2FA66F995FB66FA95CA
:10602000FC66FCC2FD66FB95FE66F8D4FF66E6CC16
:106030000067EED70167FC950267FD950367FE9543
:106040000467409605674196066742960767439640
:106050000867C2D40967D0D30A67C3EB0B67F3C5DF
:106060000C6744960D67FEB70E6745960F67469618
:106070001067D4EB116747961267489613674996E5
:106080001467B7CB1567DEEB16674A961767CAC069
:1060900018674B9619674C961A674D961B67FBCD90
:1060A0001C674E961D67AFB31E674F961F67DAC613
:1060B0002067509621675196226752962367539620
:1060C00024675496256755962667FCEB27675696F6
:1060D0002867BEC4296757962A67B4CE2B67A9C420
:1060E0002C67BEB12D67FDD42E6758962F67F5CA71
:1060F000306759963167ECD632675A9633675B96AC
:106100003467D3C63567E4B636675C9637675D9605
:1061100038675E9639675F963A67FABB3B67609669
:106120003C6761963D67E0D03E6762963F67639645
:106130004067B1C9416764964267D3D44367A8C832
:1061400044676596456766964667CBB84767679626
:106150004867BEE84967BCC94A6768964B67699655
:106160004C67BBE84D676A964E67EEC04F67D3D069
:106170005067C4B25167E5B452676B965367BCE889
:1061800054676C9655676D965667C8D557676E9677
:1061900058676F96596770965A6771965B677296E3
:1061A0005C67C5B65D6773965E67BDE85F67F8CAF2
:1061B0006067DCB86167F5CC626774966367759653
:1061C000646776966567B4C0666777966767789602
:1061D0006867EED16967BFE86A67C2E86B6779965E
:1061E0006C677A966D67BCBA6E677B966F67ADB168
:1061F0007067DCBD71677C967267BDEA7367C3E840
:1062000074677D967567C6E876677E967767CBE894
:1062100078678096796781967A6782967B6783969E
:106220007C67CCE87D6784967E67C9CB7F67E5B0E5
:10623000806785968167ABBC826786968367879601
:106240008467B9B985678896866789968767C1E844
:1062500088678A968967F7CD8A678B968B67CAE8C5
:106260008C678C968D678D968E678E968F678F96CE
:106270009067F6CE91679096926791969367929603
:10628000946793969567EDD5966794969767D6C170
:106290009867C4E8996795969A67B6C39B67969680
:1062A0009C67FBB99D67A6D69E67C8E89F679796CF
:1062B000A0679896A1679996A267E0CAA367E6D4FB
:1062C000A4679A96A567C0E8A6679B96A767C5E8E6
:1062D000A867C7E8A9679C96AA67B9C7AB67E3B781
:1062E000AC679D96AD67C9E8AE679E96AF67DDBFA8
:1062F000B067D2E8B1679F96B267A096B367D7E858
:10630000B467A196B567D5E8B667DCBCB767CFBC04
:10631000B867DBE8B967A296BA67A396BB67A4968D
:10632000BC67A596BD67A696BE67A796BF67A896E9
:10633000C067A996C167DEE8C267AA96C367DAE8B4
:10634000C467FAB1C567AB96C667AC96C767AD962A
:10635000C867AE96C967AF96CA67B096CB67B19665
:10636000CC67B296CD67B396CE67B496CF67D8B0F8
:10637000D067B3C4D167CCB8D267E2C6D367BEC812
:10638000D467E1C8D567B596D667B696D767B7968E
:10639000D867CFE8D967D4E8DA67D6E8DB67B8967C
:1063A000DC67F1B9DD67D8E8DE67F5D7DF67B99656
:1063B000E067FBC4E167BA96E267DCE8E367BB9697
:1063C000E467BC96E567E9B2E667BD96E767BE9607
:1063D000E867BF96E967D1E8EA67C096EB67C196C0
:1063E000EC67EDBCED67C296EE67C396EF67C2BF80
:1063F000F067CDE8F167F9D6F267C496F367F8C1A4
:10640000F467F1B2F567C596F667C696F767C79663
:10641000F867C896F967C996FA67CA96FB67CB967C
:10642000FC67CC96FD67DFE8FE67CD96FF67C1CAC3
:106430000068D9E80168CE960268CF960368D096C6
:106440000468D1960568A4D50668D2960768EAB1B3
:106450000868BBD50968CEE80A68D0E80B68B0B612
:106460000C68D3E80D68D3960E68DDE80F68B8C0F5
:106470001068D4961168F7CA1268D5961368A8CB2D
:106480001468D6961568D7961668DCC61768F5C0E6
:106490001868D8961968D9961A68DA961B68DB9638
:1064A0001C68DC961D68E9E81E68DD961F68DE96AC
:1064B0002068DF962168A3D02268E0962368E196E1
:1064C0002468E2962568E3962668E4962768E596B0
:1064D0002868E6962968F2E82A68EAD62B68E796E3
:1064E0002C68E8962D68E9962E68EA962F68EB9658
:1064F0003068EC963168ED963268E0E83368E1E8A0
:106500003468EE963568EF963668F0963768F9D1BC
:106510003868CBBA3968F9B83A68F1963B68F296B0
:106520003C68F1B83D68D4D43E68EFE83F68F39624
:106530004068EEE84168ECE84268F0B94368D2CCC4
:106540004468E6E84568A6CE4668F2BF4768F49618
:106550004868B8B04968F1E84A68F0E84B68F596D1
:106560004C68C0D74D68F6964E68E4E84F68F796D9
:106570005068A9CD5168A3C95268F8965368B8BB52
:106580005468DBBD5568EAE85668F9965768FA968C
:106590005868FB965968FC965A68FD965B68FE96AB
:1065A0005C6840975D6841975E6842975F68439773
:1065B0006068E2E86168E3E86268E5E86368B5B5E9
:1065C0006468E7E86568C5C76668EBE86768EDE892
:1065D0006868B0BD6968AED76A6844976B68F8E8C8
:1065E0006C6845976D6846976E6847976F684897DF
:1065F0007068499771684A9772684B9773684C97AF
:106600007468F5E875684D977668B0CD7768F6E8F8
:1066100078684E9779684F977A6850977B6851975A
:106620007C6852977D6853977E6854977F6855972A
:10663000806856978168BAC1826857978368E8E88E
:10664000846858978568B7C38668F0B0876859979B
:1066500088685A9789685B978A685C978B685D97AA
:106660008C685E978D685F978E6860978F68F4E896
:106670009068619791686297926863979368F7E86A
:106680009468649795686597966866979768A3B9C4
:1066900098686797996868979A6869979B686A97F6
:1066A0009C686B979D686C979E686D979F686E97C6
:1066B000A0686F97A1687097A268D2C9A368719704
:1066C000A4687297A5687397A668CEC3A768E0CE42
:1066D000A868E6C0A9687497AA687597AB687697AA
:1066E000AC687797AD68F3CBAE687897AF68DDCCD0
:1066F000B068B5D0B1687997B2687A97B368E1CAE3
:10670000B4687B97B568F3E8B6687C97B7687D97FF
:10671000B8687E97B9688097BA688197BB68829796
:10672000BC688397BD688497BE688597BF68869765
:10673000C068ECBCC1688797C268F9E8C3688897ED
:10674000C4688997C5688A97C6688B97C7688C970D
:10675000C8688D97C968DEC3CA688E97CB68E5C6DE
:10676000CC688F97CD68F7B9CE689097CF6891972E
:10677000D0689297D1689397D268F4B0D368949711
:10678000D4689597D568D8D7D6689697D7689797DD
:10679000D868ACBCD9689897DA68EFC5DB68999778
:1067A000DC689A97DD689B97DE689C97DF689D9709
:1067B000E068C4CCE1689E97E2689F97E368A6E929
:1067C000E468A097E568A197E668A297E768A397B1
:1067D000E868A497E968A597EA68A697EB68A79781
:1067E000EC68A897ED68A997EE68ADC9EF68AA971D
:1067F000F068A2E9F168E2C0F268AB97F368AC9781
:10680000F468AD97F568C3BFF668AE97F768AF97C1
:10681000F868B097F968FEE8FA68D7B9FB68B197ED
:10682000FC68FBE8FD68B297FE68B397FF68B49711
:106830000069B5970169A4E90269B6970369B7973A
:106840000469B8970569CED20669B9970769BA97FE
:106850000869BB970969BC970A69BD970B69A3E9E9
:106860000C69BE970D69B2D60E69B5D70F69BF978F
:106870001069A7E91169C0971269B7BD1369C1977B
:106880001469C2971569C3971669C4971769C597A4
:106890001869C6971969C7971A69C8971B69C99774
:1068A0001C69CA971D69CB971E69CC971F69FCE8C4
:1068B0002069FDE82169CD972269CE972369CF979A
:1068C0002469A1E92569D0972669D1972769D297CC
:1068D0002869D3972969D4972A69D5972B69D697C0
:1068E0002C69D7972D69D6CD2E69D8972F69D9975E
:1068F0003069ACD23169DA973269DB973369DC975A
:106900003469B2E93569DD973669DE973769DF9713
:106910003869E0973969A9E93A69E1973B69E297F3
:106920003C69E3973D69AAB43E69E4973F69BBB40B
:106930004069E5974169E6974269ABE94369E797A2
:106940004469E8974569E9974669EA974769EB978B
:106950004869EC974969ED974A69EE974B69EF975B
:106960004C69F0974D69F1974E69F2974F69F3972B
:106970005069F4975169F5975269F6975369F797FB
:106980005469A8D05569F8975669F9975769A5E9E8
:106990005869FA975969FB975A69FEB35B69FC9786
:1069A0005C69FD975D69ACE95E69E3C05F69FE976C
:1069B0006069AAE961694098626941986369B9E9C7
:1069C00064694298656943986669B8E9676944985B
:1069D00068694598696946986A6947986B69AEE93C
:1069E0006C6948986D6949986E69FAE86F694A98C8
:1069F00070694B987169A8E972694C9873694D98F0
:106A000074694E9875694F98766950987769ACBFEC
:106A10007869B1E97969BAE97A6951987B695298DC
:106A20007C69A5C27D6953987E6954987F695598A1
:106A30008069AFE9816956988269C5B883695798BA
:106A40008469ADE9856958988669DCD38769B4E9BA
:106A50008869B5E98969B7E98A6959988B695A984B
:106A60008C695B988D69C7E98E695C988F695D98C0
:106A700090695E9891695F9892696098936961984E
:106A80009469C6C09569C5E99669629897696398E3
:106A90009869B0E9996964989A6965989B69BBE9B6
:106AA0009C69F1B09D6966989E6967989F6968982E
:106AB000A0696998A1696A98A2696B98A3696C98A2
:106AC000A4696D98A5696E98A6696F98A769BCE9D5
:106AD000A869A5D5A9697098AA697198AB69BEE93A
:106AE000AC697298AD69BFE9AE697398AF69749883
:106AF000B0697598B169C1E9B2697698B369779858
:106B0000B469F1C1B5697898B6697998B769B6C8BA
:106B1000B8697A98B9697B98BA697C98BB69BDE90C
:106B2000BC697D98BD697E98BE698098BF6981986F
:106B3000C0698298C169C2E9C2698398C3698498AF
:106B4000C4698598C5698698C6698798C769889811
:106B5000C8698998C9698A98CA69C3E9CB698B9859
:106B6000CC69B3E9CD698C98CE69B6E9CF698D98C7
:106B7000D069B1BBD1698E98D2698F98D36990984A
:106B8000D469C0E9D5699198D6699298D7699398E4
:106B9000D8699498D9699598DA699698DB69F7BCB1
:106BA000DC699798DD699898DE699998DF69C4E98E
:106BB000E069C6E9E1699A98E2699B98E3699C9863
:106BC000E4699D98E5699E98E6699F98E769A098B1
:106BD000E869A198E969A298EA69A398EB69A49881
:106BE000EC69A598ED69CAE9EE69A698EF69A798DE
:106BF000F069A898F169A998F269CEE9F369AA98B1
:106C0000F469AB98F569AC98F669AD98F769AE98F8
:106C1000F869AF98F969B098FA69B198FB69B298C8
:106C2000FC69B398FD69DBB2FE69B498FF69C8E9F5
:106C3000006AB598016AB698026AB798036AB8986C
:106C4000046AB998056ABA98066ABB98076ABC983C
:106C5000086ABD98096ABE980A6AAEB70B6ABF98FF
:106C60000C6AC0980D6AC1980E6AC2980F6AC398E0
:106C7000106AC498116AC598126AC698136AC798B0
:106C8000146AC898156AC998166ACA98176ACBE92F
:106C9000186ACCE9196ACB981A6ACC981B6ACD9805
:106CA0001C6ACE981D6ACF981E6AD0981F6AC1D5FB
:106CB000206AD198216AA3C4226AD298236AD39801
:106CC000246AD498256AD598266AD698276AD798D0
:106CD000286AD8E9296AD8982A6AE1BA2B6AD99829
:106CE0002C6ADA982D6ADB982E6ADC982F6AC9E93B
:106CF000306ADD98316AA3D3326ADE98336ADF984E
:106D0000346AE098356AD4E9366AE198376AE298DD
:106D1000386AE398396AE4983A6AE5983B6AE698F3
:106D20003C6AE7983D6AD7E93E6AD0E93F6AE8984D
:106D3000406AE998416AEA98426AEB98436AEC989B
:106D4000446ACFE9456AED98466AEE98476AC1C73A
:106D5000486AEF98496AF0984A6AF1984B6AF29843
:106D60004C6AF3984D6AF4984E6AF5984F6AF69813
:106D7000506AD2E9516AF798526AF898536AF998BA
:106D8000546AFA98556AFB98566AFC98576AFD98B7
:106D9000586AD9E9596AC8B35A6AFE985B6AD3E956
:106DA0005C6A40995D6A41995E6A42995F6A43995B
:106DB000606A4499616AF0CF626A4599636A46994C
:106DC000646A4799656ACDE9666A4899676A49992C
:106DD000686A4A99696A4B996A6A4C996B6A4D99D3
:106DE0006C6A4E996D6A4F996E6A50996F6A5199A3
:106DF000706A5299716AF7B3726A5399736A5499B7
:106E0000746A5599756A5699766A5799776A589946
:106E1000786A5999796AD6E97A6A5A997B6A5B994C
:106E20007C6ADAE97D6A5C997E6A5D997F6A5E991F
:106E3000806AB4CC816A5F99826A6099836A619939
:106E4000846AADCF856A6299866A6399876A649914
:106E5000886A6599896A66998A6A67998B6A689966
:106E60008C6A69998D6A6A998E6AD5E98F6A6B997D
:106E7000906ADCE9916ADBE9926A6C99936A6D9990
:106E8000946A6E99956A6F99966A7099976ADEE925
:106E9000986A7199996A72999A6A73999B6A7499B6
:106EA0009C6A75999D6A76999E6A77999F6A789986
:106EB000A06AD1E9A16A7999A26A7A99A36A7B99B1
:106EC000A46A7C99A56A7D99A66A7E99A76A809929
:106ED000A86A8199A96ADDE9AA6A8299AB6ADFE9A1
:106EE000AC6ACAC3AD6A8399AE6A8499AF6A859960
:106EF000B06A8699B16A8799B26A8899B36A8999A2
:106F0000B46A8A99B56A8B99B66A8C99B76A8D9971
:106F1000B86A8E99B96A8F99BA6A9099BB6A919941
:106F2000BC6A9299BD6A9399BE6A9499BF6A959911
:106F3000C06A9699C16A9799C26A9899C36A9999E1
:106F4000C46A9A99C56A9B99C66A9C99C76A9D99B1
:106F5000C86A9E99C96A9F99CA6AA099CB6AA19981
:106F6000CC6AA299CD6AA399CE6AA499CF6AA59951
:106F7000D06AA699D16AA799D26AA899D36AA99921
:106F8000D46AAA99D56AAB99D66AAC99D76AAD99F1
:106F9000D86AAE99D96AAF99DA6AB099DB6AB199C1
:106FA000DC6AB299DD6AB399DE6AB499DF6AB59991
:106FB000E06AB699E16AB799E26AB899E36AB99961
:106FC000E46ABA99E56ABB99E66ABC99E76ABD9931
:106FD000E86ABE99E96ABF99EA6AC099EB6AC19901
:106FE000EC6AC299ED6AC399EE6AC499EF6AC599D1
:106FF000F06AC699F16AC799F26AC899F36AC999A1
:10700000F46ACA99F56ACB99F66ACC99F76ACD9970
:10701000F86ACE99F96ACF99FA6AD099FB6AD19940
:10702000FC6AD299FD6AD399FE6AD499FF6AD59910
:10703000006BD699016BD799026BD899036BD999DC
:10704000046BDA99056BDB99066BDC99076BDD99AC
:10705000086BDE99096BDF990A6BE0990B6BE1997C
:107060000C6BE2990D6BE3990E6BE4990F6BE5994C
:10707000106BE699116BE799126BE899136BE9991C
:10708000146BEA99156BEB99166BEC99176BED99EC
:10709000186BEE99196BEF991A6BF0991B6BF199BC
:1070A0001C6BF2991D6BF3991E6BF4991F6BF5998C
:1070B000206BB7C7216BCEB4226BB6BB236BC0D09D
:1070C000246BA3EC256BF699266BF799276BB7C554
:1070D000286BF899296BF9992A6BFA992B6BFB9914
:1070E0002C6BFC992D6BFD992E6BFE992F6B409AA2
:1070F000306B419A316B429A326BFBD3336B439ABC
:10710000346B449A356B459A366B469A376BA4ECD0
:10711000386B479A396BA5EC3A6BDBC63B6B489AE8
:107120003C6B499A3D6B4A9A3E6BEEBF3F6B4B9A64
:10713000406B4C9A416B4D9A426B4E9A436BA6EC56
:10714000446B4F9A456B509A466BA7EC476BAAD09D
:10715000486B519A496BB8C74A6B529A4B6B539A1A
:107160004C6BE8B84D6B549A4E6B559A4F6B569AD0
:10717000506B579A516B589A526B599A536B5A9A53
:10718000546B5B9A556B5C9A566B5D9A576B5E9A23
:10719000586B5F9A596BA8EC5A6B609A5B6B619A5B
:1071A0005C6B629A5D6B639A5E6B649A5F6B659AC7
:1071B000606B669A616B679A626BB9D6636BFDD53B
:1071C000646BCBB4656BBDB2666BE4CE676BE7C630
:1071D000686B689A696B699A6A6BE1CD6B6B6A9AA6
:1071E0006C6B6B9A6D6B6C9A6E6B6D9A6F6B6E9A23
:1071F000706B6F9A716B709A726B719A736B729AF3
:10720000746B739A756B749A766B759A776B769AC2
:10721000786B779A796BF5B47A6B789A7B6BC0CB85
:107220007C6BDFBC7D6B799A7E6B7A9A7F6B7B9AE5
:10723000806B7C9A816BE2E9826BE3E9836BEAD134
:10724000846BE5E9856B7D9A866BF9B4876BE4E91D
:10725000886B7E9A896BB3D18A6BE2CA8B6BD0B292
:107260008C6B809A8D6BE8E98E6B819A8F6B829A1A
:10727000906B839A916B849A926BE6E9936BE7E942
:10728000946B859A956B869A966BB3D6976B879A13
:10729000986B889A996B899A9A6BE9E99B6BEAE9F2
:1072A0009C6B8A9A9D6B8B9A9E6B8C9A9F6B8D9A26
:1072B000A06B8E9AA16BEBE9A26B8F9AA36B909A4D
:1072C000A46B919AA56B929AA66B939AA76B949ACA
:1072D000A86B959AA96B969AAA6BECE9AB6B979AF7
:1072E000AC6B989AAD6B999AAE6B9A9AAF6B9B9A6E
:1072F000B06B9C9AB16B9D9AB26B9E9AB36BAFECDC
:10730000B46BB9C5B56BCEB6B66B9F9AB76BF3D2FB
:10731000B86BA09AB96BA19ABA6BA29ABB6BA39AED
:10732000BC6BA49ABD6BA59ABE6BA69ABF6BEEB55B
:10733000C06BA79AC16BD9BBC26BB1ECC36BA89AE7
:10734000C46BA99AC56BE3D2C66BAA9AC76BAB9AFA
:10735000C86BAC9AC96BAD9ACA6BAE9ACB6BE3CED5
:10736000CC6BAF9ACD6BB8C4CE6BB09ACF6BBFC3AA
:10737000D06BB19AD16BB29AD26BBEB6D36BB9D87F
:10738000D46BC8B1D56BCFB1D66BD1B1D76BFEC5BD
:10739000D86BB39AD96BD0B1DA6BB49ADB6BABC351
:1073A000DC6BB59ADD6BB69ADE6BB79ADF6BB89A79
:1073B000E06BB99AE16BB1D5E26BBA9AE36BBB9A19
:1073C000E46BBC9AE56BBD9AE66BBE9AE76BBF9A1D
:1073D000E86BC09AE96BC19AEA6BA4EBEB6BC1BA9C
:1073E000EC6BC29AED6BC39AEE6BC49AEF6BBACC9E
:1073F000F06BC59AF16BC69AF26BC79AF36BA5EB6B
:10740000F46BC89AF56BA7EBF66BC99AF76BCA9A3F
:10741000F86BCB9AF96BA8EBFA6BCC9AFB6BCD9A15
:10742000FC6BCE9AFD6BA6EBFE6BCF9AFF6BD09AEE
:10743000006CD19A016CD29A026CD39A036CD49AE4
:10744000046CD59A056CA9EB066CABEB076CAAEB48
:10745000086CD69A096CD79A0A6CD89A0B6CD99A90
:107460000C6CDA9A0D6CACEB0E6CDB9A0F6CCFCA1D
:10747000106CB5D8116CF1C3126CDC9A136CA5C3F7
:10748000146CF8C6156CADEB166CCAC4176CDD9A9B
:10749000186CAEEB196CAFEB1A6CB0EB1B6CD5B77C
:1074A0001C6CDE9A1D6CDF9A1E6CE09A1F6CFAB79A
:1074B000206CE19A216CB1EB226CE2C7236CE29A5A
:1074C000246CB3EB256CE39A266CA4BA276CF5D137
:1074D000286CB1B0296CB2EB2A6CB4EB2B6CE49A3B
:1074E0002C6CE59A2D6CE69A2E6CAAB52F6CC8C24E
:1074F000306CE8C7316CE79A326CB5EB336CE89AC4
:10750000346CAECB356CDFE3366CE99A376CEA9AB3
:10751000386CC0D3396CEB9A3A6CEC9A3B6CED9AB0
:107520003C6CEE9A3D6CDBD93E6CEF9A3F6CF09A66
:10753000406CA1CD416CADD6426CF3C7436CF19A5F
:10754000446CF29A456CF39A466CE0D9476CE3BB05
:10755000486CF49A496CBABA4A6CE2E34B6CF59AFF
:107560004C6CF69A4D6CF79A4E6CF89A4F6CF99AEF
:10757000506CABCF516CFA9A526CFB9A536CFC9ADC
:10758000546CE0E3556CC7C9566CFD9A576CB9BA98
:10759000586CFE9A596C409B5A6C419B5B6CB4D101
:1075A0005C6CE1E35D6CEAC85E6CAFB95F6CADBD6D
:1075B000606CD8B3616CDBCE626C429B636C439BA6
:1075C000646CC0CC656C449B666C459B676C469B49
:1075D000686CE8E3696CE9E36A6CF4CD6B6C479B1B
:1075E0006C6C489B6D6C499B6E6C4A9B6F6C4B9BA3
:1075F000706CADCC716C4C9B726CB3BC736C4D9B5E
:10760000746CEAE3756C4E9B766CEBE3776C4F9B86
:10761000786C509B796CDAD07A6C519B7B6C529B66
:107620007C6C539B7D6CFBC67E6CDAB77F6C549B85
:10763000806C559B816CDFC7826CCAD2836CD6CEBE
:10764000846C569B856CE4E3866CECE3876C579BFB
:10765000886CF2C9896CC1B38A6C589B8B6C599B3E
:107660008C6CE7E38D6C5A9B8E6C5B9B8F6CE3C6D6
:10767000906CE5E3916C5C9B926C5D9B936CB3EDBD
:10768000946CE6E3956C5E9B966C5F9B976C609B3D
:10769000986C619B996CB3C99A6C629B9B6CE6C5B4
:1076A0009C6C639B9D6C649B9E6C659B9F6CB5B949
:1076B000A06C669BA16CBBC3A26C679BA36CE3E34D
:1076C000A46CBDC5A56CA4C1A66CD9C2A76CD7B269
:1076D000A86C689BA96CEDE3AA6CA6BBAB6CADC4AF
:1076E000AC6C699BAD6CF0E3AE6CDABEAF6C6A9BC0
:1076F000B06C6B9BB16CFBE3B26CF5E3B36CD3BACB
:10770000B46C6C9BB56C6D9BB66C6E9BB76C6F9BD1
:10771000B86CD0B7B96CCDD3BA6C709BBB6CCED6FD
:10772000BC6CD3D5BD6CC1B9BE6CB4D5BF6CD8D15F
:10773000C06C719BC16C729BC26C739BC36C749B5D
:10774000C46CB9D0C56CF6C7C66C759BC76C769B0C
:10775000C86C779BC96CAAC8CA6CB4B2CB6C789B56
:10776000CC6CDAC3CD6C799BCE6C7A9BCF6C7B9B57
:10777000D06CEEE3D16C7C9BD26C7D9BD36CFCE334
:10778000D46CEFE3D56CA8B7D66CF7E3D76CF4E311
:10779000D86C7E9BD96C809BDA6C819BDB6CBAB712
:1077A000DC6C829BDD6C839BDE6CA2C5DF6C849BF2
:1077B000E06CF6E3E16CDDC5E26CA8B2E36CFCC6FC
:1077C000E46C859BE56CE0C4E66C869BE76C879B6C
:1077D000E86CA2D7E96C889BEA6CE1C0EB6CF9E33A
:1077E000EC6C899BED6C8A9BEE6CFAE3EF6CFDE32D
:1077F000F06CA9CCF16CF3E3F26C8B9BF36CBED311
:10780000F46C8C9BF56CC3B1F66CB4EDF76CF1E3E2
:10781000F86CF2E3F96C8D9BFA6CF8E3FB6CBAD070
:10782000FC6CC3C6FD6CF3D4FE6CFEE3FF6C8E9B58
:10783000006D8F9B016DE0BD026D909B036D919B70
:10784000046DA7E4056D929B066D939B076DA6E4FE
:10785000086D949B096D959B0A6D969B0B6DF3D1FA
:107860000C6DA3E40D6D979B0E6DA9E40F6D989BB5
:10787000106D999B116D9A9B126DF7C8136D9B9BB0
:10788000146D9C9B156D9D9B166D9E9B176DB4CFC3
:10789000186D9F9B196DA8E41A6DAEE41B6DE5C2CF
:1078A0001C6DA09B1D6DA19B1E6DB4B61F6DA29B90
:1078B000206DA39B216DA49B226DA59B236DA69B90
:1078C000246DA79B256DF2BD266DA89B276DA2E4B4
:1078D000286DA99B296DAA9B2A6DE9BA2B6DAAE494
:1078E0002C6DAB9B2D6DAC9B2E6DACE42F6DAD9BC9
:1078F000306DAE9B316DFDB6326DDED6336DB2E4C8
:10790000346DAF9B356DADE4366DB09B376DB19B7B
:10791000386DB29B396DA1E43A6DB39B3B6DEEBB04
:107920003C6DDDCD3D6DA2C73E6DC9C53F6DB49BBD
:10793000406DB59B416DF7C1426DB69B436DA4E4AC
:10794000446DB79B456DB3C7466DACBD476DBDBDBE
:10795000486DA5E4496DB89B4A6DC7D74B6DE2B23F
:107960004C6DB99B4D6DABE44E6DC3BC4F6DAFE438
:10797000506DBA9B516DEBBB526DB0E4536DA8C511
:10798000546DB1E4556DBB9B566DBC9B576DBD9B53
:10799000586DBE9B596DE3D55A6DA3BF5B6DBF9B00
:1079A0005C6DBAE45D6DC09B5E6DB7E45F6DC19BBD
:1079B000606DBBE4616DC29B626DC39B636DBDE492
:1079C000646DC49B656DC59B666DD6C6676DC69BB1
:1079D000686DC79B696DC6BA6A6DCBC06B6DC89B7D
:1079E0006C6DC99B6D6DCA9B6E6DA1B86F6DB4E473
:1079F000706DCB9B716DCC9B726DCD9B736DCE9B6F
:107A0000746DA1D4756DCF9B766DD09B776DA3BA45
:107A1000786DFEBD796DD19B7A6DD29B7B6DD39BCA
:107A20007C6DBCE47D6DD49B7E6DD59B7F6DD69BBC
:107A3000806DD79B816DD89B826DBFCD836DD99BA7
:107A4000846DDA9B856DF9C4866DDB9B876DDC9B4D
:107A5000886DFBCF896DE6C98A6DDD9B8B6DDE9BE2
:107A60008C6DBFD38D6DDF9B8E6DD1CF8F6DE09B05
:107A7000906DE19B916DB3E4926DE29B936DB8E4E0
:107A8000946DB9E4956DE9CC966DE39B976DE49B9D
:107A9000986DE59B996DE69B9A6DE79B9B6DCECCAF
:107AA0009C6DE89B9D6DD4C09E6DB5E49F6DB0C18B
:107AB000A06DB6E4A16DD0CEA26DE99BA36DC1BB54
:107AC000A46DD3B5A56DEA9BA66DF3C8A76DA7BD40
:107AD000A86DC7D5A96DACC9AA6DA2B8AB6DCAE433
:107AE000AC6DEB9BAD6DEC9BAE6DCCE4AF6DC4D1DA
:107AF000B06DED9BB16DEE9BB26DBAD2B36DEF9BE5
:107B0000B46DF09BB56DADBAB66DF19BB76DF29BE0
:107B1000B86DD4BAB96DF39BBA6DF49BBB6DF59B90
:107B2000BC6DF69BBD6DF79BBE6DF89BBF6DC3E44E
:107B3000C06DEDB5C16DF99BC26DFA9BC36DFB9B2A
:107B4000C46DCDD7C56DC0E4C66DFDCFC76DBFE4B4
:107B5000C86DFC9BC96DFD9BCA6DFE9BCB6DDCC1E6
:107B6000CC6DCACCCD6D409CCE6D419CCF6D429CFE
:107B7000D06D439CD16DE7CAD26D449CD36D459CBA
:107B8000D46D469CD56D479CD66DD7C4D76D489CA7
:107B9000D86DD4CCD96DC8E4DA6D499CDB6D4A9CB4
:107BA000DC6D4B9CDD6DC7E4DE6DC1E4DF6D4C9C8C
:107BB000E06DC4E4E16DADB5E26D4D9CE36D4E9CAE
:107BC000E46DD9D3E56D4F9CE66DC6E4E76D509C3E
:107BD000E86D519CE96D529CEA6D539CEB6DF9D2B6
:107BE000EC6DE3B4ED6D549CEE6DB4BBEF6D559C44
:107BF000F06D569CF16DEEC9F26D579CF36DBEB4FD
:107C0000F46D589CF56D599CF66D5A9CF76DECBB64
:107C1000F86D5B9CF96DCDD1FA6D5C9CFB6DEDCC84
:107C2000FC6DB5EDFD6D5D9CFE6D5E9CFF6D5F9C1A
:107C3000006E609C016E619C026E629C036E639C90
:107C4000046E649C056EE5C7066E659C076E669CB7
:107C5000086E679C096E689C0A6EA8D40B6E699CBE
:107C60000C6ECBE40D6ED5D70E6EC2E40F6E6A9C1F
:107C7000106EA5BD116EC5E4126E6B9C136E6C9CEC
:107C8000146EE6D3156E6D9C166EC9E4176EF8C9B6
:107C9000186E6E9C196E6F9C1A6EBEE41B6E709C03
:107CA0001C6E719C1D6EE5D31E6E729C1F6E739CC4
:107CB000206EFEC7216EC9B6226E749C236EFCD462
:107CC000246EB3B2256ED7E4266E759C276E769C23
:107CD000286E779C296EC2CE2A6E789C2B6ECDE4DE
:107CE0002C6E799C2D6EBCCE2E6E7A9C2F6EDBB8DE
:107CF000306E7B9C316E7C9C326ED6E4336E7D9C04
:107D0000346ECABF356E7E9C366E809C376E819C09
:107D1000386ECED3396E829C3A6EECC33B6E839C38
:107D20003C6E849C3D6E859C3E6E869C3F6E879C1F
:107D3000406E889C416E899C426E8A9C436EC8C589
:107D4000446ED8E4456E8B9C466E8C9C476E8D9C31
:107D5000486E8E9C496E8F9C4A6E909C4B6E919C97
:107D60004C6E929C4D6EC4CD4E6ECFE44F6E939C84
:107D7000506E949C516E959C526E969C536ED4E4BA
:107D8000546ED5E4556E979C566EFEBA576E989C0D
:107D9000586EE6CF596E999C5A6E9A9C5B6EBFD511
:107DA0005C6E9B9C5D6E9C9C5E6E9D9C5F6ED2E447
:107DB000606E9E9C616E9F9C626EA09C636EA19C97
:107DC000646EA29C656EA39C666EA49C676EA59C67
:107DD000686EA69C696EA79C6A6EA89C6B6ED0E4C8
:107DE0006C6EA99C6D6EAA9C6E6ECEE46F6EAB9CA1
:107DF000706EAC9C716EAD9C726EAE9C736EAF9CDF
:107E0000746EB09C756EB19C766EB29C776EB39CAE
:107E1000786EB49C796EB59C7A6EB69C7B6EB79C7E
:107E20007C6EB89C7D6EB99C7E6EE5CD7F6EAACAD5
:107E3000806EBA9C816EBB9C826EBC9C836EA3C01C
:107E4000846EBD9C856EA6BD866ED3E4876EBE9C97
:107E5000886EBF9C896EC8B88A6EC09C8B6EC19CB0
:107E60008C6EC29C8D6EC39C8E6EC49C8F6EE7E43C
:107E7000906EB4D4916EC59C926EC69C936EC79C56
:107E8000946EC89C956EC99C966ECA9C976ECB9C4E
:107E9000986EDBE4996ECC9C9A6ECD9C9B6ECE9CCA
:107EA0009C6EEFC19D6ECF9C9E6ED09C9F6EE9E450
:107EB000A06ED19CA16ED29CA26EE7D2A36ED39C81
:107EC000A46ED49CA56EDFE4A66ED59CA76EE0E4FC
:107ED000A86ED69CA96ED79CAA6EAACFAB6ED89C72
:107EE000AC6ED99CAD6EDA9CAE6EDB9CAF6EDDCB1A
:107EF000B06EDC9CB16EDAE4B26ED1E4B36EDD9CA0
:107F0000B46EE5E4B56EDE9CB66EDCC8B76EE3E435
:107F1000B86EDF9CB96EE09CBA6EE7C4BB6EE2E45B
:107F2000BC6EE19CBD6EE1E4BE6EE29CBF6EE39C64
:107F3000C06EE49CC16EFCB3C26EE8E4C36EE59C07
:107F4000C46EE69CC56EE79CC66EE89CC76EE1B544
:107F5000C86EE99CC96EEA9CCA6EEB9CCB6ECCD70E
:107F6000CC6EEC9CCD6EED9CCE6EEE9CCF6EE6E4BE
:107F7000D06EEF9CD16EACBBD26EF09CD36ED2D7DC
:107F8000D46ECFCCD56EF8EBD66EF19CD76EE4E410
:107F9000D86EF29CD96EF39CDA6EF6B9DB6EF49C67
:107FA000DC6EF59CDD6EF69CDE6ECDD6DF6ED9E420
:107FB000E06EDCE4E16EFAC2E26EDEE4E36EF79CB2
:107FC000E46ECBC2E56EC4C0E66ED0C2E76EF89C2C
:107FD000E86EF5B1E96EB2CCEA6EF99CEB6EFA9CF4
:107FE000EC6EFB9CED6EFC9CEE6EFD9CEF6EFE9CC1
:107FF000F06E409DF16E419DF26E429DF36E439D89
:10800000F46ECEB5F56E449DF66E459DF76E469DB9
:10801000F86E479DF96EEFE4FA6E489DFB6E499D40
:10802000FC6E4A9DFD6E4B9DFE6E4C9DFF6E4D9D00
:10803000006F4E9D016F4F9D026FAFC6036F509D45
:10804000046F519D056F529D066FE1C6076F539DEA
:10805000086F549D096FF5E40A6F559D0B6F569D8F
:108060000C6F579D0D6F589D0E6F599D0F6FA9C2D4
:10807000106F5A9D116F5B9D126F5C9D136FECC06A
:10808000146FDDD1156FEEE4166F5D9D176F5E9D69
:10809000186F5F9D196F609D1A6F619D1B6F629DC8
:1080A0001C6F639D1D6F649D1E6F659D1F6F669D98
:1080B000206FAEC4216F679D226F689D236F699DFD
:1080C000246FEDE4256F6A9D266F6B9D276F6C9D75
:1080D000286F6D9D296FF6E42A6FF4E42B6FFEC2C2
:1080E0002C6F6E9D2D6FDDE42E6F6F9D2F6FF0E472
:1080F000306F709D316FFECA326F719D336FC4D582
:10810000346F729D356F739D366FF1E4376F749DD8
:10811000386F759D396F769D3A6F779D3B6F789D6F
:108120003C6F799D3D6F7A9D3E6FFAD13F6F7B9D8D
:10813000406F7C9D416F7D9D426F7E9D436F809D12
:10814000446F819D456F829D466FEBE4476FECE481
:10815000486F839D496F849D4A6F859D4B6FF2E404
:108160004C6F869D4D6FABCE4E6F879D4F6F889D38
:10817000506F899D516F8A9D526F8B9D536F8C9D5F
:10818000546F8D9D556F8E9D566F8F9D576F909D2F
:10819000586FCBC5596F919D5A6F929D5B6F939DA0
:1081A0005C6FB1C75D6F949D5E6FBAC25F6F959D46
:1081B000606F969D616F979D626FEAE4636F989D13
:1081C000646F999D656F9A9D666FCAC1676F9B9D2D
:1081D000686F9C9D696F9D9D6A6F9E9D6B6F9F9D53
:1081E0006C6FA09D6D6FB6CC6E6FB1B36F6FA19DBC
:1081F000706FA29D716FA39D726FFBE4736FA49D5E
:10820000746FF3E4756FA59D766FA69D776FA79D3C
:10821000786FFAE4796FA89D7A6FFDE47B6FA99D72
:108220007C6FFCE47D6FAA9D7E6FAB9D7F6FAC9DE4
:10823000806FAD9D816FAE9D826FAF9D836FB09D4E
:10824000846FCEB3856FB19D866FB29D876FB39DEE
:10825000886FBAB3896FF7E48A6FB49D8B6FB59D51
:108260008C6FF9E48D6FF8E48E6FECC58F6FB69D5F
:10827000906FB79D916FB89D926FB99D936FBA9DA6
:10828000946FBB9D956FBC9D966FBD9D976FBE9D76
:10829000986FBF9D996FC09D9A6FC19D9B6FC29D46
:1082A0009C6FBDC09D6FC39D9E6FC49D9F6FC59DFC
:1082B000A06FC69DA16FE8D4A26FC79DA36FC89D94
:1082C000A46FC99DA56FCA9DA66FCB9DA76FA2E5A0
:1082D000A86FCC9DA96FCD9DAA6FCE9DAB6FCF9D92
:1082E000AC6FD09DAD6FD19DAE6FD29DAF6FD39D62
:1082F000B06FD49DB16FD59DB26FD69DB36FC4B032
:10830000B46FD79DB56FD89DB66FA4E5B76FD99DF3
:10831000B86FDA9DB96FA3E5BA6FDB9DBB6FDC9DCB
:10832000BC6FDD9DBD6FDE9DBE6FDF9DBF6FE09DAD
:10833000C06FA4BCC16FE19DC26FA5E5C36FE29D94
:10834000C46FE39DC56FE49DC66FE59DC76FE69D55
:10835000C86FE79DC96FA1E5CA6FE89DCB6FE99D26
:10836000CC6FEA9DCD6FEB9DCE6FEC9DCF6FED9DF9
:10837000D06FEE9DD16FFEE4D26FF4B1D36FEF9D5D
:10838000D46FF09DD56FF19DD66FF29DD76FF39DA1
:10839000D86FF49DD96FF59DDA6FF69DDB6FF79D71
:1083A000DC6FF89DDD6FF99DDE6FA8E5DF6FFA9D4C
:1083B000E06FA9E5E16FA6E5E26FFB9DE36FFC9D31
:1083C000E46FFD9DE56FFE9DE66F409EE76F419E69
:1083D000E86F429EE96F439EEA6F449EEB6F459EB5
:1083E000EC6F469EED6F479EEE6FA7E5EF6FAAE537
:1083F000F06F489EF16F499EF26F4A9EF36F4B9E5D
:10840000F46F4C9EF56F4D9EF66F4E9EF76F4F9E2C
:10841000F86F509EF96F519EFA6F529EFB6F539EFC
:10842000FC6F549EFD6F559EFE6F569EFF6F579ECC
:108430000070589E0170599E02705A9E03705B9E98
:1084400004705C9E05705D9E06705E9E07705F9E68
:108450000870609E0970619E0A70629E0B70639E38
:108460000C70649E0D70659E0E70669E0F70679E08
:108470001070689E1170D9C61270699E13706A9E42
:1084800014706B9E15706C9E16706D9E17706E9EAC
:1084900018706F9E1970709E1A70ABE51B70ADE579
:1084A0001C70719E1D70729E1E70739E1F70749E54
:1084B0002070759E2170769E2270779E2370ACE5A9
:1084C0002470789E2570799E26707A9E27707B9EF8
:1084D00028707C9E29707D9E2A707E9E2B70809EC7
:1084E0002C70819E2D70829E2E70839E2F70849E94
:1084F0003070859E3170869E3270879E3370889E64
:108500003470899E3570AFE536708A9E37708B9EC9
:1085100038708C9E3970AEE53A708D9E3B708E9EA1
:108520003C708F9E3D70909E3E70919E3F70929EDB
:108530004070939E4170949E4270959E4370969EAB
:108540004470979E4570989E4670999E47709A9E7B
:1085500048709B9E49709C9E4A709D9E4B709E9E4B
:108560004C70E0B94D709F9E4E70A09E4F70B0E56C
:108570005070A19E5170A29E5270A39E5370A49EF3
:108580005470A59E5570A69E5670A79E5770A89EC3
:108590005870A99E5970AA9E5A70AB9E5B70AC9E93
:1085A0005C70AD9E5D70AE9E5E70B1E55F70AF9E1B
:1085B0006070B09E6170B19E6270B29E6370B39E37
:1085C0006470B49E6570B59E6670B69E6770B79E07
:1085D0006870B89E6970B99E6A70BA9E6B70F0BB85
:1085E0006C70E1EC6D70F0C36E70BB9E6F70C6B5C1
:1085F0007070D2BB7170BC9E7270BD9E7370BE9E57
:108600007470BF9E7570E9C17670EED47770C09EAD
:108610007870C4BE7970C19E7A70C29E7B70C39E12
:108620007C70C6D77D70C49E7E70D6D47F70D3B266
:108630008070BEEC8170C59E8270C69E8370C79E9E
:108640008470C89E8570C1EA8670C99E8770CA9E74
:108650008870CB9E8970AFC28A70B6B48B70CC9E86
:108660008C70CD9E8D70CE9E8E70D7D18F70CF9E28
:108670009070D09E9170D19E9270B4B39370D29E40
:108680009470B2C89570BBBF9670C0EC9770D39EC3
:108690009870D49E9970CBD69A70D59E9B70D69EBA
:1086A0009C70BFEC9D70C1EC9E70D79E9F70D89E51
:1086B000A070D99EA170DA9EA270DB9EA370DC9E92
:1086C000A470DD9EA570DE9EA670DF9EA770E09E62
:1086D000A870E19EA970E29EAA70E39EAB70C5EC03
:1086E000AC70E6BEAD70BFCCAE70DAC5AF70BCBECC
:1086F000B070E49EB170C6ECB270E59EB370FEB18E
:10870000B470E69EB570E79EB670E89EB770C4EC94
:10871000B870A8D5B970E3B5BA70E99EBB70C2EC69
:10872000BC70B6C1BD70E3B3BE70EA9EBF70EB9E75
:10873000C070C3ECC170B8CBC270C3C0C370FECCF4
:10874000C470EC9EC570ED9EC670EE9EC770EF9E25
:10875000C870D2C1C970F09ECA70C8ECCB70F19ECF
:10876000CC70F29ECD70F39ECE70F49ECF70F59ECD
:10877000D070F69ED170F79ED270F89ED370F99E9D
:10878000D470FA9ED570FB9ED670FC9ED770FD9E6D
:10879000D870E6BAD970D3C0DA70FE9EDB70F2D61C
:1087A000DC70409FDD70419FDE70429FDF70CCD156
:1087B000E070439FE170449FE270459FE370469FE5
:1087C000E470BEBFE570479FE670B3B7E770D5C9E8
:1087D000E870C7ECE970E2BBEA70489FEB70CCCC64
:1087E000EC70FDBDED70C8C8EE70499FEF70A9CF69
:1087F000F0704A9FF1704B9FF2704C9FF3704D9F49
:10880000F4704E9FF5704F9FF670509FF770E9CD52
:10881000F870519FF970EBC5FA70529FFB70539F2F
:10882000FC70549FFD70E9B7FE70559FFF70569F16
:108830000071579F0171589F0271599F03715A9F90
:1088400004715B9F05715C9F06715D9F07715E9F60
:1088500008715F9F0971C9D10A71B8BA0B71609F25
:108860000C71619F0D71629F0E71639F0F71649F08
:108870001071C9EC1171659F1271669F1371CAEC7A
:108880001471679F1571C0BB1671CBEC1771689F8F
:108890001871E2EC1971BAB11A71D9B71B71699FDD
:1088A0001C716A9F1D716B9F1E716C9F1F716D9F64
:1088B00020716E9F21716F9F2271709F2371719F34
:1088C0002471729F2571739F2671B9BD2771749FA2
:1088D0002871759F2971769F2A71779F2B71789FD8
:1088E0002C71799F2D717A9F2E717B9F2F71CCEC0B
:1088F0003071E6D13171CDEC32717C9F33717D9F47
:1089000034717E9F3571809F3671BBC83771819FEE
:108910003871829F3971839F3A71849F3B71859F23
:108920003C71869F3D71879F3E71889F3F71899FF3
:1089300040718A9F41718B9F42718C9F43718D9FC3
:1089400044718E9F4571D1EC46718F9F4771909F06
:108950004871919F4971929F4A71D3EC4B71939FDB
:108960004C71CDBB4D71949F4E71E5BC4F71959F7D
:108970005071969F5171979F5271989F5371999F13
:1089800054719A9F55719B9F56719C9F57719D9FE3
:1089900058719E9F59719F9F5A71A09F5B71A19FB3
:1089A0005C71CFEC5D71A29F5E71B7C95F71A39FCF
:1089B0006071A49F6171A59F6271A69F6371A79F5B
:1089C0006471BAC36571A89F6671E3EC6771D5D510
:1089D0006871D0EC6971A99F6A71AA9F6B71AB9F96
:1089E0006C71AC9F6D71AD9F6E71F3D66F71AE9F60
:1089F0007071AF9F7171B09F7271D2EC7371CEECD8
:108A00007471B19F7571B29F7671B39F7771B49F86
:108A10007871D4EC7971B59F7A71D5EC7B71B69F82
:108A20007C71B79F7D71BFC97E71B89F7F71B99FFF
:108A30008071BA9F8171BB9F8271BC9F8371BD9F02
:108A40008471A8CF8571BE9F8671BF9F8771C09FBB
:108A50008871C19F8971C29F8A71DCD08B71C39F5D
:108A60008C71C49F8D71C59F8E71C69F8F71ACD163
:108A70009071C79F9171C89F9271C99F9371CA9F4E
:108A80009471DBC89571CB9F9671CC9F9771CD9FE8
:108A90009871D6EC9971F5CE9A71CE9F9B71CF9F4C
:108AA0009C71D09F9D71D19F9E71D29F9F71ECCA86
:108AB000A071DAECA171D39FA271D49FA371D59F4D
:108AC000A471D69FA571D79FA671D89FA771D99F72
:108AD000A871D9ECA971DA9FAA71DB9FAB71DC9FF9
:108AE000AC71BEB0AD71DD9FAE71DE9FAF71DF9F27
:108AF000B071E09FB171E19FB271E29FB371D7ECA9
:108B0000B471E39FB571D8ECB671E49FB771E59F7E
:108B1000B871E69FB971E4ECBA71E79FBB71E89F49
:108B2000BC71E99FBD71EA9FBE71EB9FBF71EC9F65
:108B3000C071ED9FC171EE9FC271EF9FC371BCC840
:108B4000C471F09FC571F19FC671F29FC771F39F09
:108B5000C871F49FC971F59FCA71F69FCB71F79FD9
:108B6000CC71F89FCD71F99FCE71C7C1CF71FA9FBB
:108B7000D071FB9FD171FC9FD271FD9FD371FE9F7D
:108B8000D471DCECD571E0D1D67140A0D77141A091
:108B9000D87142A0D97143A0DA7144A0DB7145A01D
:108BA000DC7146A0DD7147A0DE7148A0DF7149A0ED
:108BB000E071DBECE1714AA0E2714BA0E3714CA0E3
:108BC000E4714DA0E571EFD4E6714EA0E771DDECE4
:108BD000E8714FA0E97150A0EA7151A0EB7152A069
:108BE000EC7153A0ED7154A0EE71C6DBEF7155A08E
:108BF000F07156A0F17157A0F27158A0F37159A00D
:108C0000F4715AA0F5715BA0F6715CA0F7715DA0DC
:108C1000F8715EA0F971DEECFA715FA0FB7160A0E3
:108C2000FC7161A0FD7162A0FE7163A0FF7164A080
:108C3000007265A0017266A0027267A0037268A04C
:108C4000047269A005726AA00672ACB107726BA0CB
:108C500008726CA009726DA00A726EA00B726FA0F0
:108C60000C7270A00D7271A00E7272A00F7273A0C0
:108C7000107274A0117275A0127276A0137277A090
:108C8000147278A0157279A016727AA017727BA060
:108C900018727CA019727DA01A727EA01B7280A02F
:108CA0001C7281A01D72DFEC1E7282A01F7283A055
:108CB000207284A0217285A0227286A0237287A0D0
:108CC000247288A0257289A026728AA027728BA0A0
:108CD0002872E0EC29728CA02A72A6D72B728DA084
:108CE0002C72C0C52D728EA02E728FA02F7290A0F4
:108CF0003072BCEB3172AEB0327291A0337292A07E
:108D0000347293A03572F4BE3672B8B83772AFD2EF
:108D10003872D6B03972F9B53A7294A03B72B3D8B2
:108D20003C7295A03D72ACCB3E7296A03F72DDE3E3
:108D3000407297A0417298A0427299A043729AA083
:108D400044729BA045729CA046729DA04772ACC61F
:108D50004872E6B049729EA04A729FA04B72A0A0D2
:108D60004C72C6C54D72B9EB4E72A1A04F72A2A053
:108D70005072A3A05172A4A05272BAEB5372A5A074
:108D80005472A6A05572A7A05672BBEB5772A8A04A
:108D90005872A9A05972C0D15A72AAA05B72A3C519
:108DA0005C72ABA05D72F2EA5E72ACA05F72B2C49C
:108DB0006072ADA06172B5C46272CEC06372AEA0C3
:108DC0006472AFA06572B0A06672F3EA6772C1C444
:108DD0006872B1A06972EFCE6A72B2A06B72B3A072
:108DE0006C72B4A06D72B5A06E72F0EA6F72F4EAA4
:108DF0007072B6A07172B7A07272FCC97372B8A01B
:108E00007472B9A07572A3C77672BAA07772BBA04C
:108E10007872BCA07972D8CC7A72FECE7B72BDA07B
:108E20007C72BEA07D72BFA07E72F5EA7F72F6EA08
:108E30008072ACCF8172E7C08272C0A08372C1A081
:108E40008472F7EA8572C2A08672C3A08772C4A03A
:108E50008872C5A08972C6A08A72BFB68B72F8EA02
:108E60008C72C7A08D72F9EA8E72C8A08F72FAEA6E
:108E70009072C9A09172CAA09272FBEA9372CBA0C1
:108E80009472CCA09572CDA09672CEA09772CFA00E
:108E90009872D0A09972D1A09A72D2A09B72D3A0DE
:108EA0009C72D4A09D72D5A09E72D6A09F72F1EA4A
:108EB000A072D7A0A172D8A0A272D9A0A372DAA082
:108EC000A472DBA0A572DCA0A672DDA0A772DEA052
:108ED000A872DFA0A972E0A0AA72E1A0AB72E2A022
:108EE000AC72AEC8AD72EBE1AE72E3A0AF72B8B7D0
:108EF000B072ECE1B172E4A0B272E5A0B372E6A088
:108F0000B472EDE1B572E7A0B672B4D7B772EEE114
:108F1000B872EFE1B972CCD3BA72E8A0BB72E9A023
:108F2000BC72EAA0BD72EBA0BE72ECA0BF72EDA055
:108F3000C072EEA0C172F1E1C272F1BFC372F0E182
:108F4000C472D2B5C572EFA0C672F0A0C772F1A00C
:108F5000C872B7B1C972F2A0CA72F3A0CB72F4A002
:108F6000CC72F5A0CD72F3E1CE72F2E1CF72F6A031
:108F7000D072FCBAD172F7A0D272F4E1D372F8A029
:108F8000D472F9A0D572FAA0D672FBA0D772B7B985
:108F9000D872FCA0D972D1BEDA72FDA0DB72FEA03D
:108FA000DC7240AADD7241AADE72FCC4DF7242AA02
:108FB000E072DDBAE172C6BDE27243AAE37244AA6E
:108FC000E47245AAE57246AAE67247AAE77248AA81
:108FD000E872F5E1E972F7E1EA7249AAEB724AAA8E
:108FE000EC72C0B6ED72C1CFEE72A8CAEF72F6E1B4
:108FF000F072F8D5F172FCD3F272F8E1F372FCE191
:10900000F472F9E1F5724BAAF6724CAAF772FAE122
:10901000F872EAC0F9724DAAFA72FEE1FB72A1E29F
:10902000FC72C7C0FD724EAAFE724FAAFF7250AA10
:10903000007351AA0173FBE1027352AA0373FDE1AD
:10904000047353AA057354AA067355AA077356AA44
:10905000087357AA097358AA0A73A5E20B7359AA91
:109060000C735AAA0D735BAA0E73D4C10F735CAA5A
:1090700010735DAA11735EAA12735FAA1373A3E241
:10908000147360AA1573A8E21673FEB21773A2E2F6
:10909000187361AA197362AA1A7363AA1B73CDC3EA
:1090A0001C73C2B21D73A7E21E73A6E21F7364AAEB
:1090B000207365AA2173A4E22273A9E2237366AA2E
:1090C000247367AA2573ABE2267368AA277369AA7B
:1090D00028736AAA2973C9D02A73EDD62B73A8C343
:1090E0002C73ACE22D736BAA2E73D7CF2F736CAA9F
:1090F00030736DAA3173AEE232736EAA33736FAA06
:109100003473EFBA357370AA367371AA3773E0E916
:109110003873ADE23973AAE23A7372AA3B7373AA49
:109120003C7374AA3D7375AA3E73ABBB3F73B3D453
:10913000407376AA417377AA427378AA437379AAD7
:1091400044737AAA45737BAA46737CAA47737DAAA7
:1091500048737EAA497380AA4A7381AA4B7382AA74
:109160004C7383AA4D73B0E24E7384AA4F7385AAE1
:109170005073AFE2517386AA5273E1E9537387AA21
:10918000547388AA557389AA56738AAA5773B1E291
:1091900058738BAA59738CAA5A738DAA5B738EAAC3
:1091A0005C738FAA5D7390AA5E7391AA5F7392AA93
:1091B0006073B2E2617393AA627394AA637395AA0F
:1091C000647396AA657397AA667398AA677399AA37
:1091D00068739AAA69739BAA6A739CAA6B739DAA07
:1091E0006C73B3E26D73A1CC6E739EAA6F73B4E21D
:1091F00070739FAA7173A0AA727340AB737341AB73
:10920000747342AB757343AB767344AB777345AB02
:10921000787346AB797347AB7A7348AB7B7349ABD2
:109220007C734AAB7D734BAB7E73B5E27F734CAB03
:1092300080734DAB81734EAB82734FAB837350AB76
:109240008473FED0857351AB867352AB8773CAC2E9
:10925000887353AB8973F1D38A7354AB8B73F5CD99
:109260008C7355AB8D7356AB8E73E0E78F7357AB32
:10927000907358AB9173E1E7927359AB93735AAB08
:1092800094735BAB95735CAB9673C1BE97735DAB28
:1092900098735EAB99735FAB9A7360AB9B73EAC2D2
:1092A0009C7361AB9D7362AB9E7363AB9F73E4E78A
:1092B000A07364ABA17365ABA273E3E7A37366AB62
:1092C000A47367ABA57368ABA67369ABA7736AABEE
:1092D000A8736BABA973E6CDAA736CABAB73B5C3C4
:1092E000AC736DABAD736EABAE73E2E7AF73B7BB90
:1092F000B073D6CFB1736FABB273E1C1B373E9E7AB
:10930000B47370ABB57371ABB67372ABB773E8E798
:10931000B87373ABB97374ABBA73F4E7BB73A3B22E
:10932000BC7375ABBD7376ABBE7377ABBF7378ABF5
:10933000C073EAE7C17379ABC273E6E7C3737AAB74
:10934000C4737BABC5737CABC6737DABC7737EAB9D
:10935000C873ECE7C973EBE7CA73BAC9CB7380ABC8
:10936000CC7381ABCD73E4D5CE7382ABCF73E5E71D
:10937000D073A9B7D173E7E7D27383ABD37384AB50
:10938000D47385ABD57386ABD67387ABD77388ABF5
:10939000D87389ABD973EEE7DA738AABDB738BAB27
:1093A000DC738CABDD738DABDE73F3E7DF738EABF9
:1093B000E073E9D6E1738FABE27390ABE37391ABEB
:1093C000E47392ABE573EDE7E67393ABE773F2E713
:1093D000E87394ABE973F1E7EA7395ABEB7396AB83
:1093E000EC7397ABED73E0B0EE7398ABEF7399ABA2
:1093F000F0739AABF1739BABF273F5E7F3739CAB2D
:10940000F4739DABF5739EABF6739FABF773A0AB94
:10941000F87340ACF97341ACFA7342ACFB7343ACE4
:10942000FC7344ACFD7345ACFE7346ACFF7347ACB4
:10943000007448AC017449AC02744AAC0374F2C7BE
:1094400004744BAC0574C5C00674EDC007744CAC15
:1094500008744DAC0974F0C10A74F0E70B744EAC9B
:109460000C744FAC0D7450AC0E7451AC0F74F6E725
:109470001074F6CB117452AC127453AC137454AC18
:10948000147455AC157456AC167457AC177458ACAC
:10949000187459AC19745AAC1A74A2E81B74A1E878
:1094A0001C745BAC1D745CAC1E745DAC1F745EAC54
:1094B00020745FAC217460AC2274C1D7237461AC9A
:1094C000247462AC2574FAE72674F9E7277463AC58
:1094D0002874FBE7297464AC2A74F7E72B7465AC35
:1094E0002C74FEE72D7466AC2E74FDE72F7467AC08
:1094F0003074FCE7317468AC327469AC3374D5C134
:109500003474D9C73574FDC53674C3C537746AACB5
:1095100038746BAC39746CAC3A746DAC3B746EAC33
:109520003C74EDC73D746FAC3E7470AC3F7471AC6D
:10953000407472AC4174A3E8427473AC437474AC6D
:10954000447475AC457476AC467477AC477478ACAB
:10955000487479AC49747AAC4A747BAC4B747CAC7B
:109560004C747DAC4D747EAC4E7480AC4F7481AC49
:10957000507482AC517483AC527484AC537485AC17
:10958000547486AC5574A6E8567487AC5774A5E835
:10959000587488AC5974A7E85A74F7BA5B74F8E742
:1095A0005C74A4E85D7489AC5E74F0C85F74AAC989
:1095B00060748AAC61748BAC62748CAC63748DAC77
:1095C00064748EAC65748FAC667490AC677491AC47
:1095D000687492AC697493AC6A7494AC6B7495AC17
:1095E0006C7496AC6D74A9E86E7497AC6F7498AC9B
:1095F0007074E5B9717499AC72749AAC73749BAC65
:1096000074749CAC75749DAC7674FED17774A8E8C4
:1096100078749EAC79749FAC7A74A0AC7B7440ADC6
:109620007C7441AD7D7442AD7E74AAE87F7443AD15
:109630008074ADE88174AEE8827444AD8374A7C1D0
:10964000847445AD857446AD867447AD8774AFE8C4
:10965000887448AD897449AD8A744AAD8B74B0E89A
:109660008C744BAD8D744CAD8E74ACE88F744DAD75
:109670009074B4E891744EAD92744FAD937450AD44
:10968000947451AD957452AD967453AD977454ADB6
:10969000987455AD997456AD9A7457AD9B7458AD86
:1096A0009C74ABE89D7459AD9E74B1E89F745AAD3B
:1096B000A0745BADA1745CADA2745DADA3745EAD2E
:1096C000A4745FADA57460ADA67461ADA774B5E870
:1096D000A874B2E8A974B3E8AA7462ADAB7463ADC0
:1096E000AC7464ADAD7465ADAE7466ADAF7467ADAA
:1096F000B07468ADB17469ADB2746AADB3746BAD7A
:10970000B4746CADB5746DADB6746EADB7746FAD49
:10971000B87470ADB97471ADBA74B7E8BB7472AD9A
:10972000BC7473ADBD7474ADBE7475ADBF7476ADED
:10973000C07477ADC17478ADC27479ADC3747AADBD
:10974000C4747BADC5747CADC6747DADC7747EAD8D
:10975000C87480ADC97481ADCA7482ADCB7483AD59
:10976000CC7484ADCD7485ADCE7486ADCF7487AD29
:10977000D07488ADD17489ADD274B6E8D3748AAD93
:10978000D4748BADD5748CADD6748DADD7748EADCD
:10979000D8748FADD97490ADDA7491ADDB7492AD9D
:1097A000DC74CFB9DD7493ADDE74ACF0DF7494ADCE
:1097B000E074ADF0E17495ADE274B0C6E374EAB064
:1097C000E474BFC8E57496ADE674DFCDE77497AD79
:1097D000E87498ADE97499ADEA749AADEB749BADF9
:1097E000EC749CADED749DADEE74CDCEEF74B1EA2A
:1097F000F0749EADF1749FADF274A0ADF37440AE01
:10980000F474B2EAF57441AEF674BFC6F774C9B425
:10981000F87442AEF97443AEFA7444AEFB7445AECC
:10982000FC7446AEFD7447AEFE7448AEFF74B3EAF6
:10983000007549AE01754AAE02754BAE03754CAE6C
:109840000475E7D505754DAE06754EAE07754FAE7E
:10985000087550AE097551AE0A7552AE0B7553AE10
:109860000C7554AE0D75F9DD0E7555AE0F75B4EA75
:10987000107556AE1175B5EA127557AE1375B6EA86
:10988000147558AE157559AE16755AAE17755BAE90
:109890001875CAB81975B0DF1A75F5C91B755CAEB5
:1098A0001C75F0CC1D755DAE1E755EAE1F75FAC9D8
:1098B00020755FAE217560AE227561AE237562AE14
:1098C000247563AE2575FBC9267564AE277565AE34
:1098D0002875C3D32975A6CB2A7566AE2B75A6B895
:1098E0002C75AEF02D75C2B12E7567AE2F75B8E52B
:1098F0003075EFCC3175C9D33275D7BC3375EAC931
:10990000347568AE3575E7B5367569AE3775D0C450
:109910003875E9B539756AAE3A75AEEE3B75ADBBD3
:109920003C756BAE3D756CAE3E75DEE73F756DAE5A
:109930004075AFEE41756EAE42756FAE437570AE59
:10994000447571AE4575A9B3467572AE477573AE71
:109950004875B2EE497574AE4A7575AE4B75B1EE89
:109960004C75E7BD4D7576AE4E75B0EE4F75B7CE02
:10997000507577AE517578AE527579AE53757AAE33
:109980005475CFC555757BAE56757CAE57757DAE9B
:1099900058757EAE5975F4C15A75CEDB5B75B3EE62
:1099A0005C75F3D05D7580AE5E7581AE5F7582AE1D
:1099B000607583AE617584AE627585AE637586AE83
:1099C000647587AE6575D4C26675E8C6677588AE7E
:1099D000687589AE69758AAE6A75ACB76B758BAE02
:1099E0006C758CAE6D758DAE6E758EAE6F758FAEFF
:1099F000707590AE717591AE7275B4EE737592AE6E
:109A00007475EBB3757593AE767594AE777595AE48
:109A10007875FBBB7975B5EE7A7596AE7B7597AEAA
:109A20007C7598AE7D7599AE7E759AAE7F75DCE7D4
:109A300080759BAE81759CAE82759DAE8375B6EECA
:109A400084759EAE85759FAE8675AEBD8775A0AEDA
:109A5000887540AF897541AF8A7542AF8B75E2F169
:109A60008C7543AF8D7544AF8E7545AF8F75E8CA61
:109A7000907546AF9175C9D29275DAF0937547AF7C
:109A80009475DBF0957548AF9675DCF09775C6C197
:109A9000987549AF9975EDB89A75CEBE9B754AAF6A
:109AA0009C754BAF9D75DEF09E754CAF9F75B1C533
:109AB000A075DDF0A175F1D1A2754DAFA375E0F0F1
:109AC000A475CCB0A575EABDA6754EAFA7754FAF0E
:109AD000A87550AFA97551AFAA7552AFAB75DFD25B
:109AE000AC75DFF0AD7553AFAE75AFB4AF75E8B719
:109AF000B075E6F0B175E5F0B275A3C6B375E1F0E7
:109B0000B475E2F0B575C3B4B67554AFB77555AF5B
:109B1000B875E3F0B975EED5BA7556AFBB7557AFEA
:109B2000BC75DBCCBD75D2BEBE75B2BCBF7558AFBF
:109B3000C07559AFC1755AAFC275E8F0C375E7F08B
:109B4000C475E4F0C575A1B2C6755BAFC775A2D682
:109B5000C875B8D3C975B7BECA75ACC8CB755CAF8C
:109B6000CC755DAFCD75EAF0CE755EAFCF755FAFEA
:109B7000D07560AFD17561AFD275F7D1D37562AFD3
:109B8000D475CCD6D575DBBAD675E9F0D77563AF89
:109B9000D875BBB6D97564AFDA7565AFDB75B4CD72
:109BA000DC7566AFDD7567AFDE75A6C6DF7568AFBD
:109BB000E07569AFE1756AAFE275A1C1E375EBF0DD
:109BC000E475EEF0E5756BAFE675EDF0E775F0F076
:109BD000E875ECF0E9756CAFEA75BEBBEB75EFF0BC
:109BE000EC756DAFED756EAFEE756FAFEF7570AF75
:109BF000F075B5CCF175F2F0F27571AFF37572AF27
:109C0000F475D5B3F57573AFF67574AFF77575AFB9
:109C1000F87576AFF975D4B1FA7577AFFB7578AF93
:109C2000FC75F3F0FD7579AFFE757AAFFF75F4F052
:109C30000076F6F00176E1B402767BAF0376F1F0C0
:109C400004767CAF0576F7F006767DAF07767EAFBB
:109C5000087680AF097681AF0A76FAF00B7682AF8C
:109C60000C76F8F00D7683AF0E7684AF0F7685AF65
:109C70001076F5F0117686AF127687AF137688AF3F
:109C8000147689AF1576FDF016768AAF1776F9F05F
:109C90001876FCF01976FEF01A768BAF1B76A1F1E0
:109CA0001C768CAF1D768DAF1E768EAF1F76C1CE23
:109CB0002076A4F121768FAF2276A3F1237690AFA0
:109CC0002476F6C12576FBF02676DDCA277691AF9D
:109CD000287692AF2976F1B42A76F1B12B76B1CC01
:109CE0002C7693AF2D76A6F12E7694AF2F7695AF86
:109CF0003076A7F1317696AF327697AF3376ACF106
:109D00003476CED53576A9F1367698AF377699AFD9
:109D10003876B3C839769AAF3A769BAF3B769CAF2C
:109D20003C76A2F13D769DAF3E76ABF13F76A8F151
:109D30004076A5F141769EAF42769FAF4376AAF179
:109D40004476A0AF457640B0467641B0477642B003
:109D5000487643B0497644B04A7645B04B7646B033
:109D60004C76A9B04D76ADF14E7647B04F7648B0FF
:109D7000507649B051764AB052764BB053764CB0DB
:109D80005476AFF155764DB05676B1F157764EB068
:109D900058764FB0597650B05A7651B05B7652B083
:109DA0005C76B0F15D7653B05E76AEF15F7654B01E
:109DB000607655B0617656B0627657B06376A2D1C0
:109DC000647658B0657659B066765AB067765BB0FF
:109DD00068765CB069765DB06A765EB06B76B2F13B
:109DE0006C765FB06D7660B06E7661B06F76B3F111
:109DF000707662B0717663B0727664B0737665B077
:109E0000747666B0757667B0767668B0777669B046
:109E10007876EFB979766AB07A766BB07B76C7B52B
:109E20007C766CB07D76D7B07E76D9B07F766DB01B
:109E300080766EB081766FB08276EDD4837670B026
:109E40008476C4B5857671B08676D4BD8776CABB74
:109E50008876A7F0897672B08A7673B08B76DEB892
:109E60008C7674B08D7675B08E76A8F08F7676B0DD
:109E7000907677B09176A8B0927678B09376A9F084
:109E8000947679B095767AB09676EECD97767BB06B
:109E900098767CB09976AAF09A767DB09B767EB063
:109EA0009C7680B09D7681B09E7682B09F7683B09E
:109EB000A07684B0A17685B0A27686B0A37687B06E
:109EC000A476ABF0A57688B0A67689B0A7768AB0DE
:109ED000A8768BB0A9768CB0AA768DB0AB768EB012
:109EE000AC768FB0AD7690B0AE76A4C6AF7691B0BA
:109EF000B07692B0B176E5D6B276E4F1B37693B0AF
:109F0000B476E5F1B57694B0B67695B0B77696B0FE
:109F1000B87697B0B97698B0BA7699B0BB769AB061
:109F2000BC769BB0BD769CB0BE769DB0BF76F3C3C9
:109F3000C0769EB0C1769FB0C276DBD3C376A0B0A8
:109F4000C47640B1C576D1D6C676E8C5C77641B1EC
:109F5000C876AFD3C97642B1CA76E6D2CB7643B1E2
:109F6000CC7644B1CD76C1EECE76BBB0CF76B5D54A
:109F7000D076CED1D176E0BCD276D0BAD37645B108
:109F8000D476F8BFD57646B1D676C7B8D776C1B500
:109F9000D876CCC5D97647B1DA7648B1DB76A2CA95
:109FA000DC7649B1DD764AB1DE764BB1DF76CBC3E4
:109FB000E0764CB1E1764DB1E2764EB1E3764FB149
:109FC000E47650B1E576C2EEE67651B1E77652B16D
:109FD000E87653B1E97654B1EA7655B1EB7656B1ED
:109FE000EC7657B1ED7658B1EE76BFC4EF76A2B6F7
:109FF000F07659B1F176ECEDF276A4C3F3765AB16E
:10A00000F476B1D6F5765BB1F6765CB1F7765DB1F4
:10A01000F876E0CFF976EFEDFA765EB1FB765FB1D8
:10A02000FC76CEC5FD7660B1FE76DCB6FF7661B11A
:10A03000007762B10177A1CA027763B1037764B197
:10A040000477EDED057765B1067766B10777F0ED3A
:10A050000877F1ED0977BCC30A7767B10B77B4BF16
:10A060000C7768B10D77EEED0E7769B10F776AB1B5
:10A0700010776BB111776CB112776DB113776EB148
:10A0800014776FB1157770B1167771B1177772B118
:10A09000187773B11977F4ED1A77F2ED1B7774B175
:10A0A0001C7775B11D7776B11E7777B11F77E6D52E
:10A0B0002077DFC3217778B12277F3ED237779B169
:10A0C00024777AB125777BB12677F6ED27777CB1B7
:10A0D0002877A3D52977A3D12A777DB12B777EB1B5
:10A0E0002C7780B12D77F5ED2E7781B12F77D0C306
:10A0F000307782B1317783B1327784B1337785B1EC
:10A10000347786B13577F7ED3677F4BF3777ECBE25
:10A110003877F8ED397787B13A77F7CC3B7788B164
:10A120003C77DBD13D7789B13E778AB13F778BB100
:10A130004077C5D74177F6D542778CB14377FCEDB0
:10A1400044778DB145778EB146778FB14777FBED78
:10A15000487790B1497791B14A7792B14B7793B1F3
:10A160004C7794B14D7795B14E7796B14F7797B1C3
:10A170005077F9ED5177FAED527798B1537799B15D
:10A1800054779AB155779BB156779CB157779DB16B
:10A1900058779EB159779FB15A77FDED5B77A6BE90
:10A1A0005C77A0B15D7740B25E7741B25F7742B233
:10A1B000607743B26177AFCB6277A1EE6377BDB6CC
:10A1C000647744B26577A2EE6677C0C4677745B21C
:10A1D0006877FEED697746B26A7747B26B77DEBD86
:10A1E0006C77C7B26D7748B26E7749B26F774AB273
:10A1F00070774BB271774CB272774DB273774EB2C3
:10A2000074774FB2757750B2767751B2777752B292
:10A21000787753B27977C3B67A7754B27B7755B2F1
:10A220007C7756B27D77A5EE7E77BAD87F77A3EE9E
:10A230008077A6EE817757B2827758B2837759B28A
:10A240008477E9C38577F2B386775AB287775BB2B2
:10A2500088775CB289775DB28A775EB28B775FB2BE
:10A260008C77A7EE8D77A4EE8E77B9CF8F7760B21B
:10A27000907761B29177A8EE9277F7C2937762B246
:10A28000947763B2957764B2967765B2977766B242
:10A29000987767B2997768B29A7769B29B776AB212
:10A2A0009C776BB29D776CB29E776DB29F77A9EE6B
:10A2B000A077AAEEA1776EB2A277ABDEA3776FB2DA
:10A2C000A47770B2A577B3C6A67771B2A777C6C7D1
:10A2D000A87772B2A977F5D6AA77C9B5AB7773B26A
:10A2E000AC77B2CBAD7774B2AE7775B2AF7776B2EA
:10A2F000B077ABEEB17777B2B27778B2B377ABCD58
:10A30000B47779B2B577ACEEB6777AB2B7777BB27D
:10A31000B8777CB2B9777DB2BA777EB2BB77B0D569
:10A32000BC7780B2BD77ADEEBE7781B2BF77C4F6A1
:10A33000C07782B2C17783B2C27784B2C37785B265
:10A34000C47786B2C57787B2C67788B2C77789B235
:10A35000C8778AB2C9778BB2CA778CB2CB778DB205
:10A36000CC778EB2CD77C7DBCE778FB2CF7790B276
:10A37000D07791B2D17792B2D27793B2D37794B2A9
:10A38000D47795B2D57796B2D67797B2D777A3B46C
:10A39000D87798B2D97799B2DA779AB2DB77ACC32B
:10A3A000DC77E6F1DD779BB2DE779CB2DF779DB29A
:10A3B000E0779EB2E1779FB2E277B8CAE377D3D273
:10A3C000E477A0B2E577AAD6E67740B3E777F2EF75
:10A3D000E87741B3E977D8BEEA7742B3EB77C3BDFC
:10A3E000EC77F3EFED77CCB6EE77ABB0EF7743B326
:10A3F000F07744B3F17745B3F27746B3F377AFCA5A
:10A40000F47747B3F57748B3F677B6EDF77749B306
:10A41000F877B7EDF9774AB3FA774BB3FB774CB3DC
:10A42000FC774DB3FD77F9CEFE77AFB7FF77F3BF7B
:10A430000078B8ED0178EBC20278B0C903784EB36A
:10A4400004784FB3057850B3067851B3077852B308
:10A45000087853B30978B9ED0A7854B30B7855B33B
:10A460000C78F6C60D78B3BF0E7856B30F7857B395
:10A47000107858B31178BCED1278F8C5137859B339
:10A480001478D0D115785AB31678A9D71778BAEDC1
:10A490001878BBED19785BB31A78E2D11B785CB3FE
:10A4A0001C78BFED1D78C0ED1E785DB31F78C4ED3C
:10A4B00020785EB321785FB3227860B32378C8ED4B
:10A4C000247861B32578C6ED2678CEED2778E8D5D7
:10A4D000287862B32978C9ED2A7863B32B7864B3FE
:10A4E0002C78C7ED2D78BEED2E7865B32F7866B346
:10A4F0003078E9C5317867B3327868B3337869B3B7
:10A500003478C6C635786AB336786BB33778E9C91C
:10A510003878D2D43978C1ED3A78C2ED3B78C3EDC2
:10A520003C78C5ED3D786CB33E78F9C03F786DB3AB
:10A530004078A1B441786EB342786FB3437870B37A
:10A54000447871B34578E8B9467872B34778D0ED6E
:10A55000487873B3497874B34A7875B34B7876B357
:10A560004C78D1ED4D7877B34E78CAED4F7878B30B
:10A570005078CFED517879B35278F8CE53787AB3DA
:10A5800054787BB35578B6CB5678CCED5778CDED73
:10A5900058787CB359787DB35A787EB35B7880B3B2
:10A5A0005C7881B35D78F5CF5E7882B35F7883B3F2
:10A5B000607884B3617885B3627886B3637887B353
:10A5C000647888B3657889B366788AB367788BB323
:10A5D00068788CB369788DB36A78D2ED6B78F2C104
:10A5E0006C78B2D36D78CBED6E78B7C86F788EB3D8
:10A5F00070788FB3717890B3727891B3737892B3A7
:10A60000747893B3757894B3767895B37778EFBC14
:10A61000787896B3797897B37A7898B37B7899B34A
:10A620007C78F0C57D789AB37E789BB37F789CB3B5
:10A6300080789DB381789EB382789FB38378A0B3EE
:10A64000847840B4857841B4867842B48778D6ED72
:10A65000887843B48978EFB58A7844B48B7845B468
:10A660008C78B5C28D78ADB08E78E9CB8F7846B452
:10A67000907847B49178AEB1927848B49378D4ED9D
:10A68000947849B495784AB496784BB49778EBCDE2
:10A690009878E2B599784CB49A78D5ED9B78D3ED5B
:10A6A0009C78D7ED9D784DB49E784EB49F78FAB5DE
:10A6B000A0784FB4A178D8EDA27850B4A378D9EDA2
:10A6C000A47851B4A578DCEDA67852B4A778CCB1C3
:10A6D000A87853B4A97854B4AA7855B4AB7856B4D2
:10A6E000AC7857B4AD7858B4AE7859B4AF785AB4A2
:10A6F000B078F6C5B178EEBCB278DAEDB378BCCC00
:10A70000B478EAB2B5785BB4B6785CB4B7785DB4C7
:10A71000B8785EB4B978DBEDBA785FB4BB7860B472
:10A72000BC7861B4BD7862B4BE78EBC4BF7863B462
:10A73000C07864B4C178C5B4C27865B4C37866B46F
:10A74000C47867B4C578F5B0C67868B4C77869B41A
:10A75000C8786AB4C978DFEDCA78DAC0CB78E8B4D3
:10A76000CC786BB4CD786CB4CE786DB4CF786EB451
:10A77000D078CDC5D1786FB4D27870B4D37871B4B5
:10A78000D478DDEDD578C4BFD67872B4D77873B4F9
:10A79000D87874B4D978DEEDDA7875B4DB7876B42D
:10A7A000DC7877B4DD7878B4DE7879B4DF787AB4A1
:10A7B000E0787BB4E1787CB4E2787DB4E3787EB471
:10A7C000E47880B4E57881B4E67882B4E77883B43D
:10A7D000E878A5C4E97884B4EA7885B4EB7886B4DF
:10A7E000EC78E0EDED7887B4EE7888B4EF7889B452
:10A7F000F0788AB4F1788BB4F278E1EDF3788CB428
:10A80000F478E3EDF5788DB4F6788EB4F778D7C1A7
:10A81000F8788FB4F97890B4FA78C7BBFB7891B424
:10A82000FC7892B4FD7893B4FE7894B4FF7895B434
:10A83000007996B40179B8BD027997B4037998B4D8
:10A84000047999B40579E2ED06799AB407799BB455
:10A8500008799CB409799DB40A799EB40B799FB4A8
:10A860000C79A0B40D7940B50E7941B50F7942B598
:10A87000107943B5117944B5127945B51379E4EDF2
:10A88000147946B5157947B5167948B5177949B59C
:10A8900018794AB519794BB51A794CB51B794DB56C
:10A8A0001C794EB51D794FB51E79E6ED1F7950B56F
:10A8B000207951B5217952B5227953B5237954B510
:10A8C0002479E5ED257955B5267956B5277957B51B
:10A8D000287958B5297959B52A795AB52B795BB5B4
:10A8E0002C795CB52D795DB52E795EB52F795FB584
:10A8F000307960B5317961B5327962B5337963B554
:10A900003479E7ED357964B5367965B5377966B56B
:10A91000387967B5397968B53A79BECA3B79EAECD6
:10A920003C79F1C03D7969B53E79E7C93F796AB5AF
:10A930004079EBEC4179EEC642796BB543796CB561
:10A9400044796DB545796EB54679ECEC47796FB5CC
:10A950004879EDC64979EDEC4A7970B54B7971B516
:10A960004C7972B54D7973B54E7974B54F7975B52B
:10A97000507976B5517977B5527978B55379F0EC4D
:10A98000547979B555797AB55679E6D75779F3EC94
:10A9900058797BB559797CB55A79F1EC5B79EEEC55
:10A9A0005C79EFEC5D79A3D75E79F1C95F79EECB85
:10A9B0006079F4EC61797DB56279F2EC63797EB50A
:10A9C000647980B56579E9CF667981B56779F6EC08
:10A9D0006879B1C6697982B56A7983B56B7984B5CE
:10A9E0006C7985B56D79C0BC6E7986B56F79F5ECFB
:10A9F000707987B5717988B5727989B573798AB5B7
:10AA000074798BB575798CB576798DB57779BBB559
:10AA10007879F6BB79798EB57A79F7EC7B798FB551
:10AA20007C7990B57D7991B57E7992B57F7993B532
:10AA30008079F7D98179FBBD827994B5837995B511
:10AA40008479BBC28579F8EC867996B5877997B514
:10AA5000887998B5897999B58A79F9EC8B799AB51D
:10AA60008C799BB58D799CB58E799DB58F79A3B87E
:10AA700090799EB591799FB59279A0B5937940B6BA
:10AA8000947941B6957942B6967943B6977944B6AA
:10AA9000987945B6997946B69A79FAEC9B7947B692
:10AAA0009C7948B69D7949B69E794AB69F794BB64E
:10AAB000A0794CB6A1794DB6A2794EB6A3794FB61E
:10AAC000A47950B6A57951B6A67952B6A779FBEC10
:10AAD000A87953B6A97954B6AA7955B6AB7956B6C2
:10AAE000AC7957B6AD7958B6AE7959B6AF795AB692
:10AAF000B0795BB6B1795CB6B2795DB6B379FCEC8E
:10AB0000B4795EB6B5795FB6B67960B6B77961B635
:10AB1000B87962B6B979EDD3BA79AED8BB79EBC062
:10AB2000BC7963B6BD79DDC7BE79CCBABF7964B6EE
:10AB3000C079E3D0C179BDCBC27965B6C379BACD4E
:10AB4000C47966B6C57967B6C679D1B8C77968B62B
:10AB5000C87969B6C979FCB1CA796AB6CB79EFC749
:10AB6000CC796BB6CD79D6D6CE796CB6CF796DB6B9
:10AB7000D0796EB6D179C6BFD279EBC3D3796FB62F
:10AB8000D47970B6D579F5EFD67971B6D77972B632
:10AB9000D879D8C3D97973B6DA7974B6DB7975B652
:10ABA000DC7976B6DD7977B6DE7978B6DF79E2D70B
:10ABB000E07979B6E1797AB6E2797BB6E379F7EFB5
:10ABC000E479D3B3E5797CB6E679D8C7E779EDD1F6
:10ABD000E8797DB6E979C8D6EA797EB6EB79F8EFFF
:10ABE000EC7980B6ED79F6EFEE7981B6EF79FDBBC1
:10ABF000F079C6B3F17982B6F27983B6F37984B687
:10AC0000F47985B6F57986B6F67987B6F77988B698
:10AC1000F879D5BDF97989B6FA798AB6FB79C6D2C1
:10AC2000FC798BB6FD79E0BBFE798CB6FF798DB6E9
:10AC3000007AA1CF017A8EB6027AFCEF037AFBEF9D
:10AC4000047A8FB6057A90B6067AF9EF077A91B64C
:10AC5000087A92B6097A93B60A7A94B60B7ACCB38C
:10AC60000C7A95B60D7AD4C90E7AB0CB0F7A96B617
:10AC7000107A97B6117A98B6127A99B6137A9AB66C
:10AC8000147AFEEF157A9BB6167A9CB6177ADEB068
:10AC9000187A9DB6197A9EB61A7AC9D61B7A9FB6CB
:10ACA0001C7AA0B61D7A40B71E7AFDEF1F7A41B715
:10ACB000207AEDB3217A42B7227A43B7237AD5F6C8
:10ACC000247A44B7257A45B7267A46B7277A47B714
:10ACD000287A48B7297A49B72A7A4AB72B7A4BB7E4
:10ACE0002C7A4CB72D7A4DB72E7A4EB72F7A4FB7B4
:10ACF000307A50B7317A51B7327A52B7337AC8CEF8
:10AD0000347A53B7357A54B7367A55B7377AA2F0D2
:10AD1000387A56B7397AA1F03A7A57B73B7ABEB546
:10AD20003C7ADABC3D7AFCBB3E7A58B73F7AE5B84C
:10AD3000407A59B7417A5AB7427A5BB7437A5CB7DF
:10AD4000447A5DB7457A5EB7467AC2C4477A5FB740
:10AD5000487A60B7497A61B74A7A62B74B7A63B783
:10AD60004C7A64B74D7A65B74E7A66B74F7A67B753
:10AD7000507A68B7517AA3F0527A69B7537A6AB7B2
:10AD8000547A6BB7557A6CB7567A6DB7577AEBCB66
:10AD9000587A6EB7597A6FB75A7A70B75B7A71B7CB
:10ADA0005C7A72B75D7A73B75E7A74B75F7A75B79B
:10ADB000607A76B7617A77B7627A78B7637A79B76B
:10ADC000647A7AB7657A7BB7667A7CB7677A7DB73B
:10ADD000687A7EB7697A80B76A7A81B76B7A82B708
:10ADE0006C7A83B76D7A84B76E7A85B76F7A86B7D7
:10ADF000707AA6F0717A87B7727A88B7737A89B752
:10AE0000747AA8D1757A8AB7767ABFBE777AEEC798
:10AE1000787AB6F1797AB7F17A7AD5BF7B7A8BB73F
:10AE20007C7A8CB77D7A8DB77E7A8EB77F7AA9B41B
:10AE3000807AB8F1817ABBCD827A8FB7837AD4C712
:10AE4000847AADD5857A90B7867AB9F1877A91B749
:10AE5000887ABAF1897A92B78A7A93B78B7A94B75B
:10AE60008C7A95B78D7ACFC78E7A96B78F7A97B747
:10AE7000907A98B7917AA4D2927ACFD6937A99B7EA
:10AE8000947A9AB7957ABBF1967AD1BD977AB0B495
:10AE9000987ABDBE997A9BB79A7A9CB79B7A9DB7F0
:10AEA0009C7ADCB49D7AD1CE9E7A9EB79F7ADFBF22
:10AEB000A07ABDF1A17A9FB7A27AA0B7A37A40B8D1
:10AEC000A47A41B8A57AFABFA67ABCF1A77A42B8AB
:10AED000A87ABFF1A97A43B8AA7A44B8AB7A45B840
:10AEE000AC7ABEF1AD7AC0F1AE7A46B8AF7A47B867
:10AEF000B07A48B8B17A49B8B27A4AB8B37AC1F1EF
:10AF0000B47A4BB8B57A4CB8B67A4DB8B77A4EB871
:10AF1000B87A4FB8B97A50B8BA7A51B8BB7A52B841
:10AF2000BC7A53B8BD7A54B8BE7A55B8BF7AFEC160
:10AF3000C07A56B8C17A57B8C27A58B8C37A59B8E5
:10AF4000C47A5AB8C57A5BB8C67A5CB8C77A5DB8B5
:10AF5000C87A5EB8C97A5FB8CA7A60B8CB7AA2C13B
:10AF6000CC7A61B8CD7A62B8CE7A63B8CF7A64B859
:10AF7000D07A65B8D17A66B8D27A67B8D37A68B829
:10AF8000D47A69B8D57A6AB8D67AFACAD77A6BB859
:10AF9000D87A6CB8D97ABED5DA7A6DB8DB7A6EB861
:10AFA000DC7A6FB8DD7A70B8DE7ABABEDF7AB9BE05
:10AFB000E07AC2D5E17A71B8E27A72B8E37AA2BFD8
:10AFC000E47A73B8E57AAFCDE67AB5F1E77A74B88A
:10AFD000E87A75B8E97A76B8EA7A77B8EB7A78B829
:10AFE000EC7A79B8ED7ADFBDEE7A7AB8EF7ACBB643
:10AFF000F07A7BB8F17A7CB8F27A7DB8F37A7EB8D1
:10B00000F47A80B8F57A81B8F67A82B8F77A83B89C
:10B01000F87A84B8F97AF1D6FA7AC3F3FB7A85B86C
:10B02000FC7A86B8FD7AC4F3FE7A87B8FF7ACDB889
:10B03000007B88B8017B89B8027B8AB8037BC6F3A2
:10B04000047BC7F3057B8BB8067BCAB0077B8CB843
:10B05000087BC5F3097B8DB80A7BC9F30B7BF1CB69
:10B060000C7B8EB80D7B8FB80E7B90B80F7BCBF32B
:10B07000107B91B8117BA6D0127B92B8137B93B84A
:10B08000147BCAB1157BC8F3167B94B8177B95B8AF
:10B09000187B96B8197BCFF31A7B97B81B7BD1B579
:10B0A0001C7B98B81D7B99B81E7BD7F31F7B9AB881
:10B0B000207BD2F3217B9BB8227B9CB8237B9DB85D
:10B0C000247BD4F3257BD3F3267BFBB7277B9EB869
:10B0D000287BBFB1297B9FB82A7BCEF32B7BCAF399
:10B0E0002C7BDAB52D7BA0B82E7BD0F32F7B40B91B
:10B0F000307B41B9317BD1F3327B42B9337BD5F31D
:10B10000347B43B9357B44B9367B45B9377B46B987
:10B11000387BCDF3397B47B93A7BE3BC3B7B48B9FD
:10B120003C7BFDC13D7B49B93E7BD6F33F7B4AB9B1
:10B13000407B4BB9417B4CB9427B4DB9437B4EB907
:10B14000447B4FB9457BDAF3467B50B9477BCCF360
:10B15000487B51B9497BC8B54A7B52B94B7BEEBDA0
:10B160004C7BDCF34D7B53B94E7B54B94F7BA4B77A
:10B17000507BF0BF517BFED6527BB2CD537B55B98D
:10B18000547BF0B4557B56B9567BDFB2577B57B929
:10B19000587BD8F3597B58B95A7BD9F35B7BB8C934
:10B1A0005C7B59B95D7BDDF35E7B5AB95F7B5BB934
:10B1B000607BDEF3617B5CB9627BE1F3637B5DB94D
:10B1C000647B5EB9657B5FB9667B60B9677B61B99B
:10B1D000687B62B9697B63B96A7B64B96B7B65B96B
:10B1E0006C7B66B96D7B67B96E7BDFF36F7B68B98B
:10B1F000707B69B9717BE3F3727BE2F3737B6AB9AD
:10B20000747B6BB9757BDBF3767B6CB9777BEABFBC
:10B21000787B6DB9797BEFB37A7B6EB97B7BE0F39A
:10B220007C7B6FB97D7B70B97E7BA9C77F7B71B951
:10B23000807BF2BC817B72B9827B73B9837B74B9EA
:10B24000847B75B9857BEBF3867B76B9877B77B991
:10B25000887B78B9897B79B98A7B7AB98B7B7BB912
:10B260008C7B7CB98D7BBFB98E7B7DB98F7B7EB9A2
:10B27000907BE4F3917B80B9927B81B9937B82B917
:10B28000947BADB2957BFEBB967B83B9977BE3CB7A
:10B29000987B84B9997B85B99A7B86B99B7B87B962
:10B2A0009C7BEDF39D7BE9F39E7B88B99F7B89B9FD
:10B2B000A07B8AB9A17BDCB9A27BEEF3A37B8BB91F
:10B2C000A47B8CB9A57B8DB9A67BE5F3A77BE6F3C0
:10B2D000A87BEAF3A97BE1C2AA7BECF3AB7BEFF39B
:10B2E000AC7BE8F3AD7BFDBCAE7B8EB9AF7B8FB999
:10B2F000B07B90B9B17BE4CFB27B91B9B37B92B90B
:10B30000B47BF0F3B57B93B9B67B94B9B77B95B9B1
:10B31000B87BE7F3B97B96B9BA7B97B9BB7B98B991
:10B32000BC7B99B9BD7B9AB9BE7B9BB9BF7B9CB9ED
:10B33000C07B9DB9C17BF2F3C27B9EB9C37B9FB931
:10B34000C47BA0B9C57B40BAC67BADD7C77BAAC6B4
:10B35000C87B41BAC97B42BACA7B43BACB7B44BAE9
:10B36000CC7BF3F3CD7B45BACE7B46BACF7B47BAD5
:10B37000D07B48BAD17BF1F3D27B49BAD37BA8C248
:10B38000D47B4ABAD57B4BBAD67B4CBAD77B4DBA65
:10B39000D87B4EBAD97BDDB8DA7BF5F3DB7B4FBACD
:10B3A000DC7B50BADD7BF4F3DE7B51BADF7B52BA33
:10B3B000E07B53BAE17BDBB4E27B54BAE37B55BA62
:10B3C000E47B56BAE57BF6F3E67BF7F3E77B57BA07
:10B3D000E87B58BAE97B59BAEA7BF8F3EB7B5ABAB7
:10B3E000EC7B5BBAED7B5CBAEE7BBAC0EF7B5DBAFF
:10B3F000F07B5EBAF17BE9C0F27B5FBAF37B60BAA7
:10B40000F47B61BAF57B62BAF67B63BAF77BF1C570
:10B41000F87B64BAF97B65BAFA7B66BAFB7B67BADC
:10B42000FC7BFBF3FD7B68BAFE7BFAF3FF7B69BA1A
:10B43000007C6ABA017C6BBA027C6CBA037C6DBA80
:10B44000047C6EBA057C6FBA067C70BA077CD8B4EF
:10B45000087C71BA097C72BA0A7C73BA0B7CFEF361
:10B460000C7CF9F30D7C74BA0E7C75BA0F7CFCF37E
:10B47000107C76BA117C77BA127C78BA137C79BAD0
:10B48000147C7ABA157C7BBA167CFDF3177C7CBAE7
:10B49000187C7DBA197C7EBA1A7C80BA1B7C81BA72
:10B4A0001C7C82BA1D7C83BA1E7C84BA1F7CA1F4EA
:10B4B000207C85BA217C86BA227C87BA237C88BA14
:10B4C000247C89BA257C8ABA267CA3F4277CC9BB54
:10B4D000287C8BBA297C8CBA2A7CA2F42B7C8DBA6E
:10B4E0002C7C8EBA2D7C8FBA2E7C90BA2F7C91BA90
:10B4F000307C92BA317C93BA327C94BA337C95BA60
:10B50000347C96BA357C97BA367C98BA377C99BA2F
:10B51000387CA4F4397C9ABA3A7C9BBA3B7C9CBABE
:10B520003C7C9DBA3D7C9EBA3E7C9FBA3F7CBEB2BD
:10B53000407CA6F4417CA5F4427CA0BA437C40BB8D
:10B54000447C41BB457C42BB467C43BB477C44BBFF
:10B55000487C45BB497C46BB4A7C47BB4B7C48BBCF
:10B560004C7C49BB4D7CAEBC4E7C4ABB4F7C4BBB3C
:10B57000507C4CBB517C4DBB527C4EBB537C4FBB73
:10B58000547C50BB557C51BB567C52BB577C53BB43
:10B59000587C54BB597C55BB5A7C56BB5B7C57BB13
:10B5A0005C7C58BB5D7C59BB5E7C5ABB5F7C5BBBE3
:10B5B000607C5CBB617C5DBB627C5EBB637C5FBBB3
:10B5C000647C60BB657C61BB667C62BB677C63BB83
:10B5D000687C64BB697C65BB6A7C66BB6B7C67BB53
:10B5E0006C7C68BB6D7C69BB6E7C6ABB6F7C6BBB23
:10B5F000707C6CBB717C6DBB727C6EBB737CD7C383
:10B60000747CE1D9757C6FBB767C70BB777C71BB39
:10B61000787C72BB797C73BB7A7C74BB7B7CE0C02A
:10B620007C7CCCF47D7CD1D77E7C75BB7F7C76BB6B
:10B63000807C77BB817C78BB827C79BB837C7ABB46
:10B64000847C7BBB857C7CBB867C7DBB877C7EBB16
:10B65000887C80BB897CDBB78A7C81BB8B7C82BB8E
:10B660008C7C83BB8D7C84BB8E7C85BB8F7C86BBB6
:10B67000907C87BB917CCEF4927CA3C1937C88BBE9
:10B68000947C89BB957CC9C6967C8ABB977CD6B4D2
:10B69000987CB3D5997C8BBB9A7C8CBB9B7C8DBBF7
:10B6A0009C7CD0F49D7CCFF49E7CD1F49F7CDACB43
:10B6B000A07C8EBBA17C8FBBA27CD2F4A37C90BB70
:10B6C000A47CC1D4A57CE0D6A67C91BBA77C92BB10
:10B6D000A87C93BBA97C94BBAA7CE0B7AB7C95BB50
:10B6E000AC7C96BBAD7C97BBAE7CB8C1AF7C98BB45
:10B6F000B07C99BBB17CBBC1B27CD3F4B37CACBE93
:10B70000B47C9ABBB57C9BBBB67C9CBBB77C9DBB19
:10B71000B87C9EBBB97CE2B4BA7C9FBBBB7CA0BBAF
:10B72000BC7CD4F4BD7CD5F4BE7CABBEBF7C40BC3D
:10B73000C07C41BCC17CD6F4C27C42BCC37C43BC4F
:10B74000C47C44BCC57CDBF4C67C45BCC77CD7F458
:10B75000C87CDAF4C97C46BCCA7CFDBACB7C47BC49
:10B76000CC7CD8F4CD7CD9F4CE7C48BCCF7C49BC11
:10B77000D07C4ABCD17C4BBCD27C4CBCD37C4DBC75
:10B78000D47C4EBCD57CE2B8D67CC7CCD77CDCF46C
:10B79000D87C4FBCD97CDAB2DA7C50BCDB7C51BCA3
:10B7A000DC7CD3C3DD7C52BCDE7C53BCDF7CE3D4C9
:10B7B000E07CB7BFE17C54BCE27C55BCE37C56BC6A
:10B7C000E47C57BCE57C58BCE67C59BCE77C5ABCA1
:10B7D000E87CDDF4E97C5BBCEA7C5CBCEB7C5DBCBA
:10B7E000EC7C5EBCED7C5FBCEE7C60BCEF7CB4C5E9
:10B7F000F07C61BCF17C62BCF27C63BCF37C64BC19
:10B80000F47C65BCF57C66BCF67C67BCF77C68BCE8
:10B81000F87CE9F4F97C69BCFA7C6ABCFB7CB5CFA6
:10B82000FC7C6BBCFD7C6CBCFE7C6DBCFF7C6EBC90
:10B83000007D6FBC017D70BC027D71BC037D72BC5C
:10B84000047D73BC057D74BC067D75BC077D76BC2C
:10B85000087D77BC097D78BC0A7DC9CE0B7D79BC9B
:10B860000C7D7ABC0D7D7BBC0E7D7CBC0F7D7DBCD0
:10B87000107D7EBC117D80BC127D81BC137D82BC9D
:10B88000147D83BC157D84BC167D85BC177D86BC6C
:10B89000187D87BC197D88BC1A7D89BC1B7D8ABC3C
:10B8A0001C7D8BBC1D7D8CBC1E7D8DBC1F7D8EBC0C
:10B8B000207DD8CB217D8FBC227DF7CB237D90BC12
:10B8C000247D91BC257D92BC267D93BC277DF4BD53
:10B8D000287D94BC297D95BC2A7D96BC2B7DCFD735
:10B8E0002C7D97BC2D7D98BC2E7D99BC2F7DDBC017
:10B8F000307D9ABC317D9BBC327D9CBC337D9DBC30
:10B90000347D9EBC357D9FBC367DA0BC377D40BD5F
:10B91000387D41BD397D42BD3A7D43BD3B7D44BD4F
:10B920003C7D45BD3D7D46BD3E7D47BD3F7D48BD1F
:10B93000407D49BD417D4ABD427D4BBD437D4CBDEF
:10B94000447D4DBD457D4EBD467D4FBD477D50BDBF
:10B95000487D51BD497D52BD4A7D53BD4B7D54BD8F
:10B960004C7D55BD4D7D56BD4E7D57BD4F7D58BD5F
:10B97000507D59BD517D5ABD527D5BBD537D5CBD2F
:10B98000547D5DBD557D5EBD567D5FBD577D60BDFF
:10B99000587D61BD597D62BD5A7D63BD5B7D64BDCF
:10B9A0005C7D65BD5D7D66BD5E7D67BD5F7D68BD9F
:10B9B000607D69BD617D6ABD627D6BBD637D6CBD6F
:10B9C000647D6DBD657D6EBD667D6FBD677D70BD3F
:10B9D000687D71BD697D72BD6A7D73BD6B7D74BD0F
:10B9E0006C7D75BD6D7D76BD6E7DF5D06F7D77BD4F
:10B9F000707D78BD717D79BD727D7ABD737D7BBDB3
:10BA0000747D7CBD757D7DBD767D7EBD777DEAF4E0
:10BA1000787D80BD797D81BD7A7D82BD7B7D83BD52
:10BA20007C7D84BD7D7D85BD7E7D86BD7F7D87BD22
:10BA3000807D88BD817D89BD827D8ABD837D8BBDF2
:10BA4000847D8CBD857D8DBD867D8EBD877D8FBDC2
:10BA5000887D90BD897D91BD8A7D92BD8B7D93BD92
:10BA60008C7D94BD8D7D95BD8E7D96BD8F7D97BD62
:10BA7000907D98BD917D99BD927D9ABD937D9BBD32
:10BA8000947D9CBD957D9DBD967D9EBD977D9FBD02
:10BA9000987DA0BD997D40BE9A7D41BE9B7D42BEF2
:10BAA0009C7D43BE9D7D44BE9E7D45BE9F7D46BE22
:10BAB000A07D47BEA17D48BEA27D49BEA37D4ABEF2
:10BAC000A47D4BBEA57D4CBEA67DEBF4A77D4DBEEF
:10BAD000A87D4EBEA97D4FBEAA7D50BEAB7D51BE96
:10BAE000AC7D52BEAD7D53BEAE7DECF4AF7D54BE99
:10BAF000B07D55BEB17D56BEB27D57BEB37D58BE3A
:10BB0000B47D59BEB57D5ABEB67D5BBEB77D5CBE09
:10BB1000B87D5DBEB97D5EBEBA7D5FBEBB7D60BED9
:10BB2000BC7D61BEBD7D62BEBE7D63BEBF7D64BEA9
:10BB3000C07D65BEC17D66BEC27D67BEC37D68BE79
:10BB4000C47D69BEC57D6ABEC67D6BBEC77D6CBE49
:10BB5000C87D6DBEC97D6EBECA7D6FBECB7D70BE19
:10BB6000CC7D71BECD7D72BECE7D73BECF7D74BEE9
:10BB7000D07D75BED17D76BED27D77BED37D78BEB9
:10BB8000D47D79BED57D7ABED67D7BBED77D7CBE89
:10BB9000D87D7DBED97D7EBEDA7D80BEDB7D81BE57
:10BBA000DC7D82BEDD7D83BEDE7D84BEDF7D85BE25
:10BBB000E07D86BEE17D87BEE27D88BEE37D89BEF5
:10BBC000E47D8ABEE57D8BBEE67D8CBEE77D8DBEC5
:10BBD000E87D8EBEE97D8FBEEA7D90BEEB7D91BE95
:10BBE000EC7D92BEED7D93BEEE7D94BEEF7D95BE65
:10BBF000F07D96BEF17D97BEF27D98BEF37D99BE35
:10BC0000F47D9ABEF57D9BBEF67D9CBEF77D9DBE04
:10BC1000F87D9EBEF97D9FBEFA7DA0BEFB7D40BF34
:10BC2000FC7D41BFFD7D42BFFE7D43BFFF7D44BF24
:10BC3000007E45BF017E46BF027E47BF037E48BFF0
:10BC4000047E49BF057E4ABF067E4BBF077E4CBFC0
:10BC5000087E4DBF097E4EBF0A7E4FBF0B7E50BF90
:10BC60000C7E51BF0D7E52BF0E7E53BF0F7E54BF60
:10BC7000107E55BF117E56BF127E57BF137E58BF30
:10BC8000147E59BF157E5ABF167E5BBF177E5CBF00
:10BC9000187E5DBF197E5EBF1A7E5FBF1B7E60BFD0
:10BCA0001C7E61BF1D7E62BF1E7E63BF1F7E64BFA0
:10BCB000207E65BF217E66BF227E67BF237E68BF70
:10BCC000247E69BF257E6ABF267E6BBF277E6CBF40
:10BCD000287E6DBF297E6EBF2A7E6FBF2B7E70BF10
:10BCE0002C7E71BF2D7E72BF2E7E73BF2F7E74BFE0
:10BCF000307E75BF317E76BF327E77BF337E78BFB0
:10BD0000347E79BF357E7ABF367E7BBF377E7CBF7F
:10BD1000387E7DBF397E7EBF3A7E80BF3B7EE3F7B3
:10BD20003C7E81BF3D7E82BF3E7E83BF3F7E84BF1F
:10BD3000407E85BF417EB1B7427E86BF437E87BFCE
:10BD4000447E88BF457E89BF467E8ABF477EEDF42C
:10BD5000487E8BBF497E8CBF4A7E8DBF4B7E8EBF97
:10BD60004C7E8FBF4D7E90BF4E7E91BF4F7E92BF67
:10BD7000507E93BF517E94BF527E95BF537E96BF37
:10BD8000547E97BF557E98BF567E99BF577E9ABF07
:10BD9000587E9BBF597E9CBF5A7E9DBF5B7E9EBFD7
:10BDA0005C7E9FBF5D7EA0BF5E7E40C05F7E41C067
:10BDB000607E42C0617E43C0627E44C0637E45C0F7
:10BDC000647E46C0657E47C0667E48C0677E49C0C7
:10BDD000687E4AC0697E4BC06A7E4CC06B7E4DC097
:10BDE0006C7E4EC06D7E4FC06E7E50C06F7E51C067
:10BDF000707E52C0717E53C0727E54C0737E55C037
:10BE0000747E56C0757E57C0767E58C0777E59C006
:10BE1000787E5AC0797E5BC07A7E5CC07B7E5DC0D6
:10BE20007C7E5EC07D7E5FC07E7E60C07F7E61C0A6
:10BE3000807E62C0817E63C0827EEBD7837E64C0D9
:10BE4000847E65C0857E66C0867E67C0877E68C04A
:10BE5000887E69C0897E6AC08A7E6BC08B7E6CC01A
:10BE60008C7E6DC08D7E6EC08E7E6FC08F7E70C0EA
:10BE7000907E71C0917E72C0927E73C0937E74C0BA
:10BE8000947E75C0957E76C0967E77C0977E78C08A
:10BE9000987E79C0997E7AC09A7E7BC09B7EEEF4B4
:10BEA0009C7E7CC09D7E7DC09E7E7EC09F7EF9E68E
:10BEB000A07EC0BEA17EFAE6A27EECBAA37EFBE61F
:10BEC000A47ECBCFA57EFCE6A67EBCD4A77EB6BC66
:10BED000A87EFDE6A97EFEE6AA7ECDBCAB7ED2C8DA
:10BEE000AC7EB3CEAD7EA1E7AE7E80C0AF7EBFB4E8
:10BEF000B07EA2E7B17EB4C9B27ED9B8B37EC9C460
:10BF0000B47E81C0B57EDDD7B67EDAC2B77ED7B744
:10BF1000B87EBDD6B97EC6CEBA7EC4B7BB7E82C05F
:10BF2000BC7E83C0BD7EA6C5BE7EA3E7BF7EDFCF3D
:10BF3000C07EA4E7C17EA5E7C27EA6E7C37EB7C1E7
:10BF4000C47EE9D7C57EF0C9C67EB8CFC77EAFD65E
:10BF5000C87ED5D6C97EA7E7CA7EEDB0CB7EA8E75E
:10BF6000CC7EA9E7CD7EDCC9CE7EEFD2CF7EADBE42
:10BF7000D07EAAE7D17EF3B0D27EDEC8D37EE1BD0B
:10BF8000D47EABE7D57EC6C8D67E84C0D77EACE76C
:10BF9000D87EE6BBD97EF8B8DA7EA4D1DB7EADE7E9
:10BFA000DC7EE7C2DD7EF8BEDE7ECABDDF7EB3CDBD
:10BFB000E07EAEE7E17EAFE7E27EEEBEE37EE5D077
:10BFC000E47E85C0E57EE7CBE67ED0CCE77ECCBCC8
:10BFD000E87EB0E7E97EA8BCEA7EF7D0EB7EB1E769
:10BFE000EC7E86C0ED7EF8D0EE7EB2E7EF7EB3E762
:10BFF000F07EC2B4F17EB4E7F27EB5E7F37EFEC90F
:10C00000F47EACCEF57EE0C3F67EB7E7F77EC1B135
:10C01000F87EF1B3F97E87C0FA7EB8E7FB7EB9E718
:10C02000FC7EDBD7FD7EC0D5FE7EBAE7FF7ECCC2AC
:10C03000007FBAD7017FBBE7027FBCE7037FBDE784
:10C04000047FEABC057FE5C3067FC2C0077FBEE769
:10C05000087FBFE7097FA9BC0A7F88C00B7FC0E7C4
:10C060000C7FC1E70D7FB6E70E7FD0B60F7FC2E72A
:10C07000107F89C0117FC3E7127FC4E7137FBABB6B
:10C08000147FDEB5157FC6C2167FE0B1177FC5E706
:10C09000187FB5D4197FC6E71A7FBFB81B7FC8E7E2
:10C0A0001C7FC7E71D7FECB71E7F8AC01F7FC9E7D3
:10C0B000207FF8B2217FCAE7227FCBE7237FCCE73E
:10C0C000247FCDE7257FCEE7267FCFE7277FD0E708
:10C0D000287FA7D3297FF5CB2A7FD1E72B7FD2E713
:10C0E0002C7FD3E72D7FD4E72E7FC9C92F7FD5E7DB
:10C0F000307FD6E7317FD7E7327FD8E7337FD9E784
:10C10000347FC9BD357FDAE7367FBEF3377F8BC01A
:10C11000387FD7B8397F8CC03A7FB1C83B7F8DC09C
:10C120003C7F8EC03D7F8FC03E7F90C03F7F91C0DF
:10C13000407F92C0417F93C0427FBFF3437F94C052
:10C14000447FC0F3457FC1F3467F95C0477F96C0CB
:10C15000487F97C0497F98C04A7F99C04B7F9AC05B
:10C160004C7F9BC04D7F9CC04E7F9DC04F7F9EC02B
:10C17000507FDEB9517FF8CD527F9FC0537FA0C062
:10C18000547FE8D8557FB1BA567F40C1577FDEC291
:10C19000587FB7EE597F41C15A7FA3B75B7F42C139
:10C1A0005C7F43C15D7F44C15E7F45C15F7FB9EE67
:10C1B000607F46C1617FB8EE627FD5B0637F47C1C3
:10C1C000647F48C1657F49C1667F4AC1677F4BC1B3
:10C1D000687FBBEE697FD6D56A7FEFD76B7F4CC196
:10C1E0006C7F4DC16D7F4EC16E7FC3D66F7F4FC1D7
:10C1F000707F50C1717FBDEE727FF0CA737F51C1F5
:10C20000747FBCEE757F52C1767F53C1777F54C176
:10C21000787F55C1797FBEEE7A7F56C17B7F57C14B
:10C220007C7F58C17D7F59C17E7FC0EE7F7F5AC120
:10C23000807F5BC1817FBFEE827F5CC1837F5DC1F8
:10C24000847F5EC1857F5FC1867F60C1877F61C15A
:10C25000887F62C1897F63C18A7FF2D18B7F64C18D
:10C260008C7FBCC78D7F65C18E7FC0C38F7F66C149
:10C27000907F67C1917F68C1927F69C1937F6AC1D6
:10C28000947FE1B8957F6BC1967F6CC1977F6DC13C
:10C29000987F6EC1997F6FC19A7FE7C19B7F70C104
:10C2A0009C7F71C19D7FC6F49E7FDFD09F7FC7F4C6
:10C2B000A07F72C1A17FDBCFA27F73C1A37F74C1B6
:10C2C000A47FBAC8A57F75C1A67F76C1A77FC8F431
:10C2D000A87F77C1A97F78C1AA7F79C1AB7F7AC1D6
:10C2E000AC7F7BC1AD7F7CC1AE7F7DC1AF7FC9F428
:10C2F000B07FCAF4B17F7EC1B27FCBF4B37F80C17F
:10C30000B47F81C1B57F82C1B67F83C1B77F84C14D
:10C31000B87FFAD9B97FFEB8BA7F85C1BB7F86C125
:10C32000BC7FF1E5BD7FF0D3BE7F87C1BF7FE0F466
:10C33000C07F88C1C17FCCCEC27F89C1C37F8AC183
:10C34000C47F8BC1C57FE1B3C67F8CC1C77F8DC160
:10C35000C87F8EC1C97F8FC1CA7FB4F1CB7F90C126
:10C36000CC7FEED2CD7F91C1CE7FE1F4CF7F92C161
:10C37000D07F93C1D17F94C1D27F95C1D37F96C125
:10C38000D47FE8CFD57FE2F4D67F97C1D77F98C11D
:10C39000D87FCCC7D97F99C1DA7F9AC1DB7F9BC197
:10C3A000DC7F9CC1DD7F9DC1DE7F9EC1DF7FD4B578
:10C3B000E07FE4B4E17FE4F4E27F9FC1E37FA0C1CA
:10C3C000E47F40C2E57FE3F4E67FE5F4E77F41C226
:10C3D000E87F42C2E97FE6F4EA7F43C2EB7F44C2D2
:10C3E000EC7F45C2ED7F46C2EE7FE7F4EF7F47C2A8
:10C3F000F07FB2BAF17FBFB0F27F48C2F37FE8F4BA
:10C40000F47F49C2F57F4AC2F67F4BC2F77F4CC228
:10C41000F87F4DC2F97F4EC2FA7F4FC2FB7FADB7A6
:10C42000FC7FEDD2FD7F50C2FE7F51C2FF7F52C222
:10C430000080ABD20180CFC0028053C20380BCBF5A
:10C440000480A3EB0580DFD50680C8EA078054C2CC
:10C45000088055C2098056C20A8057C20B80F3F18A
:10C460000C80F8B60D80A3CB0E8058C20F8059C245
:10C470001080CDC411805AC21280E7F113805BC2D4
:10C480001480E8F11580FBB81680E9F11780C4BA72
:10C490001880C5D41980D2B01A805CC21B805DC2DE
:10C4A0001C80EAF11D805EC21E805FC21F8060C2D8
:10C4B0002080EBF1218061C22280ECF1238062C2F6
:10C4C000248063C22580EDF12680EEF12780EFF114
:10C4D0002880F1F12980F0F12A80D5C52B8064C233
:10C4E0002C8065C22D8066C22E8067C22F8068C2F4
:10C4F000308069C23180F2F132806AC23380FAB68C
:10C5000034806BC23580F4F13680AED23780C7DE1E
:10C510003880CACB39806CC23A806DC23B80DCB3B4
:10C520003C806EC23D80A2B53E806FC23F80A2B902
:10C53000408070C2418071C24280F4C44380F5F1F2
:10C54000448072C2458073C24680F6F1478074C24F
:10C55000488075C2498076C24A80C4C14B80FBC105
:10C560004C80B0D64D80F7F14E8077C24F8078C2B4
:10C57000508079C251807AC25280F8F153807BC2D8
:10C580005480AAC155807CC256807DC257807EC22D
:10C590005880B8C6598080C25A80DBBE5B8081C299
:10C5A0005C8082C25D8083C25E8084C25F8085C2FF
:10C5B000608086C2618087C2628088C2638089C2CF
:10C5C00064808AC265808BC266808CC267808DC29F
:10C5D00068808EC26980F9F16A80CFB46B808FC2A7
:10C5E0006C8090C26D8091C26E8092C26F8093C247
:10C5F000708094C27180FAF1728095C2738096C285
:10C60000748097C2758098C2768099C277809AC2EA
:10C6100078809BC279809CC27A809DC27B809EC2BA
:10C620007C809FC27D80A0C27E8040C37F80B2EDAF
:10C630008080B1ED818041C3828042C38380E0CBA2
:10C640008480DED2858043C38680C1CB8780D8D5E5
:10C65000888044C38980E2C88A8045C38B80DFC05C
:10C660008C80A1BC8D8046C38E8047C38F8048C319
:10C67000908049C391804AC392804BC39380C1EBA1
:10C6800094804CC395804DC39680A4D097804EC3B0
:10C690009880E2D699804FC39A80C7B69B80D8B85D
:10C6A0009C80C0EB9D80CEB89E8050C39F80BFEB26
:10C6B000A080A6B3A180C9B9A280ABD6A38051C384
:10C6C000A480F4B7A580CAB7A68052C3A78053C37D
:10C6D000A88054C3A980E7BCAA80BEB7AB80C6EBD4
:10C6E000AC8055C3AD80C7EBAE80B9B0AF80CFBFD3
:10C6F000B08056C3B180C5EBB280FDD3B38057C3C1
:10C70000B480C8EBB58058C3B68059C3B780C9EBB5
:10C71000B8805AC3B9805BC3BA80CEB7BB805CC354
:10C72000BC80C2EBBD80C4EBBE80F6C9BF80D7D64B
:10C73000C080CDD5C180B2D0C280CFEBC380B8CE8F
:10C74000C480D0EBC5805DC3C680A8B5C7805EC37A
:10C75000C8805FC3C98060C3CA8061C3CB8062C325
:10C76000CC80B3B1CD80D2EBCE80A5CCCF8063C3DB
:10C77000D08064C3D18065C3D28066C3D38067C3D1
:10C78000D48068C3D58069C3D680D6C5D780D3EBA3
:10C79000D8806AC3D980D1EBDA80DFC5DB80CEEBED
:10C7A000DC80A4CADD80D5EBDE80FBB0DF806BC30C
:10C7B000E0806CC3E180FABAE2806DC3E3806EC3AF
:10C7C000E480B7D8E580E3F1E6806FC3E780CAEB89
:10C7D000E880CBEBE980CCEBEA80CDEBEB80D6EBCD
:10C7E000EC80C0E6ED80D9EBEE8070C3EF80E8BF4F
:10C7F000F080C8D2F180D7EBF280DCEBF380ECB8AC
:10C80000F480D8EBF58071C3F680BABDF78072C3AF
:10C81000F880D8D0F98073C3FA80B7B0FB8074C3B6
:10C82000FC80DDEBFD80DCC4FE8075C3FF8076C339
:10C83000008177C3018178C30281ACD6038179C3BB
:10C8400004817AC305817BC30681E0B407817CC380
:10C8500008817DC30981F6C20A81B9BC0B817EC300
:10C860000C8180C30D81DAEB0E81DBEB0F81E0D40C
:10C870001081EAC61181D4C41281DFEB1381A7C5F0
:10C880001481F5D9158181C31681B1B2178182C394
:10C890001881E4EB198183C31A81C5BD1B8184C350
:10C8A0001C8185C31D8186C31E81E2EB1F8187C366
:10C8B000208188C3218189C322818AC323818BC3BC
:10C8C00024818CC325818DC326818EC327818FC38C
:10C8D000288190C3298191C32A8192C32B8193C35C
:10C8E0002C81E3EB2D8194C32E8195C32F81ACB8AD
:10C8F000308196C33181D1CD3281E5EB338197C34D
:10C90000348198C3358199C33681E1EB37819AC36D
:10C910003881B3C139819BC33A819CC33B819DC39C
:10C920003C819EC33D819FC33E81A2C63F81A0C37F
:10C93000408140C4418141C4428142C4438143C4D7
:10C94000448144C4458145C44681F3CC478146C4F3
:10C950004881E6EB498147C44A81B0C04B81B8D2D7
:10C960004C81E7EB4D8148C44E8149C44F814AC494
:10C970005081AFB85181ADB852814BC45381E8EBBF
:10C980005481BBC75581F3CD56814CC457814DC4EA
:10C9900058814EC45981EAEB5A81EBEB5B814FC45D
:10C9A0005C8150C45D8151C45E8152C45F8153C4B7
:10C9B0006081EDEB618154C4628155C4638156C4CA
:10C9C000648157C46581C8D0668158C46781F2EB21
:10C9D000688159C46981EEEB6A815AC46B815BC47A
:10C9E0006C815CC46D81F1EB6E81F9C86F815DC4AF
:10C9F0007081FCD17181ECEB72815EC473815FC484
:10CA00007481E9EB758160C4768161C4778162C409
:10CA1000788163C47981B9B87A81D9CF7B81E5C443
:10CA20007C81EFEB7D81F0EB7E81DACC7F81C8CD1C
:10CA30008081F2B0818164C48281F6EB838165C418
:10CA4000848166C4858167C4868168C4878169C41E
:10CA50008881F5EB89816AC48A81B2B28B816BC40B
:10CA60008C816CC48D816DC48E816EC48F81E0B861
:10CA700090816FC49181F7EB928170C4938171C4EE
:10CA8000948172C4958173C4968174C4978175C46E
:10CA90009881ECB1998176C49A8177C49B81C5CC89
:10CAA0009C81A4C49D81A5CF9E8178C49F8179C4B7
:10CAB000A0817AC4A1817BC4A2817CC4A381F9EB4B
:10CAC000A4817DC4A5817EC4A681A2ECA78180C477
:10CAD000A881F2C5A98181C4AA81FAEBAB8182C485
:10CAE000AC8183C4AD8184C4AE8185C4AF8186C46A
:10CAF000B08187C4B18188C4B28189C4B381C5C9FA
:10CB0000B4818AC4B5818BC4B6818CC4B7818DC40D
:10CB1000B8818EC4B9818FC4BA81DFE2BB81FEEBDC
:10CB2000BC8190C4BD8191C4BE8192C4BF8193C4B5
:10CB3000C081CECDC181A1ECC281DBB1C381B7D3AD
:10CB4000C48194C4C58195C4C681DCD2C78196C412
:10CB5000C88197C4C98198C4CA81FDEBCB8199C4AF
:10CB6000CC81FBEBCD819AC4CE819BC4CF819CC488
:10CB7000D0819DC4D1819EC4D2819FC4D381A0C4E1
:10CB8000D48140C5D58141C5D68142C5D78143C531
:10CB9000D88144C5D98145C5DA8146C5DB8147C501
:10CBA000DC8148C5DD8149C5DE814AC5DF814BC5D1
:10CBB000E0814CC5E1814DC5E2814EC5E381BCB346
:10CBC000E4814FC5E58150C5E68151C5E781B0EAF2
:10CBD000E88152C5E98153C5EA81D4D7EB8154C5B8
:10CBE000EC81ABF4ED81F4B3EE8155C5EF8156C510
:10CBF000F08157C5F18158C5F28159C5F381C1D67D
:10CC0000F481C2D6F5815AC5F6815BC5F7815CC552
:10CC1000F8815DC5F9815EC5FA815FC5FB81E9D503
:10CC2000FC81CABEFD8160C5FE81A7F4FF8161C59C
:10CC30000082A8D20182A8F40282A9F4038262C50C
:10CC40000482AAF40582CBBE0682DFD3078263C5C5
:10CC5000088264C5098265C50A8266C50B8267C5FC
:10CC60000C82E0C90D82E1C90E8268C50F8269C5D8
:10CC70001082C2F311826AC51282E6CA13826BC5A2
:10CC80001482F2CC15826CC516826DC517826EC5F2
:10CC900018826FC5198270C51A8271C51B82B6E2EF
:10CCA0001C82B4CB1D8272C51E82E8CE1F82DBD6E9
:10CCB000208273C52182ADF42282AEF42382AFF4C8
:10CCC000248274C5258275C5268276C5278277C5DC
:10CCD0002882B2F4298278C52A82BDBA2B82B3F4A5
:10CCE0002C82E3B02D82B0F42E8279C52F82B1F46C
:10CCF0003082A2BD3182D5B232827AC53382B6F497
:10CD00003482B7F43582E6B63682B0B23782CFCFFE
:10CD10003882B4F43982ACB43A827BC53B82B5F434
:10CD20003C827CC53D827DC53E82B8F43F827EC593
:10CD3000408280C5418281C5428282C5438283C5CB
:10CD40004482B9F4458284C5468285C54782A7CD11
:10CD5000488286C54982BAF44A8287C54B82BBF4B1
:10CD60004C8288C54D8289C54E828AC54F82BCF4EB
:10CD700050828BC551828CC552828DC553828EC51F
:10CD800054828FC5558290C5568291C5578292C5EF
:10CD90005882D2CB598293C55A82BDF45B8294C526
:10CDA0005C8295C55D8296C55E8297C55F82BEF442
:10CDB000608298C5618299C562829AC563829BC56B
:10CDC00064829CC565829DC566829EC567829FC53B
:10CDD0006882BFF46982A0C56A8240C66B8241C680
:10CDE0006C8242C66D8243C66E82DEF46F82BCC125
:10CDF0007082E8BC718244C67282ABC97382DED194
:10CE00007482F5E5758245C6768246C6778247C646
:10CE1000788248C67982B3DC7A82D5D27B8249C6D1
:10CE20007C824AC67D82B4DC7E82ACB07F82B5DC77
:10CE300080824BC681824CC68282DABD83824DC617
:10CE40008482B9DC85824EC686824FC6878250C6F0
:10CE50008882C2D8898251C68A82B7DC8B82F3D39A
:10CE60008C8252C68D82D6C98E82BADC8F82B6DCA5
:10CE7000908253C69182BBDC9282A2C3938254C635
:10CE8000948255C6958256C6968257C69782BCDC58
:10CE90009882C5DC9982BDDC9A8258C69B8259C6AD
:10CEA0009C82DFCE9D82A5D69E825AC69F82CFDC11
:10CEB000A0825BC6A182CDDCA2825CC6A3825DC6D5
:10CEC000A482D2DCA582E6BDA682ABC2A7825EC6E2
:10CED000A882B8DCA982CBDCAA82CEDCAB82BEDC25
:10CEE000AC82D2B7AD82C5B0AE82C7DCAF82BED055
:10CEF000B082C1DCB182A8BBB2825FC6B382BCB7CC
:10CF0000B482CCDCB58260C6B68261C6B782C6DCAC
:10CF1000B882BFDCB982DBC7BA8262C6BB8263C695
:10CF2000BC8264C6BD82BFD1BE82C0DCBF8265C682
:10CF3000C08266C6C182CADCC28267C6C38268C6B6
:10CF4000C482D0DCC58269C6C6826AC6C782ADCE3D
:10CF5000C882C2DCC9826BC6CA82C3DCCB82C8DC91
:10CF6000CC82C9DCCD82D4B2CE82D1DCCF82D5CB0B
:10CF7000D0826CC6D182B7D4D282DBDCD382DFDC34
:10CF8000D482A6CCD582E6DCD6826DC6D782E7C332
:10CF9000D882DCDCD9826EC6DA826FC6DB82C1BF82
:10CFA000DC82D9DCDD8270C6DE82FAB0DF82B6B9FF
:10CFB000E082E5DCE182D3DCE28271C6E382C4DC9C
:10CFC000E482D6DCE582F4C8E682E0BFE78272C67E
:10CFD000E88273C6E98274C6EA8275C6EB82BBC971
:10CFE000EC8276C6ED8277C6EE8278C6EF82BDB15E
:10CFF000F08279C6F182A2D3F2827AC6F3827BC62E
:10D00000F482DADCF5827CC6F6827DC6F782D5DC56
:10D01000F8827EC6F982BBC6FA8280C6FB82DEDC5D
:10D02000FC8281C6FD8282C6FE8283C6FF8284C6E0
:10D03000008385C60183C2D70283AFC30383B6B71B
:10D040000483D1C70583A9C30683E2DC0783D8DC48
:10D050000883EBDC0983D4DC0A8386C60B8387C68E
:10D060000C83DDDC0D8388C60E83A5BE0F83D7DC61
:10D07000108389C61183E0DC12838AC613838BC6B2
:10D080001483E3DC1583E4DC16838CC61783F8DC99
:10D0900018838DC619838EC61A83E1DC1B83A2DD3B
:10D0A0001C83E7DC1D838FC61E8390C61F8391C639
:10D0B000208392C6218393C6228394C6238395C678
:10D0C000248396C6258397C6268398C62783EBBC00
:10D0D0002883C4B4298399C62A839AC62B83A3C301
:10D0E0002C83E7B22D83FADC2E839BC62F83F2DCE0
:10D0F00030839CC63183EFDC32839DC63383FCDCF6
:10D100003483EEDC3583F0D23683E8B237839EC6B3
:10D110003883D7C83983E3C83A83FBDC3B839FC697
:10D120003C83EDDC3D83A0C63E8340C73F8341C7BF
:10D130004083F7DC418342C7428343C74383F5DC26
:10D14000448344C7458345C74683A3BE4783F4DC75
:10D15000488346C74983DDB24A8347C74B8348C7E4
:10D160004C8349C74D834AC74E834BC74F83F3DC7B
:10D170005083F6BC5183E8DC5283C4BB53834CC755
:10D180005483F3C055834DC756834EC757834FC74B
:10D19000588350C7598351C75A83D4BC5B83E9DC99
:10D1A0005C83EADC5D8352C75E83F1DC5F83F6DC7F
:10D1B0006083F9DC6183B4B5628353C76383D9C8E4
:10D1C0006483E7BB6583FEDC6683FDDC6783ABD3EA
:10D1D0006883A1DD6983A3DD6A83A5DD6B83F1D25A
:10D1E0006C83A4DD6D83A6DD6E83A7DD6F83A9D27A
:10D1F000708354C7718355C7728356C7738357C7EB
:10D20000748358C7758359C776835AC77783C9BA59
:10D210007883A9DD79835BC77A835CC77B83B6DDBE
:10D220007C83B1DD7D83B4DD7E835DC77F835EC794
:10D2300080835FC7818360C7828361C7838362C73E
:10D24000848363C78583B0DD8683CEC6878364C746
:10D25000888365C78983F2C08A8366C78B8367C763
:10D260008C8368C78D8369C78E83AFC98F836AC774
:10D2700090836BC791836CC79283ECDC9383AEDDA4
:10D2800094836DC795836EC796836FC7978370C766
:10D290009883B7DD998371C79A8372C79B83F0DC4B
:10D2A0009C83AFDD9D8373C79E83B8DD9F8374C766
:10D2B000A083ACDDA18375C7A28376C7A38377C79C
:10D2C000A48378C7A58379C7A6837AC7A7837BC7BA
:10D2D000A883B9DDA983B3DDAA83ADDDAB83AAC47E
:10D2E000AC837CC7AD837DC7AE837EC7AF8380C769
:10D2F000B083A8DDB183B3C0B283ABC1B383AADD71
:10D30000B483ABDDB58381C7B683B2DDB783F1BB30
:10D31000B883B5DDB983A8D3BA83BADDBB8382C72E
:10D32000BC83BBDDBD83A7C3BE8383C7BF8384C764
:10D33000C083D2DDC183BCDDC28385C7C38386C7FA
:10D34000C48387C7C583D1DDC68388C7C783BDB9FA
:10D35000C88389C7C9838AC7CA83D5BECB838BC715
:10D36000CC83FABECD838CC7CE838DC7CF83CABA98
:10D37000D0838EC7D1838FC7D28390C7D38391C701
:10D38000D483CADDD58392C7D683C5DDD78393C73F
:10D39000D883BFDDD98394C7DA8395C7DB8396C76B
:10D3A000DC83CBB2DD83C3DDDE8397C7DF83CBDDD8
:10D3B000E083A4B2E183D5DDE28398C7E38399C714
:10D3C000E4839AC7E583BEDDE6839BC7E7839CC7FA
:10D3D000E8839DC7E983D0C6EA83D0DDEB839EC78F
:10D3E000EC839FC7ED83A0C7EE8340C8EF8341C89D
:10D3F000F083D4DDF183E2C1F283C6B7F38342C880
:10D40000F48343C8F58344C8F68345C8F78346C808
:10D41000F883CEDDF983CFDDFA8347C8FB8348C8A4
:10D42000FC8349C8FD83C4DDFE834AC8FF834BC823
:10D4300000844CC80184BDDD02844DC80384CDDD69
:10D440000484D1CC05844EC80684C9DD07844FC846
:10D45000088450C8098451C80A8452C80B84C2DDAC
:10D460000C84C8C30D84BCC60E84AECE0F84CCDD44
:10D47000108453C81184C8DD128454C8138455C85D
:10D48000148456C8158457C8168458C8178459C8B8
:10D490001884C1DD19845AC81A845BC81B845CC80F
:10D4A0001C84C6DD1D84DCC21E845DC81F845EC86A
:10D4B00020845FC8218460C8228461C8238462C834
:10D4C0002484A9D32584AAD32684D3DD2784F4CF4A
:10D4D0002884F8C8298463C82A8464C82B8465C852
:10D4E0002C8466C82D8467C82E8468C82F8469C8B8
:10D4F00030846AC83184E6DD32846BC833846CC8FA
:10D5000034846DC835846EC836846FC8378470C85B
:10D510003884C7DD398471C83A8472C83B8473C8C3
:10D520003C84E0DD3D84E4C23E8474C83F8475C819
:10D53000408476C8418477C8428478C8438479C8D7
:10D5400044847AC845847BC84684E1DD47847CC82E
:10D5500048847DC849847EC84A8480C84B8481C879
:10D560004C8482C84D8483C84E8484C84F8485C847
:10D57000508486C85184D7DD528487C8538488C8B4
:10D58000548489C855848AC856848BC85784F8D671
:10D5900058848CC85984D9DD5A84D8DD5B84F0B8AE
:10D5A0005C84D6DD5D848DC85E848EC85F848FC840
:10D5B000608490C86184CFC6628491C86384ADB62C
:10D5C000648492C8658493C8668494C8678495C847
:10D5D000688496C86984E2DD6A8497C86B84F9BA66
:10D5E0006C84E1D46D84E7DD6E8498C86F8499C83B
:10D5F00070849AC87184D0B472849BC87384DADD55
:10D6000074849CC87584FBBF7684E3DD77849DC8F1
:10D610007884DFDD79849EC87A84DDDD7B849FC8D1
:10D620007C84A0C87D8440C97E8441C97F8442C96E
:10D63000808443C9818444C98284D9B5838445C91F
:10D64000848446C9858447C9868448C98784DBDDCC
:10D650008884DCDD8984DEDD8A8449C98B84AFBDA2
:10D660008C84E4DD8D844AC98E84E5DD8F844BC9CA
:10D6700090844CC991844DC992844EC993844FC9FA
:10D68000948450C9958451C9968452C99784F5DD14
:10D69000988453C99984C9C39A8454C99B8455C931
:10D6A0009C84E2CB9D8456C99E8457C99F8458C9E7
:10D6B000A08459C9A184F2DDA2845AC9A3845BC99C
:10D6C000A4845CC9A5845DC9A6845EC9A7845FC91A
:10D6D000A88460C9A98461C9AA8462C9AB8463C9EA
:10D6E000AC8464C9AD8465C9AE8466C9AF84E1D831
:10D6F000B08467C9B18468C9B284D1C6B38469C92A
:10D70000B484F4DDB5846AC9B6846BC9B7846CC9C6
:10D71000B884F4D5B984F3DDBA84F0DDBB846DC977
:10D72000BC846EC9BD84ECDDBE846FC9BF84EFDDEF
:10D73000C08470C9C184E8DDC28471C9C38472C960
:10D74000C484EED0C58473C9C68474C9C78475C93E
:10D75000C88476C9C984D8C8CA84EEDDCB8477C9A9
:10D76000CC8478C9CD84E9DDCE8479C9CF847AC9E7
:10D77000D084EADDD184F2CBD2847BC9D384EDDDC1
:10D78000D4847CC9D5847DC9D684CDB1D7847EC9E3
:10D79000D88480C9D98481C9DA8482C9DB8483C9E9
:10D7A000DC8484C9DD84B6C0DE8485C9DF84BBBC6B
:10D7B000E084F1DDE18486C9E28487C9E384F7DD92
:10D7C000E48488C9E584F6DDE684EBDDE78489C975
:10D7D000E8848AC9E9848BC9EA848CC9EB848DC941
:10D7E000EC84EEC5ED848EC9EE848FC9EF8490C9B8
:10D7F000F084FBDDF18491C9F28492C9F38493C96A
:10D80000F48494C9F58495C9F68496C9F78497C9B8
:10D81000F88498C9F98499C9FA849AC9FB849BC988
:10D82000FC84A4DEFD849CC9FE849DC9FF84A3DE24
:10D8300000859EC901859FC90285A0C9038540CA8C
:10D84000048541CA058542CA068543CA078544CA7C
:10D85000088545CA098546CA0A8547CA0B8548CA4C
:10D860000C85F8DD0D8549CA0E854ACA0F854BCA5D
:10D8700010854CCA1185EFC312854DCA1385FBC2B2
:10D8800014854ECA15854FCA168550CA1785E1D52D
:10D89000188551CA198552CA1A85B5CE1B8553CA37
:10D8A0001C8554CA1D8555CA1E8556CA1F85FDDDB7
:10D8B000208557CA2185CCB2228558CA238559CAEA
:10D8C00024855ACA25855BCA26855CCA27855DCA18
:10D8D00028855ECA29855FCA2A8560CA2B85E8C467
:10D8E0002C85DFCA2D8561CA2E8562CA2F8563CA41
:10D8F000308564CA318565CA328566CA338567CA90
:10D90000348568CA358569CA36856ACA3785BEC70F
:10D910003885FADD3985FCDD3A85FEDD3B85A2DE02
:10D920003C85AAB03D85CEB13E856BCA3F856CCAA9
:10D9300040856DCA41856ECA42856FCA4385ACDE9B
:10D94000448570CA458571CA468572CA478573CABF
:10D950004885A6DE4985B6BD4A85EFC84B8574CAA1
:10D960004C8575CA4D8576CA4E8577CA4F8578CA6B
:10D97000508579CA51857ACA52857BCA53857CCA3B
:10D9800054857DCA55857ECA5685A1DE578580CAD5
:10D99000588581CA5985A5DE5A8582CA5B8583CAA6
:10D9A0005C8584CA5D8585CA5E85A9DE5F8586CA79
:10D9B000608587CA618588CA628589CA63858ACA83
:10D9C0006485A8DE65858BCA66858CCA67858DCA25
:10D9D0006885A7DE69858ECA6A858FCA6B8590CAFD
:10D9E0006C8591CA6D8592CA6E8593CA6F8594CAFB
:10D9F000708595CA718596CA7285ADDE738597CAA2
:10DA00007485CCD4758598CA768599CA77859ACA63
:10DA100078859BCA7985B3DE7A85AADE7B85AEDE02
:10DA20007C859CCA7D859DCA7E85D9C07F859ECA1E
:10DA300080859FCA8185A0CA828540CB838541CBE2
:10DA40008485A1B18585B6DE868542CB8785B1DE2A
:10DA5000888543CB898544CB8A8545CB8B8546CB4E
:10DA60008C8547CB8D8548CB8E8549CB8F85B2DEA3
:10DA700090854ACB91854BCB92854CCB93854DCBF2
:10DA800094854ECB95854FCB968550CB978551CBC2
:10DA9000988552CB998553CB9A8554CB9B85A6D13B
:10DAA0009C85B5DE9D8555CB9E8556CB9F8557CBF6
:10DAB000A08558CBA18559CBA2855ACBA3855BCB3A
:10DAC000A485AFDEA5855CCBA6855DCBA7855ECBA7
:10DAD000A885B0DEA9855FCBAA85BDD0AB8560CB1C
:10DAE000AC8561CBAD8562CBAE85B4DEAF85EDCACA
:10DAF000B085B9DEB18563CBB28564CBB38565CB28
:10DB0000B48566CBB58567CBB68568CBB785B8DEFF
:10DB1000B88569CBB985B7DEBA856ACBBB856BCBD7
:10DB2000BC856CCBBD856DCBBE856ECBBF856FCB09
:10DB3000C08570CBC185BBDEC28571CBC38572CB7E
:10DB4000C48573CBC58574CBC68575CBC78576CBAD
:10DB5000C88577CBC985E5BDCA8578CBCB8579CB20
:10DB6000CC857ACBCD857BCBCE857CCBCF85D8B20F
:10DB7000D085EAC3D1857DCBD2857ECBD385BADE75
:10DB8000D48580CBD585BAC5D68581CBD78582CBC8
:10DB9000D88583CBD98584CBDA8585CBDB8586CBCD
:10DBA000DC85BCDEDD8587CBDE8588CBDF8589CB58
:10DBB000E0858ACBE1858BCBE2858CCBE3858DCB71
:10DBC000E485D9CCE5858ECBE6858FCBE78590CBF8
:10DBD000E88591CBE985AAB7EA8592CBEB8593CB13
:10DBE000EC8594CBED8595CBEE8596CBEF8597CBE9
:10DBF000F08598CBF18599CBF2859ACBF3859BCBB9
:10DC0000F4859CCBF5859DCBF6859ECBF7859FCB88
:10DC1000F885A0CBF98540CCFA8541CCFB85E5D4CD
:10DC2000FC8542CCFD8543CCFE8544CCFF85BDDE22
:10DC3000008645CC018646CC028647CC038648CC7C
:10DC4000048649CC0586BFDE06864ACC07864BCCC7
:10DC500008864CCC09864DCC0A864ECC0B864FCC20
:10DC60000C8650CC0D8651CC0E8652CC0F8653CCF0
:10DC7000108654CC1186A2C4128655CC138656CC7D
:10DC8000148657CC158658CC1686C1DE178659CC1B
:10DC900018865ACC19865BCC1A865CCC1B865DCC68
:10DCA0001C865ECC1D865FCC1E8660CC1F8661CC38
:10DCB000208662CC218663CC228664CC238665CC08
:10DCC000248666CC258667CC268668CC2786BEDE71
:10DCD000288669CC2986C0DE2A866ACC2B866BCC46
:10DCE0002C866CCC2D866DCC2E866ECC2F866FCC80
:10DCF000308670CC318671CC328672CC338673CC50
:10DD0000348674CC358675CC368676CC378677CC1F
:10DD10003886BAD5398678CC3A8679CC3B867ACCA7
:10DD20003C86C2DE3D867BCC3E867CCC3F867DCC6D
:10DD300040867ECC418680CC428681CC438682CC94
:10DD4000448683CC458684CC468685CC478686CC63
:10DD5000488687CC498688CC4A8689CC4B868ACC33
:10DD60004C868BCC4D86AEF24E86A2BB4F86B2C29D
:10DD70005086B0C55186C7C252868CCC53868DCC96
:10DD80005486AFF255868ECC56868FCC578690CC73
:10DD9000588691CC598692CC5A86E9D05B8693CC32
:10DDA0005C8694CC5D8695CC5E86DDD35F8696CC12
:10DDB000608697CC618698CC6286BDEB638699CCF1
:10DDC00064869ACC65869BCC66869CCC67869DCC07
:10DDD00068869ECC69869FCC6A86A0CC6B86E6B3AB
:10DDE0006C86B0F26D8640CD6E86B1F26F8641CD05
:10DDF000708642CD7186ADCA728643CD738644CD9E
:10DE0000748645CD758646CD768647CD778648CDD6
:10DE1000788649CD7986E7BA7A86B3F27B86B5F201
:10DE20007C86B4F27D86E4CB7E86BACF7F86B2F262
:10DE30008086B4CA8186CFD28286ECC283864ACDE0
:10DE400084864BCD85864CCD86864DCD87864ECD3E
:10DE500088864FCD898650CD8A86C3CE8B86B8F210
:10DE60008C86F6B08D86B7F28E8651CD8F8652CDD8
:10DE7000908653CD918654CD928655CD9386BEF231
:10DE8000948656CD9586CFB2968657CD978658CD37
:10DE9000988659CD99865ACD9A865BCD9B865CCD66
:10DEA0009C86C1D19D86BAF29E865DCD9F865ECD51
:10DEB000A0865FCDA18660CDA28661CDA386BCF28F
:10DEC000A486E9D4A58662CDA68663CDA786BBF2DB
:10DED000A886B6F2A986BFF2AA86BDF2AB8664CD4B
:10DEE000AC86B9F2AD8665CDAE8666CDAF86C7F29B
:10DEF000B086C4F2B186C6F2B28667CDB38668CD6D
:10DF0000B486CAF2B586C2F2B686C0F2B78669CDCB
:10DF1000B8866ACDB9866BCDBA86C5F2BB866CCDA4
:10DF2000BC866DCDBD866ECDBE866FCDBF8670CDF5
:10DF3000C086FBD6C18671CDC28672CDC38673CD35
:10DF4000C486C1F2C58674CDC686F9C7C786DFC947
:10DF5000C88675CDC986C8F2CA86C6B9CB86B0B5A3
:10DF6000CC8676CDCD8677CDCE86C3F2CF86C9F26C
:10DF7000D086D0F2D186D6F2D28678CDD38679CD2E
:10DF8000D486D7BBD5867ACDD6867BCDD7867CCDB9
:10DF9000D886D5F2D986DCCDDA867DCDDB86EBD688
:10DFA000DC867ECDDD8680CDDE86D2F2DF86D4F2C1
:10DFB000E08681CDE18682CDE28683CDE38684CD85
:10DFC000E486F2B8E58685CDE68686CDE78687CD00
:10DFD000E88688CDE986CBF2EA8689CDEB868ACDC4
:10DFE000EC868BCDED86CEF2EE86F9C2EF868CCD37
:10DFF000F086DDD5F186CCF2F286CDF2F386CFF253
:10E00000F486D3F2F5868DCDF6868ECDF7868FCD4C
:10E01000F886D9F2F986BCD3FA8690CDFB8691CDED
:10E02000FC8692CDFD8693CDFE86EAB6FF8694CD22
:10E030000087F1CA018795CD0287E4B70387D7F23D
:10E04000048796CD058797CD068798CD0787D8F2A8
:10E050000887DAF20987DDF20A87DBF20B8799CDB0
:10E060000C879ACD0D87DCF20E879BCD0F879CCD58
:10E0700010879DCD11879ECD1287D1D11387D1F204
:10E0800014879FCD1587C9CD1687A0CD1787CFCE12
:10E090001887A9D6198740CE1A87E3F21B8741CE8D
:10E0A0001C87DBC31D8742CE1E87E0F21F8743CE4D
:10E0B000208744CE2187AFC02287ECF22387DEF28F
:10E0C000248745CE2587E1F2268746CE278747CE8F
:10E0D000288748CE2987E8F22A8749CE2B874ACE5F
:10E0E0002C874BCE2D874CCE2E87E2F22F874DCE3C
:10E0F00030874ECE3187E7F232874FCE338750CE0E
:10E100003487E6F2358751CE368752CE3787E9F22B
:10E11000388753CE398754CE3A8755CE3B87DFF2C6
:10E120003C8756CE3D8757CE3E87E4F23F87EAF2E2
:10E13000408758CE418759CE42875ACE43875BCE1F
:10E1400044875CCE45875DCE46875ECE4787ACD39D
:10E150004887E5F24987F5B24A875FCE4B8760CEA4
:10E160004C87F2F24D8761CE4E87ABD04F8762CE9F
:10E17000508763CE518764CE528765CE5387F5F2C0
:10E18000548766CE558767CE568768CE5787C8BBFB
:10E19000588769CE5987F9F25A876ACE5B876BCE6A
:10E1A0005C876CCE5D876DCE5E876ECE5F876FCEEF
:10E1B0006087F0F2618770CE628771CE6387F6F276
:10E1C0006487F8F26587FAF2668772CE678773CE46
:10E1D000688774CE698775CE6A8776CE6B8777CE6F
:10E1E0006C8778CE6D8779CE6E87F3F26F877ACEA3
:10E1F0007087F1F271877BCE72877CCE73877DCE7C
:10E200007487FBBA75877ECE7687FBB5778780CE1D
:10E21000788781CE798782CE7A8783CE7B87EFF22B
:10E220007C87F7F27D87EDF27E87EEF27F8784CEE2
:10E23000808785CE818786CE8287EBF28387A6F39F
:10E24000848787CE8587A3F3868788CE878789CE04
:10E250008887A2F389878ACE8A878BCE8B87F4F250
:10E260008C878CCE8D87DAC88E878DCE8F878ECEA9
:10E2700090878FCE918790CE928791CE9387FBF235
:10E28000948792CE958793CE968794CE9787A5F361
:10E29000988795CE998796CE9A8797CE9B8798CE6A
:10E2A0009C8799CE9D879ACE9E879BCE9F87F8C3E9
:10E2B000A0879CCEA1879DCEA2879ECEA3879FCE0E
:10E2C000A487A0CEA58740CFA68741CFA78742CFFE
:10E2D000A887FDF2A98743CFAA8744CFAB87A7F3CE
:10E2E000AC87A9F3AD87A4F3AE8745CFAF87FCF227
:10E2F000B08746CFB18747CFB28748CFB387ABF35C
:10E30000B48749CFB587AAF3B6874ACFB7874BCF33
:10E31000B8874CCFB9874DCFBA87DDC2BB874ECF08
:10E32000BC874FCFBD87AEF3BE8750CFBF8751CFDD
:10E33000C087B0F3C18752CFC28753CFC38754CFB2
:10E34000C48755CFC58756CFC687A1F3C78757CF98
:10E35000C88758CFC98759CFCA87B1F3CB87ACF3E9
:10E36000CC875ACFCD875BCFCE875CCFCF875DCFB1
:10E37000D0875ECFD187AFF3D287FEF2D387ADF3DC
:10E38000D4875FCFD58760CFD68761CFD78762CF5D
:10E39000D88763CFD98764CFDA8765CFDB87B2F3BD
:10E3A000DC8766CFDD8767CFDE8768CFDF8769CF01
:10E3B000E087B4F3E1876ACFE2876BCFE3876CCF66
:10E3C000E4876DCFE587A8F3E6876ECFE7876FCF49
:10E3D000E88770CFE98771CFEA87B3F3EB8772CF15
:10E3E000EC8773CFED8774CFEE87B5F3EF8775CFEA
:10E3F000F08776CFF18777CFF28778CFF38779CF21
:10E40000F4877ACFF5877BCFF6877CCFF7877DCFF0
:10E41000F8877ECFF987B7D0FA8780CFFB8781CF87
:10E42000FC8782CFFD8783CFFE87B8F3FF8784CF39
:10E43000008885CF018886CF028887CF0388F9D9E5
:10E44000048888CF058889CF06888ACF07888BCF34
:10E4500008888CCF09888DCF0A88B9F30B888ECFB6
:10E460000C888FCF0D8890CF0E8891CF0F8892CFD8
:10E47000108893CF118894CF128895CF1388B7F363
:10E48000148896CF1588E4C81688B6F3178897CFF6
:10E49000188898CF198899CF1A889ACF1B88BAF311
:10E4A0001C889BCF1D889CCF1E889DCF1F889ECF28
:10E4B00020889FCF2188BBF32288C0B42388A0CFB7
:10E4C000248840D0258841D0268842D0278843D050
:10E4D000288844D0298845D02A8846D02B8847D020
:10E4E0002C8848D02D8849D02E884AD02F884BD0F0
:10E4F00030884CD031884DD03288C3EE33884ED02E
:10E5000034884FD0358850D0368851D0378852D093
:10E51000388853D03988BCF33A8854D03B8855D0DA
:10E520003C88BDF33D8856D03E8857D03F8858D0B0
:10E530004088AAD1418859D042885AD043885BD0BC
:10E540004488ACF44588C6D046885CD047885DD006
:10E5500048885ED049885FD04A8860D04B8861D0B7
:10E560004C88D0D04D88DCD14E8862D04F8863D0A3
:10E57000508864D0518865D0528866D0538867D05F
:10E580005488CECF558868D0568869D05788D6BD74
:10E5900058886AD05988C3D15A886BD05B886CD0B0
:10E5A0005C886DD05D886ED05E886FD05F8870D0DB
:10E5B000608871D06188E2BA6288E9E16388C2D27A
:10E5C0006488C2F16588B9B2668872D0678873D0F2
:10E5D0006888EDB16988C3F16A8874D06B88C0C956
:10E5E0006C88C4B36D8875D06E88F2D96F8876D088
:10E5F0007088A5CB718877D07288C4F1738878D081
:10E60000748879D075887AD076887BD07788D4D68C
:10E6100078887CD079887DD07A887ED07B8880D0BD
:10E620007C8881D07D88C5F17E88C0F47F88C6F162
:10E63000808882D08188ACD48288C7F1838883D0D7
:10E640008488C0B08588C1F4868884D0878885D0C6
:10E650008888C2F4898886D08A8887D08B88FCB461
:10E660008C8888D08D88DBC58E8889D08F888AD0A9
:10E6700090888BD091888CD09288BBCC93888DD099
:10E6800094888ED095888FD09688E4D0978890D043
:10E69000988891D0998892D09A8893D09B8894D06A
:10E6A0009C88E0CD9D8895D09E8896D09F8897D0F5
:10E6B000A08898D0A18899D0A288C8F1A3889AD0C0
:10E6C000A488F3D9A5889BD0A6889CD0A7889DD084
:10E6D000A8889ED0A9889FD0AA88A0D0AB88BBB1BB
:10E6E000AC8840D1AD88AECFAE8841D1AF8842D1A1
:10E6F000B08843D1B188A4B8B28844D1B38845D199
:10E70000B48846D1B58847D1B68848D1B788CAF110
:10E71000B88849D1B9884AD1BA884BD1BB884CD185
:10E72000BC88CBF1BD884DD1BE884ED1BF884FD1BA
:10E73000C08850D1C188C3B2C288D1C1C38851D169
:10E74000C48852D1C588B0D7C688C9F1C78853D10B
:10E75000C88854D1C988CCF1CA8855D1CB8856D144
:10E76000CC8857D1CD8858D1CE88CEF1CF8859D119
:10E77000D0885AD1D1885BD1D288F6D9D3885CD1E0
:10E78000D488E1D2D588A3D4D6885DD1D7885ED18C
:10E79000D888C3F4D988B9C8DA885FD1DB8860D15A
:10E7A000DC8861D1DD8862D1DE8863D1DF88C4F482
:10E7B000E08864D1E18865D1E288CDF1E388CFF1CA
:10E7C000E488E3BFE588D0F1E68866D1E78867D1C1
:10E7D000E888D4F1E98868D1EA8869D1EB886AD100
:10E7E000EC886BD1ED886CD1EE886DD1EF886ED15D
:10E7F000F088D6F1F188D1F1F2886FD1F388D1C9D0
:10E80000F488E1C5F58870D1F68871D1F78872D1A6
:10E81000F888E3C2F988FCB9FA8873D1FB8874D10F
:10E82000FC88D3F1FD8875D1FE88D5F1FF8876D1BB
:10E83000008977D1018978D10289D3B9038979D147
:10E8400004897AD105897BD106897CD107897DD15C
:10E8500008897ED1098980D10A89DBF10B8981D1B0
:10E860000C8982D10D8983D10E8984D10F8985D1FC
:10E870001089D6BA118986D11289FDB01389D9F1D0
:10E88000148987D1158988D1168989D117898AD1A8
:10E8900018898BD11989D8F11A89D2F11B89DAF13B
:10E8A0001C898CD11D898DD11E898ED11F898FD154
:10E8B000208990D12189D7F1228991D1238992D1C0
:10E8C000248993D12589ECC8268994D1278995D1AB
:10E8D000288996D1298997D12A89CACD2B89DDF13A
:10E8E0002C8998D12D8999D12E899AD12F899BD1A4
:10E8F0003089BDE531899CD132899DD133899ED142
:10E900003489DCF135899FD13689DEF13789A0D190
:10E91000388940D2398941D23A8942D23B8943D29F
:10E920003C8944D23D8945D23E8946D23F8947D26F
:10E93000408948D24189DFF1428949D243894AD28C
:10E940004489E5CF45894BD246894CD247894DD27F
:10E9500048894ED249894FD24A8950D24B8951D2E7
:10E960004C8952D24D8953D24E8954D24F8955D2B7
:10E97000508956D2518957D2528958D2538959D287
:10E9800054895AD255895BD256895CD257895DD257
:10E9900058895ED259895FD25A8960D25B8961D227
:10E9A0005C8962D25D8963D25E89C5F45F89F3BDFB
:10E9B000608964D2618965D2628966D2638967D2CF
:10E9C000648968D2658969D26689E0F167896AD20B
:10E9D00068896BD269896CD26A896DD26B896ED273
:10E9E0006C896FD26D8970D26E8971D26F8972D243
:10E9F000708973D2718974D2728975D2738976D213
:10EA0000748977D2758978D2768979D277897AD2E2
:10EA100078897BD279897CD27A897DD27B89E1F130
:10EA20007C897ED27D8980D27E8981D27F89F7CE12
:10EA3000808982D28189AAD2828983D28389FBF19B
:10EA4000848984D2858985D28689B2B8878986D21D
:10EA5000888987D2898988D28A8989D28B898AD202
:10EA60008C898BD28D898CD28E898DD28F898ED2D2
:10EA700090898FD2918990D2928991D2938992D2A2
:10EA8000948993D2958994D2968995D2978996D272
:10EA9000988997D2998998D29A8999D29B899AD242
:10EAA0009C899BD29D899CD29E899DD29F899ED212
:10EAB000A0899FD2A189A0D2A28940D3A38941D3A2
:10EAC000A48942D3A58943D3A68944D3A78945D332
:10EAD000A88946D3A98947D3AA8948D3AB8949D302
:10EAE000AC894AD3AD894BD3AE894CD3AF894DD3D2
:10EAF000B0894ED3B1894FD3B28950D3B38951D3A2
:10EB0000B48952D3B58953D3B68954D3B78955D371
:10EB1000B88956D3B98957D3BA8958D3BB8959D341
:10EB2000BC895AD3BD895BD3BE895CD3BF895DD311
:10EB3000C0895ED3C189FBBCC289DBB9C3895FD3FD
:10EB4000C489E6B9C589D9C3C689D3CAC789E8EAE1
:10EB5000C889C0C0C989F5BECA89E9EACB89EAEA91
:10EB6000CC89EBEACD8960D3CE89ECEACF89EDEA96
:10EB7000D089EEEAD189EFEAD289C7BDD38961D3C2
:10EB8000D48962D3D58963D3D689FBF5D78964D379
:10EB9000D88965D3D98966D3DA89FDF5DB8967D34E
:10EBA000DC89FEF5DD8968D3DE89FCF5DF8969D370
:10EBB000E0896AD3E1896BD3E2896CD3E389E2BD52
:10EBC000E4896DD3E589A1F6E689A5B4E7896ED31A
:10EBD000E8896FD3E98970D3EA8971D3EB89A2F60A
:10EBE000EC8972D3ED8973D3EE8974D3EF89A3F6E0
:10EBF000F08975D3F18976D3F28977D3F389B2ECB2
:10EC0000F48978D3F58979D3F6897AD3F7897BD3D8
:10EC1000F8897CD3F9897DD3FA897ED3FB8980D3A7
:10EC2000FC8981D3FD8982D3FE8983D3FF8984D374
:10EC3000008AD4D1018A85D3028A86D3038A87D3F6
:10EC4000048A88D3058A89D3068A8AD3078AEAD9AF
:10EC5000088A8BD3098A8CD30A8A8DD30B8A8ED3E8
:10EC60000C8A8FD30D8A90D30E8A91D30F8A92D3B8
:10EC7000108A93D3118A94D3128A95D3138A96D388
:10EC8000148A97D3158A98D3168A99D3178A9AD358
:10EC9000188A9BD3198A9CD31A8A9DD31B8A9ED328
:10ECA0001C8A9FD31D8AA0D31E8A40D41F8A41D4B8
:10ECB000208A42D4218A43D4228A44D4238A45D448
:10ECC000248A46D4258A47D4268A48D4278A49D418
:10ECD000288A4AD4298A4BD42A8A4CD42B8A4DD4E8
:10ECE0002C8A4ED42D8A4FD42E8A50D42F8A51D4B8
:10ECF000308A52D4318A53D4328A54D4338A55D488
:10ED0000348A56D4358A57D4368A58D4378A59D457
:10ED1000388A5AD4398A5BD43A8A5CD43B8A5DD427
:10ED20003C8A5ED43D8A5FD43E8AA4F63F8A60D492
:10ED3000408A61D4418A62D4428A63D4438A64D4CB
:10ED4000448A65D4458A66D4468A67D4478A68D49B
:10ED5000488ABAEE498A69D44A8A6AD44B8A6BD403
:10ED60004C8A6CD44D8A6DD44E8A6ED44F8A6FD43F
:10ED7000508A70D4518A71D4528A72D4538A73D40F
:10ED8000548A74D4558A75D4568A76D4578A77D4DF
:10ED9000588A78D4598A79D45A8A7AD45B8A7BD4AF
:10EDA0005C8A7CD45D8A7DD45E8A7ED45F8A80D47E
:10EDB000608A81D4618A82D4628A83D4638A84D44B
:10EDC000648A85D4658A86D4668A87D4678A88D41B
:10EDD000688A89D4698A8AD46A8A8BD46B8A8CD4EB
:10EDE0006C8A8DD46D8A8ED46E8A8FD46F8A90D4BB
:10EDF000708A91D4718A92D4728A93D4738A94D48B
:10EE0000748A95D4758A96D4768A97D4778A98D45A
:10EE1000788A99D4798AB2D57A8A9AD47B8A9BD413
:10EE20007C8A9CD47D8A9DD47E8A9ED47F8A9FD4FE
:10EE3000808AA0D4818A40D5828A41D5838A42D5EE
:10EE4000848A43D5858A44D5868A45D5878A46D51E
:10EE5000888A47D5898AFED38A8ADCCC8B8A48D5B2
:10EE60008C8A49D58D8A4AD58E8A4BD58F8A4CD5C6
:10EE7000908A4DD5918A4ED5928A4FD5938AC4CA2D
:10EE8000948A50D5958A51D5968A52D5978A53D56A
:10EE9000988A54D5998A55D59A8A56D59B8A57D53A
:10EEA0009C8A58D59D8A59D59E8A5AD59F8A5BD50A
:10EEB000A08A5CD5A18A5DD5A28A5ED5A38A5FD5DA
:10EEC000A48A60D5A58A61D5A68A62D5A78A63D5AA
:10EED000A88A64D5A98A65D5AA8A66D5AB8A67D57A
:10EEE000AC8A68D5AD8A69D5AE8A6AD5AF8A6BD54A
:10EEF000B08A6CD5B18A6DD5B28A6ED5B38A6FD51A
:10EF0000B48A70D5B58A71D5B68A72D5B78A73D5E9
:10EF1000B88A74D5B98A75D5BA8A76D5BB8A77D5B9
:10EF2000BC8A78D5BD8A79D5BE8A7AD5BF8A7BD589
:10EF3000C08A7CD5C18A7DD5C28A7ED5C38A80D558
:10EF4000C48A81D5C58A82D5C68A83D5C78A84D525
:10EF5000C88A85D5C98A86D5CA8A87D5CB8A88D5F5
:10EF6000CC8A89D5CD8A8AD5CE8A8BD5CF8A8CD5C5
:10EF7000D08A8DD5D18A8ED5D28A8FD5D38A90D595
:10EF8000D48A91D5D58A92D5D68A93D5D78A94D565
:10EF9000D88A95D5D98A96D5DA8A97D5DB8A98D535
:10EFA000DC8A99D5DD8A9AD5DE8A9BD5DF8A9CD505
:10EFB000E08A9DD5E18A9ED5E28A9FD5E38AA0D5D5
:10EFC000E48A40D6E58A41D6E68A42D6E78A43D625
:10EFD000E88A44D6E98A45D6EA8A46D6EB8A47D6F5
:10EFE000EC8A48D6ED8A49D6EE8A4AD6EF8A4BD6C5
:10EFF000F08A4CD6F18A4DD6F28A4ED6F38A4FD695
:10F00000F48A50D6F58A51D6F68A52D6F78A53D664
:10F01000F88A54D6F98A55D6FA8A56D6FB8A57D634
:10F02000FC8A58D6FD8A59D6FE8A5AD6FF8A5BD604
:10F03000008B5CD6018B5DD6028B5ED6038B5FD6D0
:10F04000048B60D6058B61D6068B62D6078BC0E534
:10F05000088B63D6098B64D60A8B65D60B8B66D674
:10F060000C8B67D60D8B68D60E8B69D60F8B6AD644
:10F07000108B6BD6118B6CD6128B6DD6138B6ED614
:10F08000148B6FD6158B70D6168B71D6178B72D6E4
:10F09000188B73D6198B74D61A8B75D61B8B76D6B4
:10F0A0001C8B77D61D8B78D61E8B79D61F8B7AD684
:10F0B000208B7BD6218B7CD6228B7DD6238B7ED654
:10F0C000248B80D6258B81D6268BA5F6278B82D6DE
:10F0D000288B83D6298B84D62A8B85D62B8B86D6F4
:10F0E0002C8B87D62D8B88D62E8B89D62F8B8AD6C4
:10F0F000308B8BD6318B8CD6328B8DD6338B8ED694
:10F10000348B8FD6358B90D6368B91D6378B92D663
:10F11000388B93D6398B94D63A8B95D63B8B96D633
:10F120003C8B97D63D8B98D63E8B99D63F8B9AD603
:10F13000408B9BD6418B9CD6428B9DD6438B9ED6D3
:10F14000448B9FD6458BA0D6468B40D7478B41D763
:10F15000488B42D7498B43D74A8B44D74B8B45D7F3
:10F160004C8B46D74D8B47D74E8B48D74F8B49D7C3
:10F17000508B4AD7518B4BD7528B4CD7538B4DD793
:10F18000548B4ED7558B4FD7568B50D7578B51D763
:10F19000588B52D7598B53D75A8B54D75B8B55D733
:10F1A0005C8B56D75D8B57D75E8B58D75F8B59D703
:10F1B000608B5AD7618B5BD7628B5CD7638B5DD7D3
:10F1C000648B5ED7658B5FD7668BAFBE678B60D76E
:10F1D000688B61D7698B62D76A8B63D76B8B64D777
:10F1E0006C8BA9C66D8B65D76E8B66D76F8B67D717
:10F1F000708B68D7718B69D7728B6AD7738B6BD71B
:10F20000748B6CD7758B6DD7768B6ED7778B6FD7EA
:10F21000788B70D7798B71D77A8B72D77B8B73D7BA
:10F220007C8B74D77D8B75D77E8B76D77F8B77D78A
:10F23000808B78D7818B79D7828B7AD7838B7BD75A
:10F24000848B7CD7858B7DD7868B7ED7878B80D729
:10F25000888B81D7898B82D78A8B83D78B8B84D7F6
:10F260008C8B85D78D8B86D78E8B87D78F8B88D7C6
:10F27000908B89D7918B8AD7928B8BD7938B8CD796
:10F28000948B8DD7958B8ED7968B8FD7978B90D766
:10F29000988B91D7998B92D79A8B93D79B8B94D736
:10F2A0009C8B95D79D8B96D79E8B97D79F8B98D706
:10F2B000A08BA5DAA18BC6BCA28BA9B6A38BBCB8C8
:10F2C000A48BCFC8A58BA5BCA68BA6DAA78BA7DA83
:10F2D000A88BD6CCA98BC3C8AA8BA8DAAB8BFDC6EA
:10F2E000AC8B99D7AD8BB5D1AE8BE9D2AF8BB6D104
:10F2F000B08BC7BCB18B9AD7B28BB2BDB38BE4BB1A
:10F30000B48BA9DAB58BAADAB68BC8D1B78BABDAD6
:10F31000B88BEDD0B98BEFB6BA8BDBC2BB8B9BD76A
:10F32000BC8BCFCBBD8BEDB7BE8BE8C9BF8BC3B752
:10F33000C08BF7BEC18BA4D6C28BACDAC38BADDA5F
:10F34000C48BC0C6C58BE7D7C68BB6CAC78B9CD744
:10F35000C88BA9D5C98BDFCBCA8BEFD5CB8BAEDAE7
:10F36000CC8BDFD6CD8BCAB4CE8BB0DACF8BAFDAF5
:10F37000D08B9DD7D18BEBD2D28BB1DAD38BB2DAD3
:10F38000D48BB3DAD58BD4CAD68BB4DAD78BABCACD
:10F39000D88BB5DAD98BB6DADA8BCFB3DB8BEFD675
:10F3A000DC8BB7DADD8BB0BBDE8BAEB5DF8BB8DACA
:10F3B000E08BB9DAE18BEEB9E28BAFD1E38BE8D227
:10F3C000E48BBADAE58BC3B8E68BEACFE78BEFB212
:10F3D000E88BBBDAE98BBCDAEA8B9ED7EB8BEBBD13
:10F3E000EC8BDCCEED8BEFD3EE8BBDDAEF8BF3CE77
:10F3F000F08BBEDAF18BD5D3F28BE5BBF38BBFDAA2
:10F40000F48BB5CBF58BD0CBF68BC0DAF78BEBC793
:10F41000F88BEED6F98BC1DAFA8BB5C5FB8BC1B68A
:10F42000FC8BC2DAFD8BCCB7FE8BCEBFFF8BC3DA71
:10F43000008CC4DA018CADCB028CC5DA038CF7B535
:10F44000048CC6DA058CC2C1068CBBD7078CC7DA20
:10F45000088CB8CC098C9FD70A8CEAD20B8CB1C42B
:10F460000C8CC8DA0D8CFDB50E8CD1BB0F8CC9DAB3
:10F47000108CB3D0118CCADA128CCBDA138CBDCEBF
:10F48000148CCCDA158CCDDA168CCEDA178CF7B258
:10F49000188CD1DA198CCFDA1A8CE8D11B8CD0DA1F
:10F4A0001C8CD5C31D8CD2DA1E8CA0D71F8CD3DA4E
:10F4B000208CD4DA218CD5DA228CBBD0238CA5D237
:10F4C000248CF9B0258CD6DA268CABC7278CD7DAFA
:10F4D000288CF7BD298CA1C32A8CD8DA2B8CD9DAD9
:10F4E0002C8CFDC32D8CB7CC2E8CDADA2F8CDBDA8A
:10F4F000308CBEC0318CD7C6328CDCDA338CDDDA8E
:10F50000348CB4C7358CDEDA368CDFDA378CC8B988
:10F51000388C40D8398C41D83A8C42D83B8C43D86F
:10F520003C8C44D83D8C45D83E8C46D83F8C47D83F
:10F53000408C48D8418CEDBB428C49D8438C4AD88A
:10F54000448C4BD8458C4CD8468CB9B6478CF8F4D3
:10F55000488C4DD8498CF9F44A8C4ED84B8C4FD8F6
:10F560004C8CE3CD4D8C50D84E8C51D84F8C52D80A
:10F57000508C53D8518C54D8528C55D8538C56D863
:10F58000548C57D8558CB9F5568C58D8578C59D8B7
:10F59000588C5AD8598C5BD85A8CE0EB5B8C5CD871
:10F5A0005C8C5DD85D8C5ED85E8C5FD85F8C60D8DB
:10F5B000608C61D8618CF3CF628CBFBB638C62D8E6
:10F5C000648C63D8658C64D8668C65D8678C66D883
:10F5D000688C67D8698C68D86A8CC0BA6B8CA5D4E3
:10F5E0006C8C69D86D8C6AD86E8C6BD86F8C6CD82B
:10F5F000708C6DD8718C6ED8728C6FD8738CD9E189
:10F60000748C70D8758C71D8768C72D8778C73D8CE
:10F61000788CF4F5798CAAB17A8CF2B27B8C74D8A0
:10F620007C8C75D87D8C76D87E8C77D87F8C78D87A
:10F63000808C79D8818C7AD8828CF5F5838C7BD8B4
:10F64000848C7CD8858CF7F5868C7DD8878C7ED889
:10F65000888C80D8898CD1BA8A8CF6F58B8C81D82D
:10F660008C8CB2C38D8C82D88E8C83D88F8C84D8AE
:10F67000908C85D8918C86D8928C87D8938C88D89A
:10F68000948CF9F5958C89D8968C8AD8978C8BD8E0
:10F69000988CF8F5998C8CD89A8C8DD89B8C8ED8B8
:10F6A0009C8C8FD89D8C90D89E8C91D89F8C92D812
:10F6B000A08C93D8A18C94D8A28C95D8A38C96D8E2
:10F6C000A48C97D8A58C98D8A68C99D8A78C9AD8B2
:10F6D000A88C9BD8A98C9CD8AA8C9DD8AB8C9ED882
:10F6E000AC8C9FD8AD8CA0D8AE8C40D9AF8C41D912
:10F6F000B08C42D9B18C43D9B28C44D9B38C45D9A2
:10F70000B48C46D9B58C47D9B68C48D9B78C49D971
:10F71000B88C4AD9B98C4BD9BA8C4CD9BB8C4DD941
:10F72000BC8C4ED9BD8C4FD9BE8C50D9BF8C51D911
:10F73000C08C52D9C18C53D9C28C54D9C38C55D9E1
:10F74000C48C56D9C58C57D9C68C58D9C78C59D9B1
:10F75000C88C5AD9C98C5BD9CA8C5CD9CB8C5DD981
:10F76000CC8C5ED9CD8C5FD9CE8C60D9CF8C61D951
:10F77000D08C62D9D18C63D9D28C64D9D38C65D921
:10F78000D48C66D9D58C67D9D68C68D9D78C69D9F1
:10F79000D88C6AD9D98C6BD9DA8C6CD9DB8C6DD9C1
:10F7A000DC8C6ED9DD8C6FD9DE8C70D9DF8C71D991
:10F7B000E08C72D9E18C73D9E28C74D9E38C75D961
:10F7C000E48C76D9E58C77D9E68C78D9E78C79D931
:10F7D000E88C7AD9E98C7BD9EA8C7CD9EB8C7DD901
:10F7E000EC8C7ED9ED8C80D9EE8C81D9EF8C82D9CE
:10F7F000F08C83D9F18C84D9F28C85D9F38C86D99D
:10F80000F48C87D9F58C88D9F68C89D9F78C8AD96C
:10F81000F88C8BD9F98C8CD9FA8C8DD9FB8C8ED93C
:10F82000FC8C8FD9FD8C90D9FE8C91D9FF8C92D90C
:10F83000008D93D9018D94D9028D95D9038D96D9D8
:10F84000048D97D9058D98D9068D99D9078D9AD9A8
:10F85000088D9BD9098D9CD90A8D9DD90B8D9ED978
:10F860000C8D9FD90D8DA0D90E8D40DA0F8D41DA08
:10F87000108D42DA118D43DA128D44DA138D45DA98
:10F88000148D46DA158D47DA168D48DA178D49DA68
:10F89000188D4ADA198D4BDA1A8D4CDA1B8D4DDA38
:10F8A0001C8D4EDA1D8DB4B11E8DEAD51F8DBAB8F0
:10F8B000208D4FDA218DB1B9228DC6B2238DF0D4BF
:10F8C000248DCDCF258DDCB0268DCBD5278DF5BBF6
:10F8D000288DCAD6298DB7B72A8DB0CC2B8DB6C648
:10F8E0002C8DE1B12D8DBAB92E8DFCD62F8DE1B9BD
:10F8F000308DA1B7318DFABC328DDAEA338DDBEA77
:10F90000348DF9CC358DF3B9368DDCEA378DFBB407
:10F91000388DB3C3398DD1B73A8DD8BA3B8DDDEA76
:10F920003C8DF4D43D8DDEEA3E8DD6BC3F8DDFBBF1
:10F93000408DDFEA418DDEC1428DB8C2438DDFD4F8
:10F94000448DCAD7458DE0EA468DE1EA478DE4EA69
:10F95000488DE2EA498DE3EA4A8DDEC94B8DB3B8A2
:10F960004C8DC4B64D8DE5EA4E8DEACA4F8DCDC99A
:10F97000508DCDB4518D50DA528D51DA538DD9E27C
:10F98000548DE2C5558DE6EA568DB5C0578D52DAD5
:10F99000588DB8D7598DE7EA5A8DACD75B8DFCC826
:10F9A0005C8DD3D85D8DCDD85E8DDED45F8D53DA7E
:10F9B000608DF9D4618DC4C9628DAED3638DD3B827
:10F9C000648DE0B3658D54DA668DE2C9678DF6F417
:10F9D000688D55DA698D56DA6A8D57DA6B8DD5BA2E
:10F9E0006C8D58DA6D8DF7F46E8D59DA6F8D5ADAA9
:10F9F000708DDFD7718D5BDA728D5CDA738DF1F407
:10FA0000748DB0B8758DD4D5768DCFB8778DF0C69E
:10FA1000788D5DDA798D5EDA7A8D5FDA7B8D60DAEA
:10FA20007C8D61DA7D8D62DA7E8D63DA7F8D64DABA
:10FA3000808D65DA818DC3B3828D66DA838D67DA56
:10FA4000848DF2F4858DACB3868D68DA878D69DAA2
:10FA5000888D6ADA898D6BDA8A8DBDD48B8DF7C774
:10FA60008C8D6CDA8D8D6DDA8E8D6EDA8F8D6FDA0E
:10FA7000908D70DA918DF4F4928D71DA938D72DA43
:10FA8000948DF3F4958D73DA968D74DA978D75DA1B
:10FA9000988D76DA998D77DA9A8D78DA9B8D79DA86
:10FAA0009C8D7ADA9D8D7BDA9E8D7CDA9F8DCBCC16
:10FAB000A08D7DDAA18D7EDAA28D80DAA38DA4C817
:10FAC000A48D81DAA58D82DAA68D83DAA78D84DAFA
:10FAD000A88D85DAA98D86DAAA8D87DAAB8D88DACA
:10FAE000AC8D89DAAD8D8ADAAE8D8BDAAF8D8CDA9A
:10FAF000B08D8DDAB18DF5F4B28D8EDAB38DE3D79A
:10FB0000B48DBFC5B58DC0F5B68D8FDAB78D90DADF
:10FB1000B88DBBF5B98D91DABA8DC3F5BB8D92DA8C
:10FB2000BC8DC2F5BD8D93DABE8DBAD6BF8DC1F541
:10FB3000C08D94DAC18D95DAC28D96DAC38DBED4AC
:10FB4000C48DC4F5C58D97DAC68DCCF5C78D98DA0E
:10FB5000C88D99DAC98D9ADACA8D9BDACB8DCFB070
:10FB6000CC8DF8B5CD8D9CDACE8DC9F5CF8DCAF58B
:10FB7000D08D9DDAD18DDCC5D28D9EDAD38D9FDA02
:10FB8000D48DA0DAD58D40DBD68DC5F5D78DC6F5E1
:10FB9000D88D41DBD98D42DBDA8DC7F5DB8DCBF516
:10FBA000DC8D43DBDD8DE0BEDE8DC8F5DF8DFAB880
:10FBB000E08D44DBE18D45DBE28D46DBE38DD0F566
:10FBC000E48DD3F5E58D47DBE68D48DBE78D49DB3A
:10FBD000E88DE7BFE98D4ADBEA8DF2B9EB8DBCF524
:10FBE000EC8DCDF5ED8D4BDBEE8D4CDBEF8DB7C2A3
:10FBF000F08D4DDBF18D4EDBF28D4FDBF38DF8CCCC
:10FC0000F48D50DBF58DF9BCF68D51DBF78DCEF51B
:10FC1000F88DCFF5F98DD1F5FA8DE5B6FB8DD2F5DE
:10FC2000FC8D52DBFD8DD5F5FE8D53DBFF8D54DB56
:10FC3000008E55DB018E56DB028E57DB038E58DBC0
:10FC4000048E59DB058EBDF5068E5ADB078E5BDB15
:10FC5000088E5CDB098ED4F50A8EBBD30B8E5DDB80
:10FC60000C8EECB30D8E5EDB0E8E5FDB0F8EA4CCA4
:10FC7000108E60DB118E61DB128E62DB138E63DB14
:10FC8000148ED6F5158E64DB168E65DB178E66DB5B
:10FC9000188E67DB198E68DB1A8E69DB1B8E6ADBB8
:10FCA0001C8E6BDB1D8ED7F51E8EE1BE1F8ED8F528
:10FCB000208E6CDB218E6DDB228EDFCC238EDBF57C
:10FCC000248E6EDB258E6FDB268E70DB278E71DB3C
:10FCD000288E72DB298EC8B22A8ED9D72B8E73DB81
:10FCE0002C8ED9F52D8E74DB2E8EDAF52F8EDCF569
:10FCF000308E75DB318EE2F5328E76DB338E77DB3C
:10FD0000348E78DB358EE0F5368E79DB378E7ADB14
:10FD1000388E7BDB398EDFF53A8EDDF53B8E7CDB72
:10FD20003C8E7DDB3D8EE1F53E8E7EDB3F8E80DBC3
:10FD3000408EDEF5418EE4F5428EE5F5438E81DBA3
:10FD4000448EE3CC458E82DB468E83DB478EBFE557
:10FD5000488EB8B5498EE3F54A8EE8F54B8EA3CCB4
:10FD60004C8E84DB4D8E85DB4E8E86DB4F8E87DBA3
:10FD7000508E88DB518EE6F5528EE7F5538E89DB87
:10FD8000548E8ADB558E8BDB568E8CDB578E8DDB4B
:10FD9000588E8EDB598EBEF55A8E8FDB5B8E90DBD4
:10FDA0005C8E91DB5D8E92DB5E8E93DB5F8E94DBEF
:10FDB000608E95DB618E96DB628E97DB638E98DBBF
:10FDC000648E99DB658E9ADB668EC4B1678E9BDB91
:10FDD000688E9CDB698EBFF56A8E9DDB6B8E9EDB29
:10FDE0006C8EC5B56D8EE4B26E8E9FDB6F8EECF5BA
:10FDF000708EE9F5718EA0DB728ED7B6738E40DC03
:10FE0000748EEDF5758E41DC768EEAF5778E42DCE8
:10FE1000788E43DC798E44DC7A8E45DC7B8E46DC42
:10FE20007C8EEBF57D8E47DC7E8E48DC7F8EDAB4EF
:10FE3000808E49DC818EEAD4828E4ADC838E4BDC54
:10FE4000848E4CDC858EEEF5868E4DDC878EF9B384
:10FE5000888E4EDC898E4FDC8A8E50DC8B8E51DC96
:10FE60008C8E52DC8D8E53DC8E8E54DC8F8EEFF5B3
:10FE7000908EF1F5918E55DC928E56DC938E57DC88
:10FE8000948EF0F5958E58DC968E59DC978E5ADC60
:10FE9000988E5BDC998E5CDC9A8E5DDC9B8E5EDCE2
:10FEA0009C8EF2F59D8E5FDC9E8EF3F59F8E60DC5E
:10FEB000A08E61DCA18E62DCA28E63DCA38E64DC8A
:10FEC000A48E65DCA58E66DCA68E67DCA78E68DC5A
:10FED000A88E69DCA98E6ADCAA8E6BDCAB8EEDC9BC
:10FEE000AC8EAAB9AD8E6CDCAE8E6DDCAF8EFBC76E
:10FEF000B08E6EDCB18E6FDCB28EE3B6B38E70DC8A
:10FF0000B48E71DCB58E72DCB68E73DCB78E74DCA9
:10FF1000B88E75DCB98E76DCBA8EC9CCBB8E77DC38
:10FF2000BC8E78DCBD8E79DCBE8E7ADCBF8E7BDC4D
:10FF3000C08E7CDCC18E7DDCC28E7EDCC38E80DC1C
:10FF4000C48E81DCC58E82DCC68E83DCC78E84DCE9
:10FF5000C88E85DCC98E86DCCA8E87DCCB8E88DCB9
:10FF6000CC8E89DCCD8E8ADCCE8EA6EACF8E8BDC61
:10FF7000D08E8CDCD18E8DDCD28E8EDCD38E8FDC5D
:10FF8000D48E90DCD58E91DCD68E92DCD78E93DC2D
:10FF9000D88E94DCD98E95DCDA8E96DCDB8E97DCFD
:10FFA000DC8E98DCDD8E99DCDE8E9ADCDF8E9BDCCD
:10FFB000E08E9CDCE18E9DDCE28E9EDCE38E9FDC9D
:10FFC000E48EA0DCE58E40DDE68E41DDE78E42DD8D
:10FFD000E88E43DDE98E44DDEA8E45DDEB8E46DDBD
:10FFE000EC8E47DDED8E48DDEE8E49DDEF8E4ADD8D
:10FFF000F08E4BDDF18E4CDDF28E4DDDF38E4EDD5D
:020000040802F0
:10000000F48E4FDDF58E50DDF68E51DDF78E52DD2C
:10001000F88E53DDF98E54DDFA8E55DDFB8E56DDFC
:10002000FC8E57DDFD8E58DDFE8E59DDFF8E5ADDCC
:10003000008F5BDD018F5CDD028F5DDD038F5EDD98
:10004000048F5FDD058F60DD068F61DD078F62DD68
:10005000088F63DD098F64DD0A8F65DD0B8F66DD38
:100060000C8F67DD0D8F68DD0E8F69DD0F8F6ADD08
:10007000108F6BDD118F6CDD128F6DDD138F6EDDD8
:10008000148F6FDD158F70DD168F71DD178F72DDA8
:10009000188F73DD198F74DD1A8F75DD1B8F76DD78
:1000A0001C8F77DD1D8F78DD1E8F79DD1F8F7ADD48
:1000B000208F7BDD218F7CDD228F7DDD238F7EDD18
:1000C000248F80DD258F81DD268F82DD278F83DDE4
:1000D000288F84DD298F85DD2A8F86DD2B8F87DDB4
:1000E0002C8F88DD2D8F89DD2E8F8ADD2F8F8BDD84
:1000F000308F8CDD318F8DDD328F8EDD338F8FDD54
:10010000348F90DD358F91DD368F92DD378F93DD23
:10011000388F94DD398F95DD3A8F96DD3B8F97DDF3
:100120003C8F98DD3D8F99DD3E8F9ADD3F8F9BDDC3
:10013000408F9CDD418F9DDD428F9EDD438F9FDD93
:10014000448FA0DD458F40DE468F41DE478F42DE83
:10015000488F43DE498F44DE4A8F45DE4B8F46DEB3
:100160004C8F47DE4D8F48DE4E8F49DE4F8F4ADE83
:10017000508F4BDE518F4CDE528F4DDE538F4EDE53
:10018000548F4FDE558F50DE568F51DE578F52DE23
:10019000588F53DE598F54DE5A8F55DE5B8F56DEF3
:1001A0005C8F57DE5D8F58DE5E8F59DE5F8F5ADEC3
:1001B000608F5BDE618F5CDE628F5DDE638F5EDE93
:1001C000648F5FDE658F60DE668FB5B3678FFED4A8
:1001D000688FECB9698FF9D06A8F61DE6B8FEDE9BA
:1001E0006C8FAAD76D8FEEE96E8FD6C26F8FEDC878
:1001F000708FE4BA718FEFE9728FF0E9738FF1E9D4
:10020000748FE1D6758FF2E9768FF3E9778FF5E990
:10021000788FF4E9798FF6E97A8FF7E97B8FE1C778
:100220007C8FF8E97D8FD8D47E8FF9E97F8FCEBDA2
:10023000808F62DE818FFAE9828FFBE9838FCFBDE9
:10024000848FFCE9858FA8B8868FBEC1878FFDE9B2
:10025000888FB2B1898FD4BB8A8FF5B98B8FFEE9B5
:100260008C8F63DE8D8FA1EA8E8FA2EA8F8FA3EA37
:10027000908FF8B7918FADBC928F64DE938FE4CAF4
:10028000948FCEE0958FAFD4968FBDCF978FB7D593
:10029000988FA4EA998FDED59A8FA5EA9B8FC1D05B
:1002A0009C8FBCB99D8F65DE9E8FC7B49F8FD9B1DF
:1002B000A08F66DEA18F67DEA28F68DEA38FB1C03C
:1002C000A48F69DEA58F6ADEA68F6BDEA78F6CDE3A
:1002D000A88FE6B1A98FE7B1AA8F6DDEAB8FE8B129
:1002E000AC8F6EDEAD8F6FDEAE8F70DEAF8F71DEE6
:1002F000B08FBDB3B18FE8C8B28F72DEB38F73DE3B
:10030000B48F74DEB58F75DEB68FC1E5B78F76DE3C
:10031000B88F77DEB98FDFB1BA8F78DEBB8F79DE29
:10032000BC8F7ADEBD8FC9C1BE8FEFB4BF8F7BDEBD
:10033000C08F7CDEC18FA8C7C28FD8D3C38F7DDEAC
:10034000C48FF9C6C58FB8D1C68F7EDEC78FFDB901
:10035000C88FF5C2C98F80DECA8F81DECB8F82DE67
:10036000CC8F83DECD8F84DECE8FADD3CF8F85DE75
:10037000D08FCBD4D18FFCBDD28F86DED38FC2E598
:10038000D48FB5B7D58FC3E5D68F87DED78F88DEFC
:10039000D88FB9BBD98FE2D5DA8F89DEDB8FF8BD74
:1003A000DC8FB6D4DD8FA5CEDE8FACC1DF8FD9B3A5
:1003B000E08F8ADEE18F8BDEE28FF6CCE38F8CDE7E
:1003C000E48FC6E5E58FC4E5E68FC8E5E78F8DDEEF
:1003D000E88FCAE5E98FC7E5EA8FCFB5EB8FC8C6CE
:1003E000EC8F8EDEED8FFCB5EE8FC5E5EF8F8FDEE7
:1003F000F08FF6CAF18F90DEF28F91DEF38FC9E5B0
:10040000F48F92DEF58F93DEF68F94DEF78FD4C3F0
:10041000F88FC5B1F98FA3BCFA8F95DEFB8F96DEFE
:10042000FC8F97DEFD8FB7D7FE8F98DEFF8F99DEAA
:100430000090CBCD0190CDCB0290CACA0390D3CC13
:100440000490CCE50590CBE50690E6C407909ADED3
:1004500008909BDE0990A1D10A90B7D10B90CDE511
:100460000C909CDE0D90D0E50E909DDE0F90B8CDE7
:100470001090F0D61190CFE51290DDB513909EDE6E
:100480001490BECD15909FDE1690D1E51790BAB6A8
:100490001890A0DE199040DF1A90A8CD1B90E4B907
:1004A0001C9041DF1D90C5CA1E90D1B31F90D9CBBF
:1004B0002090ECD42190D2E52290EAB7239042DF3D
:1004C000249043DF259044DF2690CEE5279045DF3A
:1004D000289046DF299047DF2A9048DF2B9049DF9C
:1004E0002C904ADF2D90D5E52E90FEB42F90D6E5C6
:1004F00030904BDF31904CDF32904DDF33904EDF48
:1005000034904FDF3590D3E53690D4E5379050DF07
:100510003890DDD2399051DF3A9052DF3B90DFC204
:100520003C90C6B13D9053DF3E90E2D33F9054DF04
:10053000409055DF4190DDB64290ECCB439056DFC2
:100540004490D7E5459057DF469058DF4790F6D363
:10055000489059DF49905ADF4A905BDF4B905CDF4F
:100560004C905DDF4D90E9B14E905EDF4F90F4B658
:100570005090DAE55190D8E55290D9E55390C0B546
:1005800054905FDF559060DF569061DF5790C5D281
:100590005890DCE5599062DF5A9063DF5B90DEE5AE
:1005A0005C9064DF5D9065DF5E9066DF5F9067DF83
:1005B000609068DF619069DF6290DDE56390B2C7AB
:1005C00064906ADF6590A3D266906BDF67906CDF02
:1005D0006890DBE569906DDF6A906EDF6B906FDF8E
:1005E0006C9070DF6D90E2D46E90DAD56F9071DF11
:1005F000709072DF719073DF729074DF739075DFAB
:100600007490E0E57590F1D7769076DF779077DF9C
:10061000789078DF799079DF7A907ADF7B907BDF52
:100620007C907CDF7D90E1E57E907DDF7F90DCB18A
:100630008090FBD181907EDF8290E2E58390E4E5BB
:10064000849080DF859081DF869082DF879083DFD2
:100650008890E3E5899084DF8A9085DF8B90E5E5DB
:100660008C9086DF8D9087DF8E9088DF8F9089DF7A
:1006700090908ADF9190D8D292908BDF9390CBB5F7
:1006800094908CDF9590DFE796908DDF9790F5DA68
:1006900098908EDF9990F8DA9A908FDF9B90F6DA37
:1006A0009C9090DF9D90F7DA9E9091DF9F9092DF73
:1006B000A09093DFA190FADAA290CFD0A390C7C404
:1006C000A49094DFA59095DFA690EEB0A79096DF5A
:1006D000A89097DFA99098DFAA90B0D0AB9099DF4F
:1006E000AC90F9DAAD909ADFAE90CAD3AF90AABAC7
:1006F000B090A2DBB190F1C7B2909BDFB390FCDA6F
:10070000B490FBDAB590DBC9B690FDDAB7909CDF08
:10071000B890A1DBB990DED7BA90FEDABB90DAC10F
:10072000BC909DDFBD909EDFBE90A5DBBF909FDF9C
:10073000C090A0DFC190F4D3C29040E0C39041E0EC
:10074000C490A7DBC590A4DBC69042E0C790A8DBAD
:10075000C89043E0C99044E0CA90BCBDCB9045E04E
:10076000CC9046E0CD9047E0CE90C9C0CF90A3DBBF
:10077000D090A6DBD190A3D6D29048E0D390A9DB4D
:10078000D49049E0D5904AE0D6904BE0D790ADDBCD
:10079000D8904CE0D9904DE0DA904EE0DB90AEDBA3
:1007A000DC90ACDBDD90C2BADE904FE0DF9050E031
:1007B000E09051E0E190A4BFE290ABDBE39052E027
:1007C000E49053E0E59054E0E690AADBE790C7D4CC
:1007D000E890BFB2E99055E0EA9056E0EB90AFDBCD
:1007E000EC9057E0ED90F9B9EE9058E0EF90B0DB67
:1007F000F09059E0F1905AE0F2905BE0F3905CE009
:10080000F490BBB3F5905DE0F6905EE0F7905FE0AA
:10081000F890A6B5F99060E0FA9061E0FB9062E094
:10082000FC9063E0FD90BCB6FE90B1DBFF9064E00D
:10083000009165E0019166E00291F5B6039167E0F1
:100840000491B2DB059168E0069169E007916AE0E6
:1008500008916BE009916CE00A916DE00B916EE0FC
:100860000C916FE00D9170E00E9171E00F9172E0CC
:10087000109173E0119174E0129175E0139176E09C
:10088000149177E0159178E0169179E017917AE06C
:1008900018917BE01991C9B11A917CE01B917DE020
:1008A0001C917EE01D9180E01E91B4DB1F9181E0E0
:1008B000209182E0219183E02291B3DB2391B5DB8B
:1008C000249184E0259185E0269186E0279187E0B8
:1008D000289188E0299189E02A918AE02B918BE088
:1008E0002C918CE02D918DE02E918EE02F91B7DB35
:1008F00030918FE03191B6DB329190E0339191E00D
:10090000349192E0359193E0369194E0379195E0FF
:10091000389196E03991B8DB3A9197E03B9198E0B5
:100920003C9199E03D919AE03E919BE03F919CE0A3
:1009300040919DE041919EE042919FE04391B9DB5F
:100940004491A0E0459140E14691BADB479141E1F5
:10095000489142E14991CFD34A91FAF44B91F5C7BE
:100960004C91C3D74D91E4C54E91FCF44F91FDF4E9
:100970005091FBF4519143E15291C6BE539144E131
:10098000549145E1559146E1569147E15791EFD099
:10099000589148E1599149E15A91D3B75B914AE1A5
:1009A0005C914BE15D91CDD45E91AACC5F914CE11D
:1009B00060914DE16191A2F56291A1F56391A8BAB0
:1009C0006491FEF46591D6CB66914EE167914FE15B
:1009D000689150E16991A4F56A91D2C06B9151E19F
:1009E0006C91EAB36D9152E16E91AACD6F91A5F52C
:1009F0007091A3F57191B4BD7291A8F5739153E113
:100A00007491A9F57591CDBD7691B8C37791E1BF89
:100A10007891E1CB7991AAF57A9154E17B9155E1F6
:100A20007C9156E17D91A6F57E91A7F57F91F0C46A
:100A3000809157E1819158E1829159E183915AE186
:100A400084915BE18591ACF586915CE18791BCB4C2
:100A500088915DE18991EDD78A915EE18B91D7B460
:100A60008C91ABF58D91AEF58E915FE18F9160E148
:100A70009091ADF59191AFF59291D1D0939161E1C3
:100A8000949162E1959163E1969164E1979165E1BA
:100A9000989166E1999167E19A91D1C39B91A9C818
:100AA0009C9168E19D9169E19E916AE19F916BE162
:100AB000A0916CE1A1916DE1A291B0F5A391B1F586
:100AC000A4916EE1A5916FE1A69170E1A79171E10A
:100AD000A89172E1A99173E1AA91B2F5AB9174E189
:100AE000AC9175E1AD91B3F5AE91B4F5AF91B5F5BB
:100AF000B09176E1B19177E1B29178E1B39179E18A
:100B0000B491B7F5B591B6F5B6917AE1B7917BE1BD
:100B1000B8917CE1B9917DE1BA91B8F5BB917EE1E4
:100B2000BC9180E1BD9181E1BE9182E1BF9183E101
:100B3000C09184E1C19185E1C29186E1C39187E1D1
:100B4000C49188E1C59189E1C6918AE1C791C9B292
:100B5000C8918BE1C991D4D3CA91CDCACB918CE114
:100B6000CC91EFC0CD91D8D6CE91B0D2CF91BFC1AC
:100B7000D0918DE1D191F0BDD2918EE1D3918FE1F1
:100B8000D49190E1D59191E1D69192E1D79193E101
:100B9000D89194E1D99195E1DA9196E1DB9197E1D1
:100BA000DC91AAB8DD9198E1DE9199E1DF919AE1BB
:100BB000E0919BE1E1919CE1E2919DE1E3919EE175
:100BC000E4919FE1E591A0E1E69140E2E79141E205
:100BD000E89142E2E99143E2EA9144E2EB9145E295
:100BE000EC9146E2ED9147E2EE9148E2EF9149E265
:100BF000F0914AE2F1914BE2F2914CE2F3914DE235
:100C0000F4914EE2F5914FE2F69150E2F79151E204
:100C1000F89152E2F99153E2FA9154E2FB9155E2D4
:100C2000FC9156E2FD9157E2FE9158E2FF9159E2A4
:100C300000925AE201925BE202925CE203925DE270
:100C400004925EE205925FE2069260E2079261E240
:100C5000089262E2099263E20A9264E20B9265E210
:100C60000C9266E20D9267E20E9268E20F9269E2E0
:100C700010926AE211926BE212926CE213926DE2B0
:100C800014926EE215926FE2169270E2179271E280
:100C9000189272E2199273E21A9274E21B9275E250
:100CA0001C9276E21D9277E21E9278E21F9279E220
:100CB00020927AE221927BE222927CE223927DE2F0
:100CC00024927EE2259280E2269281E2279282E2BD
:100CD000289283E2299284E22A9285E22B9286E28C
:100CE0002C9287E22D9288E22E9289E22F928AE25C
:100CF00030928BE231928CE232928DE233928EE22C
:100D000034928FE2359290E2369291E2379292E2FB
:100D1000389293E2399294E23A9295E23B9296E2CB
:100D20003C9297E23D9298E23E9299E23F929AE29B
:100D300040929BE241929CE242929DE243929EE26B
:100D400044929FE24592A0E2469240E3479241E3FB
:100D5000489242E3499243E34A9244E34B9245E38B
:100D60004C9246E34D9247E34E9248E34F9249E35B
:100D700050924AE351924BE352924CE353924DE32B
:100D800054924EE355924FE3569250E3579251E3FB
:100D9000589252E3599253E35A9254E35B9255E3CB
:100DA0005C9256E35D9257E35E9258E35F9259E39B
:100DB00060925AE361925BE362925CE363925DE36B
:100DC00064925EE365925FE3669260E3679261E33B
:100DD000689262E3699263E36A9264E36B9265E30B
:100DE0006C9266E36D9267E36E9268E36F9269E3DB
:100DF00070926AE371926BE372926CE373926DE3AB
:100E00007492F8BC75926EE376926FE3779270E31A
:100E1000789271E3799272E37A9273E37B9274E34E
:100E20007C9275E37D9276E37E9277E37F9278E31E
:100E3000809279E381927AE382927BE383927CE3EE
:100E400084927DE385927EE3869280E3879281E3BC
:100E5000889282E3899283E38A9284E38B9285E38A
:100E60008C9286E38D9287E38E92C6F68F9288E30A
:100E7000909289E391928AE392928BE393928CE32E
:100E800094928DE395928EE396928FE3979290E3FE
:100E9000989291E3999292E39A9293E39B9294E3CE
:100EA0009C9295E39D9296E39E9297E39F9298E39E
:100EB000A09299E3A1929AE3A2929BE3A3929CE36E
:100EC000A4929DE3A5929EE3A6929FE3A792A0E33E
:100ED000A89240E4A99241E4AA9242E4AB9243E48E
:100EE000AC9244E4AD9245E4AE92C7F6AF9246E4CC
:100EF000B09247E4B19248E4B29249E4B3924AE432
:100F0000B4924BE4B5924CE4B6924DE4B7924EE401
:100F1000B8924FE4B99250E4BA9251E4BB9252E4D1
:100F2000BC9253E4BD9254E4BE9255E4BF9256E4A1
:100F3000C09257E4C19258E4C29259E4C3925AE471
:100F4000C4925BE4C5925CE4C6925DE4C7925EE441
:100F5000C892C8F6C9925FE4CA9260E4CB9261E499
:100F6000CC9262E4CD9263E4CE9264E4CF9265E4E5
:100F7000D09266E4D19267E4D29268E4D39269E4B5
:100F8000D4926AE4D5926BE4D6926CE4D7926DE485
:100F9000D8926EE4D9926FE4DA9270E4DB9271E455
:100FA000DC9272E4DD9273E4DE9274E4DF9275E425
:100FB000E09276E4E19277E4E29278E4E39279E4F5
:100FC000E4927AE4E5927BE4E6927CE4E7927DE4C5
:100FD000E8927EE4E99280E4EA9281E4EB9282E492
:100FE000EC9283E4ED9284E4EE9285E4EF9286E461
:100FF000F09287E4F19288E4F29289E4F3928AE431
:10100000F4928BE4F5928CE4F6928DE4F7928EE400
:10101000F8928FE4F99290E4FA9291E4FB9292E4D0
:10102000FC9293E4FD9294E4FE9295E4FF9296E4A0
:10103000009397E4019398E4029399E403939AE46C
:1010400004939BE405939CE406939DE407939EE43C
:1010500008939FE40993A0E40A9340E50B9341E5CC
:101060000C9342E50D9343E50E9344E50F9345E55C
:10107000109346E5119347E5129348E5139349E52C
:1010800014934AE515934BE516934CE517934DE5FC
:1010900018934EE519934FE51A9350E51B9351E5CC
:1010A0001C9352E51D9353E51E9354E51F9355E59C
:1010B000209356E5219357E5229358E5239359E56C
:1010C00024935AE525935BE526935CE527935DE53C
:1010D00028935EE529935FE52A9360E52B9361E50C
:1010E0002C9362E52D9363E52E9364E52F9365E5DC
:1010F000309366E5319367E5329368E5339369E5AC
:1011000034936AE535936BE536936CE537936DE57B
:1011100038936EE539936FE53A9370E53B9371E54B
:101120003C9372E53D9373E53E93C9F63F9374E5B6
:10113000409375E5419376E5429377E5439378E5EF
:10114000449379E545937AE546937BE547937CE5BF
:1011500048937DE549937EE54A9380E54B9381E58D
:101160004C9382E54D9383E54E9384E54F9385E55B
:10117000509386E5519387E5529388E5539389E52B
:1011800054938AE555938BE556938CE557938DE5FB
:1011900058938EE559938FE55A9390E55B9391E5CB
:1011A0005C9392E55D9393E55E9394E55F9395E59B
:1011B000609396E5619397E5629398E5639399E56B
:1011C00064939AE565939BE566939CE567939DE53B
:1011D00068939EE569939FE56A93CAF66B93A0E5D1
:1011E0006C9340E66D9341E66E9342E66F9343E65F
:1011F000709344E6719345E6729346E6739347E62F
:10120000749348E6759349E676934AE677934BE6FE
:1012100078934CE679934DE67A934EE67B934FE6CE
:101220007C9350E67D9351E67E9352E67F9353E69E
:10123000809354E6819355E6829356E6839357E66E
:10124000849358E6859359E686935AE687935BE63E
:1012500088935CE689935DE68A935EE68B935FE60E
:101260008C9360E68D9361E68E9362E68F93CCF665
:10127000909363E6919364E6929365E6939366E6B2
:10128000949367E6959368E6969369E697936AE682
:1012900098936BE699936CE69A936DE69B936EE652
:1012A0009C936FE69D9370E69E9371E69F9372E622
:1012B000A09373E6A19374E6A29375E6A39376E6F2
:1012C000A49377E6A59378E6A69379E6A7937AE6C2
:1012D000A8937BE6A9937CE6AA937DE6AB937EE692
:1012E000AC9380E6AD9381E6AE9382E6AF9383E65E
:1012F000B09384E6B19385E6B29386E6B39387E62E
:10130000B49388E6B59389E6B6938AE6B7938BE6FD
:10131000B8938CE6B9938DE6BA938EE6BB938FE6CD
:10132000BC9390E6BD9391E6BE9392E6BF9393E69D
:10133000C09394E6C19395E6C29396E6C39397E66D
:10134000C49398E6C59399E6C6939AE6C7939BE63D
:10135000C8939CE6C9939DE6CA93CBF6CB939EE6D1
:10136000CC939FE6CD93A0E6CE9340E7CF9341E7A1
:10137000D09342E7D19343E7D29344E7D39345E731
:10138000D49346E7D59347E7D693E9F7D79348E751
:10139000D89349E7D9934AE7DA934BE7DB934CE7D5
:1013A000DC934DE7DD934EE7DE934FE7DF9350E7A5
:1013B000E09351E7E19352E7E29353E7E39354E775
:1013C000E49355E7E59356E7E69357E7E79358E745
:1013D000E89359E7E9935AE7EA935BE7EB935CE715
:1013E000EC935DE7ED935EE7EE935FE7EF9360E7E5
:1013F000F09361E7F19362E7F29363E7F39364E7B5
:10140000F49365E7F59366E7F69367E7F79368E784
:10141000F89369E7F9936AE7FA936BE7FB936CE754
:10142000FC936DE7FD936EE7FE936FE7FF9370E724
:10143000009471E7019472E7029473E7039474E7F0
:10144000049475E7059476E7069477E7079478E7C0
:10145000089479E709947AE70A947BE70B947CE790
:101460000C947DE70D947EE70E9480E70F9481E75E
:10147000109482E7119483E7129484E7139485E72C
:10148000149486E7159487E7169488E7179489E7FC
:1014900018948AE719948BE71A948CE71B948DE7CC
:1014A0001C948EE71D948FE71E9490E71F9491E79C
:1014B000209492E7219493E7229494E7239495E76C
:1014C000249496E7259497E7269498E7279499E73C
:1014D00028949AE729949BE72A949CE72B949DE70C
:1014E0002C949EE72D949FE72E94A0E72F9440E83C
:1014F000309441E8319442E8329443E8339444E82C
:10150000349445E8359446E8369447E8379448E8FB
:10151000389449E839944AE83A944BE83B944CE8CB
:101520003C944DE83D944EE83E94CDF63F944FE810
:10153000409450E8419451E8429452E8439453E86F
:10154000449454E8459455E8469456E8479457E83F
:10155000489458E8499459E84A945AE84B945BE80F
:101560004C945CE84D945DE84E945EE84F945FE8DF
:10157000509460E8519461E8529462E8539463E8AF
:10158000549464E8559465E8569466E8579467E87F
:10159000589468E8599469E85A946AE85B946BE84F
:1015A0005C946CE85D946DE85E946EE85F946FE81F
:1015B000609470E8619471E8629472E8639473E8EF
:1015C000649474E8659475E8669476E8679477E8BF
:1015D000689478E8699479E86A947AE86B94CEF62E
:1015E0006C947BE86D947CE86E947DE86F947EE863
:1015F000709480E8719481E8729482E8739483E82F
:10160000749484E8759485E8769486E8779487E8FE
:10161000789488E8799489E87A948AE87B948BE8CE
:101620007C948CE87D948DE87E948EE87F948FE89E
:10163000809490E8819491E8829492E8839493E86E
:10164000849494E88594C4EE8694C5EE8794C6EE9F
:101650008894EBD58994A4B68A94C8EE8B94C7EE8F
:101660008C94C9EE8D94CAEE8E94A5C78F94CBEE60
:101670009094CCEE919495E89294B0B79394F6B58B
:101680009494CDEE9594CFEE969496E89794CEEE02
:10169000989497E89994C6B89A94D0EE9B94D1EE1A
:1016A0009C94D2EE9D94DBB69E94AEB39F94D3D619
:1016B000A094C6C4A194B5B1A294D6B8A394D3EE15
:1016C000A494D4EEA594BFD4A694D5C7A794FBBE8A
:1016D000A894D9CEA994B3B9AA94D6EEAB94D5EE7A
:1016E000AC94D8EEAD94D7EEAE94A5C5AF94D9EE38
:1016F000B094DAEEB194AEC7B294DBEEB394AFC758
:10170000B494DCEEB594A7B2B694DDEEB794DEEEF9
:10171000B894DFEEB994E0EEBA94E1EEBB94EAD768
:10172000BC94E2EEBD94E3EEBE94D8BCBF94E4EE6C
:10173000C094CBD3C194FACCC294ACB2C394E5C1EB
:10174000C494E5EEC594A6C7C694ADC3C79498E803
:10175000C894E6EEC994E7EECA94E8EECB94E9EEBD
:10176000CC94EAEECD94EBEECE94ECEECF9499E8E7
:10177000D094EDEED194EEEED294EFEED3949AE8BD
:10178000D4949BE8D594F0EED694F1EED794F2EE93
:10179000D894F4EED994F3EEDA949CE8DB94F5EE69
:1017A000DC94ADCDDD94C1C2DE94F6EEDF94F7EEAD
:1017B000E094F8EEE194A1D5E294F9EEE394B3CF8E
:1017C000E494FAEEE594FBEEE6949DE8E794FCEEF3
:1017D000E894FDEEE994A1EFEA94FEEEEB94A2EF1B
:1017E000EC94F5B8ED94FAC3EE94A3EFEF94A4EF64
:1017F000F094C2BDF194BFD2F294F9B2F394A5EF84
:10180000F494A6EFF594A7EFF694F8D2F794A8EF26
:10181000F894FDD6F994A9EFFA94CCC6FB949EE80F
:10182000FC94AAEFFD94ABEFFE94B4C1FF94ACEF2F
:101830000095FACF0195F8CB0295AEEF0395ADEF89
:101840000495FAB30595F8B90695AFEF0795B0EF93
:101850000895E2D00995B1EF0A95B2EF0B95E6B77E
:101860000C95BFD00D95B3EF0E95B4EF0F95B5EF76
:101870001095F1C81195E0CC1295B6EF1395B7EF1E
:101880001495B8EF1595B9EF1695BAEF1795E0D501
:101890001895BBEF1995EDB41A95AAC31B95BCEF2B
:1018A0001C959FE81D95BDEF1E95BEEF1F95BFEFE0
:1018B0002095A0E82195FDCE2295C0EF2395E0C2AA
:1018C0002495B8B42595B6D72695F5BD279540E95A
:1018D0002895C7CF2995C3EF2A95C1EF2B95C2EF65
:1018E0002C95C4EF2D95A7B62E95FCBC2F95E2BE86
:1018F0003095CCC33195C5EF3295C6EF339541E9AC
:101900003495C7EF3595CFEF3695C8EF3795C9EFCA
:101910003895CAEF3995C2C73A95F1EF3B95CDB6E8
:101920003C95CBEF3D9542E93E95CCEF3F95CDEF11
:101930004095C6B64195BEC34295CEEF439543E967
:101940004495D0EF4595D1EF4695D2EF4795F2D526
:10195000489544E94995D3EF4A95F7C44B9545E935
:101960004C95D4EF4D95F8C44E95D5EF4F95D6EFE5
:101970005095E4B85195F7B05295D7EF5395D8EFFD
:101980005495D9EF559546E95695DAEF5795DBEF23
:101990005895DCEF5995DDEF5A9547E95B95DEEFF9
:1019A0005C95B5BE5D95E1EF5E95DFEF5F95E0EF8D
:1019B000609548E96195E2EF6295E3EF6395CDC1EB
:1019C0006495E4EF6595E5EF6695E6EF6795E7EFDB
:1019D0006895E8EF6995E9EF6A95EAEF6B95EBEFAB
:1019E0006C95ECEF6D95D8C06E9549E96F95EDEF6C
:1019F0007095ADC17195EEEF7295EFEF7395F0EFC5
:101A000074954AE975954BE97695E2CF77954CE95F
:101A100078954DE979954EE97A954FE97B9550E9AE
:101A20007C9551E97D9552E97E9553E97F95A4B364
:101A3000809554E9819555E9829556E9839557E952
:101A4000849558E9859559E986955AE987955BE922
:101A500088955CE989955DE98A955EE98B955FE9F2
:101A60008C9560E98D9561E98E9562E98F9563E9C2
:101A7000909564E9919565E9929566E9939567E992
:101A8000949568E9959569E996956AE997956BE962
:101A900098956CE999956DE99A956EE99B956FE932
:101AA0009C9570E99D9571E99E9572E99F9573E902
:101AB000A09574E9A19575E9A29576E9A39577E9D2
:101AC000A49578E9A59579E9A6957AE9A7957BE9A2
:101AD000A8957CE9A9957DE9AA957EE9AB9580E971
:101AE000AC9581E9AD9582E9AE9583E9AF9584E93E
:101AF000B09585E9B19586E9B29587E9B39588E90E
:101B0000B49589E9B5958AE9B6958BE9B7958CE9DD
:101B1000B8958DE9B9958EE9BA958FE9BB9590E9AD
:101B2000BC9591E9BD9592E9BE9593E9BF9594E97D
:101B3000C09595E9C19596E9C29597E9C39598E94D
:101B4000C49599E9C5959AE9C6959BE9C7959CE91D
:101B5000C8959DE9C9959EE9CA959FE9CB95A0E9ED
:101B6000CC9540EACD9541EACE9542EACF9543EA3D
:101B7000D09544EAD19545EAD29546EAD39547EA0D
:101B8000D49548EAD59549EAD6954AEAD7954BEADD
:101B9000D8954CEAD9954DEADA954EEADB954FEAAD
:101BA000DC9550EADD9551EADE9552EADF9553EA7D
:101BB000E09554EAE19555EAE29556EAE39557EA4D
:101BC000E49558EAE59559EAE6955AEAE7955BEA1D
:101BD000E895C5C3E995C5E3EA95C1C9EB95C6E3A8
:101BE000EC955CEAED95D5B1EE95CACEEF95B3B420
:101BF000F095F2C8F195C7E3F295D0CFF395C8E31D
:101C0000F495E4BCF595C9E3F695CAE3F795C6C328
:101C1000F895A2D5F995D6C4FA95EBB9FB95C5CE42
:101C2000FC95CBE3FD95F6C3FE95CCE3FF955DEA0D
:101C30000096A7B70196F3B80296D2BA0396CDE301
:101C40000496CEE30596C4D40696CFE307965EEAE3
:101C50000896D0E30996CBD10A96D1E30B96D2E34E
:101C60000C96D3E30D96D4E30E96D6D10F96D5E31A
:101C70001096FBB21196BBC01296D6E313965FEA9C
:101C80001496ABC01596D7E31696D8E31796D9E30A
:101C9000189660EA1996DAE31A96DBE31B9661EA76
:101CA0001C96B7B81D96E2DA1E9662EA1F96D3B666
:101CB000209663EA2196E4DA2296E3DA239664EA30
:101CC000249665EA259666EA269667EA279668EAE4
:101CD000289669EA29966AEA2A96E6DA2B966BEA4A
:101CE0002C966CEA2D966DEA2E96EEC82F966EEA2B
:101CF00030966FEA3196E5DA3296C0B73396F4D172
:101D00003496F5D23596F3D53696D7BD379670EA28
:101D1000389671EA399672EA3A9673EA3B96E8D7B2
:101D20003C96E8DA3D96E7DA3E9674EA3F96A2B032
:101D30004096D3CD419675EA4296E9DA439676EA23
:101D40004496BDB84596CABC4696BDC24796A4C245
:101D50004896C2B34996EADA4A9677EA4B96AAC2FF
:101D60004C96B0C44D96B5BD4E9678EA4F9679EA3A
:101D70005096DECF51967AEA52967BEA53967CEAE9
:101D80005496EBDA5596C2C956967DEA57967EEA86
:101D9000589680EA599681EA5A9682EA5B96DDB1B6
:101DA0005C9683EA5D9684EA5E9685EA5F96ECDA55
:101DB000609686EA6196B8B66296BAD4639687EA68
:101DC0006496FDB3659688EA669689EA6796EDDAC9
:101DD0006896C9D46996D5CF6A96E3C56B968AEAA8
:101DE0006C96EEDA6D968BEA6E968CEA6F968DEABB
:101DF00070968EEA71968FEA7296EFDA739690EA91
:101E00007496F0DA7596EAC17696D5CC7796DDCFE2
:101E1000789691EA799692EA7A9693EA7B9694EA92
:101E20007C9695EA7D9696EA7E9697EA7F9698EA62
:101E3000809699EA81969AEA82969BEA83969CEA32
:101E400084969DEA8596E7D38696A1C287969EEAF8
:101E50008896F1DA89969FEA8A96A0EA8B96E5CB76
:101E60008C9640EB8D96F2DA8E9641EB8F96E6CB10
:101E70009096FED2919642EB929643EB939644EB6A
:101E80009496F4B8959645EB969646EB9796F3DACA
:101E90009896AFB09996B6CF9A9647EB9B9648EB3B
:101EA0009C96CFD59D9649EB9E964AEB9F964BEB21
:101EB000A0964CEBA1964DEBA2964EEBA3964FEB62
:101EC000A49650EBA59651EBA69652EBA796EDCBB8
:101ED000A89653EBA99654EBAA9655EBAB9656EB06
:101EE000AC9657EBAD9658EBAE9659EBAF965AEBD6
:101EF000B096F4DAB1965BEBB2965CEBB396C4E3C2
:101F0000B4965DEBB5965EEBB696A5C1B7965FEB62
:101F1000B89660EBB996BFF6BA9661EBBB9662EBEA
:101F2000BC96C0F6BD96C1F6BE96D1C4BF9663EB13
:101F3000C096B8C8C196E3D1C29664EBC39665EB70
:101F4000C496DBD0C596C5D1C696AFBCC796CDB9F1
:101F5000C89666EBC996F4EFCA9667EBCB9668EB2A
:101F6000CC96C6B4CD96BAD3CE96C2F6CF96FBB376
:101F7000D09669EBD1966AEBD296C3F6D3966BEB0B
:101F8000D4966CEBD596F1B5D6966DEBD7966EEBF5
:101F9000D8966FEBD99670EBDA9671EBDB9672EB15
:101FA000DC9673EBDD9674EBDE9675EBDF9676EBE5
:101FB000E096C5F6E19677EBE29678EBE39679EB5F
:101FC000E4967AEBE5967BEBE6967CEBE7967DEB89
:101FD000E896EAD3E996A7F6EA96A9D1EB967EEBC6
:101FE000EC9680EBED9681EBEE9682EBEF96A9F600
:101FF000F09683EBF19684EBF29685EBF396A8F6D8
:10200000F49686EBF59687EBF696E3C1F796D7C084
:10201000F89688EBF996A2B1FA9689EBFB968AEBD3
:10202000FC968BEBFD968CEBFE96EDCEFF968DEB42
:102030000097E8D00197ABF602978EEB03978FEBF2
:102040000497F6CF059790EB0697AAF60797F0D579
:102050000897ACF60997B9C30A9791EB0B9792EBE7
:102060000C9793EB0D97F4BB0E97AEF60F97ADF66A
:10207000109794EB119795EB129796EB1397DEC49C
:10208000149797EB159798EB1697D8C1179799EB7C
:1020900018979AEB19979BEB1A979CEB1B979DEB64
:1020A0001C97AACB1D979EEB1E97BCCF1F979FEB4B
:1020B0002097A0EB219740EC229741EC239742EC2C
:1020C000249743EC259744EC269745EC279746EC5C
:1020D000289747EC299748EC2A97AFF62B9749ECBD
:1020E0002C974AEC2D97B0F62E974BEC2F974CEC93
:1020F0003097B1F631974DEC3297B6C233974EEC2C
:1021000034974FEC359750EC369751EC379752ECAB
:102110003897D4B03997F9C53A9753EC3B9754ECBC
:102120003C9755EC3D9756EC3E97B2F63F9757ECEF
:10213000409758EC419759EC42975AEC43975BEC27
:1021400044975CEC45975DEC46975EEC47975FECF7
:10215000489760EC499761EC4A9762EC4B9763ECC7
:102160004C9764EC4D9765EC4E9766EC4F9767EC97
:10217000509768EC519769EC5297E0C75397A6F6D1
:1021800054976AEC55976BEC5697B8BE57976CEC22
:1021900058976DEC5997B2BE5A976EEC5B97E5B5C0
:1021A0005C976FEC5D9770EC5E97C7B75F9771ECCB
:1021B0006097BFBF6197D2C36297E6C3639772EC23
:1021C000649773EC6597CCD8669774EC679775EC59
:1021D000689776EC6997EFB86A9777EC6B9778EC2D
:1021E0006C9779EC6D977AEC6E977BEC6F977CEC43
:1021F00070977DEC71977EEC729780EC7397F9BDC8
:102200007497A5D1759781EC7697D0B0779782ECCB
:10221000789783EC799784EC7A9785EC7B9786ECBA
:102220007C97B0F77D9787EC7E9788EC7F9789EC59
:1022300080978AEC81978BEC82978CEC83978DEC5E
:1022400084978EEC8597B1F786978FEC879790EC03
:10225000889791EC899792EC8A9793EC8B97ACD006
:102260008C9794EC8D97B0B08E9795EC8F9796ECF9
:10227000909797EC9197B2F79297B3F7939798EC62
:102280009497B4F7959799EC96979AEC97979BEC5F
:102290009897CAC799979CEC9A979DEC9B979EEC50
:1022A0009C979FEC9D97A0EC9E9740ED9F9741EDEA
:1022B000A097CFBEA19742EDA29743EDA397B7F7A2
:1022C000A49744EDA59745EDA69746EDA79747ED52
:1022D000A89748EDA99749EDAA974AEDAB97B6F7AD
:1022E000AC974BEDAD97DEB1AE974CEDAF97B5F730
:1022F000B0974DEDB1974EEDB297B8F7B3974FED5C
:10230000B497B9F7B59750EDB69751EDB79752ED31
:10231000B89753EDB99754EDBA9755EDBB9756ED75
:10232000BC9757EDBD9758EDBE9759EDBF975AED45
:10233000C0975BEDC1975CEDC2975DEDC3975EED15
:10234000C4975FEDC59760EDC69761EDC79762EDE5
:10235000C89763EDC99764EDCA9765EDCB9766EDB5
:10236000CC9767EDCD9768EDCE9769EDCF976AED85
:10237000D0976BEDD1976CEDD2976DEDD3976EED55
:10238000D4976FEDD59770EDD69771EDD79772ED25
:10239000D89773EDD99774EDDA9775EDDB9776EDF5
:1023A000DC9777EDDD9778EDDE9779EDDF977AEDC5
:1023B000E0977BEDE1977CEDE2977DEDE3977EED95
:1023C000E49780EDE59781EDE697A4CEE797CDC839
:1023D000E89782EDE997ABBAEA97B8E8EB97B9E8E6
:1023E000EC97BAE8ED97C2BEEE9783EDEF9784EDD8
:1023F000F09785EDF19786EDF29787EDF397F4D29C
:10240000F49788EDF597CFD4F697D8C9F79789ED6B
:10241000F8978AEDF9978BEDFA978CEDFB978DED98
:10242000FC978EEDFD978FEDFE9790EDFF9791ED68
:10243000009892ED019893ED029894ED039895ED34
:10244000049896ED059897ED069898ED079899ED04
:1024500008989AED09989BED0A989CED0B989DEDD4
:102460000C989EED0D989FED0E98A0ED0F9840EE04
:10247000109841EE119842EE129843EE139844EEF4
:10248000149845EE159846EE169847EE179848EEC4
:10249000189849EE19984AEE1A984BEE1B984CEE94
:1024A0001C984DEE1D984EEE1E984FEE1F9850EE64
:1024B000209851EE219852EE229853EE239854EE34
:1024C000249855EE259856EE269857EE279858EE04
:1024D000289859EE29985AEE2A985BEE2B985CEED4
:1024E0002C985DEE2D985EEE2E985FEE2F9860EEA4
:1024F000309861EE319862EE329863EE339864EE74
:10250000349865EE359866EE369867EE379868EE43
:10251000389869EE39986AEE3A986BEE3B986CEE13
:102520003C986DEE3D986EEE3E986FEE3F9870EEE3
:10253000409871EE419872EE429873EE439874EEB3
:10254000449875EE459876EE469877EE479878EE83
:10255000489879EE49987AEE4A987BEE4B987CEE53
:102560004C987DEE4D987EEE4E9880EE4F9881EE21
:10257000509882EE519883EE529884EE539885EEEF
:10258000549886EE559887EE569888EE579889EEBF
:1025900058988AEE59988BEE5A988CEE5B988DEE8F
:1025A0005C988EEE5D988FEE5E9890EE5F9891EE5F
:1025B000609892EE619893EE629894EE639895EE2F
:1025C000649896EE659897EE669898EE679899EEFF
:1025D00068989AEE69989BEE6A989CEE6B989DEECF
:1025E0006C989EEE6D989FEE6E98A0EE6F9840EFFF
:1025F000709841EF719842EF729843EF739844EFEF
:10260000749845EF7598B3D27698A5B67798EAC7CF
:102610007898FCF17998EECF7A98B3CB7B98EBD091
:102620007C98EFE77D98E7CD7E98CBB97F98D9B6B7
:102630008098FDF18198E4B08298CCCB8398FEF12C
:102640008498A4D48598ADC28698ECC18798C4C6F6
:102650008898B1BE8998A1F28A98D5BC8B9846EF2C
:102660008C98A2F28D98A3F28E9847EF8F98A4F2DF
:102670009098C3D29198B5C6929848EF9398C7CDD9
:102680009498A5F2959849EF9698B1D39798C5BFBD
:102690009898E2CC99984AEF9A98A6F29B98A7F25C
:1026A0009C98D5D19D98EEB69E98A8F29F98A9F2D5
:1026B000A098DFB5A198AAF2A298ABF2A3984BEF2D
:1026C000A498FCB2A598ACF2A698ADF2A798A7C8BA
:1026D000A8984CEFA9984DEFAA984EEFAB984FEF02
:1026E000AC9850EFAD9851EFAE9852EFAF9853EFD2
:1026F000B09854EFB19855EFB29856EFB39857EFA2
:10270000B49858EFB59859EFB6985AEFB7985BEF71
:10271000B8985CEFB9985DEFBA985EEFBB985FEF41
:10272000BC9860EFBD9861EFBE9862EFBF9863EF11
:10273000C09864EFC19865EFC29866EFC39867EFE1
:10274000C49868EFC59869EFC6986AEFC7986BEFB1
:10275000C8986CEFC9986DEFCA986EEFCB986FEF81
:10276000CC9870EFCD9871EFCE98E7B7CF9872EF15
:10277000D09873EFD198A9ECD298AAECD398ABEC8F
:10278000D49874EFD598ACECD69875EFD79876EFCF
:10279000D898AEC6D998ADECDA98AEECDB9877EF66
:1027A000DC9878EFDD9879EFDE98C9B7DF98B3CA87
:1027B000E0987AEFE1987BEFE2987CEFE3987DEF89
:1027C000E4987EEFE59880EFE69881EFE798B8E22D
:1027D000E898CFF7E99882EFEA9883EFEB9884EFD7
:1027E000EC9885EFED9886EFEE9887EFEF9888EFFD
:1027F000F09889EFF1988AEFF2988BEFF3988CEFCD
:10280000F4988DEFF5988EEFF6988FEFF79890EF9C
:10281000F89891EFF99892EFFA9893EFFB9894EF6C
:10282000FC9895EFFD9896EFFE9897EFFF9898EF3C
:10283000009999EF01999AEF02999BEF03999CEF08
:1028400004999DEF05999EEF06999FEF0799A0EFD8
:10285000089940F0099941F00A9942F00B9943F028
:102860000C9944F00D99D0F70E9945F00F9946F068
:102870001099CDB2119947F0129948F0139949F087
:1028800014994AF015994BF016994CF017994DF0A0
:1028900018994EF019994FF01A9950F01B9951F070
:1028A0001C9952F01D9953F01E9954F01F9955F040
:1028B000209956F0219957F0229958F0239959F010
:1028C00024995AF025995BF026995CF027995DF0E0
:1028D00028995EF029995FF02A9960F02B9961F0B0
:1028E0002C9962F02D9963F02E99D1F72F9964F00D
:1028F000309965F0319966F0329967F0339968F054
:10290000349969F035996AF036996BF037996CF023
:1029100038996DF039996EF03A996FF03B9970F0F3
:102920003C9971F03D9972F03E9973F03F9974F0C3
:10293000409975F0419976F0429977F0439978F093
:10294000449979F045997AF046997BF047997CF063
:1029500048997DF049997EF04A9980F04B9981F031
:102960004C9982F04D9983F04E9984F04F9985F0FF
:10297000509986F0519987F0529988F0539989F0CF
:102980005499D3F75599D2F756998AF057998BF005
:1029900058998CF059998DF05A998EF05B998FF077
:1029A0005C9990F05D9991F05E9992F05F9993F047
:1029B000609994F0619995F0629996F06399BBE201
:1029C000649997F06599A2BC669998F06799BCE202
:1029D0006899BDE26999BEE26A99BFE26B99C0E26B
:1029E0006C99C1E26D99B9B76E99FBD26F99A4BD8C
:1029F0007099CECA7199A5B17299C7CB739999F0A4
:102A00007499C2E27599FCB67699C4C87799C3E205
:102A100078999AF079999BF07A99C8BD7B999CF046
:102A20007C99FDB17D99C4E27E999DF07F99F6B6BF
:102A30008099C5E28199D9C482999EF083999FF0CB
:102A40008499C6E28599DACF8699DDB98799C7E27C
:102A50008899A1C08999A0F08A99C8E28B99F6B2A9
:102A60008C9940F18D99C9E28E9941F18F99F3C10A
:102A70009099CAE29199CBE29299F8C29399CCE2EB
:102A80009499CDE29599CEE29699D7CA9799B8D8FC
:102A90009899E5D99999E3CF9A9942F19B9943F195
:102AA0009C9944F19D9945F19E9946F19F9947F172
:102AB000A09948F1A19949F1A2994AF1A3994BF142
:102AC000A4994CF1A599A5F0A6994DF1A7994EF1BD
:102AD000A899B0DCA9994FF1AA9950F1AB9951F19D
:102AE000AC9952F1AD9953F1AE9954F1AF9955F1BA
:102AF000B09956F1B19957F1B29958F1B39959F18A
:102B0000B4995AF1B5995BF1B6995CF1B7995DF159
:102B1000B8995EF1B9995FF1BA9960F1BB9961F129
:102B2000BC9962F1BD9963F1BE9964F1BF9965F1F9
:102B3000C09966F1C19967F1C29968F1C39969F1C9
:102B4000C4996AF1C5996BF1C6996CF1C7996DF199
:102B5000C8996EF1C9996FF1CA9970F1CB9971F169
:102B6000CC9972F1CD9973F1CE9974F1CF9975F139
:102B7000D09976F1D19977F1D29978F1D39979F109
:102B8000D4997AF1D5997BF1D6997CF1D7997DF1D9
:102B9000D8997EF1D99980F1DA9981F1DB9982F1A6
:102BA000DC9983F1DD9984F1DE9985F1DF9986F175
:102BB000E09987F1E19988F1E29989F1E3998AF145
:102BC000E4998BF1E5998CF1E6998DF1E7998EF115
:102BD000E8998FF1E99990F1EA9991F1EB9992F1E5
:102BE000EC9993F1ED9994F1EE9995F1EF9996F1B5
:102BF000F09997F1F19998F1F29999F1F3999AF185
:102C0000F4999BF1F5999CF1F6999DF1F7999EF154
:102C1000F8999FF1F999A0F1FA9940F2FB9941F2E4
:102C2000FC9942F2FD9943F2FE9944F2FF9945F274
:102C3000009A46F2019A47F2029A48F2039A49F240
:102C4000049A4AF2059A4BF2069A4CF2079A4DF210
:102C5000089A4EF2099A4FF20A9A50F20B9A51F2E0
:102C60000C9A52F20D9A53F20E9A54F20F9A55F2B0
:102C7000109A56F2119A57F2129A58F2139A59F280
:102C8000149A5AF2159A5BF2169A5CF2179A5DF250
:102C9000189A5EF2199A5FF21A9A60F21B9A61F220
:102CA0001C9A62F21D9A63F21E9A64F21F9A65F2F0
:102CB000209A66F2219A67F2229A68F2239A69F2C0
:102CC000249A6AF2259A6BF2269A6CF2279A6DF290
:102CD000289A6EF2299A6FF22A9A70F22B9A71F260
:102CE0002C9A72F22D9A73F22E9A74F22F9A75F230
:102CF000309A76F2319A77F2329A78F2339A79F200
:102D0000349A7AF2359A7BF2369A7CF2379A7DF2CF
:102D1000389A7EF2399A80F23A9A81F23B9A82F29C
:102D20003C9A83F23D9A84F23E9A85F23F9A86F26B
:102D3000409A87F2419A88F2429A89F2439A8AF23B
:102D4000449A8BF2459A8CF2469A8DF2479A8EF20B
:102D5000489A8FF2499A90F24A9A91F24B9A92F2DB
:102D60004C9A93F24D9A94F24E9A95F24F9A96F2AB
:102D7000509A97F2519A98F2529A99F2539A9AF27B
:102D8000549A9BF2559A9CF2569A9DF2579A9EF24B
:102D9000589A9FF2599AA0F25A9A40F35B9A41F3DB
:102DA0005C9A42F35D9A43F35E9A44F35F9A45F36B
:102DB000609A46F3619A47F3629A48F3639A49F33B
:102DC000649A4AF3659A4BF3669A4CF3679A4DF30B
:102DD000689A4EF3699A4FF36A9A50F36B9A51F3DB
:102DE0006C9AEDC26D9AA6D46E9AD4CD6F9AB1D179
:102DF000709ADBB3719AFDC7729A52F3739AB5B2A7
:102E0000749ABFC2759AE0E6769ABBCA779AE1E6F1
:102E1000789AE2E6799AD4BE7A9AE3E67B9AA4D7C6
:102E20007C9AD5CD7D9AE5E67E9ADDBC7F9AE4E674
:102E3000809AE6E6819AE7E6829AEEC2839A53F395
:102E4000849ABEBD859AE8E6869AE6C2879AA7BAB2
:102E5000889AE9E6899A54F38A9AEAE68B9AD2B379
:102E60008C9AE9D18D9A55F38E9A56F38F9AA5BF15
:102E7000909AEBE6919AEFC6929AECE6939AEDE679
:102E8000949A57F3959A58F3969AEEE6979AADC6A8
:102E9000989AEFE6999A59F39A9AA7C99B9AF0E6FD
:102EA0009C9AF1E69D9AF2E69E9AB9E59F9AF3E61E
:102EB000A09AF4E6A19AE2C2A29AF5E6A39AF6E6EF
:102EC000A49AE8D6A59AF7E6A69A5AF3A79AF8E63E
:102ED000A89AC7B9A99A5BF3AA9A5CF3AB9A5DF377
:102EE000AC9A5EF3AD9A5FF3AE9A60F3AF9A61F37A
:102EF000B09ABBF7B19ABAF7B29A62F3B39A63F396
:102F0000B49A64F3B59A65F3B69ABEF7B79ABCF76C
:102F1000B89AA1BAB99A66F3BA9ABFF7BB9A67F39F
:102F2000BC9AC0F7BD9A68F3BE9A69F3BF9A6AF378
:102F3000C09AC2F7C19AC1F7C29AC4F7C39A6BF399
:102F4000C49A6CF3C59AC3F7C69A6DF3C79A6EF329
:102F5000C89A6FF3C99A70F3CA9A71F3CB9AC5F7FE
:102F6000CC9AC6F7CD9A72F3CE9A73F3CF9A74F3D4
:102F7000D09A75F3D19AC7F7D29A76F3D39AE8CB61
:102F8000D49A77F3D59A78F3D69A79F3D79A7AF3D5
:102F9000D89ADFB8D99A7BF3DA9A7CF3DB9A7DF37F
:102FA000DC9A7EF3DD9A80F3DE9A81F3DF9AD4F720
:102FB000E09A82F3E19AD5F7E29A83F3E39A84F3F5
:102FC000E49A85F3E59A86F3E69AD6F7E79A87F3CB
:102FD000E89A88F3E99A89F3EA9A8AF3EB9AD8F7A0
:102FE000EC9A8BF3ED9ADAF7EE9A8CF3EF9AD7F727
:102FF000F09A8DF3F19A8EF3F29A8FF3F39A90F39D
:10300000F49A91F3F59A92F3F69A93F3F79A94F36C
:10301000F89A95F3F99ADBF7FA9A96F3FB9AD9F7AF
:10302000FC9A97F3FD9A98F3FE9A99F3FF9A9AF314
:10303000009B9BF3019B9CF3029B9DF3039BD7D7C3
:10304000049B9EF3059B9FF3069BA0F3079B40F414
:10305000089BDCF7099B41F40A9B42F40B9B43F469
:103060000C9B44F40D9B45F40E9B46F40F9BDDF73F
:10307000109B47F4119B48F4129B49F4139BDEF715
:10308000149B4AF4159B4BF4169B4CF4179B4DF480
:10309000189B4EF4199B4FF41A9B50F41B9B51F450
:1030A0001C9B52F41D9B53F41E9B54F41F9BDFF793
:1030B000209B55F4219B56F4229B57F4239BE0F769
:1030C000249B58F4259B59F4269B5AF4279B5BF4C8
:1030D000289B5CF4299B5DF42A9B5EF42B9B5FF498
:1030E0002C9B60F42D9B61F42E9B62F42F9BCBDB19
:1030F000309B63F4319B64F4329BAAD8339B65F414
:10310000349B66F4359B67F4369B68F4379B69F40F
:10311000389B6AF4399B6BF43A9B6CF43B9BF7E564
:103120003C9BEDB93D9B6DF43E9B6EF43F9B6FF471
:10313000409B70F4419BFDBF429BEABB439BC9F798
:10314000449BC7C6459BC8F7469B71F4479BCAF78B
:10315000489BCCF7499BCBF74A9B72F44B9B73F48B
:103160004C9B74F44D9BCDF74E9B75F44F9BBACEA0
:10317000509B76F4519BCEF7529B77F4539B78F497
:10318000549BA7C4559B79F4569B7AF4579B7BF4C8
:10319000589B7CF4599B7DF45A9B7EF45B9B80F496
:1031A0005C9B81F45D9B82F45E9B83F45F9B84F463
:1031B000609B85F4619B86F4629B87F4639B88F433
:1031C000649B89F4659B8AF4669B8BF4679B8CF403
:1031D000689B8DF4699B8EF46A9B8FF46B9B90F4D3
:1031E0006C9B91F46D9B92F46E9B93F46F9B94F4A3
:1031F000709B95F4719B96F4729B97F4739B98F473
:10320000749B99F4759B9AF4769B9BF4779B9CF442
:10321000789B9DF4799B9EF47A9B9FF47B9BA0F412
:103220007C9B40F57D9B41F57E9B42F57F9B43F562
:10323000809B44F5819B45F5829B46F5839B47F532
:10324000849B48F5859B49F5869B4AF5879B4BF502
:10325000889B4CF5899B4DF58A9B4EF58B9B4FF5D2
:103260008C9B50F58D9B51F58E9B52F58F9B53F5A2
:10327000909B54F5919B55F5929B56F5939B57F572
:10328000949B58F5959B59F5969B5AF5979B5BF542
:10329000989B5CF5999B5DF59A9B5EF59B9B5FF512
:1032A0009C9B60F59D9B61F59E9B62F59F9B63F5E2
:1032B000A09B64F5A19B65F5A29B66F5A39B67F5B2
:1032C000A49B68F5A59B69F5A69B6AF5A79B6BF582
:1032D000A89B6CF5A99B6DF5AA9B6EF5AB9B6FF552
:1032E000AC9B70F5AD9B71F5AE9B72F5AF9B73F522
:1032F000B09B74F5B19B75F5B29B76F5B39B77F5F2
:10330000B49B78F5B59B79F5B69B7AF5B79B7BF5C1
:10331000B89B7CF5B99B7DF5BA9B7EF5BB9B80F590
:10332000BC9B81F5BD9B82F5BE9B83F5BF9B84F55D
:10333000C09B85F5C19B86F5C29B87F5C39B88F52D
:10334000C49B89F5C59B8AF5C69B8BF5C79B8CF5FD
:10335000C89B8DF5C99B8EF5CA9B8FF5CB9B90F5CD
:10336000CC9B91F5CD9B92F5CE9B93F5CF9B94F59D
:10337000D09B95F5D19B96F5D29B97F5D39B98F56D
:10338000D49B99F5D59B9AF5D69B9BF5D79B9CF53D
:10339000D89B9DF5D99B9EF5DA9B9FF5DB9BA0F50D
:1033A000DC9B40F6DD9B41F6DE9B42F6DF9B43F65D
:1033B000E09B44F6E19B45F6E29B46F6E39B47F62D
:1033C000E49B48F6E59B49F6E69B4AF6E79B4BF6FD
:1033D000E89B4CF6E99B4DF6EA9B4EF6EB9B4FF6CD
:1033E000EC9B50F6ED9B51F6EE9B52F6EF9B53F69D
:1033F000F09B54F6F19B55F6F29B56F6F39B57F66D
:10340000F49B58F6F59B59F6F69B5AF6F79B5BF63C
:10341000F89B5CF6F99B5DF6FA9B5EF6FB9B5FF60C
:10342000FC9B60F6FD9B61F6FE9B62F6FF9B63F6DC
:10343000009C64F6019C65F6029C66F6039C67F6A8
:10344000049C68F6059C69F6069C6AF6079C6BF678
:10345000089C6CF6099C6DF60A9C6EF60B9C6FF648
:103460000C9C70F60D9C71F60E9C72F60F9C73F618
:10347000109C74F6119C75F6129C76F6139C77F6E8
:10348000149C78F6159C79F6169C7AF6179C7BF6B8
:10349000189C7CF6199C7DF61A9C7EF61B9C80F687
:1034A0001C9C81F61D9C82F61E9C83F61F9C84F654
:1034B000209C85F6219C86F6229C87F6239C88F624
:1034C000249C89F6259C8AF6269C8BF6279C8CF6F4
:1034D000289C8DF6299C8EF62A9C8FF62B9C90F6C4
:1034E0002C9C91F62D9C92F62E9C93F62F9C94F694
:1034F000309C95F6319C96F6329C97F6339C98F664
:10350000349C99F6359C9AF6369C9BF6379C9CF633
:10351000389C9DF6399C9EF63A9C9FF63B9CA0F603
:103520003C9C40F73D9C41F73E9C42F73F9C43F753
:10353000409C44F7419C45F7429C46F7439C47F723
:10354000449C48F7459C49F7469C4AF7479C4BF7F3
:10355000489C4CF7499C4DF74A9C4EF74B9C4FF7C3
:103560004C9C50F74D9C51F74E9C52F74F9C53F793
:10357000509C54F7519C55F7529C56F7539C57F763
:10358000549C58F7559C59F7569C5AF7579C5BF733
:10359000589C5CF7599C5DF75A9C5EF75B9C5FF703
:1035A0005C9C60F75D9C61F75E9C62F75F9C63F7D3
:1035B000609C64F7619C65F7629C66F7639C67F7A3
:1035C000649C68F7659C69F7669C6AF7679C6BF773
:1035D000689C6CF7699C6DF76A9C6EF76B9C6FF743
:1035E0006C9C70F76D9C71F76E9C72F76F9C73F713
:1035F000709C74F7719C75F7729C76F7739C77F7E3
:10360000749C78F7759C79F7769C7AF7779C7BF7B2
:10361000789C7CF7799C7DF77A9C7EF77B9C80F781
:103620007C9CE3D37D9C81F77E9C82F77F9CCFF6C8
:10363000809C83F7819CB3C2829CD0F6839C84F7E4
:10364000849C85F7859CD1F6869CD2F6879CD3F620
:10365000889CD4F6899C86F78A9C87F78B9CD6F643
:103660008C9C88F78D9CABB18E9CD7F68F9C89F78C
:10367000909CD8F6919CD9F6929CDAF6939C8AF7A6
:10368000949CDBF6959CDCF6969C8BF7979C8CF7CC
:10369000989C8DF7999C8EF79A9CDDF69B9CDEF6A4
:1036A0009C9CCACF9D9C8FF79E9CDFF69F9CE0F66A
:1036B000A09CE1F6A19CE2F6A29CE3F6A39CE4F6B2
:1036C000A49CF0C0A59CE5F6A69CE6F6A79CE7F6B0
:1036D000A89CE8F6A99CE9F6AA9C90F7AB9CEAF6B0
:1036E000AC9C91F7AD9CEBF6AE9CECF6AF9C92F7E0
:1036F000B09CEDF6B19CEEF6B29CEFF6B39CF0F602
:10370000B49CF1F6B59CF2F6B69CF3F6B79CF4F6D1
:10371000B89CA8BEB99C93F7BA9CF5F6BB9CF6F68C
:10372000BC9CF7F6BD9CF8F6BE9C94F7BF9C95F741
:10373000C09C96F7C19C97F7C29C98F7C39CFAC8A7
:10374000C49CF9F6C59CFAF6C69CFBF6C79CFCF631
:10375000C89C99F7C99C9AF7CA9CFDF6CB9CFEF6CB
:10376000CC9CA1F7CD9CA2F7CE9CA3F7CF9CA4F74D
:10377000D09CA5F7D19C9BF7D29C9CF7D39CA6F735
:10378000D49CA7F7D59CA8F7D69CEEB1D79CA9F7F7
:10379000D89CAAF7D99CABF7DA9C9DF7DB9C9EF7E7
:1037A000DC9CACF7DD9CADF7DE9CDBC1DF9CAEF7AB
:1037B000E09C9FF7E19CA0F7E29CAFF7E39C40F808
:1037C000E49C41F8E59C42F8E69C43F8E79C44F809
:1037D000E89C45F8E99C46F8EA9C47F8EB9C48F8D9
:1037E000EC9C49F8ED9C4AF8EE9C4BF8EF9C4CF8A9
:1037F000F09C4DF8F19C4EF8F29C4FF8F39C50F879
:10380000F49C51F8F59C52F8F69C53F8F79C54F848
:10381000F89C55F8F99C56F8FA9C57F8FB9C58F818
:10382000FC9C59F8FD9C5AF8FE9C5BF8FF9C5CF8E8
:10383000009D5DF8019D5EF8029D5FF8039D60F8B4
:10384000049D61F8059D62F8069D63F8079D64F884
:10385000089D65F8099D66F80A9D67F80B9D68F854
:103860000C9D69F80D9D6AF80E9D6BF80F9D6CF824
:10387000109D6DF8119D6EF8129D6FF8139D70F8F4
:10388000149D71F8159D72F8169D73F8179D74F8C4
:10389000189D75F8199D76F81A9D77F81B9D78F894
:1038A0001C9D79F81D9D7AF81E9D7BF81F9D7CF864
:1038B000209D7DF8219D7EF8229D80F8239D81F832
:1038C000249D82F8259D83F8269D84F8279D85F800
:1038D000289D86F8299D87F82A9D88F82B9D89F8D0
:1038E0002C9D8AF82D9D8BF82E9D8CF82F9D8DF8A0
:1038F000309D8EF8319D8FF8329D90F8339D91F870
:10390000349D92F8359D93F8369D94F8379D95F83F
:10391000389D96F8399D97F83A9D98F83B9D99F80F
:103920003C9D9AF83D9D9BF83E9D9CF83F9D9DF8DF
:10393000409D9EF8419D9FF8429DA0F8439D40F90F
:10394000449D41F9459D42F9469D43F9479D44F9FF
:10395000489D45F9499D46F94A9D47F94B9D48F9CF
:103960004C9D49F94D9D4AF94E9D4BF94F9D4CF99F
:10397000509D4DF9519D4EF9529D4FF9539D50F96F
:10398000549D51F9559D52F9569D53F9579D54F93F
:10399000589D55F9599D56F95A9D57F95B9D58F90F
:1039A0005C9D59F95D9D5AF95E9D5BF95F9D5CF9DF
:1039B000609D5DF9619D5EF9629D5FF9639D60F9AF
:1039C000649D61F9659D62F9669D63F9679D64F97F
:1039D000689D65F9699D66F96A9D67F96B9D68F94F
:1039E0006C9D69F96D9D6AF96E9D6BF96F9D6CF91F
:1039F000709D6DF9719D6EF9729D6FF9739D70F9EF
:103A0000749D71F9759D72F9769D73F9779D74F9BE
:103A1000789D75F9799D76F97A9D77F97B9D78F98E
:103A20007C9D79F97D9D7AF97E9D7BF97F9D7CF95E
:103A3000809D7DF9819D7EF9829D80F9839D81F92C
:103A4000849D82F9859D83F9869D84F9879D85F9FA
:103A5000889D86F9899D87F98A9D88F98B9D89F9CA
:103A60008C9D8AF98D9D8BF98E9D8CF98F9D8DF99A
:103A7000909D8EF9919D8FF9929D90F9939D91F96A
:103A8000949D92F9959D93F9969D94F9979D95F93A
:103A9000989D96F9999D97F99A9D98F99B9D99F90A
:103AA0009C9D9AF99D9D9BF99E9D9CF99F9D9DF9DA
:103AB000A09D9EF9A19D9FF9A29DA0F9A39D40FA0A
:103AC000A49D41FAA59D42FAA69D43FAA79D44FAFA
:103AD000A89D45FAA99D46FAAA9D47FAAB9D48FACA
:103AE000AC9D49FAAD9D4AFAAE9D4BFAAF9D4CFA9A
:103AF000B09D4DFAB19D4EFAB29D4FFAB39D50FA6A
:103B0000B49D51FAB59D52FAB69D53FAB79D54FA39
:103B1000B89D55FAB99D56FABA9D57FABB9D58FA09
:103B2000BC9D59FABD9D5AFABE9D5BFABF9D5CFAD9
:103B3000C09D5DFAC19D5EFAC29D5FFAC39D60FAA9
:103B4000C49D61FAC59D62FAC69D63FAC79D64FA79
:103B5000C89D65FAC99D66FACA9D67FACB9D68FA49
:103B6000CC9D69FACD9D6AFACE9D6BFACF9D6CFA19
:103B7000D09D6DFAD19D6EFAD29D6FFAD39D70FAE9
:103B8000D49D71FAD59D72FAD69D73FAD79D74FAB9
:103B9000D89D75FAD99D76FADA9D77FADB9D78FA89
:103BA000DC9D79FADD9D7AFADE9D7BFADF9D7CFA59
:103BB000E09D7DFAE19D7EFAE29D80FAE39D81FA27
:103BC000E49D82FAE59D83FAE69D84FAE79D85FAF5
:103BD000E89D86FAE99D87FAEA9D88FAEB9D89FAC5
:103BE000EC9D8AFAED9D8BFAEE9D8CFAEF9D8DFA95
:103BF000F09D8EFAF19D8FFAF29D90FAF39D91FA65
:103C0000F49D92FAF59D93FAF69D94FAF79D95FA34
:103C1000F89D96FAF99D97FAFA9D98FAFB9D99FA04
:103C2000FC9D9AFAFD9D9BFAFE9D9CFAFF9D9DFAD4
:103C3000009E9EFA019E9FFA029EA0FA039E40FB00
:103C4000049E41FB059E42FB069E43FB079E44FBF0
:103C5000089E45FB099E46FB0A9E47FB0B9E48FBC0
:103C60000C9E49FB0D9E4AFB0E9E4BFB0F9E4CFB90
:103C7000109E4DFB119E4EFB129E4FFB139E50FB60
:103C8000149E51FB159E52FB169E53FB179E54FB30
:103C9000189E55FB199E56FB1A9E57FB1B9E58FB00
:103CA0001C9E59FB1D9E5AFB1E9E5BFB1F9EF1C472
:103CB000209EAFF0219EA6BC229EB0F0239EF9C3A9
:103CC000249E5CFB259EB8C5269EBBD1279E5DFB2E
:103CD000289EB1F0299EB2F02A9EB3F02B9EB4F03C
:103CE0002C9EB5F02D9EBCD12E9E5EFB2F9EECD15E
:103CF000309E5FFB319EB7F0329EB6F0339EA7D464
:103D0000349E60FB359ED2CD369EB8F0379EBAF019
:103D1000389EB9F0399EBBF03A9EBCF03B9E61FBE9
:103D20003C9E62FB3D9EEBB83E9EBDF03F9EE8BAD6
:103D3000409E63FB419EBEF0429EBFF0439EE9BEA3
:103D4000449EC0F0459EECB6469EC1F0479EC2F030
:103D5000489EC3F0499EC4F04A9EB5C84B9EC5F02C
:103D60004C9EC6F04D9E64FB4E9EC7F04F9EF4C520
:103D7000509E65FB519EC8F0529E66FB539E67FBAA
:103D8000549E68FB559EC9F0569E69FB579ECAF02B
:103D9000589EBDF7599E6AFB5A9ECBF05B9ECCF0B5
:103DA0005C9ECDF05D9E6BFB5E9ECEF05F9E6CFBDD
:103DB000609E6DFB619E6EFB629E6FFB639ECFF00B
:103DC000649ED7BA659E70FB669ED0F0679ED1F068
:103DD000689ED2F0699ED3F06A9ED4F06B9ED5F0B7
:103DE0006C9ED6F06D9ED8F06E9E71FB6F9E72FB3E
:103DF000709EA5D3719ED7F0729E73FB739ED9F00F
:103E0000749E74FB759E75FB769E76FB779E77FBA2
:103E1000789E78FB799E79FB7A9E7AFB7B9E7BFB72
:103E20007C9E7CFB7D9E7DFB7E9EBAF57F9EB9C20B
:103E3000809E7EFB819E80FB829EE4F7839E81FBB9
:103E4000849E82FB859E83FB869E84FB879EE5F78E
:103E5000889EE6F7899E85FB8A9E86FB8B9EE7F708
:103E60008C9E87FB8D9E88FB8E9E89FB8F9E8AFB96
:103E7000909E8BFB919E8CFB929EE8F7939EB4C222
:103E8000949E8DFB959E8EFB969E8FFB979E90FB3E
:103E9000989E91FB999E92FB9A9E93FB9B9E94FB0E
:103EA0009C9E95FB9D9EEAF79E9E96FB9F9EEBF740
:103EB000A09E97FBA19E98FBA29E99FBA39E9AFBB6
:103EC000A49E9BFBA59E9CFBA69EF3C2A79E9DFB6A
:103ED000A89E9EFBA99E9FFBAA9EA0FBAB9E40FCBA
:103EE000AC9E41FCAD9E42FCAE9E43FCAF9E44FCAA
:103EF000B09E45FCB19E46FCB29E47FCB39E48FC7A
:103F0000B49EF0F4B59E49FCB69E4AFCB79E4BFCAD
:103F1000B89EEFF4B99E4CFCBA9E4DFCBB9EE9C224
:103F2000BC9E4EFCBD9EE1F7BE9EE2F7BF9E4FFCDD
:103F3000C09E50FCC19E51FCC29E52FCC39E53FCCD
:103F4000C49EC6BBC59E54FCC69E55FCC79E56FC6F
:103F5000C89E57FCC99EE4D9CA9E58FCCB9E59FC0A
:103F6000CC9E5AFCCD9EF2CACE9EE8C0CF9EA4F055
:103F7000D09E5BFCD19EDABAD29E5CFCD39E5DFCE7
:103F8000D49EADC7D59E5EFCD69E5FFCD79E60FCDE
:103F9000D89EACC4D99E61FCDA9E62FCDB9EECF735
:103FA000DC9EEDF7DD9EEEF7DE9E63FCDF9EF0F714
:103FB000E09EEFF7E19E64FCE29EF1F7E39E65FC74
:103FC000E49E66FCE59EF4F7E69E67FCE79EF3F749
:103FD000E89E68FCE99EF2F7EA9EF5F7EB9E69FC25
:103FE000EC9E6AFCED9E6BFCEE9E6CFCEF9EF6F781
:103FF000F09E6DFCF19E6EFCF29E6FFCF39E70FCD9
:10400000F49E71FCF59E72FCF69E73FCF79E74FCA8
:10401000F89E75FCF99EE9EDFA9E76FCFB9EEAEDB2
:10402000FC9EEBEDFD9E77FCFE9EBCF6FF9E78FCB1
:10403000009F79FC019F7AFC029F7BFC039F7CFC24
:10404000049F7DFC059F7EFC069F80FC079F81FCF2
:10405000089F82FC099F83FC0A9F84FC0B9FBDF68E
:104060000C9F85FC0D9FBEF60E9FA6B60F9F86FC8B
:10407000109FBED8119F87FC129F88FC139FC4B964
:10408000149F89FC159F8AFC169F8BFC179FBBD839
:10409000189F8CFC199FB1DC1A9F8DFC1B9F8EFC16
:1040A0001C9F8FFC1D9F90FC1E9F91FC1F9F92FCEC
:1040B000209FF3CA219F93FC229FF7F7239F94FC34
:1040C000249F95FC259F96FC269F97FC279F98FC94
:1040D000289F99FC299F9AFC2A9F9BFC2B9F9CFC64
:1040E0002C9FF8F72D9F9DFC2E9F9EFC2F9FF9F78C
:1040F000309F9FFC319FA0FC329F40FD339F41FDCC
:10410000349F42FD359F43FD369F44FD379FFBF7AB
:10411000389F45FD399FFAF73A9F46FD3B9FC7B14F
:104120003C9F47FD3D9FFCF73E9FFDF73F9F48FDAD
:10413000409F49FD419F4AFD429F4BFD439F4CFDDF
:10414000449FFEF7459F4DFD469F4EFD479F4FFD07
:10415000489F50FD499F51FD4A9F52FD4B9F53FD83
:104160004C9F54FD4D9F55FD4E9F56FD4F9F57FD53
:10417000509FEBC6519FB4EC529F58FD539F59FD81
:10418000549F5AFD559F5BFD569F5CFD579F5DFDFB
:10419000589F5EFD599F5FFD5A9F60FD5B9F61FDCB
:1041A0005C9F62FD5D9F63FD5E9F64FD5F9F65FD9B
:1041B000609F66FD619F67FD629F68FD639F69FD6B
:1041C000649F6AFD659F6BFD669F6CFD679F6DFD3B
:1041D000689F6EFD699F6FFD6A9F70FD6B9F71FD0B
:1041E0006C9F72FD6D9F73FD6E9F74FD6F9F75FDDB
:1041F000709F76FD719F77FD729F78FD739F79FDAB
:10420000749F7AFD759F7BFD769F7CFD779F7DFD7A
:10421000789F7EFD799F80FD7A9F81FD7B9F82FD47
:104220007C9F83FD7D9F84FD7E9F85FD7F9FDDB309
:10423000809FB3F6819F86FD829F87FD839FB4F6A2
:10424000849FE4C1859FB5F6869FB6F6879FB7F633
:10425000889FB8F6899FB9F68A9FBAF68B9FA3C844
:104260008C9FBBF68D9F88FD8E9F89FD8F9F8AFD59
:10427000909F8BFD919F8CFD929F8DFD939F8EFD56
:10428000949F8FFD959F90FD969F91FD979F92FD26
:10429000989F93FD999FFAC19A9FA8B99B9FE8EDBB
:1042A0009C9F94FD9D9F95FD9E9F96FD9F9FEAB9C3
:1042B000A09FDFD9A19F97FDA29F98FDA39F99FD85
:1042C000A49F9AFDA59F9BFD2CF99CFD79F99DFD6E
:1042D00095F99EFDE7F99FFDF1F9A0FD0CFA40FE6E
:1042E0000DFA41FE0EFA42FE0FFA43FE11FA44FEA9
:1042F00013FA45FE14FA46FE18FA47FE1FFA48FE66
:1043000020FA49FE21FA4AFE23FA4BFE24FA4CFE1B
:1043100027FA4DFE28FA4EFE29FA4FFE30FE55A927
:1043200031FEF2A633FEF4A634FEF5A635FEE0A675
:1043300036FEE1A637FEF0A638FEF1A639FEE2A66B
:104340003AFEE3A63BFEEEA63CFEEFA63DFEE6A649
:104350003EFEE7A63FFEE4A640FEE5A641FEE8A637
:1043600042FEE9A643FEEAA644FEEBA649FE68A982
:104370004AFE69A94BFE6AA94CFE6BA94DFE6CA9C9
:104380004EFE6DA94FFE6EA950FE6FA951FE70A999
:1043900052FE71A954FE72A955FE73A956FE74A966
:1043A00057FE75A959FE76A95AFE77A95BFE78A932
:1043B0005CFE79A95DFE7AA95EFE7BA95FFE7CA901
:1043C00060FE7DA961FE7EA962FE80A963FE81A9CF
:1043D00064FE82A965FE83A966FE84A968FE85A99C
:1043E00069FE86A96AFE87A96BFE88A901FFA1A3C1
:1043F00002FFA2A303FFA3A304FFE7A105FFA5A358
:1044000006FFA6A307FFA7A308FFA8A309FFA9A368
:104410000AFFAAA30BFFABA30CFFACA30DFFADA338
:104420000EFFAEA30FFFAFA310FFB0A311FFB1A308
:1044300012FFB2A313FFB3A314FFB4A315FFB5A3D8
:1044400016FFB6A317FFB7A318FFB8A319FFB9A3A8
:104450001AFFBAA31BFFBBA31CFFBCA31DFFBDA378
:104460001EFFBEA31FFFBFA320FFC0A321FFC1A348
:1044700022FFC2A323FFC3A324FFC4A325FFC5A318
:1044800026FFC6A327FFC7A328FFC8A329FFC9A3E8
:104490002AFFCAA32BFFCBA32CFFCCA32DFFCDA3B8
:1044A0002EFFCEA32FFFCFA330FFD0A331FFD1A388
:1044B00032FFD2A333FFD3A334FFD4A335FFD5A358
:1044C00036FFD6A337FFD7A338FFD8A339FFD9A328
:1044D0003AFFDAA33BFFDBA33CFFDCA33DFFDDA3F8
:1044E0003EFFDEA33FFFDFA340FFE0A341FFE1A3C8
:1044F00042FFE2A343FFE3A344FFE4A345FFE5A398
:1045000046FFE6A347FFE7A348FFE8A349FFE9A367
:104510004AFFEAA34BFFEBA34CFFECA34DFFEDA337
:104520004EFFEEA34FFFEFA350FFF0A351FFF1A307
:1045300052FFF2A353FFF3A354FFF4A355FFF5A3D7
:1045400056FFF6A357FFF7A358FFF8A359FFF9A3A7
:104550005AFFFAA35BFFFBA35CFFFCA35DFFFDA377
:104560005EFFABA1E0FFE9A1E1FFEAA1E2FF56A9EE
:10457000E3FFFEA3E4FF57A9E5FFA4A300000000AA
:104580008000AC204081024E4181044E4281054EA4
:104590004381064E44810F4E4581124E4681174E8F
:1045A00047811F4E4881204E4981214E4A81234E2A
:1045B0004B81264E4C81294E4D812E4E4E812F4EE1
:1045C0004F81314E5081334E5181354E5281374E9D
:1045D00053813C4E5481404E5581414E5681424E4E
:1045E0005781444E5881464E59814A4E5A81514E08
:1045F0005B81554E5C81574E5D815A4E5E815B4EAC
:104600005F81624E6081634E6181644E6281654E5E
:104610006381674E6481684E65816A4E66816B4E28
:1046200067816C4E68816D4E69816E4E6A816F4EF6
:104630006B81724E6C81744E6D81754E6E81764EBB
:104640006F81774E7081784E7181794E72817A4E8A
:1046500073817B4E74817C4E75817D4E76817F4E59
:104660007781804E7881814E7981824E7A81834E26
:104670007B81844E7C81854E7D81874E7E818A4EF2
:104680008081904E8181964E8281974E8381994E92
:1046900084819C4E85819D4E86819E4E8781A34E4E
:1046A0008881AA4E8981AF4E8A81B04E8B81B14EEE
:1046B0008C81B44E8D81B64E8E81B74E8F81B84EAF
:1046C0009081B94E9181BC4E9281BD4E9381BE4E78
:1046D0009481C84E9581CC4E9681CF4E9781D04E15
:1046E0009881D24E9981DA4E9A81DB4E9B81DC4EC5
:1046F0009C81E04E9D81E24E9E81E64E9F81E74E79
:10470000A081E94EA181ED4EA281EE4EA381EF4E34
:10471000A481F14EA581F44EA681F84EA781F94EF1
:10472000A881FA4EA981FC4EAA81FE4EAB81004FB2
:10473000AC81024FAD81034FAE81044FAF81054F75
:10474000B081064FB181074FB281084FB3810B4F43
:10475000B4810C4FB581124FB681134FB781144FFE
:10476000B881154FB981164FBA811C4FBB811D4FBF
:10477000BC81214FBD81234FBE81284FBF81294F6E
:10478000C0812C4FC1812D4FC2812E4FC381314F2B
:10479000C481334FC581354FC681374FC781394FEB
:1047A000C8813B4FC9813E4FCA813F4FCB81404FAB
:1047B000CC81414FCD81424FCE81444FCF81454F77
:1047C000D081474FD181484FD281494FD3814A4F41
:1047D000D4814B4FD5814C4FD681524FD781544F06
:1047E000D881564FD981614FDA81624FDB81664FA4
:1047F000DC81684FDD816A4FDE816B4FDF816D4F59
:10480000E0816E4FE181714FE281724FE381754F1C
:10481000E481774FE581784FE681794FE7817A4FE0
:10482000E8817D4FE981804FEA81814FEB81824FA2
:10483000EC81854FED81864FEE81874FEF818A4F66
:10484000F0818C4FF1818E4FF281904FF381924F26
:10485000F481934FF581954FF681964FF781984FEC
:10486000F881994FF9819A4FFA819C4FFB819E4FB5
:10487000FC819F4FFD81A14FFE81A24F4082A44F3A
:104880004182AB4F4282AD4F4382B04F4482B14F21
:104890004582B24F4682B34F4782B44F4882B64FEB
:1048A0004982B74F4A82B84F4B82B94F4C82BA4FB8
:1048B0004D82BB4F4E82BC4F4F82BD4F5082BE4F88
:1048C0005182C04F5282C14F5382C24F5482C64F51
:1048D0005582C74F5682C84F5782C94F5882CB4F17
:1048E0005982CC4F5A82CD4F5B82D24F5C82D34FDC
:1048F0005D82D44F5E82D54F5F82D64F6082D94FA2
:104900006182DB4F6282E04F6382E24F6482E44F58
:104910006582E54F6682E74F6782EB4F6882EC4F16
:104920006982F04F6A82F24F6B82F44F6C82F54FCE
:104930006D82F64F6E82F74F6F82F94F7082FB4F98
:104940007182FC4F7282FD4F7382FF4F7482005060
:10495000758201507682025077820350788204502B
:10496000798205507A8206507B8207507C820850FB
:104970007D8209507E820A5080820B5081820E50C7
:104980008282105083821150848213508582155088
:10499000868216508782175088821B5089821D504C
:1049A0008A821E508B8220508C8222508D8223500E
:1049B0008E8224508F82275090822B5091822F50CC
:1049C000928230509382315094823250958233508B
:1049D000968234509782355098823650998237505B
:1049E0009A8238509B8239509C823B509D823D5028
:1049F0009E823F509F824050A0824150A1824250EF
:104A0000A2824450A3824550A4824650A5824950B8
:104A1000A6824A50A7824B50A8824D50A98250507E
:104A2000AA825150AB825250AC825350AD82545046
:104A3000AE825650AF825750B0825850B182595012
:104A4000B2825B50B3825D50B4825E50B5825F50DB
:104A5000B6826050B7826150B8826250B9826350AA
:104A6000BA826450BB826650BC826750BD82685077
:104A7000BE826950BF826A50C0826B50C1826D5045
:104A8000C2826E50C3826F50C4827050C582715012
:104A9000C6827250C7827350C8827450C9827550E2
:104AA000CA827850CB827950CC827A50CD827C50A9
:104AB000CE827D50CF828150D0828250D18283506D
:104AC000D2828450D3828650D4828750D582895036
:104AD000D6828A50D7828B50D8828C50D9828E5001
:104AE000DA828F50DB829050DC829150DD829250CE
:104AF000DE829350DF829450E0829550E18296509E
:104B0000E2829750E3829850E4829950E5829A506D
:104B1000E6829B50E7829C50E8829D50E9829E503D
:104B2000EA829F50EB82A050EC82A150ED82A2500D
:104B3000EE82A450EF82A650F082AA50F182AB50D0
:104B4000F282AD50F382AE50F482AF50F582B05095
:104B5000F682B150F782B350F882B450F982B55062
:104B6000FA82B650FB82B750FC82B850FD82B95031
:104B7000FE82BC504083BD504183BE504283BF5033
:104B80004383C0504483C1504583C2504683C350C1
:104B90004783C4504883C5504983C6504A83C75091
:104BA0004B83C8504C83C9504D83CA504E83CB5061
:104BB0004F83CC505083CD505183CE505283D05030
:104BC0005383D1505483D2505583D3505683D450FD
:104BD0005783D5505883D7505983D8505A83D950CA
:104BE0005B83DB505C83DC505D83DD505E83DE5095
:104BF0005F83DF506083E0506183E1506283E25065
:104C00006383E3506483E4506583E5506683E85032
:104C10006783E9506883EA506983EB506A83EF50F9
:104C20006B83F0506C83F1506D83F2506E83F450BF
:104C30006F83F6507083F7507183F8507283F95088
:104C40007383FA507483FC507583FD507683FE5055
:104C50007783FF5078830051798301517A83025121
:104C60007B8303517C8304517D8305517E830851EE
:104C70008083095181830A5182830C5183830D51B2
:104C800084830E5185830F51868310518783115180
:104C900088831351898314518A8315518B8316514C
:104CA0008C8317518D8318518E8319518F831A511C
:104CB00090831B5191831C5192831D5193831E51EC
:104CC00094831F51958320519683225197832351BA
:104CD00098832451998325519A8326519B83275188
:104CE0009C8328519D8329519E832A519F832B5158
:104CF000A0832C51A1832D51A2832E51A3832F5128
:104D0000A4833051A5833151A6833251A7833351F7
:104D1000A8833451A9833551AA833651AB833751C7
:104D2000AC833851AD833951AE833A51AF833B5197
:104D3000B0833C51B1833D51B2833E51B383425164
:104D4000B4834751B5834A51B6834C51B7834E5112
:104D5000B8834F51B9835051BA835251BB835351D9
:104D6000BC835751BD835851BE835951BF835B519A
:104D7000C0835D51C1835E51C2835F51C383605163
:104D8000C4836151C5836351C6836451C78366512F
:104D9000C8836751C9836951CA836A51CB836F51F4
:104DA000CC837251CD837A51CE837E51CF837F5194
:104DB000D0838351D1838451D2838651D383875149
:104DC000D4838A51D5838B51D6838E51D7838F510B
:104DD000D8839051D9839151DA839351DB839451D5
:104DE000DC839851DD839A51DE839D51DF839E5190
:104DF000E0839F51E183A151E283A351E383A65154
:104E0000E483A751E583A851E683A951E783AA511A
:104E1000E883AD51E983AE51EA83B451EB83B851D5
:104E2000EC83B951ED83BA51EE83BE51EF83BF518C
:104E3000F083C151F183C251F283C351F383C55151
:104E4000F483C851F583CA51F683CD51F783CE510F
:104E5000F883D051F983D251FA83D351FB83D451D3
:104E6000FC83D551FD83D651FE83D7514084D85160
:104E70004184D9514284DA514384DC514484DE5167
:104E80004584DF514684E2514784E3514884E5512B
:104E90004984E6514A84E7514B84E8514C84E951F6
:104EA0004D84EA514E84EC514F84EE515084F151BF
:104EB0005184F2515284F4515384F7515484FE5179
:104EC00055840452568405525784095258840B5213
:104ED00059840C525A840F525B8410525C841352D2
:104EE0005D8414525E8415525F841C5260841E528D
:104EF00061841F526284215263842252648423524B
:104F000065842552668426526784275268842A5213
:104F100069842C526A842F526B8431526C843252D1
:104F20006D8434526E8435526F843C5270843E528C
:104F30007184445272844552738446527484475239
:104F4000758448527684495277844B5278844E5205
:104F500079844F527A8452527B8453527C845552C6
:104F60007D8457527E8458528084595281845A528B
:104F700082845B5283845D5284845F528584605254
:104F8000868462528784635288846452898466521C
:104F90008A8468528B846B528C846C528D846D52DF
:104FA0008E846E528F8470529084715291847352A9
:104FB0009284745293847552948476529584775275
:104FC000968478529784795298847A5299847B5245
:104FD0009A847C529B847E529C8480529D8483520E
:104FE0009E8484529F848552A0848652A1848752D5
:104FF000A2848952A3848A52A4848B52A5848C52A1
:10500000A6848D52A7848E52A8848F52A98491526F
:10501000AA849252AB849452AC849552AD84965239
:10502000AE849752AF849852B0849952B1849A5208
:10503000B2849C52B384A452B484A552B584A652BF
:10504000B684A752B784AE52B884AF52B984B05276
:10505000BA84B452BB84B552BC84B652BD84B75234
:10506000BE84B852BF84B952C084BA52C184BB5204
:10507000C284BC52C384BD52C484C052C584C152D0
:10508000C684C252C784C452C884C552C984C65299
:10509000CA84C852CB84CA52CC84CC52CD84CD525F
:1050A000CE84CE52CF84CF52D084D152D184D35229
:1050B000D284D452D384D552D484D752D584D952F1
:1050C000D684DA52D784DB52D884DC52D984DD52BC
:1050D000DA84DE52DB84E052DC84E152DD84E25289
:1050E000DE84E352DF84E552E084E652E184E75255
:1050F000E284E852E384E952E484EA52E584EB5224
:10510000E684EC52E784ED52E884EE52E984EF52F3
:10511000EA84F152EB84F252EC84F352ED84F452BF
:10512000EE84F552EF84F652F084F752F184F8528F
:10513000F284FB52F384FC52F484FD52F584015353
:10514000F6840253F7840353F8840453F984075315
:10515000FA840953FB840A53FC840B53FD840C53DB
:10516000FE840E53408511534185125342851353DB
:10517000438514534485185345851B5346851C535A
:1051800047851E5348851F53498522534A8524531A
:105190004B8525534C8527534D8528534E852953E0
:1051A0004F852B5350852C5351852D5352852F53AA
:1051B0005385305354853153558532535685335377
:1051C0005785345358853553598536535A85375347
:1051D0005B8538535C853C535D853D535E8540530C
:1051E0005F854253608544536185465362854B53C6
:1051F00063854C5364854D53658550536685545380
:10520000678558536885595369855B536A855D5333
:105210006B8565536C8568536D856A536E856C53D9
:105220006F856D537085725371857653728579538E
:1052300073857B5374857C5375857D5376857E534A
:105240007785805378858153798583537A85875311
:105250007B8588537C858A537D858E537E858F53CD
:105260008085905381859153828592538385935392
:10527000848594538585965386859753878599535E
:1052800088859B5389859C538A859E538B85A05323
:105290008C85A1538D85A4538E85A7538F85AA53E2
:1052A0009085AB539185AC539285AD539385AF53A5
:1052B0009485B0539585B1539685B2539785B35372
:1052C0009885B4539985B5539A85B7539B85B85340
:1052D0009C85B9539D85BA539E85BC539F85BD530C
:1052E000A085BE53A185C053A285C353A385C453D3
:1052F000A485C553A585C653A685C753A785CE5398
:10530000A885CF53A985D053AA85D253AB85D35353
:10531000AC85D553AD85DA53AE85DC53AF85DD530F
:10532000B085DE53B185E153B285E253B385E753CF
:10533000B485F453B585FA53B685FE53B785FF534C
:10534000B8850054B9850254BA850554BB85075405
:10535000BC850B54BD851454BE851854BF851954A3
:10536000C0851A54C1851C54C2852254C385245457
:10537000C4852554C5852A54C6853054C785335401
:10538000C8853654C9853754CA853A54CB853D54AF
:10539000CC853F54CD854154CE854254CF8544546D
:1053A000D0854554D1854754D2854954D3854C5432
:1053B000D4854D54D5854E54D6854F54D7855154F8
:1053C000D8855A54D9855D54DA855E54DB855F549F
:1053D000DC856054DD856154DE856354DF8565546A
:1053E000E0856754E1856954E2856A54E3856B542E
:1053F000E4856C54E5856D54E6856E54E7856F54FD
:10540000E8857054E9857454EA857954EB857A54BB
:10541000EC857E54ED857F54EE858154EF85835471
:10542000F0858554F1858754F2858854F385895435
:10543000F4858A54F5858D54F6859154F7859354F7
:10544000F8859754F9859854FA859C54FB859E54A9
:10545000FC859F54FD85A054FE85A1544086A2542E
:105460004186A5544286AE544386B0544486B25415
:105470004586B5544686B6544786B7544886B954CF
:105480004986BA544A86BC544B86BE544C86C35493
:105490004D86C5544E86CA544F86CB545086D6543A
:1054A0005186D8545286DB545386E0545486E154D6
:1054B0005586E2545686E3545786E4545886EB5496
:1054C0005986EC545A86EF545B86F0545C86F1544E
:1054D0005D86F4545E86F5545F86F6546086F75414
:1054E0006186F8546286F9546386FB546486FE54E0
:1054F000658600556686025567860355688604559D
:10550000698605556A8608556B860A556C860B5563
:105510006D860C556E860D556F860E55708612552C
:1055200071861355728615557386165574861755F0
:10553000758618557686195577861A5578861C55BE
:1055400079861D557A861E557B861F557C8621558A
:105550007D8625557E862655808628558186295547
:1055600082862B5583862D55848632558586345503
:1055700086863555878636558886385589863955C5
:105580008A863A558B863B558C863D558D8640558F
:105590008E8642558F86455590864755918648554B
:1055A00092864B5593864C5594864D5595864E550F
:1055B00096864F55978651559886525599865355DC
:1055C0009A8654559B8657559C8658559D865955A5
:1055D0009E865A559F865B55A0865D55A1865E5571
:1055E000A2865F55A3866055A4866255A58663553D
:1055F000A6866855A7866955A8866B55A9866F55F6
:10560000AA867055AB867155AC867255AD867355BA
:10561000AE867455AF867955B0867A55B1867D557C
:10562000B2867F55B3868555B4868655B5868C552A
:10563000B6868D55B7868E55B8869055B9869255E3
:10564000BA869355BB869555BC869655BD869755AB
:10565000BE869A55BF869B55C0869E55C186A0556D
:10566000C286A155C386A255C486A355C586A45536
:10567000C686A555C786A655C886A855C986A95504
:10568000CA86AA55CB86AB55CC86AC55CD86AD55D2
:10569000CE86AE55CF86AF55D086B055D186B255A1
:1056A000D286B455D386B655D486B855D586BA5564
:1056B000D686BC55D786BF55D886C055D986C15524
:1056C000DA86C255DB86C355DC86C655DD86C755EE
:1056D000DE86C855DF86CA55E086CB55E186CE55B5
:1056E000E286CF55E386D055E486D555E586D75575
:1056F000E686D855E786D955E886DA55E986DB553A
:10570000EA86DE55EB86E055EC86E255ED86E755F8
:10571000EE86E955EF86ED55F086EE55F186F055AB
:10572000F286F155F386F455F486F655F586F8556C
:10573000F686F955F786FA55F886FB55F986FC5535
:10574000FA86FF55FB860256FC860356FD860456F4
:10575000FE860556408706564187075642870A56F9
:1057600043870B5644870D5645871056468711567A
:105770004787125648871356498714564A87155645
:105780004B8716564C8717564D8719564E871A5613
:105790004F871C5650871D565187205652872156D9
:1057A000538722565487255655872656568728569E
:1057B0005787295658872A5659872B565A872E5667
:1057C0005B872F565C8730565D8733565E8735562C
:1057D0005F8737566087385661873A5662873C56EE
:1057E00063873D5664873E566587405666874156B7
:1057F0006787425668874356698744566A87455685
:105800006B8746566C8747566D8748566E87495654
:105810006F874A5670874B5671874F56728750561E
:1058200073875156748752567587535676875556E7
:105830007787565678875A5679875B567A875D56AA
:105840007B875E567C875F567D8760567E87615674
:105850008087635681876556828766568387675639
:1058600084876D5685876E5686876F5687877056F4
:1058700088877256898773568A8774568B877556C0
:105880008C8777568D8778568E8779568F877A568C
:1058900090877D5691877E5692877F569387805654
:1058A0009487815695878256968783569787845624
:1058B00098878756998788569A8789569B878A56EC
:1058C0009C878B569D878C569E878D569F879056BA
:1058D000A0879156A1879256A2879456A387955682
:1058E000A4879656A5879756A6879856A787995650
:1058F000A8879A56A9879B56AA879C56AB879D5620
:10590000AC879E56AD879F56AE87A056AF87A156EF
:10591000B087A256B187A456B287A556B387A656BC
:10592000B487A756B587A856B687A956B787AA568B
:10593000B887AB56B987AC56BA87AD56BB87AE565B
:10594000BC87B056BD87B156BE87B256BF87B35627
:10595000C087B456C187B556C287B656C387B856F6
:10596000C487B956C587BA56C687BB56C787BD56C2
:10597000C887BE56C987BF56CA87C056CB87C1568F
:10598000CC87C256CD87C356CE87C456CF87C5565F
:10599000D087C656D187C756D287C856D387C9562F
:1059A000D487CB56D587CC56D687CD56D787CE56FB
:1059B000D887CF56D987D056DA87D156DB87D256CB
:1059C000DC87D356DD87D556DE87D656DF87D85697
:1059D000E087D956E187DC56E287E356E387E55650
:1059E000E487E656E587E756E687E856E787E9560F
:1059F000E887EA56E987EC56EA87EE56EB87EF56DA
:105A0000EC87F256ED87F356EE87F656EF87F7569A
:105A1000F087F856F187FB56F287FC56F38700575C
:105A2000F4870157F5870257F6870557F787075719
:105A3000F8870B57F9870C57FA870D57FB870E57D6
:105A4000FC870F57FD871057FE8711574088125764
:105A5000418813574288145743881557448816576E
:105A600045881757468818574788195748881A573E
:105A700049881B574A881D574B881E574C8820570A
:105A80004D8821574E8822574F88245750882557D4
:105A9000518826575288275753882B575488315797
:105AA000558832575688345757883557588836574F
:105AB000598837575A8838575B883C575C883D5718
:105AC0005D883F575E8841575F88435760884457D9
:105AD00061884557628846576388485764884957A4
:105AE00065884B576688525767885357688854575C
:105AF000698855576A8856576B8858576C88595724
:105B00006D8862576E8863576F88655770886757CE
:105B100071886C5772886E57738870577488715784
:105B2000758872577688745777887557788878574C
:105B3000798879577A887A577B887D577C887E5711
:105B40007D887F577E8880578088815781888757D6
:105B5000828888578388895784888A5785888D5793
:105B600086888E5787888F5788889057898891575D
:105B70008A8894578B8895578C8896578D88975725
:105B80008E8898578F88995790889A5791889C57F4
:105B900092889D5793889E5794889F579588A557BC
:105BA0009688A8579788AA579888AC579988AF576E
:105BB0009A88B0579B88B1579C88B3579D88B55732
:105BC0009E88B6579F88B757A088B957A188BA57FB
:105BD000A288BB57A388BC57A488BD57A588BE57C9
:105BE000A688BF57A788C057A888C157A988C45797
:105BF000AA88C557AB88C657AC88C757AD88C85761
:105C0000AE88C957AF88CA57B088CC57B188CD572E
:105C1000B288D057B388D157B488D357B588D657F0
:105C2000B688D757B788DB57B888DC57B988DE57AE
:105C3000BA88E157BB88E257BC88E357BD88E5576F
:105C4000BE88E657BF88E757C088E857C188E9573C
:105C5000C288EA57C388EB57C488EC57C588EE570B
:105C6000C688F057C788F157C888F257C988F357D4
:105C7000CA88F557CB88F657CC88F757CD88FB579D
:105C8000CE88FC57CF88FE57D088FF57D18801585F
:105C9000D2880358D3880458D4880558D588085822
:105CA000D6880958D7880A58D8880C58D9880E58E9
:105CB000DA880F58DB881058DC881258DD881358B2
:105CC000DE881458DF881658E0881758E18818587D
:105CD000E2881A58E3881B58E4881C58E5881D5848
:105CE000E6881F58E7882258E8882358E98825580D
:105CF000EA882658EB882758EC882858ED882958D8
:105D0000EE882B58EF882C58F0882D58F1882E58A3
:105D1000F2882F58F3883158F4883258F588335870
:105D2000F6883458F7883658F8883758F98838583C
:105D3000FA883958FB883A58FC883B58FD883C580B
:105D4000FE883D5840893E5841893F584289405815
:105D500043894158448942584589435846894558A2
:105D60004789465848894758498948584A8949586F
:105D70004B894A584C894B584D894E584E894F583B
:105D80004F89505850895258518953585289555803
:105D900053895658548957585589595856895A58CD
:105DA00057895B5858895C5859895D585A895F589A
:105DB0005B8960585C8961585D8962585E89635867
:105DC0005F89645860896658618967586289685834
:105DD0006389695864896A5865896D5866896E58FF
:105DE00067896F5868897058698971586A897258CB
:105DF0006B8973586C8974586D8975586E8976589B
:105E00006F897758708978587189795872897A586A
:105E100073897B5874897C5875897D5876897F5839
:105E20007789825878898458798986587A898758F9
:105E30007B8988587C898A587D898B587E898C58C3
:105E400080898D5881898E5882898F58838990588E
:105E50008489915885899458868995588789965858
:105E600088899758898998588A899B588B899C5822
:105E70008C899D588D89A0588E89A1588F89A258E8
:105E80009089A3589189A4589289A5589389A658B6
:105E90009489A7589589AA589689AB589789AC5880
:105EA0009889AD589989AE589A89AF589B89B0584E
:105EB0009C89B1589D89B2589E89B3589F89B4581E
:105EC000A089B558A189B658A289B758A389B858EE
:105ED000A489B958A589BA58A689BB58A789BD58BD
:105EE000A889BE58A989BF58AA89C058AB89C25889
:105EF000AC89C358AD89C458AE89C658AF89C75854
:105F0000B089C858B189C958B289CA58B389CB5821
:105F1000B489CC58B589CD58B689CE58B789CF58F1
:105F2000B889D058B989D258BA89D358BB89D458BE
:105F3000BC89D658BD89D758BE89D858BF89D95889
:105F4000C089DA58C189DB58C289DC58C389DD5859
:105F5000C489DE58C589DF58C689E058C789E15829
:105F6000C889E258C989E358CA89E558CB89E658F7
:105F7000CC89E758CD89E858CE89E958CF89EA58C5
:105F8000D089ED58D189EF58D289F158D389F25888
:105F9000D489F458D589F558D689F758D789F8584F
:105FA000D889FA58D989FB58DA89FC58DB89FD5819
:105FB000DC89FE58DD89FF58DE890059DF890159E7
:105FC000E0890359E1890559E2890659E3890859AD
:105FD000E4890959E5890A59E6890B59E7890C5979
:105FE000E8890E59E9891059EA891159EB89125942
:105FF000EC891359ED891759EE891859EF891B5906
:10600000F0891D59F1891E59F2892059F3892159C6
:10601000F4892259F5892359F6892659F78928598F
:10602000F8892C59F9893059FA893259FB89335941
:10603000FC893559FD893659FE893B59408A3D59BD
:10604000418A3E59428A3F59438A4059448A4359BA
:10605000458A4559468A4659478A4A59488A4C5979
:10606000498A4D594A8A50594B8A52594C8A535938
:106070004D8A59594E8A5B594F8A5C59508A5D59ED
:10608000518A5E59528A5F59538A6159548A6359B9
:10609000558A6459568A6659578A6759588A685981
:1060A000598A69595A8A6A595B8A6B595C8A6C5950
:1060B0005D8A6D595E8A6E595F8A6F59608A705920
:1060C000618A7159628A7259638A7559648A7759EB
:1060D000658A7A59668A7B59678A7C59688A7E59AB
:1060E000698A7F596A8A80596B8A85596C8A89596D
:1060F0006D8A8B596E8A8C596F8A8E59708A8F5926
:10610000718A9059728A9159738A9459748A9559EF
:10611000758A9859768A9A59778A9B59788A9C59B0
:10612000798A9D597A8A9F597B8AA0597C8AA1597C
:106130007D8AA2597E8AA659808AA759818AAC593C
:10614000828AAD59838AB059848AB159858AB359F4
:10615000868AB459878AB559888AB659898AB759BF
:106160008A8AB8598B8ABA598C8ABC598D8ABD598A
:106170008E8ABF598F8AC059908AC159918AC25953
:10618000928AC359938AC459948AC559958AC75922
:10619000968AC859978AC959988ACC59998ACD59EB
:1061A0009A8ACE599B8ACF599C8AD5599D8AD659AD
:1061B0009E8AD9599F8ADB59A08ADE59A18ADF5964
:1061C000A28AE059A38AE159A48AE259A58AE4592E
:1061D000A68AE659A78AE759A88AE959A98AEA59F5
:1061E000AA8AEB59AB8AED59AC8AEE59AD8AEF59C0
:1061F000AE8AF059AF8AF159B08AF259B18AF3598F
:10620000B28AF459B38AF559B48AF659B58AF7595E
:10621000B68AF859B78AFA59B88AFC59B98AFD5929
:10622000BA8AFE59BB8A005ABC8A025ABD8A0A5AE7
:10623000BE8A0B5ABF8A0D5AC08A0E5AC18A0F5A9B
:10624000C28A105AC38A125AC48A145AC58A155A65
:10625000C68A165AC78A175AC88A195AC98A1A5A30
:10626000CA8A1B5ACB8A1D5ACC8A1E5ACD8A215AF9
:10627000CE8A225ACF8A245AD08A265AD18A275ABD
:10628000D28A285AD38A2A5AD48A2B5AD58A2C5A87
:10629000D68A2D5AD78A2E5AD88A2F5AD98A305A56
:1062A000DA8A335ADB8A355ADC8A375ADD8A385A19
:1062B000DE8A395ADF8A3A5AE08A3B5AE18A3D5AE5
:1062C000E28A3E5AE38A3F5AE48A415AE58A425AB0
:1062D000E68A435AE78A445AE88A455AE98A475A7D
:1062E000EA8A485AEB8A4B5AEC8A4C5AED8A4D5A44
:1062F000EE8A4E5AEF8A4F5AF08A505AF18A515A12
:10630000F28A525AF38A535AF48A545AF58A565AE0
:10631000F68A575AF78A585AF88A595AF98A5B5AAC
:10632000FA8A5C5AFB8A5D5AFC8A5E5AFD8A5F5A79
:10633000FE8A605A408B615A418B635A428B645A81
:10634000438B655A448B665A458B685A468B695A0B
:10635000478B6B5A488B6C5A498B6D5A4A8B6E5AD5
:106360004B8B6F5A4C8B705A4D8B715A4E8B725AA5
:106370004F8B735A508B785A518B795A528B7B5A68
:10638000538B7C5A548B7D5A558B7E5A568B805A30
:10639000578B815A588B825A598B835A5A8B845AFD
:1063A0005B8B855A5C8B865A5D8B875A5E8B885ACD
:1063B0005F8B895A608B8A5A618B8B5A628B8C5A9D
:1063C000638B8D5A648B8E5A658B8F5A668B905A6D
:1063D000678B915A688B935A698B945A6A8B955A3A
:1063E0006B8B965A6C8B975A6D8B985A6E8B995A09
:1063F0006F8B9C5A708B9D5A718B9E5A728B9F5AD1
:10640000738BA05A748BA15A758BA25A768BA35AA0
:10641000778BA45A788BA55A798BA65A7A8BA75A70
:106420007B8BA85A7C8BA95A7D8BAB5A7E8BAC5A3E
:10643000808BAD5A818BAE5A828BAF5A838BB05A08
:10644000848BB15A858BB45A868BB65A878BB75AD0
:10645000888BB95A898BBA5A8A8BBB5A8B8BBC5A98
:106460008C8BBD5A8D8BBF5A8E8BC05A8F8BC35A63
:10647000908BC45A918BC55A928BC65A938BC75A2C
:10648000948BC85A958BCA5A968BCB5A978BCD5AF8
:10649000988BCE5A998BCF5A9A8BD05A9B8BD15AC4
:1064A0009C8BD35A9D8BD55A9E8BD75A9F8BD95A8A
:1064B000A08BDA5AA18BDB5AA28BDD5AA38BDE5A52
:1064C000A48BDF5AA58BE25AA68BE45AA78BE55A18
:1064D000A88BE75AA98BE85AAA8BEA5AAB8BEC5ADD
:1064E000AC8BED5AAD8BEE5AAE8BEF5AAF8BF05AA8
:1064F000B08BF25AB18BF35AB28BF45AB38BF55A74
:10650000B48BF65AB58BF75AB68BF85AB78BF95A43
:10651000B88BFA5AB98BFB5ABA8BFC5ABB8BFD5A13
:10652000BC8BFE5ABD8BFF5ABE8B005BBF8B015BE1
:10653000C08B025BC18B035BC28B045BC38B055BAF
:10654000C48B065BC58B075BC68B085BC78B0A5B7E
:10655000C88B0B5BC98B0C5BCA8B0D5BCB8B0E5B4B
:10656000CC8B0F5BCD8B105BCE8B115BCF8B125B1B
:10657000D08B135BD18B145BD28B155BD38B185BE9
:10658000D48B195BD58B1A5BD68B1B5BD78B1C5BB3
:10659000D88B1D5BD98B1E5BDA8B1F5BDB8B205B83
:1065A000DC8B215BDD8B225BDE8B235BDF8B245B53
:1065B000E08B255BE18B265BE28B275BE38B285B23
:1065C000E48B295BE58B2A5BE68B2B5BE78B2C5BF3
:1065D000E88B2D5BE98B2E5BEA8B2F5BEB8B305BC3
:1065E000EC8B315BED8B335BEE8B355BEF8B365B8E
:1065F000F08B385BF18B395BF28B3A5BF38B3B5B57
:10660000F48B3C5BF58B3D5BF68B3E5BF78B3F5B26
:10661000F88B415BF98B425BFA8B435BFB8B445BF2
:10662000FC8B455BFD8B465BFE8B475B408C485B80
:10663000418C495B428C4A5B438C4B5B448C4C5B8A
:10664000458C4D5B468C4E5B478C4F5B488C525B58
:10665000498C565B4A8C5E5B4B8C605B4C8C615BFF
:106660004D8C675B4E8C685B4F8C6B5B508C6D5BAD
:10667000518C6E5B528C6F5B538C725B548C745B71
:10668000558C765B568C775B578C785B588C795B36
:10669000598C7B5B5A8C7C5B5B8C7E5B5C8C7F5B00
:1066A0005D8C825B5E8C865B5F8C8A5B608C8D5BB5
:1066B000618C8E5B628C905B638C915B648C925B73
:1066C000658C945B668C965B678C9F5B688CA75B24
:1066D000698CA85B6A8CA95B6B8CAC5B6C8CAD5BCA
:1066E0006D8CAE5B6E8CAF5B6F8CB15B708CB25B94
:1066F000718CB75B728CBA5B738CBB5B748CBC5B4C
:10670000758CC05B768CC15B778CC35B788CC85B07
:10671000798CC95B7A8CCA5B7B8CCB5B7C8CCD5BC8
:106720007D8CCE5B7E8CCF5B808CD15B818CD45B8F
:10673000828CD55B838CD65B848CD75B858CD85B55
:10674000868CD95B878CDA5B888CDB5B898CDC5B25
:106750008A8CE05B8B8CE25B8C8CE35B8D8CE65BE4
:106760008E8CE75B8F8CE95B908CEA5B918CEB5BAA
:10677000928CEC5B938CED5B948CEF5B958CF15B76
:10678000968CF25B978CF35B988CF45B998CF55B41
:106790009A8CF65B9B8CF75B9C8CFD5B9D8CFE5B07
:1067A0009E8C005C9F8C025CA08C035CA18C055CC1
:1067B000A28C075CA38C085CA48C0B5CA58C0C5C85
:1067C000A68C0D5CA78C0E5CA88C105CA98C125C4E
:1067D000AA8C135CAB8C175CAC8C195CAD8C1B5C0D
:1067E000AE8C1E5CAF8C1F5CB08C205CB18C215CCD
:1067F000B28C235CB38C265CB48C285CB58C295C91
:10680000B68C2A5CB78C2B5CB88C2D5CB98C2E5C5A
:10681000BA8C2F5CBB8C305CBC8C325CBD8C335C26
:10682000BE8C355CBF8C365CC08C375CC18C435CE5
:10683000C28C445CC38C465CC48C475CC58C4C5C8D
:10684000C68C4D5CC78C525CC88C535CC98C545C44
:10685000CA8C565CCB8C575CCC8C585CCD8C5A5C0B
:10686000CE8C5B5CCF8C5C5CD08C5D5CD18C5F5CD7
:10687000D28C625CD38C645CD48C675CD58C685C95
:10688000D68C695CD78C6A5CD88C6B5CD98C6C5C60
:10689000DA8C6D5CDB8C705CDC8C725CDD8C735C28
:1068A000DE8C745CDF8C755CE08C765CE18C775CF4
:1068B000E28C785CE38C7B5CE48C7C5CE58C7D5CBE
:1068C000E68C7E5CE78C805CE88C835CE98C845C85
:1068D000EA8C855CEB8C865CEC8C875CED8C895C4F
:1068E000EE8C8A5CEF8C8B5CF08C8E5CF18C8F5C18
:1068F000F28C925CF38C935CF48C955CF58C9D5CD3
:10690000F68C9E5CF78C9F5CF88CA05CF98CA15C8B
:10691000FA8CA45CFB8CA55CFC8CA65CFD8CA75C53
:10692000FE8CA85C408DAA5C418DAE5C428DAF5C54
:10693000438DB05C448DB25C458DB45C468DB65CD5
:10694000478DB95C488DBA5C498DBB5C4A8DBC5C97
:106950004B8DBE5C4C8DC05C4D8DC25C4E8DC35C5E
:106960004F8DC55C508DC65C518DC75C528DC85C27
:10697000538DC95C548DCA5C558DCC5C568DCD5CF5
:10698000578DCE5C588DCF5C598DD05C5A8DD15CC3
:106990005B8DD35C5C8DD45C5D8DD55C5E8DD65C8F
:1069A0005F8DD75C608DD85C618DDA5C628DDB5C5D
:1069B000638DDC5C648DDD5C658DDE5C668DDF5C2B
:1069C000678DE05C688DE25C698DE35C6A8DE75CF5
:1069D0006B8DE95C6C8DEB5C6D8DEC5C6E8DEE5CB3
:1069E0006F8DEF5C708DF15C718DF25C728DF35C7C
:1069F000738DF45C748DF55C758DF65C768DF75C4B
:106A0000778DF85C788DF95C798DFA5C7A8DFC5C19
:106A10007B8DFD5C7C8DFE5C7D8DFF5C7E8D005DE5
:106A2000808D015D818D045D828D055D838D085DA6
:106A3000848D095D858D0A5D868D0B5D878D0C5D6E
:106A4000888D0D5D898D0F5D8A8D105D8B8D115D3B
:106A50008C8D125D8D8D135D8E8D155D8F8D175D07
:106A6000908D185D918D195D928D1A5D938D1C5DD1
:106A7000948D1D5D958D1F5D968D205D978D215D9B
:106A8000988D225D998D235D9A8D255D9B8D285D66
:106A90009C8D2A5D9D8D2B5D9E8D2C5D9F8D2F5D28
:106AA000A08D305DA18D315DA28D325DA38D335DF2
:106AB000A48D355DA58D365DA68D375DA78D385DBE
:106AC000A88D395DA98D3A5DAA8D3B5DAB8D3C5D8E
:106AD000AC8D3F5DAD8D405DAE8D415DAF8D425D56
:106AE000B08D435DB18D445DB28D455DB38D465D26
:106AF000B48D485DB58D495DB68D4D5DB78D4E5DEC
:106B0000B88D4F5DB98D505DBA8D515DBB8D525DB5
:106B1000BC8D535DBD8D545DBE8D555DBF8D565D85
:106B2000C08D575DC18D595DC28D5A5DC38D5C5D51
:106B3000C48D5E5DC58D5F5DC68D605DC78D615D19
:106B4000C88D625DC98D635DCA8D645DCB8D655DE9
:106B5000CC8D665DCD8D675DCE8D685DCF8D6A5DB8
:106B6000D08D6D5DD18D6E5DD28D705DD38D715D7B
:106B7000D48D725DD58D735DD68D755DD78D765D47
:106B8000D88D775DD98D785DDA8D795DDB8D7A5D15
:106B9000DC8D7B5DDD8D7C5DDE8D7D5DDF8D7E5DE5
:106BA000E08D7F5DE18D805DE28D815DE38D835DB4
:106BB000E48D845DE58D855DE68D865DE78D875D81
:106BC000E88D885DE98D895DEA8D8A5DEB8D8B5D51
:106BD000EC8D8C5DED8D8D5DEE8D8E5DEF8D8F5D21
:106BE000F08D905DF18D915DF28D925DF38D935DF1
:106BF000F48D945DF58D955DF68D965DF78D975DC1
:106C0000F88D985DF98D9A5DFA8D9B5DFB8D9C5D8D
:106C1000FC8D9E5DFD8D9F5DFE8DA05D408EA15D16
:106C2000418EA25D428EA35D438EA45D448EA55D20
:106C3000458EA65D468EA75D478EA85D488EA95DF0
:106C4000498EAA5D4A8EAB5D4B8EAC5D4C8EAD5DC0
:106C50004D8EAE5D4E8EAF5D4F8EB05D508EB15D90
:106C6000518EB25D528EB35D538EB45D548EB55D60
:106C7000558EB65D568EB85D578EB95D588EBA5D2D
:106C8000598EBB5D5A8EBC5D5B8EBD5D5C8EBE5DFC
:106C90005D8EBF5D5E8EC05D5F8EC15D608EC25DCC
:106CA000618EC35D628EC45D638EC65D648EC75D9A
:106CB000658EC85D668EC95D678ECA5D688ECB5D68
:106CC000698ECC5D6A8ECE5D6B8ECF5D6C8ED05D35
:106CD0006D8ED15D6E8ED25D6F8ED35D708ED45D04
:106CE000718ED55D728ED65D738ED75D748ED85DD4
:106CF000758ED95D768EDA5D778EDC5D788EDF5DA0
:106D0000798EE05D7A8EE35D7B8EE45D7C8EEA5D5C
:106D10007D8EEC5D7E8EED5D808EF05D818EF55D0D
:106D2000828EF65D838EF85D848EF95D858EFA5DC8
:106D3000868EFB5D878EFC5D888EFF5D898E005E92
:106D40008A8E045E8B8E075E8C8E095E8D8E0A5E47
:106D50008E8E0B5E8F8E0D5E908E0E5E918E125E0D
:106D6000928E135E938E175E948E1E5E958E1F5EBE
:106D7000968E205E978E215E988E225E998E235E7F
:106D80009A8E245E9B8E255E9C8E285E9D8E295E4B
:106D90009E8E2A5E9F8E2B5EA08E2C5EA18E2F5E15
:106DA000A28E305EA38E325EA48E335EA58E345EDC
:106DB000A68E355EA78E365EA88E395EA98E3A5EA7
:106DC000AA8E3E5EAB8E3F5EAC8E405EAD8E415E67
:106DD000AE8E435EAF8E465EB08E475EB18E485E2D
:106DE000B28E495EB38E4A5EB48E4B5EB58E4D5EFA
:106DF000B68E4E5EB78E4F5EB88E505EB98E515EC7
:106E0000BA8E525EBB8E535EBC8E565EBD8E575E92
:106E1000BE8E585EBF8E595EC08E5A5EC18E5C5E5D
:106E2000C28E5D5EC38E5F5EC48E605EC58E635E25
:106E3000C68E645EC78E655EC88E665EC98E675EEE
:106E4000CA8E685ECB8E695ECC8E6A5ECD8E6B5EBE
:106E5000CE8E6C5ECF8E6D5ED08E6E5ED18E6F5E8E
:106E6000D28E705ED38E715ED48E755ED58E775E57
:106E7000D68E795ED78E7E5ED88E815ED98E825E0A
:106E8000DA8E835EDB8E855EDC8E885EDD8E895ECB
:106E9000DE8E8C5EDF8E8D5EE08E8E5EE18E925E8B
:106EA000E28E985EE38E9B5EE48E9D5EE58EA15E33
:106EB000E68EA25EE78EA35EE88EA45EE98EA85EF3
:106EC000EA8EA95EEB8EAA5EEC8EAB5EED8EAC5EBA
:106ED000EE8EAE5EEF8EAF5EF08EB05EF18EB15E86
:106EE000F28EB25EF38EB45EF48EBA5EF58EBB5E49
:106EF000F68EBC5EF78EBD5EF88EBF5EF98EC05E0C
:106F0000FA8EC15EFB8EC25EFC8EC35EFD8EC45ED9
:106F1000FE8EC55E408FC65E418FC75E428FC85EE3
:106F2000438FCB5E448FCC5E458FCD5E468FCE5E69
:106F3000478FCF5E488FD05E498FD45E4A8FD55E33
:106F40004B8FD75E4C8FD85E4D8FD95E4E8FDA5EF9
:106F50004F8FDC5E508FDD5E518FDE5E528FDF5EC5
:106F6000538FE05E548FE15E558FE25E568FE35E95
:106F7000578FE45E588FE55E598FE65E5A8FE75E65
:106F80005B8FE95E5C8FEB5E5D8FEC5E5E8FED5E2E
:106F90005F8FEE5E608FEF5E618FF05E628FF15EFD
:106FA000638FF25E648FF35E658FF55E668FF85EC9
:106FB000678FF95E688FFB5E698FFC5E6A8FFD5E8E
:106FC0006B8F055F6C8F065F6D8F075F6E8F095F3C
:106FD0006F8F0C5F708F0D5F718F0E5F728F105F00
:106FE000738F125F748F145F758F165F768F195FC2
:106FF000778F1A5F788F1C5F798F1D5F7A8F1E5F86
:107000007B8F215F7C8F225F7D8F235F7E8F245F4C
:10701000808F285F818F2B5F828F2C5F838F2E5F05
:10702000848F305F858F325F868F335F878F345FC9
:10703000888F355F898F365F8A8F375F8B8F385F98
:107040008C8F3B5F8D8F3D5F8E8F3E5F8F8F3F5F5D
:10705000908F415F918F425F928F435F938F445F28
:10706000948F455F958F465F968F475F978F485FF8
:10707000988F495F998F4A5F9A8F4B5F9B8F4C5FC8
:107080009C8F4D5F9D8F4E5F9E8F4F5F9F8F515F97
:10709000A08F545FA18F595FA28F5A5FA38F5B5F50
:1070A000A48F5C5FA58F5E5FA68F5F5FA78F605F19
:1070B000A88F635FA98F655FAA8F675FAB8F685FDB
:1070C000AC8F6B5FAD8F6E5FAE8F6F5FAF8F725F98
:1070D000B08F745FB18F755FB28F765FB38F785F5B
:1070E000B48F7A5FB58F7D5FB68F7E5FB78F7F5F1E
:1070F000B88F835FB98F865FBA8F8D5FBB8F8E5FCE
:10710000BC8F8F5FBD8F915FBE8F935FBF8F945F8A
:10711000C08F965FC18F9A5FC28F9B5FC38F9D5F49
:10712000C48F9E5FC58F9F5FC68FA05FC78FA25F12
:10713000C88FA35FC98FA45FCA8FA55FCB8FA65FDF
:10714000CC8FA75FCD8FA95FCE8FAB5FCF8FAC5FAA
:10715000D08FAF5FD18FB05FD28FB15FD38FB25F6F
:10716000D48FB35FD58FB45FD68FB65FD78FB85F3C
:10717000D88FB95FD98FBA5FDA8FBB5FDB8FBE5F05
:10718000DC8FBF5FDD8FC05FDE8FC15FDF8FC25FCF
:10719000E08FC75FE18FC85FE28FCA5FE38FCB5F8D
:1071A000E48FCE5FE58FD35FE68FD45FE78FD55F47
:1071B000E88FDA5FE98FDB5FEA8FDC5FEB8FDE5F02
:1071C000EC8FDF5FED8FE25FEE8FE35FEF8FE55FC8
:1071D000F08FE65FF18FE85FF28FE95FF38FEC5F8E
:1071E000F48FEF5FF58FF05FF68FF25FF78FF35F4D
:1071F000F88FF45FF98FF65FFA8FF75FFB8FF95F17
:10720000FC8FFA5FFD8FFC5FFE8F07604090086087
:107210004190096042900B6043900C604490106074
:107220004590116046901360479017604890186031
:1072300049901A604A901E604B901F604C902260EB
:107240004D9023604E9024604F902C6050902D60A4
:1072500051902E6052903060539031605490326063
:107260005590336056903460579036605890376030
:10727000599038605A9039605B903A605C903D60FC
:107280005D903E605E9040605F90446060904560BD
:107290006190466062904760639048606490496086
:1072A00065904A6066904C6067904E6068904F6051
:1072B000699051606A9053606B9054606C90566016
:1072C0006D9057606E9058606F905B6070905C60DE
:1072D00071905E6072905F607390606074906160A6
:1072E000759065607690666077906E60789071605A
:1072F000799072607A9074607B9075607C90776012
:107300007D907E607E9080608090816081908260C0
:107310008290856083908660849087608590886085
:1073200086908A6087908B6088908E6089908F604D
:107330008A9090608B9091608C9093608D90956016
:107340008E9097608F9098609090996091909C60DB
:1073500092909E609390A1609490A2609590A4609A
:107360009690A5609790A7609890A9609990AA6060
:107370009A90AE609B90B0609C90B3609D90B56019
:107380009E90B6609F90B760A090B960A190BA60DF
:10739000A290BD60A390BE60A490BF60A590C060A5
:1073A000A690C160A790C260A890C360A990C46075
:1073B000AA90C760AB90C860AC90C960AD90CC603B
:1073C000AE90CD60AF90CE60B090CF60B190D06005
:1073D000B290D260B390D360B490D460B590D660D0
:1073E000B690D760B790D960B890DB60B990DE6096
:1073F000BA90E160BB90E260BC90E360BD90E46055
:10740000BE90E560BF90EA60C090F160C190F2600C
:10741000C290F560C390F760C490F860C590FB60BF
:10742000C690FC60C790FD60C890FE60C990FF6088
:10743000CA900261CB900361CC900461CD9005614C
:10744000CE900761CF900A61D0900B61D1900C6112
:10745000D2901061D3901161D4901261D5901361D4
:10746000D6901461D7901661D8901761D9901861A1
:10747000DA901961DB901B61DC901C61DD901D616D
:10748000DE901E61DF902161E0902261E190256134
:10749000E2902861E3902961E4902A61E5902C61F3
:1074A000E6902D61E7902E61E8902F61E9903061C0
:1074B000EA903161EB903261EC903361ED90346190
:1074C000EE903561EF903661F0903761F190386160
:1074D000F2903961F3903A61F4903B61F5903C6130
:1074E000F6903D61F7903E61F8904061F9904161FE
:1074F000FA904261FB904361FC904461FD904561CC
:10750000FE904661409147614191496142914B61D2
:1075100043914D6144914F61459150614691526153
:107520004791536148915461499156614A9157611D
:107530004B9158614C9159614D915A614E915B61EB
:107540004F915C6150915E6151915F6152916061B8
:107550005391616154916361559164615691656184
:10756000579166615891696159916A615A916B614D
:107570005B916C615C916D615D916E615E916F611B
:107580005F917161609172616191736162917461E7
:1075900063917661649178616591796166917A61B0
:1075A00067917B6168917C6169917D616A917E617F
:1075B0006B917F616C9180616D9181616E9182614F
:1075C0006F9183617091846171918561729186611F
:1075D00073918761749188617591896176918A61EF
:1075E00077918C6178918D6179918F617A919061B9
:1075F0007B9191617C9192617D9193617E91956186
:10760000809196618191976182919861839199614E
:1076100084919A6185919B6186919C6187919E611D
:1076200088919F618991A0618A91A1618B91A261EA
:107630008C91A3618D91A4618E91A5618F91A661BA
:107640009091AA619191AB619291AD619391AE617C
:107650009491AF619591B0619691B1619791B2614A
:107660009891B3619991B4619A91B5619B91B6611A
:107670009C91B8619D91B9619E91BA619F91BB61E6
:10768000A091BC61A191BD61A291BF61A391C061B4
:10769000A491C161A591C361A691C461A791C5617F
:1076A000A891C661A991C761AA91C961AB91CC614A
:1076B000AC91CD61AD91CE61AE91CF61AF91D06112
:1076C000B091D361B191D561B291D661B391D761D7
:1076D000B491D861B591D961B691DA61B791DB61A6
:1076E000B891DC61B991DD61BA91DE61BB91DF6176
:1076F000BC91E061BD91E161BE91E261BF91E36146
:10770000C091E461C191E561C291E761C391E86113
:10771000C491E961C591EA61C691EB61C791EC61E1
:10772000C891ED61C991EE61CA91EF61CB91F061B1
:10773000CC91F161CD91F261CE91F361CF91F46181
:10774000D091F661D191F761D291F861D391F9614D
:10775000D491FA61D591FB61D691FC61D791FD611D
:10776000D891FE61D9910062DA910162DB910262E7
:10777000DC910362DD910462DE910562DF910762B4
:10778000E0910962E1911362E2911462E39119625E
:10779000E4911C62E5911D62E6911E62E791206210
:1077A000E8912362E9912662EA912762EB912862CF
:1077B000EC912962ED912B62EE912D62EF912F6297
:1077C000F0913062F1913162F2913262F39135625F
:1077D000F4913662F5913862F6913962F7913A6226
:1077E000F8913B62F9913C62FA914262FB914462EA
:1077F000FC914562FD914662FE914A6240924F6261
:10780000419250624292556243925662449257624C
:107810004592596246925A6247925C6248925D6212
:1078200049925E624A925F624B9260624C926162E0
:107830004D9262624E9264624F92656250926862AB
:107840005192716252927262539274625492756252
:10785000559277625692786257927A6258927B621A
:1078600059927D625A9281625B9282625C928362DB
:107870005D9285625E9286625F92876260928862A4
:1078800061928B6262928C6263928D6264928E626C
:1078900065928F6266929062679294626892996232
:1078A00069929C626A929D626B929E626C92A362E4
:1078B0006D92A6626E92A7626F92A9627092AA629E
:1078C0007192AD627292AE627392AF627492B06264
:1078D0007592B2627692B3627792B4627892B6622F
:1078E0007992B7627A92B8627B92BA627C92BE62F7
:1078F0007D92C0627E92C1628092C3628192CB62AD
:107900008292CF628392D1628492D5628592DD6247
:107910008692DE628792E0628892E1628992E462F6
:107920008A92EA628B92EB628C92F0628D92F262A2
:107930008E92F5628F92F8629092F9629192FA6259
:107940009292FB6293920063949203639592046314
:10795000969205639792066398920A6399920B63D5
:107960009A920C639B920D639C920F639D9210639D
:107970009E9212639F921363A0921463A192156367
:10798000A2921763A3921863A4921963A5921C6331
:10799000A6922663A7922763A8922963A9922C63D3
:1079A000AA922D63AB922E63AC923063AD92316399
:1079B000AE923363AF923463B0923563B192366363
:1079C000B2923763B3923863B4923B63B5923C632F
:1079D000B6923E63B7923F63B8924063B9924163F7
:1079E000BA924463BB924763BC924863BD924A63B8
:1079F000BE925163BF925263C0925363C19254636B
:107A0000C2925663C3925763C4925863C592596336
:107A1000C6925A63C7925B63C8925C63C9925D6306
:107A2000CA926063CB926463CC926563CD926663C5
:107A3000CE926863CF926A63D0926B63D1926C638B
:107A4000D2926F63D3927063D4927263D592736350
:107A5000D6927463D7927563D8927863D99279631A
:107A6000DA927C63DB927D63DC927E63DD927F63DE
:107A7000DE928163DF928363E0928463E1928563A7
:107A8000E2928663E3928B63E4928D63E592916365
:107A9000E6929363E7929463E8929563E992976321
:107AA000EA929963EB929A63EC929B63ED929C63EA
:107AB000EE929D63EF929E63F0929F63F192A163B9
:107AC000F292A463F392A663F492AB63F592AF6370
:107AD000F692B163F792B263F892B563F992B66326
:107AE000FA92B963FB92BB63FC92BD63FD92BF63E4
:107AF000FE92C0634093C1634193C2634293C363E8
:107B00004393C5634493C7634593C8634693CA636D
:107B10004793CB634893CC634993D1634A93D36330
:107B20004B93D4634C93D5634D93D7634E93D863F3
:107B30004F93D9635093DA635193DB635293DC63C1
:107B40005393DD635493DF635593E2635693E46389
:107B50005793E5635893E6635993E7635A93E86351
:107B60005B93EB635C93EC635D93EE635E93EF6317
:107B70005F93F0636093F1636193F3636293F563E2
:107B80006393F7636493F9636593FA636693FB63A6
:107B90006793FC636893FE63699303646A93046468
:107BA0006B9306646C9307646D9308646E93096429
:107BB0006F930A6470930D6471930E6472931164F1
:107BC00073931264749315647593166476931764B3
:107BD000779318647893196479931A647A931D647F
:107BE0007B931F647C9322647D9323647E9324643F
:107BF0008093256481932764829328648393296406
:107C000084932B6485932E6486932F6487933064CA
:107C100088933164899332648A9333648B93356497
:107C20008C9336648D9337648E9338648F93396464
:107C300090933B6491933C6492933E64939340642D
:107C400094934264959343649693496497934B64E9
:107C500098934C6499934D649A934E649B934F64AC
:107C60009C9350649D9351649E9353649F93556479
:107C7000A0935664A1935764A2935964A3935A6442
:107C8000A4935B64A5935C64A6935D64A7935F640F
:107C9000A8936064A9936164AA936264AB936364DC
:107CA000AC936464AD936564AE936664AF936864AB
:107CB000B0936A64B1936B64B2936C64B3936E6473
:107CC000B4936F64B5937064B6937164B793726440
:107CD000B8937364B9937464BA937564BB93766410
:107CE000BC937764BD937B64BE937C64BF937D64D7
:107CF000C0937E64C1937F64C2938064C3938164A4
:107D0000C4938364C5938664C6938864C793896467
:107D1000C8938A64C9938B64CA938C64CB938D6433
:107D2000CC938E64CD938F64CE939064CF93936401
:107D3000D0939464D1939764D2939864D3939A64C4
:107D4000D4939B64D5939C64D6939D64D7939F648E
:107D5000D893A064D993A164DA93A264DB93A3645B
:107D6000DC93A564DD93A664DE93A764DF93A86427
:107D7000E093AA64E193AB64E293AF64E393B164EC
:107D8000E493B264E593B364E693B464E793B664B2
:107D9000E893B964E993BB64EA93BD64EB93BE6472
:107DA000EC93BF64ED93C164EE93C364EF93C4643A
:107DB000F093C664F193C764F293C864F393C96403
:107DC000F493CA64F593CB64F693CC64F793CF64D1
:107DD000F893D164F993D364FA93D464FB93D56494
:107DE000FC93D664FD93D964FE93DA644094DB641B
:107DF0004194DC644294DD644394DF644494E06421
:107E00004594E1644694E3644794E5644894E764E8
:107E10004994E8644A94E9644B94EA644C94EB64B2
:107E20004D94EC644E94ED644F94EE645094EF6482
:107E30005194F0645294F1645394F2645494F36452
:107E40005594F4645694F5645794F6645894F76422
:107E50005994F8645A94F9645B94FA645C94FB64F2
:107E60005D94FC645E94FD645F94FE646094FF64C2
:107E7000619401656294026563940365649404658A
:107E8000659405656694066567940765689408655A
:107E900069940A656A940B656B940C656C940D6526
:107EA0006D940E656E940F656F94106570941165F6
:107EB00071941365729414657394156574941665C2
:107EC000759417657694196577941A6578941B658F
:107ED00079941C657A941D657B941E657C941F655E
:107EE0007D9420657E94216580942265819423652C
:107EF00082942465839426658494276585942865F7
:107F00008694296587942A6588942C6589942D65C3
:107F10008A9430658B9431658C9432658D94336589
:107F20008E9437658F943A6590943C6591943D6545
:107F30009294406593944165949442659594436509
:107F400096944465979446659894476599944A65D4
:107F50009A944B659B944D659C944E659D94506599
:107F60009E9452659F945365A0945465A19457655F
:107F7000A2945865A3945A65A4945C65A5945F6522
:107F8000A6946065A7946165A8946465A9946565E5
:107F9000AA946765AB946865AC946965AD946A65AD
:107FA000AE946D65AF946E65B0946F65B194716574
:107FB000B2947365B3947565B4947665B594786539
:107FC000B6947965B7947A65B8947B65B9947C6505
:107FD000BA947D65BB947E65BC947F65BD948065D5
:107FE000BE948165BF948265C0948365C1948465A5
:107FF000C2948565C3948665C4948865C594896573
:10800000C6948A65C7948D65C8948E65C9948F653A
:10801000CA949265CB949465CC949565CD949665FD
:10802000CE949865CF949A65D0949D65D1949E65C1
:10803000D294A065D394A265D494A365D594A66583
:10804000D694A865D794AA65D894AC65D994AE6542
:10805000DA94B165DB94B265DC94B365DD94B46504
:10806000DE94B565DF94B665E094B765E194B865D4
:10807000E294BA65E394BB65E494BE65E594BF659C
:10808000E694C065E794C265E894C765E994C8655D
:10809000EA94C965EB94CA65EC94CD65ED94D0651E
:1080A000EE94D165EF94D365F094D465F194D565E1
:1080B000F294D865F394D965F494DA65F594DB65A8
:1080C000F694DC65F794DD65F894DE65F994DF6578
:1080D000FA94E165FB94E365FC94E465FD94EA653C
:1080E000FE94EB654095F2654195F3654295F46524
:1080F0004395F5654495F8654595F9654695FB65A5
:108100004795FC654895FD654995FE654A95FF656F
:108110004B9501664C9504664D9505664E95076630
:108120004F9508665095096651950B6652950D66F8
:1081300053951066549511665595126656951666B8
:10814000579517665895186659951A665A951B667D
:108150005B951C665C951E665D9521665E95226644
:108160005F9523666095246661952666629529660B
:1081700063952A6664952B6665952C6666952E66D2
:108180006795306668953266699533666A95376695
:108190006B9538666C9539666D953A666E953B665B
:1081A0006F953D6670953F66719540667295426623
:1081B00073954466749545667595466676954766EB
:1081C000779548667895496679954A667A954D66B9
:1081D0007B954E667C9550667D9551667E9558667A
:1081E0008095596681955B6682955C6683955D6630
:1081F00084955E66859560668695626687956366FA
:1082000088956566899567668A9569668B956A66BD
:108210008C956B668D956C668E956D668F95716687
:10822000909572669195736692957566939578664A
:108230009495796695957B6696957C6697957D660F
:1082400098957F66999580669A9581669B958366D9
:108250009C9585669D9586669E9588669F958966A0
:10826000A0958A66A1958B66A2958D66A3958E666C
:10827000A4958F66A5959066A6959266A795936638
:10828000A8959466A9959566AA959866AB95996602
:10829000AC959A66AD959B66AE959C66AF959E66CD
:1082A000B0959F66B195A066B295A166B395A2669A
:1082B000B495A366B595A466B695A566B795A6666A
:1082C000B895A966B995AA66BA95AB66BB95AC6632
:1082D000BC95AD66BD95AF66BE95B066BF95B166FF
:1082E000C095B266C195B366C295B566C395B666CC
:1082F000C495B766C595B866C695BA66C795BB6698
:10830000C895BC66C995BD66CA95BF66CB95C06663
:10831000CC95C166CD95C266CE95C366CF95C46631
:10832000D095C566D195C666D295C766D395C86601
:10833000D495C966D595CA66D695CB66D795CC66D1
:10834000D895CD66D995CE66DA95CF66DB95D066A1
:10835000DC95D166DD95D266DE95D366DF95D46671
:10836000E095D566E195D666E295D766E395D86641
:10837000E495DA66E595DE66E695DF66E795E06604
:10838000E895E166E995E266EA95E366EB95E466D1
:10839000EC95E566ED95E766EE95E866EF95EA669D
:1083A000F095EB66F195EC66F295ED66F395EE6669
:1083B000F495EF66F595F166F695F566F795F66630
:1083C000F895F866F995FA66FA95FB66FB95FD66F1
:1083D000FC950167FD950267FE950367409604676B
:1083E00041960567429606674396076744960C6771
:1083F00045960E6746960F6747961167489612672F
:10840000499613674A9616674B9618674C961967F4
:108410004D961A674E961C674F961E6750962067BA
:108420005196216752962267539623675496246784
:1084300055962567569627675796296758962E674B
:10844000599630675A9632675B9633675C96366703
:108450005D9637675E9638675F96396760963B67CB
:1084600061963C6762963E6763963F676496416794
:1084700065964467669645676796476768964A6754
:1084800069964B676A964D676B9652676C96546710
:108490006D9655676E9657676F96586770965967D1
:1084A00071965A6772965B6773965D67749662679A
:1084B000759663677696646777966667789667675A
:1084C00079966B677A966C677B966E677C96716718
:1084D0007D9674677E9676678096786781967967D1
:1084E00082967A6783967B6784967D678596806798
:1084F000869682678796836788968567899686675A
:108500008A9688678B968A678C968C678D968D671E
:108510008E968E678F968F679096916791969267E9
:1085200092969367939694679496966795969967B3
:1085300096969B6797969F679896A0679996A1676E
:108540009A96A4679B96A6679C96A9679D96AC672A
:108550009E96AE679F96B167A096B267A196B467E4
:10856000A296B967A396BA67A496BB67A596BC679F
:10857000A696BD67A796BE67A896BF67A996C0676F
:10858000AA96C267AB96C567AC96C667AD96C76735
:10859000AE96C867AF96C967B096CA67B196CB6703
:1085A000B296CC67B396CD67B496CE67B596D567CD
:1085B000B696D667B796D767B896DB67B996DF6782
:1085C000BA96E167BB96E367BC96E467BD96E6673B
:1085D000BE96E767BF96E867C096EA67C196EB6705
:1085E000C296ED67C396EE67C496F267C596F567C7
:1085F000C696F667C796F767C896F867C996F9678B
:10860000CA96FA67CB96FB67CC96FC67CD96FE6759
:10861000CE960168CF960268D0960368D19604681A
:10862000D2960668D3960D68D4961068D5961268CF
:10863000D6961468D7961568D8961868D99619688A
:10864000DA961A68DB961B68DC961C68DD961E6855
:10865000DE961F68DF962068E0962268E196236820
:10866000E2962468E3962568E4962668E5962768EE
:10867000E6962868E7962B68E8962C68E9962D68B8
:10868000EA962E68EB962F68EC963068ED96316886
:10869000EE963468EF963568F0963668F1963A684B
:1086A000F2963B68F3963F68F4964768F5964B68F8
:1086B000F6964D68F7964F68F8965268F9965668A0
:1086C000FA965768FB965868FC965968FD965A6862
:1086D000FE965B6840975C6841975D6842975E686C
:1086E00043975F6844976A6845976C6846976D68DA
:1086F00047976E6848976F68499770684A9771689E
:108700004B9772684C9773684D9775684E97786869
:108710004F97796850977A6851977B6852977C6831
:1087200053977D6854977E6855977F685697806801
:108730005797826858978468599787685A978868C6
:108740005B9789685C978A685D978B685E978C6891
:108750005F978D6860978E6861979068629791685F
:10876000639792686497946865979568669796682A
:10877000679798686897996869979A686A979B68F5
:108780006B979C686C979D686D979E686E979F68C5
:108790006F97A0687097A1687197A3687297A46893
:1087A0007397A5687497A9687597AA687697AB6858
:1087B0007797AC687897AE687997B1687A97B2681E
:1087C0007B97B4687C97B6687D97B7687E97B868E2
:1087D0008097B9688197BA688297BB688397BC68AD
:1087E0008497BD688597BE688697BF688797C1687C
:1087F0008897C3688997C4688A97C5688B97C66845
:108800008C97C7688D97C8688E97CA688F97CC6811
:108810009097CE689197CF689297D0689397D168D8
:108820009497D3689597D4689697D6689797D768A2
:108830009897D9689997DB689A97DC689B97DD6869
:108840009C97DE689D97DF689E97E1689F97E26836
:10885000A097E468A197E568A297E668A397E76800
:10886000A497E868A597E968A697EA68A797EB68D0
:10887000A897EC68A997ED68AA97EF68AB97F2689C
:10888000AC97F368AD97F468AE97F668AF97F76862
:10889000B097F868B197FB68B297FD68B397FE6828
:1088A000B497FF68B5970069B6970269B7970369EF
:1088B000B8970469B9970669BA970769BB970869B9
:1088C000BC970969BD970A69BE970C69BF970F6984
:1088D000C0971169C1971369C2971469C397156945
:1088E000C4971669C5971769C6971869C797196914
:1088F000C8971A69C9971B69CA971C69CB971D69E4
:10890000CC971E69CD972169CE972269CF972369AD
:10891000D0972569D1972669D2972769D397286977
:10892000D4972969D5972A69D6972B69D7972C6947
:10893000D8972E69D9972F69DA973169DB97326911
:10894000DC973369DD973569DE973669DF973769DC
:10895000E0973869E1973A69E2973B69E3973C69A8
:10896000E4973E69E5974069E6974169E79743696F
:10897000E8974469E9974569EA974669EB9747693B
:10898000EC974869ED974969EE974A69EF974B690B
:10899000F0974C69F1974D69F2974E69F3974F69DB
:1089A000F4975069F5975169F6975269F7975369AB
:1089B000F8975569F9975669FA975869FB97596975
:1089C000FC975B69FD975C69FE975F6940986169F8
:1089D00041986269429864694398656944986769F7
:1089E000459868694698696947986A6948986C69C2
:1089F00049986D694A986F694B9870694C9872698B
:108A00004D9873694E9874694F9875695098766956
:108A100051987A6952987B6953987D6954987E6918
:108A200055987F69569881695798836958988569E0
:108A300059988A695A988B695B988C695C988E6999
:108A40005D988F695E9890695F9891696098926966
:108A5000619893696298966963989769649899692F
:108A600065989A6966989D6967989E6968989F69F4
:108A70006998A0696A98A1696B98A2696C98A369C2
:108A80006D98A4696E98A5696F98A6697098A96990
:108A90007198AA697298AC697398AE697498AF6955
:108AA0007598B0697698B2697798B3697898B5691E
:108AB0007998B6697A98B8697B98B9697C98BA69E7
:108AC0007D98BC697E98BD698098BE698198BF69B0
:108AD0008298C0698398C2698498C3698598C4697B
:108AE0008698C5698798C6698898C7698998C8694A
:108AF0008A98C9698B98CB698C98CD698D98CF6914
:108B00008E98D1698F98D2699098D3699198D569D8
:108B10009298D6699398D7699498D8699598D969A5
:108B20009698DA699798DC699898DD699998DE6972
:108B30009A98E1699B98E2699C98E3699D98E46939
:108B40009E98E5699F98E669A098E769A198E86909
:108B5000A298E969A398EA69A498EB69A598EC69D9
:108B6000A698EE69A798EF69A898F069A998F169A5
:108B7000AA98F369AB98F469AC98F569AD98F66971
:108B8000AE98F769AF98F869B098F969B198FA6941
:108B9000B298FB69B398FC69B498FE69B598006A0D
:108BA000B698016AB798026AB898036AB998046AD5
:108BB000BA98056ABB98066ABC98076ABD98086AA5
:108BC000BE98096ABF980B6AC0980C6AC1980D6A72
:108BD000C2980E6AC3980F6AC498106AC598116A41
:108BE000C698126AC798136AC898146AC998156A11
:108BF000CA98166ACB98196ACC981A6ACD981B6ADB
:108C0000CE981C6ACF981D6AD0981E6AD198206AA7
:108C1000D298226AD398236AD498246AD598256A70
:108C2000D698266AD798276AD898296AD9982B6A3D
:108C3000DA982C6ADB982D6ADC982E6ADD98306A07
:108C4000DE98326ADF98336AE098346AE198366ACF
:108C5000E298376AE398386AE498396AE5983A6A9C
:108C6000E6983B6AE7983C6AE8983F6AE998406A68
:108C7000EA98416AEB98426AEC98436AED98456A33
:108C8000EE98466AEF98486AF098496AF1984A6AFD
:108C9000F2984B6AF3984C6AF4984D6AF5984E6ACC
:108CA000F6984F6AF798516AF898526AF998536A99
:108CB000FA98546AFB98556AFC98566AFD98576A68
:108CC000FE985A6A40995C6A41995D6A42995E6A67
:108CD00043995F6A4499606A4599626A4699636AF2
:108CE0004799646A4899666A4999676A4A99686ABD
:108CF0004B99696A4C996A6A4D996B6A4E996C6A8C
:108D00004F996D6A50996E6A51996F6A5299706A5B
:108D10005399726A5499736A5599746A5699756A27
:108D20005799766A5899776A5999786A5A997A6AF6
:108D30005B997B6A5C997D6A5D997E6A5E997F6AC0
:108D40005F99816A6099826A6199836A6299856A8A
:108D50006399866A6499876A6599886A6699896A57
:108D600067998A6A68998B6A69998C6A6A998D6A27
:108D70006B998F6A6C99926A6D99936A6E99946AED
:108D80006F99956A7099966A7199986A7299996AB9
:108D900073999A6A74999B6A75999C6A76999D6A87
:108DA00077999E6A78999F6A7999A16A7A99A26A55
:108DB0007B99A36A7C99A46A7D99A56A7E99A66A23
:108DC0008099A76A8199A86A8299AA6A8399AD6AEB
:108DD0008499AE6A8599AF6A8699B06A8799B16AB3
:108DE0008899B26A8999B36A8A99B46A8B99B56A83
:108DF0008C99B66A8D99B76A8E99B86A8F99B96A53
:108E00009099BA6A9199BB6A9299BC6A9399BD6A22
:108E10009499BE6A9599BF6A9699C06A9799C16AF2
:108E20009899C26A9999C36A9A99C46A9B99C56AC2
:108E30009C99C66A9D99C76A9E99C86A9F99C96A92
:108E4000A099CA6AA199CB6AA299CC6AA399CD6A62
:108E5000A499CE6AA599CF6AA699D06AA799D16A32
:108E6000A899D26AA999D36AAA99D46AAB99D56A02
:108E7000AC99D66AAD99D76AAE99D86AAF99D96AD2
:108E8000B099DA6AB199DB6AB299DC6AB399DD6AA2
:108E9000B499DE6AB599DF6AB699E06AB799E16A72
:108EA000B899E26AB999E36ABA99E46ABB99E56A42
:108EB000BC99E66ABD99E76ABE99E86ABF99E96A12
:108EC000C099EA6AC199EB6AC299EC6AC399ED6AE2
:108ED000C499EE6AC599EF6AC699F06AC799F16AB2
:108EE000C899F26AC999F36ACA99F46ACB99F56A82
:108EF000CC99F66ACD99F76ACE99F86ACF99F96A52
:108F0000D099FA6AD199FB6AD299FC6AD399FD6A21
:108F1000D499FE6AD599FF6AD699006BD799016BEF
:108F2000D899026BD999036BDA99046BDB99056BBD
:108F3000DC99066BDD99076BDE99086BDF99096B8D
:108F4000E0990A6BE1990B6BE2990C6BE3990D6B5D
:108F5000E4990E6BE5990F6BE699106BE799116B2D
:108F6000E899126BE999136BEA99146BEB99156BFD
:108F7000EC99166BED99176BEE99186BEF99196BCD
:108F8000F0991A6BF1991B6BF2991C6BF3991D6B9D
:108F9000F4991E6BF5991F6BF699256BF799266B63
:108FA000F899286BF999296BFA992A6BFB992B6B25
:108FB000FC992C6BFD992D6BFE992E6B409A2F6BB3
:108FC000419A306B429A316B439A336B449A346BBB
:108FD000459A356B469A366B479A386B489A3B6B85
:108FE000499A3C6B4A9A3D6B4B9A3F6B4C9A406B4B
:108FF0004D9A416B4E9A426B4F9A446B509A456B17
:10900000519A486B529A4A6B539A4B6B549A4D6BD8
:10901000559A4E6B569A4F6B579A506B589A516BA4
:10902000599A526B5A9A536B5B9A546B5C9A556B74
:109030005D9A566B5E9A576B5F9A586B609A5A6B43
:10904000619A5B6B629A5C6B639A5D6B649A5E6B10
:10905000659A5F6B669A606B679A616B689A686BDA
:10906000699A696B6A9A6B6B6B9A6C6B6C9A6D6B95
:109070006D9A6E6B6E9A6F6B6F9A706B709A716B64
:10908000719A726B729A736B739A746B749A756B34
:10909000759A766B769A776B779A786B789A7A6B03
:1090A000799A7D6B7A9A7E6B7B9A7F6B7C9A806BC8
:1090B0007D9A856B7E9A886B809A8C6B819A8E6B79
:1090C000829A8F6B839A906B849A916B859A946B3A
:1090D000869A956B879A976B889A986B899A996B01
:1090E0008A9A9C6B8B9A9D6B8C9A9E6B8D9A9F6BC8
:1090F0008E9AA06B8F9AA26B909AA36B919AA46B95
:10910000929AA56B939AA66B949AA76B959AA86B63
:10911000969AA96B979AAB6B989AAC6B999AAD6B30
:109120009A9AAE6B9B9AAF6B9C9AB06B9D9AB16BFF
:109130009E9AB26B9F9AB66BA09AB86BA19AB96BC4
:10914000A29ABA6BA39ABB6BA49ABC6BA59ABD6B8F
:10915000A69ABE6BA79AC06BA89AC36BA99AC46B58
:10916000AA9AC66BAB9AC76BAC9AC86BAD9AC96B1F
:10917000AE9ACA6BAF9ACC6BB09ACE6BB19AD06BE9
:10918000B29AD16BB39AD86BB49ADA6BB59ADC6B9E
:10919000B69ADD6BB79ADE6BB89ADF6BB99AE06B63
:1091A000BA9AE26BBB9AE36BBC9AE46BBD9AE56B2F
:1091B000BE9AE66BBF9AE76BC09AE86BC19AE96BFF
:1091C000C29AEC6BC39AED6BC49AEE6BC59AF06BC6
:1091D000C69AF16BC79AF26BC89AF46BC99AF66B90
:1091E000CA9AF76BCB9AF86BCC9AFA6BCD9AFB6B59
:1091F000CE9AFC6BCF9AFE6BD09AFF6BD19A006C23
:10920000D29A016CD39A026CD49A036CD59A046CEE
:10921000D69A086CD79A096CD89A0A6CD99A0B6CB2
:10922000DA9A0C6CDB9A0E6CDC9A126CDD9A176C75
:10923000DE9A1C6CDF9A1D6CE09A1E6CE19A206C21
:10924000E29A236CE39A256CE49A2B6CE59A2C6CD9
:10925000E69A2D6CE79A316CE89A336CE99A366C91
:10926000EA9A376CEB9A396CEC9A3A6CED9A3B6C53
:10927000EE9A3C6CEF9A3E6CF09A3F6CF19A436C1C
:10928000F29A446CF39A456CF49A486CF59A4B6CDC
:10929000F69A4C6CF79A4D6CF89A4E6CF99A4F6CA2
:1092A000FA9A516CFB9A526CFC9A536CFD9A566C6C
:1092B000FE9A586C409B596C419B5A6C429B626C65
:1092C000439B636C449B656C459B666C469B676CDB
:1092D000479B6B6C489B6C6C499B6D6C4A9B6E6C9E
:1092E0004B9B6F6C4C9B716C4D9B736C4E9B756C68
:1092F0004F9B776C509B786C519B7A6C529B7B6C2C
:10930000539B7C6C549B7F6C559B806C569B846CF0
:10931000579B876C589B8A6C599B8B6C5A9B8D6CA6
:109320005B9B8E6C5C9B916C5D9B926C5E9B956C69
:109330005F9B966C609B976C619B986C629B9A6C30
:10934000639B9C6C649B9D6C659B9E6C669BA06CF8
:10935000679BA26C689BA86C699BAC6C6A9BAF6CAA
:109360006B9BB06C6C9BB46C6D9BB56C6E9BB66C60
:109370006F9BB76C709BBA6C719BC06C729BC16C1D
:10938000739BC26C749BC36C759BC66C769BC76CDD
:10939000779BC86C789BCB6C799BCD6C7A9BCE6CA1
:1093A0007B9BCF6C7C9BD16C7D9BD26C7E9BD86C65
:1093B000809BD96C819BDA6C829BDC6C839BDD6C1F
:1093C000849BDF6C859BE46C869BE66C879BE76CDB
:1093D000889BE96C899BEC6C8A9BED6C8B9BF26C97
:1093E0008C9BF46C8D9BF96C8E9BFF6C8F9B006D3E
:1093F000909B026D919B036D929B056D939B066DF7
:10940000949B086D959B096D969B0A6D979B0D6DBE
:10941000989B0F6D999B106D9A9B116D9B9B136D83
:109420009C9B146D9D9B156D9E9B166D9F9B186D4F
:10943000A09B1C6DA19B1D6DA29B1F6DA39B206D0E
:10944000A49B216DA59B226DA69B236DA79B246DDC
:10945000A89B266DA99B286DAA9B296DAB9B2C6DA3
:10946000AC9B2D6DAD9B2F6DAE9B306DAF9B346D66
:10947000B09B366DB19B376DB29B386DB39B3A6D27
:10948000B49B3F6DB59B406DB69B426DB79B446DE1
:10949000B89B496DB99B4C6DBA9B506DBB9B556D8C
:1094A000BC9B566DBD9B576DBE9B586DBF9B5B6D46
:1094B000C09B5D6DC19B5F6DC29B616DC39B626D07
:1094C000C49B646DC59B656DC69B676DC79B686DCE
:1094D000C89B6B6DC99B6C6DCA9B6D6DCB9B706D92
:1094E000CC9B716DCD9B726DCE9B736DCF9B756D5B
:1094F000D09B766DD19B796DD29B7A6DD39B7B6D22
:10950000D49B7D6DD59B7E6DD69B7F6DD79B806DEB
:10951000D89B816DD99B836DDA9B846DDB9B866DB7
:10952000DC9B876DDD9B8A6DDE9B8B6DDF9B8D6D7C
:10953000E09B8F6DE19B906DE29B926DE39B966D3E
:10954000E49B976DE59B986DE69B996DE79B9A6D03
:10955000E89B9C6DE99BA26DEA9BA56DEB9BAC6DB6
:10956000EC9BAD6DED9BB06DEE9BB16DEF9BB36D64
:10957000F09BB46DF19BB66DF29BB76DF39BB96D2B
:10958000F49BBA6DF59BBB6DF69BBC6DF79BBD6DF7
:10959000F89BBE6DF99BC16DFA9BC26DFB9BC36DC1
:1095A000FC9BC86DFD9BC96DFE9BCA6D409CCD6D3B
:1095B000419CCE6D429CCF6D439CD06D449CD26D3E
:1095C000459CD36D469CD46D479CD56D489CD76D0A
:1095D000499CDA6D4A9CDB6D4B9CDC6D4C9CDF6DCD
:1095E0004D9CE26D4E9CE36D4F9CE56D509CE76D8C
:1095F000519CE86D529CE96D539CEA6D549CED6D55
:10960000559CEF6D569CF06D579CF26D589CF46D17
:10961000599CF56D5A9CF66D5B9CF86D5C9CFA6DDF
:109620005D9CFD6D5E9CFE6D5F9CFF6D609C006EA1
:10963000619C016E629C026E639C036E649C046E6E
:10964000659C066E669C076E679C086E689C096E3A
:10965000699C0B6E6A9C0F6E6B9C126E6C9C136EF9
:109660006D9C156E6E9C186E6F9C196E709C1B6EB7
:10967000719C1C6E729C1E6E739C1F6E749C226E7D
:10968000759C266E769C276E779C286E789C2A6E39
:10969000799C2C6E7A9C2E6E7B9C306E7C9C316EFD
:1096A0007D9C336E7E9C356E809C366E819C376EC1
:1096B000829C396E839C3B6E849C3C6E859C3D6E87
:1096C000869C3E6E879C3F6E889C406E899C416E56
:1096D0008A9C426E8B9C456E8C9C466E8D9C476E20
:1096E0008E9C486E8F9C496E909C4A6E919C4B6EEE
:1096F000929C4C6E939C4F6E949C506E959C516EB8
:10970000969C526E979C556E989C576E999C596E7C
:109710009A9C5A6E9B9C5C6E9C9C5D6E9D9C5E6E42
:109720009E9C606E9F9C616EA09C626EA19C636E0D
:10973000A29C646EA39C656EA49C666EA59C676EDD
:10974000A69C686EA79C696EA89C6A6EA99C6C6EAC
:10975000AA9C6D6EAB9C6F6EAC9C706EAD9C716E76
:10976000AE9C726EAF9C736EB09C746EB19C756E45
:10977000B29C766EB39C776EB49C786EB59C796E15
:10978000B69C7A6EB79C7B6EB89C7C6EB99C7D6EE5
:10979000BA9C806EBB9C816EBC9C826EBD9C846EAC
:1097A000BE9C876EBF9C886EC09C8A6EC19C8B6E6F
:1097B000C29C8C6EC39C8D6EC49C8E6EC59C916E3B
:1097C000C69C926EC79C936EC89C946EC99C956E05
:1097D000CA9C966ECB9C976ECC9C996ECD9C9A6ED3
:1097E000CE9C9B6ECF9C9D6ED09C9E6ED19CA06E9D
:1097F000D29CA16ED39CA36ED49CA46ED59CA66E65
:10980000D69CA86ED79CA96ED89CAB6ED99CAC6E2A
:10981000DA9CAD6EDB9CAE6EDC9CB06EDD9CB36EF4
:10982000DE9CB56EDF9CB86EE09CB96EE19CBC6EB0
:10983000E29CBE6EE39CBF6EE49CC06EE59CC36E72
:10984000E69CC46EE79CC56EE89CC66EE99CC86E3B
:10985000EA9CC96EEB9CCA6EEC9CCC6EED9CCD6E06
:10986000EE9CCE6EEF9CD06EF09CD26EF19CD66ECC
:10987000F29CD86EF39CD96EF49CDB6EF59CDC6E8A
:10988000F69CDD6EF79CE36EF89CE76EF99CEA6E41
:10989000FA9CEB6EFB9CEC6EFC9CED6EFD9CEE6E00
:1098A000FE9CEF6E409DF06E419DF16E429DF26E0A
:1098B000439DF36E449DF56E459DF66E469DF76E95
:1098C000479DF86E489DFA6E499DFB6E4A9DFC6E61
:1098D0004B9DFD6E4C9DFE6E4D9DFF6E4E9D006F2F
:1098E0004F9D016F509D036F519D046F529D056FF9
:1098F000539D076F549D086F559D0A6F569D0B6FC2
:10990000579D0C6F589D0D6F599D0E6F5A9D106F8E
:109910005B9D116F5C9D126F5D9D166F5E9D176F55
:109920005F9D186F609D196F619D1A6F629D1B6F1F
:10993000639D1C6F649D1D6F659D1E6F669D1F6FEF
:10994000679D216F689D226F699D236F6A9D256FBA
:109950006B9D266F6C9D276F6D9D286F6E9D2C6F84
:109960006F9D2E6F709D306F719D326F729D346F41
:10997000739D356F749D376F759D386F769D396F08
:10998000779D3A6F789D3B6F799D3C6F7A9D3D6FD7
:109990007B9D3F6F7C9D406F7D9D416F7E9D426FA3
:1099A000809D436F819D446F829D456F839D486F6D
:1099B000849D496F859D4A6F869D4C6F879D4E6F34
:1099C000889D4F6F899D506F8A9D516F8B9D526FFF
:1099D0008C9D536F8D9D546F8E9D556F8F9D566FCF
:1099E000909D576F919D596F929D5A6F939D5B6F9C
:1099F000949D5D6F959D5F6F969D606F979D616F64
:109A0000989D636F999D646F9A9D656F9B9D676F2D
:109A10009C9D686F9D9D696F9E9D6A6F9F9D6B6FFA
:109A2000A09D6C6FA19D6F6FA29D706FA39D716FC4
:109A3000A49D736FA59D756FA69D766FA79D776F8B
:109A4000A89D796FA99D7B6FAA9D7D6FAB9D7E6F51
:109A5000AC9D7F6FAD9D806FAE9D816FAF9D826F1E
:109A6000B09D836FB19D856FB29D866FB39D876FEB
:109A7000B49D8A6FB59D8B6FB69D8F6FB79D906FAC
:109A8000B89D916FB99D926FBA9D936FBB9D946F76
:109A9000BC9D956FBD9D966FBE9D976FBF9D986F46
:109AA000C09D996FC19D9A6FC29D9B6FC39D9D6F15
:109AB000C49D9E6FC59D9F6FC69DA06FC79DA26FE1
:109AC000C89DA36FC99DA46FCA9DA56FCB9DA66FAE
:109AD000CC9DA86FCD9DA96FCE9DAA6FCF9DAB6F7A
:109AE000D09DAC6FD19DAD6FD29DAE6FD39DAF6F4A
:109AF000D49DB06FD59DB16FD69DB26FD79DB46F19
:109B0000D89DB56FD99DB76FDA9DB86FDB9DBA6FE1
:109B1000DC9DBB6FDD9DBC6FDE9DBD6FDF9DBE6FAD
:109B2000E09DBF6FE19DC16FE29DC36FE39DC46F78
:109B3000E49DC56FE59DC66FE69DC76FE79DC86F45
:109B4000E89DCA6FE99DCB6FEA9DCC6FEB9DCD6F11
:109B5000EC9DCE6FED9DCF6FEE9DD06FEF9DD36FDF
:109B6000F09DD46FF19DD56FF29DD66FF39DD76FA9
:109B7000F49DD86FF59DD96FF69DDA6FF79DDB6F79
:109B8000F89DDC6FF99DDD6FFA9DDF6FFB9DE26F45
:109B9000FC9DE36FFD9DE46FFE9DE56F409EE66FCB
:109BA000419EE76F429EE86F439EE96F449EEA6FD5
:109BB000459EEB6F469EEC6F479EED6F489EF06FA3
:109BC000499EF16F4A9EF26F4B9EF36F4C9EF46F6D
:109BD0004D9EF56F4E9EF66F4F9EF76F509EF86F3D
:109BE000519EF96F529EFA6F539EFB6F549EFC6F0D
:109BF000559EFD6F569EFE6F579EFF6F589E0070DC
:109C0000599E01705A9E02705B9E03705C9E0470A8
:109C10005D9E05705E9E06705F9E0770609E087078
:109C2000619E0970629E0A70639E0B70649E0C7048
:109C3000659E0D70669E0E70679E0F70689E107018
:109C4000699E12706A9E13706B9E14706C9E1570E4
:109C50006D9E16706E9E17706F9E1870709E1970B4
:109C6000719E1C70729E1D70739E1E70749E1F707C
:109C7000759E2070769E2170779E2270789E24704B
:109C8000799E25707A9E26707B9E27707C9E287018
:109C90007D9E29707E9E2A70809E2B70819E2C70E6
:109CA000829E2D70839E2E70849E2F70859E3070B4
:109CB000869E3170879E3270889E3370899E347084
:109CC0008A9E36708B9E37708C9E38708D9E3A704F
:109CD0008E9E3B708F9E3C70909E3D70919E3E701C
:109CE000929E3F70939E4070949E4170959E4270EC
:109CF000969E4370979E4470989E4570999E4670BC
:109D00009A9E47709B9E48709C9E49709D9E4A708B
:109D10009E9E4B709F9E4D70A09E4E70A19E507057
:109D2000A29E5170A39E5270A49E5370A59E547023
:109D3000A69E5570A79E5670A89E5770A99E5870F3
:109D4000AA9E5970AB9E5A70AC9E5B70AD9E5C70C3
:109D5000AE9E5D70AF9E5F70B09E6070B19E617090
:109D6000B29E6270B39E6370B49E6470B59E65705F
:109D7000B69E6670B79E6770B89E6870B99E69702F
:109D8000BA9E6A70BB9E6E70BC9E7170BD9E7270F2
:109D9000BE9E7370BF9E7470C09E7770C19E7970B6
:109DA000C29E7A70C39E7B70C49E7D70C59E81707A
:109DB000C69E8270C79E8370C89E8470C99E86703E
:109DC000CA9E8770CB9E8870CC9E8B70CD9E8C7007
:109DD000CE9E8D70CF9E8F70D09E9070D19E9170D0
:109DE000D29E9370D39E9770D49E9870D59E9A7091
:109DF000D69E9B70D79E9E70D89E9F70D99EA07055
:109E0000DA9EA170DB9EA270DC9EA370DD9EA47022
:109E1000DE9EA570DF9EA670E09EA770E19EA870F2
:109E2000E29EA970E39EAA70E49EB070E59EB270B7
:109E3000E69EB470E79EB570E89EB670E99EBA7073
:109E4000EA9EBE70EB9EBF70EC9EC470ED9EC57026
:109E5000EE9EC670EF9EC770F09EC970F19ECB70EB
:109E6000F29ECC70F39ECD70F49ECE70F59ECF70B6
:109E7000F69ED070F79ED170F89ED270F99ED37086
:109E8000FA9ED470FB9ED570FC9ED670FD9ED77056
:109E9000FE9EDA70409FDC70419FDD70429FDE7055
:109EA000439FE070449FE170459FE270469FE370DE
:109EB000479FE570489FEA70499FEE704A9FF07097
:109EC0004B9FF1704C9FF2704D9FF3704E9FF4705A
:109ED0004F9FF570509FF670519FF870529FFA7027
:109EE000539FFB70549FFC70559FFE70569FFF70F0
:109EF000579F0071589F0171599F02715A9F0371BA
:109F00005B9F04715C9F05715D9F06715E9F077189
:109F10005F9F0871609F0B71619F0C71629F0D7153
:109F2000639F0E71649F0F71659F1171669F12711F
:109F3000679F1471689F1771699F1B716A9F1C71DD
:109F40006B9F1D716C9F1E716D9F1F716E9F2071A5
:109F50006F9F2171709F2271719F2371729F247175
:109F6000739F2571749F2771759F2871769F297142
:109F7000779F2A71789F2B71799F2C717A9F2D7111
:109F80007B9F2E717C9F32717D9F33717E9F3471D8
:109F9000809F3571819F3771829F3871839F39719E
:109FA000849F3A71859F3B71869F3C71879F3D716D
:109FB000889F3E71899F3F718A9F40718B9F41713D
:109FC0008C9F42718D9F43718E9F44718F9F46710C
:109FD000909F4771919F4871929F4971939F4B71D8
:109FE000949F4D71959F4F71969F5071979F51719E
:109FF000989F5271999F53719A9F54719B9F55716D
:10A000009C9F56719D9F57719E9F58719F9F59713C
:10A01000A09F5A71A19F5B71A29F5D71A39F5F7109
:10A02000A49F6071A59F6171A69F6271A79F6371D4
:10A03000A89F6571A99F6971AA9F6A71AB9F6B7197
:10A04000AC9F6C71AD9F6D71AE9F6F71AF9F707162
:10A05000B09F7171B19F7471B29F7571B39F76712A
:10A06000B49F7771B59F7971B69F7B71B79F7C71F3
:10A07000B89F7E71B99F7F71BA9F8071BB9F8171BC
:10A08000BC9F8271BD9F8371BE9F8571BF9F86718A
:10A09000C09F8771C19F8871C29F8971C39F8B7157
:10A0A000C49F8C71C59F8D71C69F8E71C79F907123
:10A0B000C89F9171C99F9271CA9F9371CB9F9571EF
:10A0C000CC9F9671CD9F9771CE9F9A71CF9F9B71B8
:10A0D000D09F9C71D19F9D71D29F9E71D39FA17182
:10A0E000D49FA271D59FA371D69FA471D79FA5714C
:10A0F000D89FA671D99FA771DA9FA971DB9FAA711A
:10A10000DC9FAB71DD9FAD71DE9FAE71DF9FAF71E4
:10A11000E09FB071E19FB171E29FB271E39FB471B2
:10A12000E49FB671E59FB771E69FB871E79FBA717A
:10A13000E89FBB71E99FBC71EA9FBD71EB9FBE7147
:10A14000EC9FBF71ED9FC071EE9FC171EF9FC27117
:10A15000F09FC471F19FC571F29FC671F39FC771E3
:10A16000F49FC871F59FC971F69FCA71F79FCB71B3
:10A17000F89FCC71F99FCD71FA9FCF71FB9FD07181
:10A18000FC9FD171FD9FD271FE9FD37140A0D6710B
:10A1900041A0D77142A0D87143A0D97144A0DA710F
:10A1A00045A0DB7146A0DC7147A0DD7148A0DE71DF
:10A1B00049A0DF714AA0E1714BA0E2714CA0E371AC
:10A1C0004DA0E4714EA0E6714FA0E87150A0E97176
:10A1D00051A0EA7152A0EB7153A0EC7154A0ED7143
:10A1E00055A0EF7156A0F07157A0F17158A0F2710F
:10A1F00059A0F3715AA0F4715BA0F5715CA0F671DF
:10A200005DA0F7715EA0F8715FA0FA7160A0FB71AC
:10A2100061A0FC7162A0FD7163A0FE7164A0FF717A
:10A2200065A0007266A0017267A0027268A0037246
:10A2300069A004726AA005726BA007726CA0087214
:10A240006DA009726EA00A726FA00B7270A00C72E2
:10A2500071A00D7272A00E7273A00F7274A01072B2
:10A2600075A0117276A0127277A0137278A0147282
:10A2700079A015727AA016727BA017727CA0187252
:10A280007DA019727EA01A7280A01B7281A01C7220
:10A2900082A01E7283A01F7284A0207285A02172EA
:10A2A00086A0227287A0237288A0247289A02572BA
:10A2B0008AA026728BA027728CA029728DA02B7287
:10A2C0008EA02D728FA02E7290A02F7291A032724C
:10A2D00092A0337293A0347294A03A7295A03C720B
:10A2E00096A03E7297A0407298A0417299A04272C7
:10A2F0009AA043729BA044729CA045729DA0467296
:10A300009EA049729FA04A72A0A04B72A1A04E725B
:10A31000A2A04F72A3A05072A4A05172A5A0537224
:10A32000A6A05472A7A05572A8A05772A9A05872EF
:10A33000AAA05A72ABA05C72ACA05E72ADA06072B3
:10A34000AEA06372AFA06472B0A06572B1A0687273
:10A35000B2A06A72B3A06B72B4A06C72B5A06D7239
:10A36000B6A07072B7A07172B8A07372B9A07472FF
:10A37000BAA07672BBA07772BCA07872BDA07B72C7
:10A38000BEA07C72BFA07D72C0A08272C1A0837289
:10A39000C2A08572C3A08672C4A08772C5A088724D
:10A3A000C6A08972C7A08C72C8A08E72C9A0907214
:10A3B000CAA09172CBA09372CCA09472CDA09572DA
:10A3C000CEA09672CFA09772D0A09872D1A09972A9
:10A3D000D2A09A72D3A09B72D4A09C72D5A09D7279
:10A3E000D6A09E72D7A0A072D8A0A172D9A0A27246
:10A3F000DAA0A372DBA0A472DCA0A572DDA0A67215
:10A40000DEA0A772DFA0A872E0A0A972E1A0AA72E4
:10A41000E2A0AB72E3A0AE72E4A0B172E5A0B272AA
:10A42000E6A0B372E7A0B572E8A0BA72E9A0BB7269
:10A43000EAA0BC72EBA0BD72ECA0BE72EDA0BF7230
:10A44000EEA0C072EFA0C572F0A0C672F1A0C772F4
:10A45000F2A0C972F3A0CA72F4A0CB72F5A0CC72BC
:10A46000F6A0CF72F7A0D172F8A0D372F9A0D4727F
:10A47000FAA0D572FBA0D672FCA0D872FDA0DA7249
:10A48000FEA0DB72A1A10030A2A10130A3A1023085
:10A49000A4A1B700A5A1C902A6A1C702A7A1A800AF
:10A4A000A8A10330A9A10530AAA11420ABA15EFF89
:10A4B000ACA11620ADA12620AEA11820AFA1192075
:10A4C000B0A11C20B1A11D20B2A11430B3A1153040
:10A4D000B4A10830B5A10930B6A10A30B7A10B303C
:10A4E000B8A10C30B9A10D30BAA10E30BBA10F300C
:10A4F000BCA11630BDA11730BEA11030BFA11130D4
:10A50000C0A1B100C1A1D700C2A1F700C3A13622EA
:10A51000C4A12722C5A12822C6A11122C7A10F22AA
:10A52000C8A12A22C9A12922CAA10822CBA1372267
:10A53000CCA11A22CDA1A522CEA12522CFA12022D5
:10A54000D0A11223D1A19922D2A12B22D3A12E22B4
:10A55000D4A16122D5A14C22D6A14822D7A13D2267
:10A56000D8A11D22D9A16022DAA16E22DBA16F221F
:10A57000DCA16422DDA16522DEA11E22DFA135223D
:10A58000E0A13422E1A14226E2A14026E3A1B000ED
:10A59000E4A13220E5A13320E6A10321E7A104FFD5
:10A5A000E8A1A400E9A1E0FFEAA1E1FFEBA13020CE
:10A5B000ECA1A700EDA11621EEA10626EFA105262C
:10A5C000F0A1CB25F1A1CF25F2A1CE25F3A1C7257E
:10A5D000F4A1C625F5A1A125F6A1A025F7A1B325D3
:10A5E000F8A1B225F9A13B20FAA19221FBA190216B
:10A5F000FCA19121FDA19321FEA11330A1A2702104
:10A60000A2A27121A3A27221A4A27321A5A27421E6
:10A61000A6A27521A7A27621A8A27721A9A27821B6
:10A62000AAA27921B1A28824B2A28924B3A28A2441
:10A63000B4A28B24B5A28C24B6A28D24B7A28E24FA
:10A64000B8A28F24B9A29024BAA29124BBA29224CA
:10A65000BCA29324BDA29424BEA29524BFA296249A
:10A66000C0A29724C1A29824C2A29924C3A29A246A
:10A67000C4A29B24C5A27424C6A27524C7A27624B2
:10A68000C8A27724C9A27824CAA27924CBA27A24AA
:10A69000CCA27B24CDA27C24CEA27D24CFA27E247A
:10A6A000D0A27F24D1A28024D2A28124D3A282244A
:10A6B000D4A28324D5A28424D6A28524D7A286241A
:10A6C000D8A28724D9A26024DAA26124DBA2622462
:10A6D000DCA26324DDA26424DEA26524DFA266245A
:10A6E000E0A26724E1A26824E2A26924E5A2203264
:10A6F000E6A22132E7A22232E8A22332E9A22432E2
:10A70000EAA22532EBA22632ECA22732EDA22832B1
:10A71000EEA22932F1A26021F2A26121F3A262210C
:10A72000F4A26321F5A26421F6A26521F7A26621B5
:10A73000F8A26721F9A26821FAA26921FBA26A2185
:10A74000FCA26B21A1A301FFA2A302FFA3A303FF0D
:10A75000A4A3E5FFA5A305FFA6A306FFA7A307FFE4
:10A76000A8A308FFA9A309FFAAA30AFFABA30BFF95
:10A77000ACA30CFFADA30DFFAEA30EFFAFA30FFF65
:10A78000B0A310FFB1A311FFB2A312FFB3A313FF35
:10A79000B4A314FFB5A315FFB6A316FFB7A317FF05
:10A7A000B8A318FFB9A319FFBAA31AFFBBA31BFFD5
:10A7B000BCA31CFFBDA31DFFBEA31EFFBFA31FFFA5
:10A7C000C0A320FFC1A321FFC2A322FFC3A323FF75
:10A7D000C4A324FFC5A325FFC6A326FFC7A327FF45
:10A7E000C8A328FFC9A329FFCAA32AFFCBA32BFF15
:10A7F000CCA32CFFCDA32DFFCEA32EFFCFA32FFFE5
:10A80000D0A330FFD1A331FFD2A332FFD3A333FFB4
:10A81000D4A334FFD5A335FFD6A336FFD7A337FF84
:10A82000D8A338FFD9A339FFDAA33AFFDBA33BFF54
:10A83000DCA33CFFDDA33DFFDEA33EFFDFA33FFF24
:10A84000E0A340FFE1A341FFE2A342FFE3A343FFF4
:10A85000E4A344FFE5A345FFE6A346FFE7A347FFC4
:10A86000E8A348FFE9A349FFEAA34AFFEBA34BFF94
:10A87000ECA34CFFEDA34DFFEEA34EFFEFA34FFF64
:10A88000F0A350FFF1A351FFF2A352FFF3A353FF34
:10A89000F4A354FFF5A355FFF6A356FFF7A357FF04
:10A8A000F8A358FFF9A359FFFAA35AFFFBA35BFFD4
:10A8B000FCA35CFFFDA35DFFFEA3E3FFA1A4413069
:10A8C000A2A44230A3A44330A4A44430A5A445309C
:10A8D000A6A44630A7A44730A8A44830A9A449306C
:10A8E000AAA44A30ABA44B30ACA44C30ADA44D303C
:10A8F000AEA44E30AFA44F30B0A45030B1A451300C
:10A90000B2A45230B3A45330B4A45430B5A45530DB
:10A91000B6A45630B7A45730B8A45830B9A45930AB
:10A92000BAA45A30BBA45B30BCA45C30BDA45D307B
:10A93000BEA45E30BFA45F30C0A46030C1A461304B
:10A94000C2A46230C3A46330C4A46430C5A465301B
:10A95000C6A46630C7A46730C8A46830C9A46930EB
:10A96000CAA46A30CBA46B30CCA46C30CDA46D30BB
:10A97000CEA46E30CFA46F30D0A47030D1A471308B
:10A98000D2A47230D3A47330D4A47430D5A475305B
:10A99000D6A47630D7A47730D8A47830D9A479302B
:10A9A000DAA47A30DBA47B30DCA47C30DDA47D30FB
:10A9B000DEA47E30DFA47F30E0A48030E1A48130CB
:10A9C000E2A48230E3A48330E4A48430E5A485309B
:10A9D000E6A48630E7A48730E8A48830E9A489306B
:10A9E000EAA48A30EBA48B30ECA48C30EDA48D303B
:10A9F000EEA48E30EFA48F30F0A49030F1A491300B
:10AA0000F2A49230F3A49330A1A5A130A2A5A23064
:10AA1000A3A5A330A4A5A430A5A5A530A6A5A630BE
:10AA2000A7A5A730A8A5A830A9A5A930AAA5AA308E
:10AA3000ABA5AB30ACA5AC30ADA5AD30AEA5AE305E
:10AA4000AFA5AF30B0A5B030B1A5B130B2A5B2302E
:10AA5000B3A5B330B4A5B430B5A5B530B6A5B630FE
:10AA6000B7A5B730B8A5B830B9A5B930BAA5BA30CE
:10AA7000BBA5BB30BCA5BC30BDA5BD30BEA5BE309E
:10AA8000BFA5BF30C0A5C030C1A5C130C2A5C2306E
:10AA9000C3A5C330C4A5C430C5A5C530C6A5C6303E
:10AAA000C7A5C730C8A5C830C9A5C930CAA5CA300E
:10AAB000CBA5CB30CCA5CC30CDA5CD30CEA5CE30DE
:10AAC000CFA5CF30D0A5D030D1A5D130D2A5D230AE
:10AAD000D3A5D330D4A5D430D5A5D530D6A5D6307E
:10AAE000D7A5D730D8A5D830D9A5D930DAA5DA304E
:10AAF000DBA5DB30DCA5DC30DDA5DD30DEA5DE301E
:10AB0000DFA5DF30E0A5E030E1A5E130E2A5E230ED
:10AB1000E3A5E330E4A5E430E5A5E530E6A5E630BD
:10AB2000E7A5E730E8A5E830E9A5E930EAA5EA308D
:10AB3000EBA5EB30ECA5EC30EDA5ED30EEA5EE305D
:10AB4000EFA5EF30F0A5F030F1A5F130F2A5F2302D
:10AB5000F3A5F330F4A5F430F5A5F530F6A5F630FD
:10AB6000A1A69103A2A69203A3A69303A4A694036D
:10AB7000A5A69503A6A69603A7A69703A8A698033D
:10AB8000A9A69903AAA69A03ABA69B03ACA69C030D
:10AB9000ADA69D03AEA69E03AFA69F03B0A6A003DD
:10ABA000B1A6A103B2A6A303B3A6A403B4A6A503AA
:10ABB000B5A6A603B6A6A703B7A6A803B8A6A90379
:10ABC000C1A6B103C2A6B203C3A6B303C4A6B4030D
:10ABD000C5A6B503C6A6B603C7A6B703C8A6B803DD
:10ABE000C9A6B903CAA6BA03CBA6BB03CCA6BC03AD
:10ABF000CDA6BD03CEA6BE03CFA6BF03D0A6C0037D
:10AC0000D1A6C103D2A6C303D3A6C403D4A6C50349
:10AC1000D5A6C603D6A6C703D7A6C803D8A6C90318
:10AC2000E0A635FEE1A636FEE2A639FEE3A63AFE30
:10AC3000E4A63FFEE5A640FEE6A63DFEE7A63EFEF4
:10AC4000E8A641FEE9A642FEEAA643FEEBA644FEC4
:10AC5000EEA63BFEEFA63CFEF0A637FEF1A638FEC0
:10AC6000F2A631FEF4A633FEF5A634FEA1A7100429
:10AC7000A2A71104A3A71204A4A71304A5A7140450
:10AC8000A6A71504A7A70104A8A71604A9A7170437
:10AC9000AAA71804ABA71904ACA71A04ADA71B04F4
:10ACA000AEA71C04AFA71D04B0A71E04B1A71F04C4
:10ACB000B2A72004B3A72104B4A72204B5A7230494
:10ACC000B6A72404B7A72504B8A72604B9A7270464
:10ACD000BAA72804BBA72904BCA72A04BDA72B0434
:10ACE000BEA72C04BFA72D04C0A72E04C1A72F0404
:10ACF000D1A73004D2A73104D3A73204D4A7330498
:10AD0000D5A73404D6A73504D7A75104D8A736044D
:10AD1000D9A73704DAA73804DBA73904DCA73A043B
:10AD2000DDA73B04DEA73C04DFA73D04E0A73E040B
:10AD3000E1A73F04E2A74004E3A74104E4A74204DB
:10AD4000E5A74304E6A74404E7A74504E8A74604AB
:10AD5000E9A74704EAA74804EBA74904ECA74A047B
:10AD6000EDA74B04EEA74C04EFA74D04F0A74E044B
:10AD7000F1A74F0440A8CA0241A8CB0242A8D902B9
:10AD800043A8132044A8152045A8252046A835200F
:10AD900047A8052148A8092149A896214AA8972132
:10ADA0004BA898214CA899214DA815224EA81F22E6
:10ADB0004FA8232250A8522251A8662252A86722E7
:10ADC00053A8BF2254A8502555A8512556A852254E
:10ADD00057A8532558A8542559A855255AA856258B
:10ADE0005BA857255CA858255DA859255EA85A255B
:10ADF0005FA85B2560A85C2561A85D2562A85E252B
:10AE000063A85F2564A8602565A8612566A86225FA
:10AE100067A8632568A8642569A865256AA86625CA
:10AE20006BA867256CA868256DA869256EA86A259A
:10AE30006FA86B2570A86C2571A86D2572A86E256A
:10AE400073A86F2574A8702575A8712576A872253A
:10AE500077A8732578A8812579A882257AA88325E3
:10AE60007BA884257CA885257DA886257EA88725A6
:10AE700080A8882581A8892582A88A2583A88B2572
:10AE800084A88C2585A88D2586A88E2587A88F2542
:10AE900088A8932589A894258AA895258BA8BC25E0
:10AEA0008CA8BD258DA8E2258EA8E3258FA8E425D2
:10AEB00090A8E52591A8092692A8952293A812307A
:10AEC00094A81D3095A81E30A1A80101A2A8E100F8
:10AED000A3A8CE01A4A8E000A5A81301A6A8E90094
:10AEE000A7A81B01A8A8E800A9A82B01AAA8ED0003
:10AEF000ABA8D001ACA8EC00ADA84D01AEA8F30002
:10AF0000AFA8D201B0A8F200B1A86B01B2A8FA00B4
:10AF1000B3A8D401B4A8F900B5A8D601B6A8D80141
:10AF2000B7A8DA01B8A8DC01B9A8FC00BAA8EA0001
:10AF3000BBA85102BDA84401BEA84801C0A8610237
:10AF4000C5A80531C6A80631C7A80731C8A8083169
:10AF5000C9A80931CAA80A31CBA80B31CCA80C3139
:10AF6000CDA80D31CEA80E31CFA80F31D0A8103109
:10AF7000D1A81131D2A81231D3A81331D4A81431D9
:10AF8000D5A81531D6A81631D7A81731D8A81831A9
:10AF9000D9A81931DAA81A31DBA81B31DCA81C3179
:10AFA000DDA81D31DEA81E31DFA81F31E0A8203149
:10AFB000E1A82131E2A82231E3A82331E4A8243119
:10AFC000E5A82531E6A82631E7A82731E8A82831E9
:10AFD000E9A8293140A9213041A9223042A92330D2
:10AFE00043A9243044A9253045A9263046A9273055
:10AFF00047A9283048A9293049A9A3324AA98E3344
:10B000004BA98F334CA99C334DA99D334EA99E3338
:10B010004FA9A13350A9C43351A9CE3352A9D1337A
:10B0200053A9D23354A9D53355A930FE56A9E2FF0E
:10B0300057A9E4FF59A921215AA931325CA910204E
:10B0400060A9FC3061A99B3062A99C3063A9FD30E6
:10B0500064A9FE3065A9063066A99D3067A99E30B7
:10B0600068A949FE69A94AFE6AA94BFE6BA94CFE74
:10B070006CA94DFE6DA94EFE6EA94FFE6FA950FE44
:10B0800070A951FE71A952FE72A954FE73A955FE12
:10B0900074A956FE75A957FE76A959FE77A95AFEDE
:10B0A00078A95BFE79A95CFE7AA95DFE7BA95EFEAC
:10B0B0007CA95FFE7DA960FE7EA961FE80A962FE7B
:10B0C00081A963FE82A964FE83A965FE84A966FE48
:10B0D00085A968FE86A969FE87A96AFE88A96BFE14
:10B0E00096A90730A4A90025A5A90125A6A902258E
:10B0F000A7A90325A8A90425A9A90525AAA9062564
:10B10000ABA90725ACA90825ADA90925AEA90A2533
:10B11000AFA90B25B0A90C25B1A90D25B2A90E2503
:10B12000B3A90F25B4A91025B5A91125B6A91225D3
:10B13000B7A91325B8A91425B9A91525BAA91625A3
:10B14000BBA91725BCA91825BDA91925BEA91A2573
:10B15000BFA91B25C0A91C25C1A91D25C2A91E2543
:10B16000C3A91F25C4A92025C5A92125C6A9222513
:10B17000C7A92325C8A92425C9A92525CAA92625E3
:10B18000CBA92725CCA92825CDA92925CEA92A25B3
:10B19000CFA92B25D0A92C25D1A92D25D2A92E2583
:10B1A000D3A92F25D4A93025D5A93125D6A9322553
:10B1B000D7A93325D8A93425D9A93525DAA9362523
:10B1C000DBA93725DCA93825DDA93925DEA93A25F3
:10B1D000DFA93B25E0A93C25E1A93D25E2A93E25C3
:10B1E000E3A93F25E4A94025E5A94125E6A9422593
:10B1F000E7A94325E8A94425E9A94525EAA9462563
:10B20000EBA94725ECA94825EDA94925EEA94A2532
:10B21000EFA94B2540AADC7241AADD7242AADF7277
:10B2200043AAE27244AAE37245AAE47246AAE5720E
:10B2300047AAE67248AAE77249AAEA724AAAEB72DA
:10B240004BAAF5724CAAF6724DAAF9724EAAFD727B
:10B250004FAAFE7250AAFF7251AA007352AA02733B
:10B2600053AA047354AA057355AA067356AA077302
:10B2700057AA087358AA097359AA0B735AAA0C73D0
:10B280005BAA0D735CAA0F735DAA10735EAA11739B
:10B290005FAA127360AA147361AA187362AA197361
:10B2A00063AA1A7364AA1F7365AA207366AA23731C
:10B2B00067AA247368AA267369AA27736AAA2873DF
:10B2C0006BAA2D736CAA2F736DAA30736EAA32739A
:10B2D0006FAA337370AA357371AA367372AA3A7360
:10B2E00073AA3B7374AA3C7375AA3D7376AA407324
:10B2F00077AA417378AA427379AA43737AAA4473EE
:10B300007BAA45737CAA46737DAA47737EAA4873BD
:10B3100080AA497381AA4A7382AA4B7383AA4C7389
:10B3200084AA4E7385AA4F7386AA517387AA537352
:10B3300088AA547389AA55738AAA56738BAA58731C
:10B340008CAA59738DAA5A738EAA5B738FAA5C73E9
:10B3500090AA5D7391AA5E7392AA5F7393AA6173B8
:10B3600094AA627395AA637396AA647397AA657385
:10B3700098AA667399AA67739AAA68739BAA697355
:10B380009CAA6A739DAA6B739EAA6E739FAA707320
:10B39000A0AA717340AB727341AB737342AB747309
:10B3A00043AB757344AB767345AB777346AB787339
:10B3B00047AB797348AB7A7349AB7B734AAB7C7309
:10B3C0004BAB7D734CAB7F734DAB80734EAB8173D6
:10B3D0004FAB827350AB837351AB857352AB8673A3
:10B3E00053AB887354AB8A7355AB8C7356AB8D7368
:10B3F00057AB8F7358AB907359AB92735AAB93732F
:10B400005BAB94735CAB95735DAB97735EAB9873FA
:10B410005FAB997360AB9A7361AB9C7362AB9D73C6
:10B4200063AB9E7364ABA07365ABA17366ABA37390
:10B4300067ABA47368ABA57369ABA6736AABA7735C
:10B440006BABA8736CABAA736DABAC736EABAD7327
:10B450006FABB17370ABB47371ABB57372ABB673E2
:10B4600073ABB87374ABB97375ABBC7376ABBD73A8
:10B4700077ABBE7378ABBF7379ABC1737AABC37371
:10B480007BABC4737CABC5737DABC6737EABC7733C
:10B4900080ABCB7381ABCC7382ABCE7383ABD273F7
:10B4A00084ABD37385ABD47386ABD57387ABD673BC
:10B4B00088ABD77389ABD8738AABDA738BABDB738A
:10B4C0008CABDC738DABDD738EABDF738FABE17355
:10B4D00090ABE27391ABE37392ABE47393ABE6731F
:10B4E00094ABE87395ABEA7396ABEB7397ABEC73E5
:10B4F00098ABEE7399ABEF739AABF0739BABF173B0
:10B500009CABF3739DABF4739EABF5739FABF6737B
:10B51000A0ABF77340ACF87341ACF97342ACFA736B
:10B5200043ACFB7344ACFC7345ACFD7346ACFE739B
:10B5300047ACFF7348AC007449AC01744AAC027468
:10B540004BAC04744CAC07744DAC08744EAC0B742B
:10B550004FAC0C7450AC0D7451AC0E7452AC1174F1
:10B5600053AC127454AC137455AC147456AC1574BB
:10B5700057AC167458AC177459AC18745AAC19748B
:10B580005BAC1C745CAC1D745DAC1E745EAC1F7453
:10B590005FAC207460AC217461AC237462AC247421
:10B5A00063AC277464AC297465AC2B7466AC2D74E1
:10B5B00067AC2F7468AC317469AC32746AAC3774A0
:10B5C0006BAC38746CAC39746DAC3A746EAC3B7463
:10B5D0006FAC3D7470AC3E7471AC3F7472AC40742F
:10B5E00073AC427474AC437475AC447476AC4574FB
:10B5F00077AC467478AC477479AC48747AAC4974CB
:10B600007BAC4A747CAC4B747DAC4C747EAC4D749A
:10B6100080AC4E7481AC4F7482AC507483AC517466
:10B6200084AC527485AC537486AC547487AC567435
:10B6300088AC587489AC5D748AAC60748BAC6174EE
:10B640008CAC62748DAC63748EAC64748FAC6574B6
:10B6500090AC667491AC677492AC687493AC697486
:10B6600094AC6A7495AC6B7496AC6C7497AC6E7455
:10B6700098AC6F7499AC71749AAC72749BAC73741F
:10B680009CAC74749DAC75749EAC78749FAC7974EA
:10B69000A0AC7A7440AD7B7441AD7C7442AD7D74D6
:10B6A00043AD7F7444AD827445AD847446AD8574FA
:10B6B00047AD867448AD887449AD89744AAD8A74C3
:10B6C0004BAD8C744CAD8D744DAD8F744EAD91748B
:10B6D0004FAD927450AD937451AD947452AD957456
:10B6E00053AD967454AD977455AD987456AD997426
:10B6F00057AD9A7458AD9B7459AD9D745AAD9F74F3
:10B700005BADA0745CADA1745DADA2745EADA374BD
:10B710005FADA47460ADA57461ADA67462ADAA748A
:10B7200063ADAB7464ADAC7465ADAD7466ADAE7451
:10B7300067ADAF7468ADB07469ADB1746AADB27421
:10B740006BADB3746CADB4746DADB5746EADB674F1
:10B750006FADB77470ADB87471ADB97472ADBB74C0
:10B7600073ADBC7474ADBD7475ADBE7476ADBF748D
:10B7700077ADC07478ADC17479ADC2747AADC3745D
:10B780007BADC4747CADC5747DADC6747EADC7742D
:10B7900080ADC87481ADC97482ADCA7483ADCB74F9
:10B7A00084ADCC7485ADCD7486ADCE7487ADCF74C9
:10B7B00088ADD07489ADD1748AADD3748BADD47497
:10B7C0008CADD5748DADD6748EADD7748FADD87465
:10B7D00090ADD97491ADDA7492ADDB7493ADDD7434
:10B7E00094ADDF7495ADE17496ADE57497ADE774F3
:10B7F00098ADE87499ADE9749AADEA749BADEB74B9
:10B800009CADEC749DADED749EADF0749FADF17484
:10B81000A0ADF27440AEF37441AEF57442AEF8746C
:10B8200043AEF97444AEFA7445AEFB7446AEFC7494
:10B8300047AEFD7448AEFE7449AE00754AAE017560
:10B840004BAE02754CAE03754DAE05754EAE06752A
:10B850004FAE077550AE087551AE097552AE0A75F8
:10B8600053AE0B7554AE0C7555AE0E7556AE1075C5
:10B8700057AE127558AE147559AE15755AAE167589
:10B880005BAE17755CAE1B755DAE1D755EAE1E754D
:10B890005FAE207560AE217561AE227562AE237514
:10B8A00063AE247564AE267565AE277566AE2A75DF
:10B8B00067AE2E7568AE347569AE36756AAE397589
:10B8C0006BAE3C756CAE3D756DAE3F756EAE417541
:10B8D0006FAE427570AE437571AE447572AE46750B
:10B8E00073AE477574AE497575AE4A7576AE4D75D3
:10B8F00077AE507578AE517579AE52757AAE537594
:10B900007BAE55757CAE56757DAE57757EAE58755F
:10B9100080AE5D7581AE5E7582AE5F7583AE60751B
:10B9200084AE617585AE627586AE637587AE6475EB
:10B9300088AE677589AE68758AAE69758BAE6B75B2
:10B940008CAE6C758DAE6D758EAE6E758FAE6F757F
:10B9500090AE707591AE717592AE737593AE75754C
:10B9600094AE767595AE777596AE7A7597AE7B7513
:10B9700098AE7C7599AE7D759AAE7E759BAE8075DE
:10B980009CAE81759DAE82759EAE84759FAE8575A9
:10B99000A0AE877540AF887541AF897542AF8A7593
:10B9A00043AF8C7544AF8D7545AF8E7546AF9075BE
:10B9B00047AF937548AF957549AF98754AAF9B757A
:10B9C0004BAF9C754CAF9E754DAFA2754EAFA67533
:10B9D0004FAFA77550AFA87551AFA97552AFAA75F3
:10B9E00053AFAD7554AFB67555AFB77556AFBA75A1
:10B9F00057AFBB7558AFBF7559AFC0755AAFC1755A
:10BA00005BAFC6755CAFCB755DAFCC755EAFCE7509
:10BA10005FAFCF7560AFD07561AFD17562AFD375D1
:10BA200063AFD77564AFD97565AFDA7566AFDC758E
:10BA300067AFDD7568AFDF7569AFE0756AAFE17557
:10BA40006BAFE5756CAFE9756DAFEC756EAFED750D
:10BA50006FAFEE7570AFEF7571AFF27572AFF375D2
:10BA600073AFF57574AFF67575AFF77576AFF8759A
:10BA700077AFFA7578AFFB7579AFFD757AAFFE7564
:10BA80007BAF02767CAF04767DAF06767EAF07761D
:10BA900080AF087681AF097682AF0B7683AF0D76E3
:10BAA00084AF0E7685AF0F7686AF117687AF1276AC
:10BAB00088AF137689AF14768AAF16768BAF1A7675
:10BAC0008CAF1C768DAF1D768EAF1E768FAF217634
:10BAD00090AF237691AF277692AF287693AF2C76EE
:10BAE00094AF2E7695AF2F7696AF317697AF3276AC
:10BAF00098AF367699AF37769AAF39769BAF3A766C
:10BB00009CAF3B769DAF3D769EAF41769FAF427630
:10BB1000A0AF447640B0457641B0467642B0477615
:10BB200043B0487644B0497645B04A7646B04B7645
:10BB300047B04E7648B04F7649B050764AB051760D
:10BB40004BB052764CB053764DB055764EB05776DA
:10BB50004FB0587650B0597651B05A7652B05B76A5
:10BB600053B05D7654B05F7655B0607656B061766E
:10BB700057B0627658B0647659B065765AB066763A
:10BB80005BB067765CB068765DB069765EB06A7609
:10BB90005FB06C7660B06D7661B06E7662B07076D4
:10BBA00063B0717664B0727665B0737666B07476A1
:10BBB00067B0757668B0767669B077766AB0797670
:10BBC0006BB07A766CB07C766DB07F766EB0807636
:10BBD0006FB0817670B0837671B0857672B08976F9
:10BBE00073B08A7674B08C7675B08D7676B08F76B9
:10BBF00077B0907678B0927679B094767AB0957680
:10BC00007BB097767CB098767DB09A767EB09B7646
:10BC100080B09C7681B09D7682B09E7683B09F7610
:10BC200084B0A07685B0A17686B0A27687B0A376E0
:10BC300088B0A57689B0A6768AB0A7768BB0A876AC
:10BC40008CB0A9768DB0AA768EB0AB768FB0AC767C
:10BC500090B0AD7691B0AF7692B0B07693B0B37647
:10BC600094B0B57695B0B67696B0B77697B0B8760C
:10BC700098B0B97699B0BA769AB0BB769BB0BC76DC
:10BC80009CB0BD769DB0BE769EB0C0769FB0C176AA
:10BC9000A0B0C376A1B04A55A2B03F96A3B0C35797
:10BCA000A4B02863A5B0CE54A6B00955A7B0C0541F
:10BCB000A8B09176A9B04C76AAB03C85ABB0EE772F
:10BCC000ACB07E82ADB08D78AEB03172AFB0989628
:10BCD000B0B08D97B1B0286CB2B0895BB3B0FA4FF9
:10BCE000B4B00963B5B09766B6B0B85CB7B0FA80C7
:10BCF000B8B04868B9B0AE80BAB00266BBB0CE7614
:10BD0000BCB0F951BDB05665BEB0AC71BFB0F17FEB
:10BD1000C0B08488C1B0B250C2B06559C3B0CA6166
:10BD2000C4B0B36FC5B0AD82C6B04C63C7B0526289
:10BD3000C8B0ED53C9B02754CAB0067BCBB06B5125
:10BD4000CCB0A475CDB0F45DCEB0D462CFB0CB8D05
:10BD5000D0B07697D1B08A62D2B01980D3B05D5797
:10BD6000D4B03897D5B0627FD6B03872D7B07D7670
:10BD7000D8B0CF67D9B07E76DAB04664DBB0704F0A
:10BD8000DCB0258DDDB0DC62DEB0177ADFB0916506
:10BD9000E0B0ED73E1B02C64E2B07362E3B02C82EA
:10BDA000E4B08198E5B07F67E6B04872E7B06E62B4
:10BDB000E8B0CC62E9B0344FEAB0E374EBB04A5378
:10BDC000ECB09E52EDB0CA7EEEB0A690EFB02E5E03
:10BDD000F0B08668F1B09C69F2B08081F3B0D17E9A
:10BDE000F4B0D268F5B0C578F6B08C86F7B051954E
:10BDF000F8B08D50F9B0248CFAB0DE82FBB0DE8052
:10BE0000FCB00553FDB01289FEB0655240B1C47656
:10BE100041B1C77642B1C97643B1CB7644B1CC7655
:10BE200045B1D37646B1D57647B1D97648B1DA7601
:10BE300049B1DC764AB1DD764BB1DE764CB1E076C5
:10BE40004DB1E1764EB1E2764FB1E37650B1E47692
:10BE500051B1E67652B1E77653B1E87654B1E9765E
:10BE600055B1EA7656B1EB7657B1EC7658B1ED762E
:10BE700059B1F0765AB1F3765BB1F5765CB1F676EE
:10BE80005DB1F7765EB1FA765FB1FB7660B1FD76B3
:10BE900061B1FF7662B1007763B1027764B1037775
:10BEA00065B1057766B1067767B10A7768B10C7737
:10BEB00069B10E776AB10F776BB110776CB11177FA
:10BEC0006DB112776EB113776FB1147770B11577CA
:10BED00071B1167772B1177773B1187774B11B7798
:10BEE00075B11C7776B11D7777B11E7778B1217760
:10BEF00079B123777AB124777BB125777CB1277725
:10BF00007DB12A777EB12B7780B12C7781B12E77E6
:10BF100082B1307783B1317784B1327785B13377AD
:10BF200086B1347787B1397788B13B7789B13D776E
:10BF30008AB13E778BB13F778CB142778DB1447730
:10BF40008EB145778FB1467790B1487791B14977F7
:10BF500092B14A7793B14B7794B14C7795B14D77C5
:10BF600096B14E7797B14F7798B1527799B1537791
:10BF70009AB154779BB155779CB156779DB157775D
:10BF80009EB158779FB15977A0B15C77A1B18485F4
:10BF9000A2B1F996A3B1DD4FA4B12158A5B1719911
:10BFA000A6B19D5BA7B1B162A8B1A562A9B1B46603
:10BFB000AAB1798CABB18D9CACB10672ADB16F6793
:10BFC000AEB19178AFB1B260B0B15153B1B11753C6
:10BFD000B2B1888FB3B1CC80B4B11D8DB5B1A1948D
:10BFE000B6B10D50B7B1C872B8B10759B9B1EB606D
:10BFF000BAB11971BBB1AB88BCB15459BDB1EF82B4
:10C00000BEB12C67BFB1287BC0B1295DC1B1F77E3D
:10C01000C2B12D75C3B1F56CC4B1668EC5B1F88FD0
:10C02000C6B13C90C7B13B9FC8B1D46BC9B119919F
:10C03000CAB1147BCBB17C5FCCB1A778CDB1D6842B
:10C04000CEB13D85CFB1D56BD0B1D96BD1B1D66B67
:10C05000D2B1015ED3B1875ED4B1F975D5B1ED959A
:10C06000D6B15D65D7B10A5FD8B1C55FD9B19F8F31
:10C07000DAB1C158DBB1C281DCB17F90DDB15B9632
:10C08000DEB1AD97DFB1B98FE0B1167FE1B12C8D94
:10C09000E2B14162E3B1BF4FE4B1D853E5B15E53C1
:10C0A000E6B1A88FE7B1A98FE8B1AB8FE9B14D90A8
:10C0B000EAB10768EBB16A5FECB19881EDB16888CD
:10C0C000EEB1D69CEFB18B61F0B12B52F1B12A7673
:10C0D000F2B16C5FF3B18C65F4B1D26FF5B1E86E7B
:10C0E000F6B1BE5BF7B14864F8B17551F9B1B05122
:10C0F000FAB1C467FBB1194EFCB1C979FDB17C99A5
:10C10000FEB1B37040B25D7741B25E7742B25F7705
:10C1100043B2607744B2647745B2677746B26977D5
:10C1200047B26A7748B26D7749B26E774AB26F7795
:10C130004BB270774CB271774DB272774EB2737763
:10C140004FB2747750B2757751B2767752B2777733
:10C1500053B2787754B27A7755B27B7756B27C7700
:10C1600057B2817758B2827759B283775AB28677BD
:10C170005BB287775CB288775DB289775EB28A7787
:10C180005FB28B7760B28F7761B2907762B293774C
:10C1900063B2947764B2957765B2967766B2977713
:10C1A00067B2987768B2997769B29A776AB29B77E3
:10C1B0006BB29C776CB29D776DB29E776EB2A177B1
:10C1C0006FB2A37770B2A47771B2A67772B2A87774
:10C1D00073B2AB7774B2AD7775B2AE7776B2AF7734
:10C1E00077B2B17778B2B27779B2B4777AB2B677FC
:10C1F0007BB2B7777CB2B8777DB2B9777EB2BA77C7
:10C2000080B2BC7781B2BE7782B2C07783B2C17789
:10C2100084B2C27785B2C37786B2C47787B2C57756
:10C2200088B2C67789B2C7778AB2C8778BB2C97726
:10C230008CB2CA778DB2CB778EB2CC778FB2CE77F5
:10C2400090B2CF7791B2D07792B2D17793B2D277C2
:10C2500094B2D37795B2D47796B2D57797B2D67792
:10C2600098B2D87799B2D9779AB2DA779BB2DD775C
:10C270009CB2DE779DB2DF779EB2E0779FB2E17726
:10C28000A0B2E477A1B2C575A2B2765EA3B2BB73C9
:10C29000A4B2E083A5B2AD64A6B2E862A7B2B59439
:10C2A000A8B2E26CA9B25A53AAB2C352ABB20F649D
:10C2B000ACB2C294ADB2947BAEB22F4FAFB21B5EA4
:10C2C000B0B23682B1B21681B2B28A81B3B2246EF4
:10C2D000B4B2CA6CB5B2739AB6B25563B7B25C5316
:10C2E000B8B2FA54B9B26588BAB2E057BBB20D4ED3
:10C2F000BCB2035EBDB2656BBEB23F7CBFB2E8901C
:10C30000C0B21660C1B2E664C2B21C73C3B2C188C7
:10C31000C4B25067C5B24D62C6B2228DC7B26C7747
:10C32000C8B2298EC9B2C791CAB2695FCBB2DC83E9
:10C33000CCB22185CDB21099CEB2C253CFB2958680
:10C34000D0B28B6BD1B2ED60D2B2E860D3B27F7065
:10C35000D4B2CD82D5B23182D6B2D34ED7B2A76C89
:10C36000D8B2CF85D9B2CD64DAB2D97CDBB2FD695F
:10C37000DCB2F966DDB24983DEB29553DFB2567B9B
:10C38000E0B2A74FE1B28C51E2B24B6DE3B2425C36
:10C39000E4B26D8EE5B2D263E6B2C953E7B22C8344
:10C3A000E8B23683E9B2E567EAB2B478EBB23D644D
:10C3B000ECB2DF5BEDB2945CEEB2EE5DEFB2E78B18
:10C3C000F0B2C662F1B2F467F2B27A8CF3B20064F2
:10C3D000F4B2BA63F5B24987F6B28B99F7B2178C0B
:10C3E000F8B2207FF9B2F294FAB2A74EFBB21096DF
:10C3F000FCB2A498FDB20C66FEB2167340B3E677A9
:10C4000041B3E87742B3EA7743B3EF7744B3F077C9
:10C4100045B3F17746B3F27747B3F47748B3F5778E
:10C4200049B3F7774AB3F9774BB3FA774CB3FB7755
:10C430004DB3FC774EB303784FB3047850B305780F
:10C4400051B3067852B3077853B3087854B30A78D7
:10C4500055B30B7856B30E7857B30F7858B310789E
:10C4600059B313785AB315785BB319785CB31B785A
:10C470005DB31E785EB320785FB3217860B3227815
:10C4800061B3247862B3287863B32A7864B32B78D5
:10C4900065B32E7866B32F7867B3317868B3327896
:10C4A00069B333786AB335786BB336786CB33D785B
:10C4B0006DB33F786EB341786FB3427870B3437811
:10C4C00071B3447872B3467873B3487874B34978DB
:10C4D00075B34A7876B34B7877B34D7878B34F78A5
:10C4E00079B351787AB353787BB354787CB3587866
:10C4F0007DB359787EB35A7880B35B7881B35C782A
:10C5000082B35E7883B35F7884B3607885B36178F3
:10C5100086B3627887B3637888B3647889B36578C3
:10C520008AB366788BB367788CB368788DB3697893
:10C530008EB36F788FB3707890B3717891B372784F
:10C5400092B3737893B3747894B3757895B376781F
:10C5500096B3787897B3797898B37A7899B37B78EB
:10C560009AB37D789BB37E789CB37F789DB38078B7
:10C570009EB381789FB38278A0B38378A1B33A57F2
:10C58000A2B31D5CA3B3385EA4B37F95A5B37F505F
:10C59000A6B3A080A7B38253A8B35E65A9B34575BF
:10C5A000AAB33155ABB32150ACB3858DADB3846222
:10C5B000AEB39E94AFB31D67B0B33256B1B36E6FD6
:10C5C000B2B3E25DB3B33554B4B39270B5B3668F12
:10C5D000B6B36F62B7B3A464B8B3A363B9B37B5FF8
:10C5E000BAB3886FBBB3F490BCB3E381BDB3B08F73
:10C5F000BEB3185CBFB36866C0B3F15FC1B3896CEA
:10C60000C2B34896C3B3818DC4B36C88C5B391647B
:10C61000C6B3F079C7B3CE57C8B3596AC9B310626D
:10C62000CAB34854CBB3584ECCB30B7ACDB3E96000
:10C63000CEB3846FCFB3DA8BD0B37F62D1B31E9009
:10C64000D2B38B9AD3B3E479D4B30354D5B3F4758E
:10C65000D6B30163D7B31953D8B3606CD9B3DF8FA6
:10C66000DAB31B5FDBB3709ADCB33B80DDB37F9F33
:10C67000DEB3884FDFB33A5CE0B3648DE1B3C57FCE
:10C68000E2B3A565E3B3BD70E4B34551E5B3B25180
:10C69000E6B36B86E7B3075DE8B3A05BE9B3BD62C1
:10C6A000EAB36C91EBB37475ECB30C8EEDB3207AF6
:10C6B000EEB30161EFB3797BF0B3C74EF1B3F87E0F
:10C6C000F2B38577F3B3114EF4B3ED81F5B31D5298
:10C6D000F6B3FA51F7B3716AF8B3A853F9B3878E7A
:10C6E000FAB30495FBB3CF96FCB3C16EFDB3649669
:10C6F000FEB35A6940B4847841B4857842B48678F0
:10C7000043B4887844B48A7845B48B7846B48F783B
:10C7100047B4907848B4927849B494784AB49578FC
:10C720004BB496784CB499784DB49D784EB49E78BD
:10C730004FB4A07850B4A27851B4A47852B4A6787B
:10C7400053B4A87854B4A97855B4AA7856B4AB7841
:10C7500057B4AC7858B4AD7859B4AE785AB4AF7811
:10C760005BB4B5785CB4B6785DB4B7785EB4B878CD
:10C770005FB4BA7860B4BB7861B4BC7862B4BD7899
:10C7800063B4BF7864B4C07865B4C27866B4C37863
:10C7900067B4C47868B4C67869B4C7786AB4C8782E
:10C7A0006BB4CC786CB4CD786DB4CE786EB4CF78F1
:10C7B0006FB4D17870B4D27871B4D37872B4D678BB
:10C7C00073B4D77874B4D87875B4DA7876B4DB7883
:10C7D00077B4DC7878B4DD7879B4DE787AB4DF7851
:10C7E0007BB4E0787CB4E1787DB4E2787EB4E37821
:10C7F00080B4E47881B4E57882B4E67883B4E778ED
:10C8000084B4E97885B4EA7886B4EB7887B4ED78B7
:10C8100088B4EE7889B4EF788AB4F0788BB4F17884
:10C820008CB4F3788DB4F5788EB4F6788FB4F8784C
:10C8300090B4F97891B4FB7892B4FC7893B4FD7815
:10C8400094B4FE7895B4FF7896B4007997B40279E1
:10C8500098B4037999B404799AB406799BB40779AA
:10C860009CB408799DB409799EB40A799FB40B7978
:10C87000A0B40C79A1B44078A2B4A850A3B4D777DF
:10C88000A4B41064A5B4E689A6B40459A7B4E363BC
:10C89000A8B4DD5DA9B47F7AAAB43D69ABB4204FDA
:10C8A000ACB43982ADB49855AEB4324EAFB4AE75B7
:10C8B000B0B4977AB1B4625EB2B48A5EB3B4EF95A5
:10C8C000B4B41B52B5B43954B6B48A70B7B47663F5
:10C8D000B8B42495B9B48257BAB42566BBB43F69DD
:10C8E000BCB48791BDB40755BEB4F36DBFB4AF7E81
:10C8F000C0B42288C1B43362C2B4F07EC3B4B5758B
:10C90000C4B42883C5B4C178C6B4CC96C7B49E8FCE
:10C91000C8B44861C9B4F774CAB4CD8BCBB4646BE6
:10C92000CCB43A52CDB4508DCEB4216BCFB46A8022
:10C93000D0B47184D1B4F156D2B40653D3B4CE4E30
:10C94000D4B41B4ED5B4D151D6B4977CD7B48B9107
:10C95000D8B4077CD9B4C34FDAB47F8EDBB4E17BA3
:10C96000DCB49C7ADDB46764DEB4145DDFB4AC5033
:10C97000E0B40681E1B40176E2B4B97CE3B4EC6DD5
:10C98000E4B4E07FE5B45167E6B4585BE7B4F85B24
:10C99000E8B4CB78E9B4AE64EAB41364EBB4AA6348
:10C9A000ECB42B63EDB41995EEB42D64EFB4BE8FE7
:10C9B000F0B4547BF1B42976F2B45362F3B427593E
:10C9C000F4B44654F5B4796BF6B4A350F7B43462BA
:10C9D000F8B4265EF9B4866BFAB4E34EFBB4378D37
:10C9E000FCB48B88FDB4855FFEB42E9040B50D7904
:10C9F00041B50E7942B50F7943B5107944B5117937
:10CA000045B5127946B5147947B5157948B5167903
:10CA100049B517794AB518794BB519794CB51A79D2
:10CA20004DB51B794EB51C794FB51D7950B51F79A1
:10CA300051B5207952B5217953B5227954B523796E
:10CA400055B5257956B5267957B5277958B528793A
:10CA500059B529795AB52A795BB52B795CB52C790A
:10CA60005DB52D795EB52E795FB52F7960B53079DA
:10CA700061B5317962B5327963B5337964B53579A9
:10CA800065B5367966B5377967B5387968B5397976
:10CA900069B53D796AB53F796BB542796CB5437933
:10CAA0006DB544796EB545796FB5477970B54A79FA
:10CAB00071B54B7972B54C7973B54D7974B54E79C2
:10CAC00075B54F7976B5507977B5517978B5527992
:10CAD00079B554797AB555797BB558797CB559795A
:10CAE0007DB561797EB5637980B5647981B5667904
:10CAF00082B5697983B56A7984B56B7985B56C79C6
:10CB000086B56E7987B5707988B5717989B572798E
:10CB10008AB573798BB574798CB575798DB576795D
:10CB20008EB579798FB57B7990B57C7991B57D7922
:10CB300092B57E7993B57F7994B5827995B58379ED
:10CB400096B5867997B5877998B5887999B58979B1
:10CB50009AB58B799BB58C799CB58D799DB58E797D
:10CB60009EB590799FB59179A0B59279A1B52060D5
:10CB7000A2B53D80A3B5C562A4B5394EA5B5555340
:10CB8000A6B5F890A7B5B863A8B5C680A9B5E665FF
:10CB9000AAB52E6CABB5464FACB5EE60ADB5E16D48
:10CBA000AEB5DE8BAFB5395FB0B5CB86B1B5535FEF
:10CBB000B2B52163B3B55A51B4B56183B5B56368F5
:10CBC000B6B50052B7B56363B8B5488EB9B5125063
:10CBD000BAB59B5CBBB57779BCB5FC5BBDB53052D3
:10CBE000BEB53B7ABFB5BC60C0B55390C1B5D77672
:10CBF000C2B5B75FC3B5975FC4B58476C5B56C8E53
:10CC0000C6B56F70C7B57B76C8B5497BC9B5AA777D
:10CC1000CAB5F351CBB59390CCB52458CDB54E4F92
:10CC2000CEB5F46ECFB5EA8FD0B54C65D1B51B7BD0
:10CC3000D2B5C472D3B5A46DD4B5DF7FD5B5E15AF2
:10CC4000D6B5B562D7B5955ED8B53057D9B582841B
:10CC5000DAB52C7BDBB51D5EDCB51F5FDDB5129050
:10CC6000DEB5147FDFB5A098E0B58263E1B5C76E8D
:10CC7000E2B59878E3B5B970E4B57851E5B55B975E
:10CC8000E6B5AB57E7B53575E8B5434FE9B5387547
:10CC9000EAB5975EEBB5E660ECB56059EDB5C06DF1
:10CCA000EEB5BF6BEFB58978F0B5FC53F1B5D5960D
:10CCB000F2B5CB51F3B50152F4B58963F5B50A5419
:10CCC000F6B59394F7B5038CF8B5CC8DF9B53972F8
:10CCD000FAB59F78FBB57687FCB5ED8FFDB50D8C69
:10CCE000FEB5E05340B6937941B6947942B6957952
:10CCF00043B6967944B6977945B6987946B6997908
:10CD000047B69B7948B69C7949B69D794AB69E79D3
:10CD10004BB69F794CB6A0794DB6A1794EB6A279A3
:10CD20004FB6A37950B6A47951B6A57952B6A67973
:10CD300053B6A87954B6A97955B6AA7956B6AB793F
:10CD400057B6AC7958B6AD7959B6AE795AB6AF790F
:10CD50005BB6B0795CB6B1795DB6B2795EB6B479DE
:10CD60005FB6B57960B6B67961B6B77962B6B879AB
:10CD700063B6BC7964B6BF7965B6C27966B6C47964
:10CD800067B6C57968B6C77969B6C8796AB6CA7927
:10CD90006BB6CC796CB6CE796DB6CF796EB6D079EC
:10CDA0006FB6D37970B6D47971B6D67972B6D779B1
:10CDB00073B6D97974B6DA7975B6DB7976B6DC797B
:10CDC00077B6DD7978B6DE7979B6E0797AB6E17949
:10CDD0007BB6E2797CB6E5797DB6E8797EB6EA790C
:10CDE00080B6EC7981B6EE7982B6F17983B6F279C4
:10CDF00084B6F37985B6F47986B6F57987B6F6798F
:10CE000088B6F77989B6F9798AB6FA798BB6FC795A
:10CE10008CB6FE798DB6FF798EB6017A8FB6047A1C
:10CE200090B6057A91B6077A92B6087A93B6097ADF
:10CE300094B60A7A95B60C7A96B60F7A97B6107AA7
:10CE400098B6117A99B6127A9AB6137A9BB6157A71
:10CE50009CB6167A9DB6187A9EB6197A9FB61B7A3A
:10CE6000A0B61C7AA1B6014EA2B6EF76A3B6EE53D9
:10CE7000A4B68994A5B67698A6B60E9FA7B62D95AA
:10CE8000A8B69A5BA9B6A28BAAB6224EABB61C4E28
:10CE9000ACB6AC51ADB66384AEB6C261AFB6A85203
:10CEA000B0B60B68B1B6974FB2B66B60B3B6BB51B4
:10CEB000B4B61E6DB5B65C51B6B69662B7B6976598
:10CEC000B8B66196B9B6468CBAB61790BBB6D875E7
:10CED000BCB6FD90BDB66377BEB6D26BBFB68A72E4
:10CEE000C0B6EC72C1B6FB8BC2B63558C3B6797703
:10CEF000C4B64C8DC5B65C67C6B64095C7B69A80B9
:10CF0000C8B6A65EC9B6216ECAB69259CBB6EF7A3C
:10CF1000CCB6ED77CDB63B95CEB6B56BCFB6AD659D
:10CF2000D0B60E7FD1B60658D2B65151D3B61F96A1
:10CF3000D4B6F95BD5B6A958D6B62854D7B6728EF2
:10CF4000D8B66665D9B67F98DAB6E456DBB69D9456
:10CF5000DCB6FE76DDB64190DEB68763DFB6C6543A
:10CF6000E0B61A59E1B63A59E2B69B57E3B6B28E2B
:10CF7000E4B63567E5B6FA8DE6B63582E7B64152D6
:10CF8000E8B6F060E9B61558EAB6FE86EBB6E85C9E
:10CF9000ECB6459EEDB6C44FEEB69D98EFB6B98B94
:10CFA000F0B6255AF1B67660F2B68453F3B67C62D9
:10CFB000F4B64F90F5B60291F6B67F99F7B6696070
:10CFC000F8B60C80F9B63F51FAB63380FBB6145C64
:10CFD000FCB67599FDB6316DFEB68C4E40B71D7A24
:10CFE00041B71F7A42B7217A43B7227A44B7247AED
:10CFF00045B7257A46B7267A47B7277A48B7287AB9
:10D0000049B7297A4AB72A7A4BB72B7A4CB72C7A88
:10D010004DB72D7A4EB72E7A4FB72F7A50B7307A58
:10D0200051B7317A52B7327A53B7347A54B7357A26
:10D0300055B7367A56B7387A57B73A7A58B73E7AEC
:10D0400059B7407A5AB7417A5BB7427A5CB7437AAC
:10D050005DB7447A5EB7457A5FB7477A60B7487A7A
:10D0600061B7497A62B74A7A63B74B7A64B74C7A48
:10D0700065B74D7A66B74E7A67B74F7A68B7507A18
:10D0800069B7527A6AB7537A6BB7547A6CB7557AE4
:10D090006DB7567A6EB7587A6FB7597A70B75A7AB1
:10D0A00071B75B7A72B75C7A73B75D7A74B75E7A80
:10D0B00075B75F7A76B7607A77B7617A78B7627A50
:10D0C00079B7637A7AB7647A7BB7657A7CB7667A20
:10D0D0007DB7677A7EB7687A80B7697A81B76A7AEE
:10D0E00082B76B7A83B76C7A84B76D7A85B76E7ABC
:10D0F00086B76F7A87B7717A88B7727A89B7737A89
:10D100008AB7757A8BB77B7A8CB77C7A8DB77D7A44
:10D110008EB77E7A8FB7827A90B7857A91B7877A01
:10D1200092B7897A93B78A7A94B78B7A95B78C7AC3
:10D1300096B78E7A97B78F7A98B7907A99B7937A8D
:10D140009AB7947A9BB7997A9CB79A7A9DB79B7A4B
:10D150009EB79E7A9FB7A17AA0B7A27AA1B7308D69
:10D16000A2B7D153A3B75A7FA4B74F7BA5B7104F2F
:10D17000A6B74F4EA7B70096A8B7D56CA9B7D0737E
:10D18000AAB7E985ABB7065EACB76A75ADB7FB7FEA
:10D19000AEB70A6AAFB7FE77B0B79294B1B7417E27
:10D1A000B2B7E151B3B7E670B4B7CD53B5B7D48FCA
:10D1B000B6B70383B7B7298DB8B7AF72B9B76D9952
:10D1C000BAB7DB6CBBB74A57BCB7B382BDB7B9655A
:10D1D000BEB7AA80BFB73F62C0B73296C1B7A859E1
:10D1E000C2B7FF4EC3B7BF8BC4B7BA7EC5B73E65E3
:10D1F000C6B7F283C7B75E97C8B76155C9B7DE989F
:10D20000CAB7A580CBB72A53CCB7FD8BCDB7205476
:10D21000CEB7BA80CFB79F5ED0B7B86CD1B7398DD3
:10D22000D2B7AC82D3B75A91D4B72954D5B71B6CB7
:10D23000D6B70652D7B7B77ED8B75F57D9B71A71E6
:10D24000DAB77E6CDBB7897CDCB74B59DDB7FD4EB6
:10D25000DEB7FF5FDFB72461E0B7AA7CE1B7304EED
:10D26000E2B7015CE3B7AB67E4B70287E5B7F05C10
:10D27000E6B70B95E7B7CE98E8B7AF75E9B7FD709D
:10D28000EAB72290EBB7AF51ECB71D7FEDB7BD8B7E
:10D29000EEB74959EFB7E451F0B75B4FF1B72654F9
:10D2A000F2B72B59F3B77765F4B7A480F5B7755B80
:10D2B000F6B77662F7B7C262F8B7908FF9B7455EF6
:10D2C000FAB71F6CFBB7267BFCB70F4FFDB7D84FE3
:10D2D000FEB70D6740B8A37A41B8A47A42B8A77ADE
:10D2E00043B8A97A44B8AA7A45B8AB7A46B8AE7AB8
:10D2F00047B8AF7A48B8B07A49B8B17A4AB8B27A82
:10D300004BB8B47A4CB8B57A4DB8B67A4EB8B77A4D
:10D310004FB8B87A50B8B97A51B8BA7A52B8BB7A1D
:10D3200053B8BC7A54B8BD7A55B8BE7A56B8C07AEC
:10D3300057B8C17A58B8C27A59B8C37A5AB8C47AB9
:10D340005BB8C57A5CB8C67A5DB8C77A5EB8C87A89
:10D350005FB8C97A60B8CA7A61B8CC7A62B8CD7A57
:10D3600063B8CE7A64B8CF7A65B8D07A66B8D17A25
:10D3700067B8D27A68B8D37A69B8D47A6AB8D57AF5
:10D380006BB8D77A6CB8D87A6DB8DA7A6EB8DB7ABF
:10D390006FB8DC7A70B8DD7A71B8E17A72B8E27A87
:10D3A00073B8E47A74B8E77A75B8E87A76B8E97A47
:10D3B00077B8EA7A78B8EB7A79B8EC7A7AB8EE7A14
:10D3C0007BB8F07A7CB8F17A7DB8F27A7EB8F37ADD
:10D3D00080B8F47A81B8F57A82B8F67A83B8F77AA9
:10D3E00084B8F87A85B8FB7A86B8FC7A87B8FE7A72
:10D3F00088B8007B89B8017B8AB8027B8BB8057B33
:10D400008CB8077B8DB8097B8EB80C7B8FB80D7BF1
:10D4100090B80E7B91B8107B92B8127B93B8137BB7
:10D4200094B8167B95B8177B96B8187B97B81A7B7B
:10D4300098B81C7B99B81D7B9AB81F7B9BB8217B41
:10D440009CB8227B9DB8237B9EB8277B9FB8297B05
:10D45000A0B82D7BA1B86E6DA2B8AA6DA3B88F79C4
:10D46000A4B8B188A5B8175FA6B82B75A7B89A62FB
:10D47000A8B8858FA9B8EF4FAAB8DC91ABB8A7655B
:10D48000ACB82F81ADB85181AEB89C5EAFB85081B9
:10D49000B0B8748DB1B86F52B2B88689B3B84B8D3D
:10D4A000B4B80D59B5B88550B6B8D84EB7B81C96B3
:10D4B000B8B83672B9B87981BAB81F8DBBB8CC5B31
:10D4C000BCB8A38BBDB84496BEB88759BFB81A7F05
:10D4D000C0B89054C1B87656C2B80E56C3B8E58BE2
:10D4E000C4B83965C5B88269C6B89994C7B8D67644
:10D4F000C8B8896EC9B8725ECAB81875CBB8466725
:10D50000CCB8D167CDB8FF7ACEB89D80CFB8768D34
:10D51000D0B81F61D1B8C679D2B86265D3B8638D6F
:10D52000D4B88851D5B81A52D6B8A294D7B8387F93
:10D53000D8B89B80D9B8B27EDAB8975CDBB82F6ECA
:10D54000DCB86067DDB8D97BDEB88B76DFB8D89AF7
:10D55000E0B88F81E1B8947FE2B8D57CE3B81E646F
:10D56000E4B85095E5B83F7AE6B84A54E7B8E554D0
:10D57000E8B84C6BE9B80164EAB80862EBB83D9EC4
:10D58000ECB8F380EDB89975EEB87252EFB86997C0
:10D59000F0B85B84F1B83C68F2B8E486F3B8019661
:10D5A000F4B89496F5B8EC94F6B82A4EF7B804544B
:10D5B000F8B8D97EF9B83968FAB8DF8DFBB81580AC
:10D5C000FCB8F466FDB89A5EFEB8B97F40B92F7B0F
:10D5D00041B9307B42B9327B43B9347B44B9357BA6
:10D5E00045B9367B46B9377B47B9397B48B93B7B70
:10D5F00049B93D7B4AB93F7B4BB9407B4CB9417B34
:10D600004DB9427B4EB9437B4FB9447B50B9467B01
:10D6100051B9487B52B94A7B53B94D7B54B94E7BC3
:10D6200055B9537B56B9557B57B9577B58B9597B78
:10D6300059B95C7B5AB95E7B5BB95F7B5CB9617B36
:10D640005DB9637B5EB9647B5FB9657B60B9667BFE
:10D6500061B9677B62B9687B63B9697B64B96A7BCE
:10D6600065B96B7B66B96C7B67B96D7B68B96F7B9D
:10D6700069B9707B6AB9737B6BB9747B6CB9767B63
:10D680006DB9787B6EB97A7B6FB97C7B70B97D7B25
:10D6900071B97F7B72B9817B73B9827B74B9837BEB
:10D6A00075B9847B76B9867B77B9877B78B9887BB7
:10D6B00079B9897B7AB98A7B7BB98B7B7CB98C7B86
:10D6C0007DB98E7B7EB98F7B80B9917B81B9927B4E
:10D6D00082B9937B83B9967B84B9987B85B9997B12
:10D6E00086B99A7B87B99B7B88B99E7B89B99F7BDA
:10D6F0008AB9A07B8BB9A37B8CB9A47B8DB9A57BA0
:10D700008EB9AE7B8FB9AF7B90B9B07B91B9B27B4C
:10D7100092B9B37B93B9B57B94B9B67B95B9B77B16
:10D7200096B9B97B97B9BA7B98B9BB7B99B9BC7BE1
:10D730009AB9BD7B9BB9BE7B9CB9BF7B9DB9C07BB1
:10D740009EB9C27B9FB9C37BA0B9C47BA1B9C257A4
:10D75000A2B93F80A3B99768A4B9E55DA5B93B65B7
:10D76000A6B99F52A7B96D60A8B99A9FA9B99B4F56
:10D77000AAB9AC8EABB96C51ACB9AB5BADB9135FA8
:10D78000AEB9E95DAFB95E6CB0B9F162B1B9218DE6
:10D79000B2B97151B3B9A994B4B9FE52B5B99F6C7D
:10D7A000B6B9DF82B7B9D772B8B9A257B9B9846729
:10D7B000BAB92D8DBBB91F59BCB99C8FBDB9C783F0
:10D7C000BEB99554BFB98D7BC0B9304FC1B9BD6CDE
:10D7D000C2B9645BC3B9D159C4B9139FC5B9E45385
:10D7E000C6B9CA86C7B9A89AC8B9378CC9B9A180C1
:10D7F000CAB94565CBB97E98CCB9FA56CDB9C796AA
:10D80000CEB92E52CFB9DC74D0B95052D1B9E15B48
:10D81000D2B90263D3B90289D4B9564ED5B9D06210
:10D82000D6B92A60D7B9FA68D8B97351D9B9985B13
:10D83000DAB9A051DBB9C289DCB9A17BDDB986991F
:10D84000DEB9507FDFB9EF60E0B94C70E1B92F8DE0
:10D85000E2B94951E3B97F5EE4B91B90E5B9707450
:10D86000E6B9C489E7B92D57E8B94578E9B9525FF7
:10D87000EAB99F9FEBB9FA95ECB9688FEDB93C9B7B
:10D88000EEB9E18BEFB97876F0B94268F1B9DC67AF
:10D89000F2B9EA8DF3B9358DF4B93D52F5B98A8FF5
:10D8A000F6B9DA6EF7B9CD68F8B90595F9B9ED9022
:10D8B000FAB9FD56FBB99C67FCB9F988FDB9C78F69
:10D8C000FEB9C85440BAC57B41BAC87B42BAC97BCD
:10D8D00043BACA7B44BACB7B45BACD7B46BACE7B32
:10D8E00047BACF7B48BAD07B49BAD27B4ABAD47BFD
:10D8F0004BBAD57B4CBAD67B4DBAD77B4EBAD87BC8
:10D900004FBADB7B50BADC7B51BADE7B52BADF7B8D
:10D9100053BAE07B54BAE27B55BAE37B56BAE47B58
:10D9200057BAE77B58BAE87B59BAE97B5ABAEB7B1E
:10D930005BBAEC7B5CBAED7B5DBAEF7B5EBAF07BE9
:10D940005FBAF27B60BAF37B61BAF47B62BAF57BB3
:10D9500063BAF67B64BAF87B65BAF97B66BAFA7B80
:10D9600067BAFB7B68BAFD7B69BAFF7B6ABA007C49
:10D970006BBA017C6CBA027C6DBA037C6EBA047C13
:10D980006FBA057C70BA067C71BA087C72BA097CE1
:10D9900073BA0A7C74BA0D7C75BA0E7C76BA107CA8
:10D9A00077BA117C78BA127C79BA137C7ABA147C73
:10D9B0007BBA157C7CBA177C7DBA187C7EBA197C40
:10D9C00080BA1A7C81BA1B7C82BA1C7C83BA1D7C0B
:10D9D00084BA1E7C85BA207C86BA217C87BA227CD8
:10D9E00088BA237C89BA247C8ABA257C8BBA287CA5
:10D9F0008CBA297C8DBA2B7C8EBA2C7C8FBA2D7C6C
:10DA000090BA2E7C91BA2F7C92BA307C93BA317C3A
:10DA100094BA327C95BA337C96BA347C97BA357C0A
:10DA200098BA367C99BA377C9ABA397C9BBA3A7CD8
:10DA30009CBA3B7C9DBA3C7C9EBA3D7C9FBA3E7CA6
:10DA4000A0BA427CA1BAB89AA2BA695BA3BA776DB0
:10DA5000A4BA266CA5BAA54EA6BAB35BA7BA879A94
:10DA6000A8BA6391A9BAA861AABAAF90ABBAE9976C
:10DA7000ACBA2B54ADBAB56DAEBAD25BAFBAFD51EC
:10DA8000B0BA8A55B1BA557FB2BAF07FB3BABC64A6
:10DA9000B4BA4D63B5BAF165B6BABE61B7BA8D60B6
:10DAA000B8BA0A71B9BA576CBABA496CBBBA2F592D
:10DAB000BCBA6D67BDBA2A82BEBAD558BFBA8E56F7
:10DAC000C0BA6A8CC1BAEB6BC2BADD90C3BA7D59D9
:10DAD000C4BA1780C5BAF753C6BA696DC7BA7554C8
:10DAE000C8BA9D55C9BA7783CABACF83CBBA38684A
:10DAF000CCBABE79CDBA8C54CEBA554FCFBA0854F1
:10DB0000D0BAD276D1BA898CD2BA0296D3BAB36CD3
:10DB1000D4BAB86DD5BA6B8DD6BA1089D7BA649E0F
:10DB2000D8BA3A8DD9BA3F56DABAD19EDBBAD57592
:10DB3000DCBA885FDDBAE072DEBA6860DFBAFC5436
:10DB4000E0BAA84EE1BA2A6AE2BA6188E3BA526042
:10DB5000E4BA708FE5BAC454E6BAD870E7BA7986E9
:10DB6000E8BA3F9EE9BA2A6DEABA8F5BEBBA185F52
:10DB7000ECBAA27EEDBA8955EEBAAF4FEFBA347364
:10DB8000F0BA3C54F1BA9A53F2BA1950F3BA0E549F
:10DB9000F4BA7C54F5BA4E4EF6BAFD5FF7BA5A7431
:10DBA000F8BAF658F9BA6B84FABAE180FBBA74870E
:10DBB000FCBAD072FDBACA7CFEBA566E40BB437C3A
:10DBC00041BB447C42BB457C43BB467C44BB477C59
:10DBD00045BB487C46BB497C47BB4A7C48BB4B7C29
:10DBE00049BB4C7C4ABB4E7C4BBB4F7C4CBB507CF6
:10DBF0004DBB517C4EBB527C4FBB537C50BB547CC5
:10DC000051BB557C52BB567C53BB577C54BB587C94
:10DC100055BB597C56BB5A7C57BB5B7C58BB5C7C64
:10DC200059BB5D7C5ABB5E7C5BBB5F7C5CBB607C34
:10DC30005DBB617C5EBB627C5FBB637C60BB647C04
:10DC400061BB657C62BB667C63BB677C64BB687CD4
:10DC500065BB697C66BB6A7C67BB6B7C68BB6C7CA4
:10DC600069BB6D7C6ABB6E7C6BBB6F7C6CBB707C74
:10DC70006DBB717C6EBB727C6FBB757C70BB767C40
:10DC800071BB777C72BB787C73BB797C74BB7A7C0C
:10DC900075BB7E7C76BB7F7C77BB807C78BB817CD0
:10DCA00079BB827C7ABB837C7BBB847C7CBB857CA0
:10DCB0007DBB867C7EBB877C80BB887C81BB8A7C6D
:10DCC00082BB8B7C83BB8C7C84BB8D7C85BB8E7C38
:10DCD00086BB8F7C87BB907C88BB937C89BB947C04
:10DCE0008ABB967C8BBB997C8CBB9A7C8DBB9B7CC6
:10DCF0008EBBA07C8FBBA17C90BBA37C91BBA67C80
:10DD000092BBA77C93BBA87C94BBA97C95BBAB7C46
:10DD100096BBAC7C97BBAD7C98BBAF7C99BBB07C11
:10DD20009ABBB47C9BBBB57C9CBBB67C9DBBB77CD3
:10DD30009EBBB87C9FBBBA7CA0BBBB7CA1BB275F52
:10DD4000A2BB4E86A3BB2C55A4BBA462A5BB924E1E
:10DD5000A6BBAA6CA7BB3762A8BBB182A9BBD7542C
:10DD6000AABB4E53ABBB3E73ACBBD16EADBB3B75D8
:10DD7000AEBB1252AFBB1653B0BBDD8BB1BBD0698B
:10DD8000B2BB8A5FB3BB0060B4BBEE6DB5BB4F578F
:10DD9000B6BB226BB7BBAF73B8BB5368B9BBD88FE8
:10DDA000BABB137FBBBB6263BCBBA360BDBB2455C6
:10DDB000BEBBEA75BFBB628CC0BB1571C1BBA36D96
:10DDC000C2BBA65BC3BB7B5EC4BB5283C5BB4C61FD
:10DDD000C6BBC49EC7BBFA78C8BB5787C9BB277CE4
:10DDE000CABB8776CBBBF051CCBBF660CDBB4C71C8
:10DDF000CEBB4366CFBB4C5ED0BB4D60D1BB0E8C5F
:10DE0000D2BB7070D3BB2563D4BB898FD5BBBD5F3C
:10DE1000D6BB6260D7BBD486D8BBDE56D9BBC16B3C
:10DE2000DABB9460DBBB6761DCBB4953DDBBE06000
:10DE3000DEBB6666DFBB3F8DE0BBFD79E1BB1A4F01
:10DE4000E2BBE970E3BB476CE4BBB38BE5BBF28B91
:10DE5000E6BBD87EE7BB6483E8BB0F66E9BB5A5AD2
:10DE6000EABB429BEBBB516DECBBF76DEDBB418C4C
:10DE7000EEBB3B6DEFBB194FF0BB6B70F1BBB783D3
:10DE8000F2BB1662F3BBD160F4BB0D97F5BB278DD7
:10DE9000F6BB7879F7BBFB51F8BB3E57F9BBFA5795
:10DEA000FABB3A67FBBB7875FCBB3D7AFDBBEF79EB
:10DEB000FEBB957B40BCBF7C41BCC07C42BCC27CED
:10DEC00043BCC37C44BCC47C45BCC67C46BCC97C4A
:10DED00047BCCB7C48BCCE7C49BCCF7C4ABCD07C08
:10DEE0004BBCD17C4CBCD27C4DBCD37C4EBCD47CD6
:10DEF0004FBCD87C50BCDA7C51BCDB7C52BCDD7C96
:10DF000053BCDE7C54BCE17C55BCE27C56BCE37C5B
:10DF100057BCE47C58BCE57C59BCE67C5ABCE77C29
:10DF20005BBCE97C5CBCEA7C5DBCEB7C5EBCEC7CF5
:10DF30005FBCED7C60BCEE7C61BCF07C62BCF17CC3
:10DF400063BCF27C64BCF37C65BCF47C66BCF57C91
:10DF500067BCF67C68BCF77C69BCF97C6ABCFA7C5F
:10DF60006BBCFC7C6CBCFD7C6DBCFE7C6EBCFF7C29
:10DF70006FBC007D70BC017D71BC027D72BC037DF5
:10DF800073BC047D74BC057D75BC067D76BC077DC5
:10DF900077BC087D78BC097D79BC0B7D7ABC0C7D93
:10DFA0007BBC0D7D7CBC0E7D7DBC0F7D7EBC107D61
:10DFB00080BC117D81BC127D82BC137D83BC147D2D
:10DFC00084BC157D85BC167D86BC177D87BC187DFD
:10DFD00088BC197D89BC1A7D8ABC1B7D8BBC1C7DCD
:10DFE0008CBC1D7D8DBC1E7D8EBC1F7D8FBC217D9C
:10DFF00090BC237D91BC247D92BC257D93BC267D65
:10E0000094BC287D95BC297D96BC2A7D97BC2C7D2F
:10E0100098BC2D7D99BC2E7D9ABC307D9BBC317DFA
:10E020009CBC327D9DBC337D9EBC347D9FBC357DC8
:10E03000A0BC367DA1BC8C80A2BC6599A3BCF98F25
:10E04000A4BCC06FA5BCA58BA6BC219EA7BCEC59E7
:10E05000A8BCE97EA9BC097FAABC0954ABBC8167F6
:10E06000ACBCD868ADBC918FAEBC4D7CAFBCC69685
:10E07000B0BCCA53B1BC2560B2BCBE75B3BC726C37
:10E08000B4BC7353B5BCC95AB6BCA77EB7BC246335
:10E09000B8BCE051B9BC0A81BABCF15DBBBCDF843D
:10E0A000BCBC8062BDBC8051BEBC635BBFBC0E4FBC
:10E0B000C0BC6D79C1BC4252C2BCB860C3BC4E6D1D
:10E0C000C4BCC45BC5BCC25BC6BCA18BC7BCB08BA7
:10E0D000C8BCE265C9BCCC5FCABC4596CBBC9359F1
:10E0E000CCBCE77ECDBCAA7ECEBC0956CFBCB76700
:10E0F000D0BC3959D1BC734FD2BCB65BD3BCA05293
:10E10000D4BC5A83D5BC8A98D6BC3E8DD7BC327558
:10E11000D8BCBE94D9BC4750DABC3C7ADBBCF74EC5
:10E12000DCBCB667DDBC7E9ADEBCC15ADFBC7C6B52
:10E13000E0BCD176E1BC5A57E2BC165CE3BC3A7B4A
:10E14000E4BCF495E5BC4E71E6BC7C51E7BCA9800B
:10E15000E8BC7082E9BC7859EABC047FEBBC278339
:10E16000ECBCC068EDBCEC67EEBCB178EFBC777876
:10E17000F0BCE362F1BC6163F2BC807BF3BCED4FA9
:10E18000F4BC6A52F5BCCF51F6BC5083F7BCDB69D6
:10E19000F8BC7492F9BCF58DFABC318DFBBCC18919
:10E1A000FCBC2E95FDBCAD7BFEBCF64E40BD377D64
:10E1B00041BD387D42BD397D43BD3A7D44BD3B7D87
:10E1C00045BD3C7D46BD3D7D47BD3E7D48BD3F7D57
:10E1D00049BD407D4ABD417D4BBD427D4CBD437D27
:10E1E0004DBD447D4EBD457D4FBD467D50BD477DF7
:10E1F00051BD487D52BD497D53BD4A7D54BD4B7DC7
:10E2000055BD4C7D56BD4D7D57BD4E7D58BD4F7D96
:10E2100059BD507D5ABD517D5BBD527D5CBD537D66
:10E220005DBD547D5EBD557D5FBD567D60BD577D36
:10E2300061BD587D62BD597D63BD5A7D64BD5B7D06
:10E2400065BD5C7D66BD5D7D67BD5E7D68BD5F7DD6
:10E2500069BD607D6ABD617D6BBD627D6CBD637DA6
:10E260006DBD647D6EBD657D6FBD667D70BD677D76
:10E2700071BD687D72BD697D73BD6A7D74BD6B7D46
:10E2800075BD6C7D76BD6D7D77BD6F7D78BD707D14
:10E2900079BD717D7ABD727D7BBD737D7CBD747DE2
:10E2A0007DBD757D7EBD767D80BD787D81BD797DAE
:10E2B00082BD7A7D83BD7B7D84BD7C7D85BD7D7D7A
:10E2C00086BD7E7D87BD7F7D88BD807D89BD817D4A
:10E2D0008ABD827D8BBD837D8CBD847D8DBD857D1A
:10E2E0008EBD867D8FBD877D90BD887D91BD897DEA
:10E2F00092BD8A7D93BD8B7D94BD8C7D95BD8D7DBA
:10E3000096BD8E7D97BD8F7D98BD907D99BD917D89
:10E310009ABD927D9BBD937D9CBD947D9DBD957D59
:10E320009EBD967D9FBD977DA0BD987DA1BD65508A
:10E33000A2BD3082A3BD5152A4BD6F99A5BD106E80
:10E34000A6BD856EA7BDA76DA8BDFA5EA9BDF55097
:10E35000AABDDC59ABBD065CACBD466DADBD5F6C06
:10E36000AEBD8675AFBD8B84B0BD6868B1BD565972
:10E37000B2BDB28BB3BD2053B4BD7191B5BD4D9646
:10E38000B6BD4985B7BD1269B8BD0179B9BD267161
:10E39000BABDF680BBBDA44EBCBDCA90BDBD476D25
:10E3A000BEBD849ABFBD075AC0BDBC56C1BD056481
:10E3B000C2BDF094C3BDEB77C4BDA54FC5BD1A81E6
:10E3C000C6BDE172C7BDD289C8BD7A99C9BD347FC7
:10E3D000CABDDE7ECBBD7F52CCBD5965CDBD75912A
:10E3E000CEBD7F8FCFBD838FD0BDEB53D1BD967A8D
:10E3F000D2BDED63D3BDA563D4BD8676D5BDF87916
:10E40000D6BD5788D7BD3696D8BD2A62D9BDAB5286
:10E41000DABD8282DBBD5468DCBD7067DDBD776329
:10E42000DEBD6B77DFBDED7AE0BD016DE1BDD37E72
:10E43000E2BDE389E3BDD059E4BD1262E5BDC98503
:10E44000E6BDA582E7BD4C75E8BD1F50E9BDCB4ECA
:10E45000EABDA575EBBDEB8BECBD4A5CEDBDFE5D89
:10E46000EEBD4B7BEFBDA465F0BDD191F1BDCA4EB1
:10E47000F2BD256DF3BD5F89F4BD277DF5BD269501
:10E48000F6BDC54EF7BD288CF8BDDB8FF9BD73977F
:10E49000FABD4B66FBBD8179FCBDD18FFDBDEC7033
:10E4A000FEBD786D40BE997D41BE9A7D42BE9B7D8A
:10E4B00043BE9C7D44BE9D7D45BE9E7D46BE9F7DE8
:10E4C00047BEA07D48BEA17D49BEA27D4ABEA37DB8
:10E4D0004BBEA47D4CBEA57D4DBEA77D4EBEA87D86
:10E4E0004FBEA97D50BEAA7D51BEAB7D52BEAC7D54
:10E4F00053BEAD7D54BEAF7D55BEB07D56BEB17D21
:10E5000057BEB27D58BEB37D59BEB47D5ABEB57DEF
:10E510005BBEB67D5CBEB77D5DBEB87D5EBEB97DBF
:10E520005FBEBA7D60BEBB7D61BEBC7D62BEBD7D8F
:10E5300063BEBE7D64BEBF7D65BEC07D66BEC17D5F
:10E5400067BEC27D68BEC37D69BEC47D6ABEC57D2F
:10E550006BBEC67D6CBEC77D6DBEC87D6EBEC97DFF
:10E560006FBECA7D70BECB7D71BECC7D72BECD7DCF
:10E5700073BECE7D74BECF7D75BED07D76BED17D9F
:10E5800077BED27D78BED37D79BED47D7ABED57D6F
:10E590007BBED67D7CBED77D7DBED87D7EBED97D3F
:10E5A00080BEDA7D81BEDB7D82BEDC7D83BEDD7D0B
:10E5B00084BEDE7D85BEDF7D86BEE07D87BEE17DDB
:10E5C00088BEE27D89BEE37D8ABEE47D8BBEE57DAB
:10E5D0008CBEE67D8DBEE77D8EBEE87D8FBEE97D7B
:10E5E00090BEEA7D91BEEB7D92BEEC7D93BEED7D4B
:10E5F00094BEEE7D95BEEF7D96BEF07D97BEF17D1B
:10E6000098BEF27D99BEF37D9ABEF47D9BBEF57DEA
:10E610009CBEF67D9DBEF77D9EBEF87D9FBEF97DBA
:10E62000A0BEFA7DA1BE3D5CA2BEB252A3BE46838F
:10E63000A4BE6251A5BE0E83A6BE5B77A7BE76665A
:10E64000A8BEB89CA9BEAC4EAABECA60ABBEBE7C7A
:10E65000ACBEB37CADBECF7EAEBE954EAFBE668BBC
:10E66000B0BE6F66B1BE8898B2BE5997B3BE83582C
:10E67000B4BE6C65B5BE5C95B6BE845FB7BEC975E9
:10E68000B8BE5697B9BEDF7ABABEDE7ABBBEC051FD
:10E69000BCBEAF70BDBE987ABEBEEA63BFBE767A1E
:10E6A000C0BEA07EC1BE9673C2BEED97C3BE454E2E
:10E6B000C4BE7870C5BE5D4EC6BE5291C7BEA953DA
:10E6C000C8BE5165C9BEE765CABEFC81CBBE058226
:10E6D000CCBE8E54CDBE315CCEBE9A75CFBEA09757
:10E6E000D0BED862D1BED972D2BEBD75D3BE455C94
:10E6F000D4BE799AD5BECA83D6BE405CD7BE8054FC
:10E70000D8BEE977D9BE3E4EDABEAE6CDBBE5A80CB
:10E71000DCBED262DDBE6E63DEBEE85DDFBE775179
:10E72000E0BEDD8DE1BE1E8EE2BE2F95E3BEF14F51
:10E73000E4BEE553E5BEE760E6BEAC70E7BE6752F7
:10E74000E8BE5063E9BE439EEABE1F5AEBBE2650A8
:10E75000ECBE3777EDBE7753EEBEE27EEFBE85644A
:10E76000F0BE2B65F1BE8962F2BE9863F3BE145011
:10E77000F4BE3572F5BEC989F6BEB351F7BEC08B83
:10E78000F8BEDD7EF9BE4757FABECC83FBBEA79428
:10E79000FCBE9B51FDBE1B54FEBEFB5C40BFFB7D1F
:10E7A00041BFFC7D42BFFD7D43BFFE7D44BFFF7D79
:10E7B00045BF007E46BF017E47BF027E48BF037E45
:10E7C00049BF047E4ABF057E4BBF067E4CBF077E15
:10E7D0004DBF087E4EBF097E4FBF0A7E50BF0B7EE5
:10E7E00051BF0C7E52BF0D7E53BF0E7E54BF0F7EB5
:10E7F00055BF107E56BF117E57BF127E58BF137E85
:10E8000059BF147E5ABF157E5BBF167E5CBF177E54
:10E810005DBF187E5EBF197E5FBF1A7E60BF1B7E24
:10E8200061BF1C7E62BF1D7E63BF1E7E64BF1F7EF4
:10E8300065BF207E66BF217E67BF227E68BF237EC4
:10E8400069BF247E6ABF257E6BBF267E6CBF277E94
:10E850006DBF287E6EBF297E6FBF2A7E70BF2B7E64
:10E8600071BF2C7E72BF2D7E73BF2E7E74BF2F7E34
:10E8700075BF307E76BF317E77BF327E78BF337E04
:10E8800079BF347E7ABF357E7BBF367E7CBF377ED4
:10E890007DBF387E7EBF397E80BF3A7E81BF3C7EA1
:10E8A00082BF3D7E83BF3E7E84BF3F7E85BF407E6C
:10E8B00086BF427E87BF437E88BF447E89BF457E38
:10E8C0008ABF467E8BBF487E8CBF497E8DBF4A7E05
:10E8D0008EBF4B7E8FBF4C7E90BF4D7E91BF4E7ED4
:10E8E00092BF4F7E93BF507E94BF517E95BF527EA4
:10E8F00096BF537E97BF547E98BF557E99BF567E74
:10E900009ABF577E9BBF587E9CBF597E9DBF5A7E43
:10E910009EBF5B7E9FBF5C7EA0BF5D7EA1BFCA4FD6
:10E92000A2BFE37AA3BF5A6DA4BFE190A5BF8F9A9F
:10E93000A6BF8055A7BF9654A8BF6153A9BFAF54C7
:10E94000AABF005FABBFE963ACBF7769ADBFEF5152
:10E95000AEBF6861AFBF0A52B0BF2A58B1BFD8522C
:10E96000B2BF4E57B3BF0D78B4BF0B77B5BFB75E1C
:10E97000B6BF7761B7BFE07CB8BF5B62B9BF9762D3
:10E98000BABFA24EBBBF9570BCBF0380BDBFF762CC
:10E99000BEBFE470BFBF6097C0BF7757C1BFDB8207
:10E9A000C2BFEF67C3BFF568C4BFD578C5BF97982E
:10E9B000C6BFD179C7BFF358C8BFB354C9BFEF535F
:10E9C000CABF346ECBBF4B51CCBF3B52CDBFA25B55
:10E9D000CEBFFE8BCFBFAF80D0BF4355D1BFA657B0
:10E9E000D2BF7360D3BF5157D4BF2D54D5BF7A7AED
:10E9F000D6BF5060D7BF545BD8BFA763D9BFA06252
:10EA0000DABFE353DBBF6362DCBFC75BDDBFAF6769
:10EA1000DEBFED54DFBF9F7AE0BFE682E1BF7791B2
:10EA2000E2BF935EE3BFE488E4BF3859E5BFAE5769
:10EA3000E6BF0E63E7BFE88DE8BFEF80E9BF575739
:10EA4000EABF777BEBBFA94FECBFEB5FEDBFBD5BD0
:10EA5000EEBF3E6BEFBF2153F0BF507BF1BFC272E0
:10EA6000F2BF4668F3BFFF77F4BF3677F5BFF765AF
:10EA7000F6BFB551F7BF8F4EF8BFD476F9BFBF5C74
:10EA8000FABFA57AFBBF7584FCBF4E59FDBF419B01
:10EA9000FEBF805040C05E7E41C05F7E42C0607E4F
:10EAA00043C0617E44C0627E45C0637E46C0647ED2
:10EAB00047C0657E48C0667E49C0677E4AC0687EA2
:10EAC0004BC0697E4CC06A7E4DC06B7E4EC06C7E72
:10EAD0004FC06D7E50C06E7E51C06F7E52C0707E42
:10EAE00053C0717E54C0727E55C0737E56C0747E12
:10EAF00057C0757E58C0767E59C0777E5AC0787EE2
:10EB00005BC0797E5CC07A7E5DC07B7E5EC07C7EB1
:10EB10005FC07D7E60C07E7E61C07F7E62C0807E81
:10EB200063C0817E64C0837E65C0847E66C0857E4E
:10EB300067C0867E68C0877E69C0887E6AC0897E1D
:10EB40006BC08A7E6CC08B7E6DC08C7E6EC08D7EED
:10EB50006FC08E7E70C08F7E71C0907E72C0917EBD
:10EB600073C0927E74C0937E75C0947E76C0957E8D
:10EB700077C0967E78C0977E79C0987E7AC0997E5D
:10EB80007BC09A7E7CC09C7E7DC09D7E7EC09E7E2A
:10EB900080C0AE7E81C0B47E82C0BB7E83C0BC7E9E
:10EBA00084C0D67E85C0E47E86C0EC7E87C0F97EB8
:10EBB00088C00A7F89C0107F8AC01E7F8BC0377FC4
:10EBC0008CC0397F8DC03B7F8EC03C7F8FC03D7F26
:10EBD00090C03E7F91C03F7F92C0407F93C0417FF5
:10EBE00094C0437F95C0467F96C0477F97C0487FBB
:10EBF00098C0497F99C04A7F9AC04B7F9BC04C7F89
:10EC00009CC04D7F9DC04E7F9EC04F7F9FC0527F56
:10EC1000A0C0537FA1C08899A2C02761A3C0836E02
:10EC2000A4C06457A5C00666A6C04663A7C0F05638
:10EC3000A8C0EC62A9C06962AAC0D35EABC014963A
:10EC4000ACC08357ADC0C962AEC08755AFC0218785
:10EC5000B0C04A81B1C0A38FB2C06655B3C0B18302
:10EC6000B4C06567B5C0568DB6C0DD84B7C06A5AFA
:10EC7000B8C00F68B9C0E662BAC0EE7BBBC01196DF
:10EC8000BCC07051BDC09C6FBEC0308CBFC0FD63A6
:10EC9000C0C0C889C1C0D261C2C0067FC3C0C27033
:10ECA000C4C0E56EC5C00574C6C09469C7C0FC7217
:10ECB000C8C0CA5EC9C0CE90CAC01767CBC06A6D53
:10ECC000CCC05E63CDC0B352CEC06272CFC00180F3
:10ECD000D0C06C4FD1C0E559D2C06A91D3C0D970B1
:10ECE000D4C09D6DD5C0D252D6C0504ED7C0F79675
:10ECF000D8C06D95D9C07E85DAC0CA78DBC02F7DBB
:10ED0000DCC02151DDC09257DEC0C264DFC08B8001
:10ED1000E0C07B7CE1C0EA6CE2C0F168E3C05E6900
:10ED2000E4C0B751E5C09853E6C0A868E7C0817257
:10ED3000E8C0CE9EE9C0F17BEAC0F872EBC0BB79B7
:10ED4000ECC0136FEDC00674EEC04E67EFC0CC91FF
:10ED5000F0C0A49CF1C03C79F2C08983F3C0548315
:10ED6000F4C00F54F5C01768F6C03D4EF7C0895384
:10ED7000F8C0B152F9C03E78FAC08653FBC02952A0
:10ED8000FCC08850FDC08B4FFEC0D04F40C1567FA5
:10ED900041C1597F42C15B7F43C15C7F44C15D7FFC
:10EDA00045C15E7F46C1607F47C1637F48C1647FC4
:10EDB00049C1657F4AC1667F4BC1677F4CC16B7F8C
:10EDC0004DC16C7F4EC16D7F4FC16F7F50C1707F51
:10EDD00051C1737F52C1757F53C1767F54C1777F14
:10EDE00055C1787F56C17A7F57C17B7F58C17C7FE0
:10EDF00059C17D7F5AC17F7F5BC1807F5CC1827FAB
:10EE00005DC1837F5EC1847F5FC1857F60C1867F76
:10EE100061C1877F62C1887F63C1897F64C18B7F45
:10EE200065C18D7F66C18F7F67C1907F68C1917F0B
:10EE300069C1927F6AC1937F6BC1957F6CC1967FD8
:10EE40006DC1977F6EC1987F6FC1997F70C19B7FA5
:10EE500071C19C7F72C1A07F73C1A27F74C1A37F67
:10EE600075C1A57F76C1A67F77C1A87F78C1A97F2C
:10EE700079C1AA7F7AC1AB7F7BC1AC7F7CC1AD7FFA
:10EE80007DC1AE7F7EC1B17F80C1B37F81C1B47FC0
:10EE900082C1B57F83C1B67F84C1B77F85C1BA7F88
:10EEA00086C1BB7F87C1BE7F88C1C07F89C1C27F49
:10EEB0008AC1C37F8BC1C47F8CC1C67F8DC1C77F10
:10EEC0008EC1C87F8FC1C97F90C1CB7F91C1CD7FDB
:10EED00092C1CF7F93C1D07F94C1D17F95C1D27FA2
:10EEE00096C1D37F97C1D67F98C1D77F99C1D97F6B
:10EEF0009AC1DA7F9BC1DB7F9CC1DC7F9DC1DD7F36
:10EF00009EC1DE7F9FC1E27FA0C1E37FA1C1E27508
:10EF1000A2C1CB7AA3C1927CA4C1A56CA5C1B696AF
:10EF2000A6C19B52A7C18374A8C1E954A9C1E94FE6
:10EF3000AAC15480ABC1B283ACC1DE8FADC17095A4
:10EF4000AEC1C95EAFC11C60B0C19F6DB1C1185EDA
:10EF5000B2C15B65B3C13881B4C1FE94B5C14B6029
:10EF6000B6C1BC70B7C1C37EB8C1AE7CB9C1C9510E
:10EF7000BAC18168BBC1B17CBCC16F82BDC1244E26
:10EF8000BEC1868FBFC1CF91C0C17E66C1C1AE4E2A
:10EF9000C2C1058CC3C1A964C4C14A80C5C1DA50CD
:10EFA000C6C19775C7C1CE71C8C1E55BC9C1BD8F68
:10EFB000CAC1666FCBC1864ECCC18264CDC1639598
:10EFC000CEC1D65ECFC19965D0C11752D1C1C2881A
:10EFD000D2C1C870D3C1A352D4C10E73D5C133748A
:10EFE000D6C19767D7C1F778D8C11697D9C1344E23
:10EFF000DAC1BB90DBC1DE9CDCC1CB6DDDC1DB5176
:10F00000DEC1418DDFC11D54E0C1CE62E1C1B273EA
:10F01000E2C1F183E3C1F696E4C1849FE5C1C394E4
:10F02000E6C1364FE7C19A7FE8C1CC51E9C175709E
:10F03000EAC17596EBC1AD5CECC18698EDC1E653B3
:10F04000EEC1E44EEFC19C6EF0C10974F1C1B46928
:10F05000F2C16B78F3C18F99F4C15975F5C118529B
:10F06000F6C12476F7C1416DF8C1F367F9C16D515E
:10F07000FAC1999FFBC14B80FCC19954FDC13C7BF7
:10F08000FEC1BF7A40C2E47F41C2E77F42C2E87F4F
:10F0900043C2EA7F44C2EB7F45C2EC7F46C2ED7FAC
:10F0A00047C2EF7F48C2F27F49C2F47F4AC2F57F70
:10F0B0004BC2F67F4CC2F77F4DC2F87F4EC2F97F3C
:10F0C0004FC2FA7F50C2FD7F51C2FE7F52C2FF7F06
:10F0D00053C2028054C2078055C2088056C20980BC
:10F0E00057C20A8058C20E8059C20F805AC211807E
:10F0F0005BC213805CC21A805DC21B805EC21D8031
:10F100005FC21E8060C21F8061C2218062C22380F4
:10F1100063C2248064C22B8065C22C8066C22D80AD
:10F1200067C22E8068C22F8069C230806AC2328076
:10F130006BC234806CC239806DC23A806EC23C8032
:10F140006FC23E8070C2408071C2418072C24480F2
:10F1500073C2458074C2478075C2488076C24980B8
:10F1600077C24E8078C24F8079C250807AC2518077
:10F170007BC253807CC255807DC256807EC2578040
:10F1800080C2598081C25B8082C25C8083C25D8004
:10F1900084C25E8085C25F8086C2608087C26180D3
:10F1A00088C2628089C263808AC264808BC26580A3
:10F1B0008CC266808DC267808EC268808FC26B8071
:10F1C00090C26C8091C26D8092C26E8093C26F803B
:10F1D00094C2708095C2728096C2738097C2748008
:10F1E00098C2758099C276809AC277809BC27880D7
:10F1F0009CC279809DC27A809EC27B809FC27C80A7
:10F20000A0C27D80A1C28696A2C28457A3C2E26238
:10F21000A4C24796A5C27C69A6C2045AA7C20264CA
:10F22000A8C2D37BA9C20F6FAAC24B96ABC2A6825B
:10F23000ACC26253ADC28598AEC2905EAFC2897057
:10F24000B0C2B363B1C26453B2C24F86B3C2819C31
:10F25000B4C2939EB5C28C78B6C23297B7C2EF8D56
:10F26000B8C2428DB9C27F9EBAC25E6FBBC28479FA
:10F27000BCC2555FBDC24696BEC22E62BFC2749A62
:10F28000C0C21554C1C2DD94C2C2A34FC3C2C5657A
:10F29000C4C2655CC5C2615CC6C2157FC7C2518667
:10F2A000C8C22F6CC9C28B5FCAC28773CBC2E46E5F
:10F2B000CCC2FF7ECDC2E65CCEC21B63CFC26A5B0E
:10F2C000D0C2E66ED1C27553D2C2714ED3C2A06312
:10F2D000D4C26575D5C2A162D6C26E8FD7C2264F81
:10F2E000D8C2D14ED9C2A66CDAC2B67EDBC2BA8B06
:10F2F000DCC21D84DDC2BA87DEC2577FDFC23B900D
:10F30000E0C22395E1C2A97BE2C2A19AE3C2F888D8
:10F31000E4C23D84E5C21B6DE6C2869AE7C2DC7E8C
:10F32000E8C28859E9C2BB9EEAC29B73EBC201786E
:10F33000ECC28286EDC26C9AEEC2829AEFC21B5674
:10F34000F0C21754F1C2CB57F2C2704EF3C2A69E60
:10F35000F4C25653F5C2C88FF6C20981F7C292773C
:10F36000F8C29299F9C2EE86FAC2E16EFBC2138529
:10F37000FCC2FC66FDC26261FEC22B6F40C37E8090
:10F3800041C3818042C3828043C3858044C3888057
:10F3900045C38A8046C38D8047C38E8048C38F8013
:10F3A00049C390804AC391804BC392804CC39480E0
:10F3B0004DC395804EC397804FC3998050C39E80A4
:10F3C00051C3A38052C3A68053C3A78054C3A8804F
:10F3D00055C3AC8056C3B08057C3B38058C3B58003
:10F3E00059C3B6805AC3B8805BC3B9805CC3BB80C5
:10F3F0005DC3C5805EC3C7805FC3C88060C3C9806A
:10F4000061C3CA8062C3CB8063C3CF8064C3D08032
:10F4100065C3D18066C3D28067C3D38068C3D480FC
:10F4200069C3D5806AC3D8806BC3DF806CC3E080BA
:10F430006DC3E2806EC3E3806FC3E68070C3EE806D
:10F4400071C3F58072C3F78073C3F98074C3FB8006
:10F4500075C3FE8076C3FF8077C3008178C30181C6
:10F4600079C303817AC304817BC305817CC307818F
:10F470007DC308817EC30B8180C30C8181C315814C
:10F4800082C3178183C3198184C31B8185C31C81F7
:10F4900086C31D8187C31F8188C3208189C32181C1
:10F4A0008AC322818BC323818CC324818DC3258190
:10F4B0008EC326818FC3278190C3288191C3298160
:10F4C00092C32A8193C32B8194C32D8195C32E812E
:10F4D00096C3308197C3338198C3348199C33581F2
:10F4E0009AC337819BC339819CC33A819DC33B81B9
:10F4F0009EC33C819FC33D81A0C33F81A1C3298C92
:10F50000A2C39282A3C32B83A4C3F276A5C3136CB8
:10F51000A6C3D95FA7C3BD83A8C32B73A9C30583A3
:10F52000AAC31A95ABC3DB6BACC3DB77ADC3C69480
:10F53000AEC36F53AFC30283B0C39251B1C33D5E3C
:10F54000B2C38C8CB3C3388DB4C3484EB5C3AB7350
:10F55000B6C39A67B7C38568B8C37691B9C309972C
:10F56000BAC36471BBC3A16CBCC30977BDC3925A53
:10F57000BEC34195BFC3CF6BC0C38E7FC1C32766D7
:10F58000C2C3D05BC3C3B959C4C39A5AC5C3E895B3
:10F59000C6C3F795C7C3EC4EC8C30C84C9C39984CE
:10F5A000CAC3AC6ACBC3DF76CCC33095CDC31B7363
:10F5B000CEC3A668CFC35F5BD0C32F77D1C39A9168
:10F5C000D2C36197D3C3DC7CD4C3F78FD5C31C8C63
:10F5D000D6C3255FD7C3737CD8C3D879D9C3C589AF
:10F5E000DAC3CC6CDBC31C87DCC3C65BDDC3425E05
:10F5F000DEC3C968DFC32077E0C3F57EE1C3955160
:10F60000E2C34D51E3C3C952E4C3295AE5C3057FA0
:10F61000E6C36297E7C3D782E8C3CF63E9C38477C1
:10F62000EAC3D085EBC3D279ECC33A6EEDC3995EE1
:10F63000EEC39959EFC31185F0C36D70F1C3116C1E
:10F64000F2C3BF62F3C3BF76F4C34F65F5C3AF60C7
:10F65000F6C3FD95F7C30E66F8C39F87F9C3239ED3
:10F66000FAC3ED94FBC30D54FCC37D54FDC32C8C35
:10F67000FEC3786440C4408141C4418142C4428198
:10F6800043C4438144C4448145C4458146C4478141
:10F6900047C4498148C44D8149C44E814AC44F8101
:10F6A0004BC452814CC456814DC457814EC45881BD
:10F6B0004FC45B8150C45C8151C45D8152C45E8182
:10F6C00053C45F8154C4618155C4628156C463814F
:10F6D00057C4648158C4668159C468815AC46A8118
:10F6E0005BC46B815CC46C815DC46F815EC47281DC
:10F6F0005FC4738160C4758161C4768162C477819F
:10F7000063C4788164C4818165C4838166C4848153
:10F7100067C4858168C4868169C487816AC4898118
:10F720006BC48B816CC48C816DC48D816EC48E81E1
:10F730006FC4908170C4928171C4938172C49481AA
:10F7400073C4958174C4968175C4978176C4998178
:10F7500077C49A8178C49E8179C49F817AC4A0813C
:10F760007BC4A1817CC4A2817DC4A4817EC4A58107
:10F7700080C4A78181C4A98182C4AB8183C4AC81C8
:10F7800084C4AD8185C4AE8186C4AF8187C4B08195
:10F7900088C4B18189C4B2818AC4B4818BC4B58163
:10F7A0008CC4B6818DC4B7818EC4B8818FC4B98131
:10F7B00090C4BC8191C4BD8192C4BE8193C4BF81F9
:10F7C00094C4C48195C4C58196C4C78197C4C881B7
:10F7D00098C4C98199C4CB819AC4CD819BC4CE8180
:10F7E0009CC4CF819DC4D0819EC4D1819FC4D2814D
:10F7F000A0C4D381A1C47964A2C41186A3C4216A20
:10F80000A4C49C81A5C4E878A6C46964A7C4549B19
:10F81000A8C4B962A9C42B67AAC4AB83ABC4A85857
:10F82000ACC4D89EADC4AB6CAEC4206FAFC4DE5BBD
:10F83000B0C44C96B1C40B8CB2C45F72B3C4D06771
:10F84000B4C4C762B5C46172B6C4A94EB7C4C659C0
:10F85000B8C4CD6BB9C49358BAC4AE66BBC4555EC8
:10F86000BCC4DF52BDC45561BEC42867BFC4EE76B8
:10F87000C0C46677C1C46772C2C4467AC3C4FF629B
:10F88000C4C4EA54C5C45054C6C4A094C7C4A39009
:10F89000C8C41C5AC9C4B37ECAC4166CCBC4434E78
:10F8A000CCC47659CDC41080CEC44859CFC4575368
:10F8B000D0C43775D1C4BE96D2C4CA56D3C420634F
:10F8C000D4C41181D5C47C60D6C4F995D7C4D66D93
:10F8D000D8C46254D9C48199DAC48551DBC4E95AC9
:10F8E000DCC4FD80DDC4AE59DEC41397DFC42A50EA
:10F8F000E0C4E56CE1C43C5CE2C4DF62E3C4604F99
:10F90000E4C43F53E5C47B81E6C40690E7C4BA6E05
:10F91000E8C42B85E9C4C862EAC4745EEBC4BE784F
:10F92000ECC4B564EDC47B63EEC4F55FEFC4185A54
:10F93000F0C47F91F1C41F9EF2C43F5CF3C44F63D7
:10F94000F4C44280F5C47D5BF6C46E55F7C44A9595
:10F95000F8C44D95F9C4856DFAC4A860FBC4E0678E
:10F96000FCC4DE72FDC4DD51FEC4815B40C5D481A0
:10F9700041C5D58142C5D68143C5D78144C5D8810B
:10F9800045C5D98146C5DA8147C5DB8148C5DC81DB
:10F9900049C5DD814AC5DE814BC5DF814CC5E081AB
:10F9A0004DC5E1814EC5E2814FC5E48150C5E58179
:10F9B00051C5E68152C5E88153C5E98154C5EB8143
:10F9C00055C5EE8156C5EF8157C5F08158C5F18107
:10F9D00059C5F2815AC5F5815BC5F6815CC5F781D1
:10F9E0005DC5F8815EC5F9815FC5FA8160C5FD819D
:10F9F00061C5FF8162C5038263C5078264C5088251
:10FA000065C5098266C50A8267C50B8268C50E8214
:10FA100069C50F826AC511826BC513826CC51582D8
:10FA20006DC516826EC517826FC5188270C51982A2
:10FA300071C51A8272C51D8273C5208274C5248265
:10FA400075C5258276C5268277C5278278C5298225
:10FA500079C52E827AC532827BC53A827CC53C82CA
:10FA60007DC53D827EC53F8280C5408281C5418281
:10FA700082C5428283C5438284C5458285C546824C
:10FA800086C5488287C54A8288C54C8289C54D8211
:10FA90008AC54E828BC550828CC551828DC55282DB
:10FAA0008EC553828FC5548290C5558291C55682AA
:10FAB00092C5578293C5598294C55B8295C55C8275
:10FAC00096C55D8297C55E8298C5608299C5618240
:10FAD0009AC562829BC563829CC564829DC565820E
:10FAE0009EC566829FC56782A0C56982A1C5E7627F
:10FAF000A2C5DE6CA3C55B72A4C56D62A5C5AE943C
:10FB0000A6C5BD7EA7C51381A8C5536DA9C59C51C7
:10FB1000AAC5045FABC57459ACC5AA52ADC5126085
:10FB2000AEC57359AFC59666B0C55086B1C59F7551
:10FB3000B2C52A63B3C5E661B4C5EF7CB5C5FA8B1F
:10FB4000B6C5E654B7C5276BB8C5259EB9C5B46B15
:10FB5000BAC5D585BBC55554BCC57650BDC5A46CCA
:10FB6000BEC56A55BFC5B48DC0C52C72C1C5155E72
:10FB7000C2C51560C3C53674C4C5CD62C5C5926320
:10FB8000C6C54C72C7C5985FC8C5436EC9C53E6D32
:10FB9000CAC50065CBC5586FCCC5D876CDC5D07861
:10FBA000CEC5FC76CFC55475D0C52452D1C5DB5324
:10FBB000D2C5534ED3C59E5ED4C5C165D5C52A8076
:10FBC000D6C5D680D7C59B62D8C58654D9C528521C
:10FBD000DAC5AE70DBC58D88DCC5D18DDDC5E16CC5
:10FBE000DEC57854DFC5DA80E0C5F957E1C5F48891
:10FBF000E2C5548DE3C56A96E4C54D91E5C5694FEC
:10FC0000E6C59B6CE7C5B755E8C5C676E9C530784B
:10FC1000EAC5A862EBC5F970ECC58E6FEDC56D5FE6
:10FC2000EEC5EC84EFC5DA68F0C57C78F1C5F77BEA
:10FC3000F2C5A881F3C50B67F4C54F9EF5C5676390
:10FC4000F6C5B078F7C56F57F8C51278F9C539977A
:10FC5000FAC57962FBC5AB62FCC58852FDC5357437
:10FC6000FEC5D76B40C66A8241C66B8242C66C82B3
:10FC700043C66D8244C6718245C6758246C6768289
:10FC800047C6778248C6788249C67B824AC67C824C
:10FC90004BC680824CC681824DC683824EC6858209
:10FCA0004FC6868250C6878251C6898252C68C82D0
:10FCB00053C6908254C6938255C6948256C6958286
:10FCC00057C6968258C69A8259C69B825AC69E8249
:10FCD0005BC6A0825CC6A2825DC6A3825EC6A78206
:10FCE0005FC6B28260C6B58261C6B68262C6BA829B
:10FCF00063C6BB8264C6BC8265C6BF8266C6C0825C
:10FD000067C6C28268C6C38269C6C5826AC6C68221
:10FD10006BC6C9826CC6D0826DC6D6826EC6D982C9
:10FD20006FC6DA8270C6DD8271C6E28272C6E78271
:10FD300073C6E88274C6E98275C6EA8276C6EC822A
:10FD400077C6ED8278C6EE8279C6F0827AC6F282F4
:10FD50007BC6F3827CC6F5827DC6F6827EC6F882BB
:10FD600080C6FA8281C6FC8282C6FD8283C6FE827C
:10FD700084C6FF8285C6008386C60A8387C60B8336
:10FD800088C60D8389C610838AC612838BC61383E7
:10FD90008CC616838DC618838EC619838FC61D83A5
:10FDA00090C61E8391C61F8392C6208393C621836B
:10FDB00094C6228395C6238396C6248397C625833B
:10FDC00098C6268399C629839AC62A839BC62E8302
:10FDD0009CC630839DC632839EC637839FC63B83B5
:10FDE000A0C63D83A1C66455A2C63E81A3C6B27516
:10FDF000A4C6AE76A5C63953A6C6DE75A7C6FB5007
:10FE0000A8C6415CA9C66C8BAAC6C77BABC64F50BF
:10FE1000ACC64772ADC6979AAEC6D898AFC6026F49
:10FE2000B0C6E274B1C66879B2C68764B3C6A577B6
:10FE3000B4C6FC62B5C69198B6C62B8DB7C6C15480
:10FE4000B8C65880B9C6524EBAC66A57BBC6F98200
:10FE5000BCC60D84BDC6735EBEC6ED51BFC6F6748A
:10FE6000C0C6C48BC1C64F5CC2C66157C3C6FC6C5A
:10FE7000C4C68798C5C6465AC6C63478C7C6449B0A
:10FE8000C8C6EB8FC9C6957CCAC65652CBC651624E
:10FE9000CCC6FA94CDC6C64ECEC68683CFC6618484
:10FEA000D0C6E983D1C6B284D2C6D457D3C634678C
:10FEB000D4C60357D5C66E66D6C6666DD7C6318C16
:10FEC000D8C6DD66D9C61170DAC61F67DBC63A6BC5
:10FED000DCC61668DDC61A62DEC6BB59DFC6034E35
:10FEE000E0C6C451E1C6066FE2C6D267E3C68F6CB6
:10FEF000E4C67651E5C6CB68E6C64759E7C6676BE8
:10FF0000E8C66675E9C60E5DEAC61081EBC6509F6D
:10FF1000ECC6D765EDC64879EEC64179EFC6919A31
:10FF2000F0C6778DF1C6825CF2C65E4EF3C6014F15
:10FF3000F4C62F54F5C65159F6C60C78F7C6685664
:10FF4000F8C6146CF9C6C48FFAC6035FFBC67D6C95
:10FF5000FCC6E36CFDC6AB8BFEC6906340C73E8318
:10FF600041C73F8342C7418343C7428344C7448359
:10FF700045C7458346C7488347C74A8348C74B831D
:10FF800049C74C834AC74D834BC74E834CC75383E5
:10FF90004DC755834EC756834FC7578350C75883A5
:10FFA00051C7598352C75D8353C7628354C7708357
:10FFB00055C7718356C7728357C7738358C77483F5
:10FFC00059C775835AC776835BC779835CC77A83C1
:10FFD0005DC77E835EC77F835FC7808360C7818381
:10FFE00061C7828362C7838363C7848364C787834F
:10FFF00065C7888366C78A8367C78B8368C78C8316
:020000040803EF
:1000000069C78D836AC78F836BC790836CC79183E1
:100010006DC794836EC795836FC7968370C79783A8
:1000200071C7998372C79A8373C79D8374C79F836F
:1000300075C7A18376C7A28377C7A38378C7A48334
:1000400079C7A5837AC7A6837BC7A7837CC7AC8300
:100050007DC7AD837EC7AE8380C7AF8381C7B583BD
:1000600082C7BB8383C7BE8384C7BF8385C7C28360
:1000700086C7C38387C7C48388C7C68389C7C88325
:100080008AC7C9838BC7CB838CC7CD838DC7CE83EB
:100090008EC7D0838FC7D18390C7D28391C7D383B4
:1000A00092C7D58393C7D78394C7D98395C7DA837B
:1000B00096C7DB8397C7DE8398C7E28399C7E3833C
:1000C0009AC7E4839BC7E6839CC7E7839DC7E88301
:1000D0009EC7EB839FC7EC83A0C7ED83A1C7706069
:1000E000A2C73D6DA3C77572A4C76662A5C78E94EB
:1000F000A6C7C594A7C74353A8C7C18FA9C77E7B0E
:10010000AAC7DF4EABC7268CACC77E4EADC7D49E08
:10011000AEC7B194AFC7B394B0C74D52B1C75C6F0F
:10012000B2C76390B3C7456DB4C7348CB5C7115817
:10013000B6C74C5DB7C7206BB8C7496BB9C7AA67CC
:10014000BAC75B54BBC75481BCC78C7FBDC7995825
:10015000BEC73785BFC73A5FC0C7A262C1C7476A7B
:10016000C2C73995C3C77265C4C78460C5C765680F
:10017000C6C7A777C7C7544EC8C7A84FC9C7E75D4A
:10018000CAC79897CBC7AC64CCC7D87FCDC7ED5C46
:10019000CEC7CF4FCFC78D7AD0C70752D1C7048300
:1001A000D2C7144ED3C72F60D4C7837AD5C7A694BD
:1001B000D6C7B54FD7C7B24ED8C7E679D9C73474BA
:1001C000DAC7E452DBC7B982DCC7D264DDC7BD79C8
:1001D000DEC7DD5BDFC7816CE0C75297E1C77B8F6D
:1001E000E2C7226CE3C73E50E4C77F53E5C7056E04
:1001F000E6C7CE64E7C77466E8C7306CE9C7C56078
:10020000EAC77798EBC7F78BECC7865EEDC73C74FF
:10021000EEC7777AEFC7CB79F0C7184EF1C7B19028
:10022000F2C70374F3C7426CF4C7DA56F5C74B91B3
:10023000F6C7C56CF7C78B8DF8C73A53F9C7C686A2
:10024000FAC7F266FBC7AF8EFCC7485CFDC7719A60
:10025000FEC7206E40C8EE8341C8EF8342C8F383D7
:1002600043C8F48344C8F58345C8F68346C8F7837A
:1002700047C8FA8348C8FB8349C8FC834AC8FE8341
:100280004BC8FF834CC800844DC802844EC8058407
:100290004FC8078450C8088451C8098452C80A84CA
:1002A00053C8108454C8128455C8138456C8148483
:1002B00057C8158458C8168459C817845AC8198451
:1002C0005BC81A845CC81B845DC81E845EC81F841A
:1002D0005FC8208460C8218461C8228462C82384E6
:1002E00063C8298464C82A8465C82B8466C82C84A2
:1002F00067C82D8468C82E8469C82F846AC8308472
:100300006BC832846CC833846DC834846EC835843D
:100310006FC8368470C8378471C8398472C83A840B
:1003200073C83B8474C83E8475C83F8476C84084D3
:1003300077C8418478C8428479C843847AC84484A1
:100340007BC845847CC847847DC848847EC849846E
:1003500080C84A8481C84B8482C84C8483C84D8439
:1003600084C84E8485C84F8486C8508487C8528408
:1003700088C8538489C854848AC855848BC85684D5
:100380008CC858848DC85D848EC85E848FC85F8495
:1003900090C8608491C8628492C8648493C865845C
:1003A00094C8668495C8678496C8688497C86A8428
:1003B00098C86E8499C86F849AC870849BC87284E8
:1003C0009CC874849DC877849EC879849FC87B84A8
:1003D000A0C87C84A1C8D653A2C8365AA3C88B9F94
:1003E000A4C8A38DA5C8BB53A6C80857A7C8A7987B
:1003F000A8C84367A9C89B91AAC8C96CABC8685173
:10040000ACC8CA75ADC8F362AEC8AC72AFC83852DA
:10041000B0C89D52B1C83A7FB2C89470B3C838769C
:10042000B4C87453B5C84A9EB6C8B769B7C86E7821
:10043000B8C8C096B9C8D988BAC8A47FBBC8367135
:10044000BCC8C371BDC88951BEC8D367BFC8E474F6
:10045000C0C8E458C1C81865C2C8B756C3C8A98B7C
:10046000C4C87699C5C87062C6C8D57EC7C8F960C9
:10047000C8C8ED70C9C8EC58CAC8C14ECBC8BA4E7E
:10048000CCC8CD5FCDC8E797CEC8FB4ECFC8A48BF4
:10049000D0C80352D1C88A59D2C8AB7ED3C85462DF
:1004A000D4C8CD4ED5C8E565D6C80E62D7C8388346
:1004B000D8C8C984D9C86383DAC88D87DBC894716A
:1004C000DCC8B66EDDC8B95BDEC8D27EDFC8975126
:1004D000E0C8C963E1C8D467E2C88980E3C839834A
:1004E000E4C81588E5C81251E6C87A5BE7C88259A6
:1004F000E8C8B18FE9C8734EEAC85D6CEBC86551B6
:10050000ECC82589EDC86F8FEEC82E96EFC84A85D6
:10051000F0C85E74F1C81095F2C8F095F3C8A66DE6
:10052000F4C8E582F5C8315FF6C89264F7C8126D69
:10053000F8C82884F9C86E81FAC8C39CFBC85E5805
:10054000FCC85B8DFDC8094EFEC8C15340C97D84FF
:1005500041C97E8442C97F8443C9808444C981845F
:1005600045C9838446C9848447C9858448C986842B
:1005700049C98A844AC98D844BC98F844CC99084E7
:100580004DC991844EC992844FC9938450C99484B3
:1005900051C9958452C9968453C9988454C99A8480
:1005A00055C99B8456C99D8457C99E8458C99F8448
:1005B00059C9A0845AC9A2845BC9A3845CC9A48414
:1005C0005DC9A5845EC9A6845FC9A78460C9A884E3
:1005D00061C9A98462C9AA8463C9AB8464C9AC84B3
:1005E00065C9AD8466C9AE8467C9B08468C9B18481
:1005F00069C9B3846AC9B5846BC9B6846CC9B78448
:100600006DC9BB846EC9BC846FC9BE8470C9C08407
:1006100071C9C28472C9C38473C9C58474C9C684CC
:1006200075C9C78476C9C88477C9CB8478C9CC8496
:1006300079C9CE847AC9CF847BC9D2847CC9D48459
:100640007DC9D5847EC9D78480C9D88481C9D9841D
:1006500082C9DA8483C9DB8484C9DC8485C9DE84E9
:1006600086C9E18487C9E28488C9E48489C9E784AA
:100670008AC9E8848BC9E9848CC9EA848DC9EB8472
:100680008EC9ED848FC9EE8490C9EF8491C9F1843D
:1006900092C9F28493C9F38494C9F48495C9F5840A
:1006A00096C9F68497C9F78498C9F88499C9F984DA
:1006B0009AC9FA849BC9FB849CC9FD849DC9FE84A8
:1006C0009EC900859FC90185A0C90285A1C91E4F89
:1006D000A2C96365A3C95168A4C9D355A5C9274E4A
:1006E000A6C91464A7C99A9AA8C96B62A9C9C25AB3
:1006F000AAC95F74ABC97282ACC9A96DADC9EE68F5
:10070000AEC9E750AFC98E83B0C90278B1C940679E
:10071000B2C93952B3C9996CB4C9B17EB5C9BB501D
:10072000B6C96555B7C95E71B8C95B7BB9C95266B0
:10073000BAC9CA73BBC9EB82BCC94967BDC9715C80
:10074000BEC92052BFC97D71C0C96B88C1C9EA95B5
:10075000C2C95596C3C9C564C4C9618DC5C9B38131
:10076000C6C98455C7C9556CC8C94762C9C92E7F57
:10077000CAC99258CBC9244FCCC94655CDC94F8D53
:10078000CEC94C66CFC90A4ED0C91A5CD1C9F3880C
:10079000D2C9A268D3C94E63D4C90D7AD5C9E7704E
:1007A000D6C98D82D7C9FA52D8C9F697D9C9115C72
:1007B000DAC9E854DBC9B590DCC9CD7EDDC9625920
:1007C000DEC94A8DDFC9C786E0C90C82E1C90D8246
:1007D000E2C9668DE3C94464E4C9045CE5C95161BA
:1007E000E6C9896DE7C93E79E8C9BE8BE9C93778A2
:1007F000EAC93375EBC97B54ECC9384FEDC9AB8EF0
:10080000EEC9F16DEFC9205AF0C9C57EF1C95E7914
:10081000F2C9886CF3C9A15BF4C9765AF5C91A7597
:10082000F6C9BE80F7C94E61F8C9176EF9C9F0580C
:10083000FAC91F75FBC92575FCC97272FDC94753FA
:10084000FEC9F37E40CA038541CA048542CA0585B4
:1008500043CA068544CA078545CA088546CA09852C
:1008600047CA0A8548CA0B8549CA0D854ACA0E85FA
:100870004BCA0F854CCA10854DCA12854ECA1485C5
:100880004FCA158550CA168551CA188552CA19858E
:1008900053CA1B8554CA1C8555CA1D8556CA1E8558
:1008A00057CA208558CA228559CA23855ACA248521
:1008B0005BCA25855CCA26855DCA27855ECA2885F0
:1008C0005FCA298560CA2A8561CA2D8562CA2E85BC
:1008D00063CA2F8564CA308565CA318566CA328588
:1008E00067CA338568CA348569CA35856ACA368558
:1008F0006BCA3E856CCA3F856DCA40856ECA41850C
:100900006FCA428570CA448571CA458572CA4685D8
:1009100073CA478574CA4B8575CA4C8576CA4D859E
:1009200077CA4E8578CA4F8579CA50857ACA51856B
:100930007BCA52857CCA53857DCA54857ECA55853B
:1009400080CA578581CA588582CA5A8583CA5B8501
:1009500084CA5C8585CA5D8586CA5F8587CA6085CD
:1009600088CA618589CA62858ACA63858BCA65859A
:100970008CCA66858DCA67858ECA69858FCA6A8565
:1009800090CA6B8591CA6C8592CA6D8593CA6E8533
:1009900094CA6F8595CA708596CA718597CA738502
:1009A00098CA758599CA76859ACA77859BCA7885CB
:1009B0009CCA7C859DCA7D859ECA7F859FCA80858D
:1009C000A0CA8185A1CA0177A2CADB76A3CA6952EF
:1009D000A4CADC80A5CA2357A6CA085EA7CA315993
:1009E000A8CAEE72A9CABD65AACA7F6EABCAD78B68
:1009F000ACCA385CADCA7186AECA4153AFCAF37790
:100A0000B0CAFE62B1CAF665B2CAC04EB3CADF98B8
:100A1000B4CA8086B5CA9E5BB6CAC68BB7CAF25343
:100A2000B8CAE277B9CA7F4FBACA4E5CBBCA769AD7
:100A3000BCCACB59BDCA0F5FBECA3A79BFCAEB5810
:100A4000C0CA164EC1CAFF67C2CA8B4EC3CAED6286
:100A5000C4CA938AC5CA1D90C6CABF52C7CA2F66E8
:100A6000C8CADC55C9CA6C56CACA0290CBCAD54E90
:100A7000CCCA8D4FCDCACA91CECA7099CFCA0F6C5D
:100A8000D0CA025ED1CA4360D2CAA45BD3CAC689A7
:100A9000D4CAD58BD5CA3665D6CA4B62D7CA969901
:100AA000D8CA885BD9CAFF5BDACA8863DBCA2E550D
:100AB000DCCAD753DDCA2676DECA7D51DFCA2C8553
:100AC000E0CAA267E1CAB368E2CA8A6BE3CA92626B
:100AD000E4CA938FE5CAD453E6CA1282E7CAD16D3D
:100AE000E8CA8F75E9CA664EEACA4E8DEBCA705BDA
:100AF000ECCA9F71EDCAAF85EECA9166EFCAD9669E
:100B0000F0CA727FF1CA0087F2CACD9EF3CA209F55
:100B1000F4CA5E5CF5CA2F67F6CAF08FF7CA11688F
:100B2000F8CA5F67F9CA0D62FACAD67AFBCA855855
:100B3000FCCAB65EFDCA7065FECA316F40CB8285C5
:100B400041CB838542CB868543CB888544CB898541
:100B500045CB8A8546CB8B8547CB8C8548CB8D850D
:100B600049CB8E854ACB90854BCB91854CCB9285DA
:100B70004DCB93854ECB94854FCB958550CB9685A9
:100B800051CB978552CB988553CB998554CB9A8579
:100B900055CB9D8556CB9E8557CB9F8558CBA08541
:100BA00059CBA1855ACBA2855BCBA3855CCBA58510
:100BB0005DCBA6855ECBA7855FCBA98560CBAB85DA
:100BC00061CBAC8562CBAD8563CBB18564CBB2859F
:100BD00065CBB38566CBB48567CBB58568CBB68569
:100BE00069CBB8856ACBBA856BCBBB856CCBBC8532
:100BF0006DCBBD856ECBBE856FCBBF8570CBC08501
:100C000071CBC28572CBC38573CBC48574CBC585CC
:100C100075CBC68576CBC78577CBC88578CBCA859B
:100C200079CBCB857ACBCC857BCBCD857CCBCE8568
:100C30007DCBD1857ECBD28580CBD48581CBD6852B
:100C400082CBD78583CBD88584CBD98585CBDA85F4
:100C500086CBDB8587CBDD8588CBDE8589CBDF85C1
:100C60008ACBE0858BCBE1858CCBE2858DCBE38590
:100C70008ECBE5858FCBE68590CBE78591CBE8855C
:100C800092CBEA8593CBEB8594CBEC8595CBED8528
:100C900096CBEE8597CBEF8598CBF08599CBF185F8
:100CA0009ACBF2859BCBF3859CCBF4859DCBF585C8
:100CB0009ECBF6859FCBF785A0CBF885A1CB556061
:100CC000A2CB3752A3CB0D80A4CB5464A5CB7088A4
:100CD000A6CB2975A7CB055EA8CB1368A9CBF46278
:100CE000AACB1C97ABCBCC53ACCB3D72ADCB018C1C
:100CF000AECB346CAFCB6177B0CB0E7AB1CB2E5488
:100D0000B2CBAC77B3CB7A98B4CB1C82B5CBF48B97
:100D1000B6CB5578B7CB1467B8CBC170B9CBAF653C
:100D2000BACB9564BBCB3656BCCB1D60BDCBC1796D
:100D3000BECBF853BFCB1D4EC0CB7B6BC1CB8680E7
:100D4000C2CBFA5BC3CBE355C4CBDB56C5CB3A4F22
:100D5000C6CB3C4FC7CB7299C8CBF35DC9CB7E677E
:100D6000CACB3880CBCB0260CCCB8298CDCB019064
:100D7000CECB8B5BCFCBBC8BD0CBF58BD1CB1C64DC
:100D8000D2CB5882D3CBDE64D4CBFD55D5CBCF822A
:100D9000D6CB6591D7CBD74FD8CB207DD9CB1F9061
:100DA000DACB9F7CDBCBF350DCCB5158DDCBAF6E85
:100DB000DECBBF5BDFCBC98BE0CB8380E1CB78910F
:100DC000E2CB9C84E3CB977BE4CB7D86E5CB8B9613
:100DD000E6CB8F96E7CBE57EE8CBD39AE9CB8E784E
:100DE000EACB815CEBCB577AECCB4290EDCBA7966C
:100DF000EECB5F79EFCB595BF0CB5F63F1CB0B7B35
:100E0000F2CBD184F3CBAD68F4CB0655F5CB297F7B
:100E1000F6CB1074F7CB227DF8CB0195F9CB40626D
:100E2000FACB4C58FBCBD64EFCCB835BFDCB795930
:100E3000FECB545840CCF98541CCFA8542CCFC8598
:100E400043CCFD8544CCFE8545CC008646CC01864E
:100E500047CC028648CC038649CC04864ACC068619
:100E60004BCC07864CCC08864DCC09864ECC0A86E6
:100E70004FCC0B8650CC0C8651CC0D8652CC0E86B6
:100E800053CC0F8654CC108655CC128656CC138684
:100E900057CC148658CC158659CC17865ACC188650
:100EA0005BCC19865CCC1A865DCC1B865ECC1C861E
:100EB0005FCC1D8660CC1E8661CC1F8662CC2086EE
:100EC00063CC218664CC228665CC238666CC2486BE
:100ED00067CC258668CC268669CC28866ACC2A868B
:100EE0006BCC2B866CCC2C866DCC2D866ECC2E8656
:100EF0006FCC2F8670CC308671CC318672CC328626
:100F000073CC338674CC348675CC358676CC3686F5
:100F100077CC378678CC398679CC3A867ACC3B86C2
:100F20007BCC3D867CCC3E867DCC3F867ECC40868D
:100F300080CC418681CC428682CC438683CC448659
:100F400084CC458685CC468686CC478687CC488629
:100F500088CC498689CC4A868ACC4B868BCC4C86F9
:100F60008CCC52868DCC53868ECC55868FCC5686B3
:100F700090CC578691CC588692CC598693CC5B8680
:100F800094CC5C8695CC5D8696CC5F8697CC60864B
:100F900098CC618699CC63869ACC64869BCC658616
:100FA0009CCC66869DCC67869ECC68869FCC6986E5
:100FB000A0CC6A86A1CC6D73A2CC1E63A3CC4B8E51
:100FC000A4CC0F8EA5CCCE80A6CCD482A7CCAC620C
:100FD000A8CCF053A9CCF06CAACC5E91ABCC2A592A
:100FE000ACCC0160ADCC706CAECC4D57AFCC4A648C
:100FF000B0CC2A8DB1CC2B76B2CCE96EB3CC5B579A
:10100000B4CC806AB5CCF075B6CC6D6FB7CC2D8CF6
:10101000B8CC088CB9CC6657BACCEF6BBBCC9288F5
:10102000BCCCB378BDCCA263BECCF953BFCCAD7001
:10103000C0CC646CC1CC5858C2CC2A64C3CC025812
:10104000C4CCE068C5CC9B81C6CC1055C7CCD67C3F
:10105000C8CC1850C9CCBA8ECACCCC6DCBCC9F8D25
:10106000CCCCEB70CDCC8F63CECC9B6DCFCCD46E83
:10107000D0CCE67ED1CC0484D2CC4368D3CC0390D0
:10108000D4CCD86DD5CC7696D6CCA88BD7CC5759A6
:10109000D8CC7972D9CCE485DACC7E81DBCCBC7536
:1010A000DCCC8A8ADDCCAF68DECC5452DFCC228E19
:1010B000E0CC1195E1CCD063E2CC9898E3CC448E9F
:1010C000E4CC7C55E5CC534FE6CCFF66E7CC8F569D
:1010D000E8CCD560E9CC956DEACC4352EBCC495CC9
:1010E000ECCC2959EDCCFB6DEECC6B58EFCC3075C8
:1010F000F0CC1C75F1CC6C60F2CC1482F3CC468140
:10110000F4CC1163F5CC6167F6CCE28FF7CC3A777B
:10111000F8CCF38DF9CC348DFACCC194FBCC165EAF
:10112000FCCC8553FDCC2C54FECCC37040CD6D86D9
:1011300041CD6F8642CD708643CD728644CD738695
:1011400045CD748646CD758647CD768648CD778663
:1011500049CD78864ACD83864BCD84864CCD858615
:101160004DCD86864ECD87864FCD888650CD8986DB
:1011700051CD8E8652CD8F8653CD908654CD91869B
:1011800055CD928656CD948657CD968658CD978666
:1011900059CD98865ACD99865BCD9A865CCD9B8633
:1011A0005DCD9E865ECD9F865FCDA08660CDA186FB
:1011B00061CDA28662CDA58663CDA68664CDAB86C1
:1011C00065CDAD8666CDAE8667CDB28668CDB38679
:1011D00069CDB7866ACDB8866BCDB9866CCDBB8636
:1011E0006DCDBC866ECDBD866FCDBE8670CDBF8603
:1011F00071CDC18672CDC28673CDC38674CDC586CE
:1012000075CDC88676CDCC8677CDCD8678CDD28685
:1012100079CDD3867ACDD5867BCDD6867CCDD78643
:101220007DCDDA867ECDDC8680CDDD8681CDE08603
:1012300082CDE18683CDE28684CDE38685CDE586C9
:1012400086CDE68687CDE78688CDE88689CDEA8695
:101250008ACDEB868BCDEC868CCDEF868DCDF58659
:101260008ECDF6868FCDF78690CDFA8691CDFB8612
:1012700092CDFC8693CDFD8694CDFF8695CD0187DA
:1012800096CD048797CD058798CD068799CD0B8796
:101290009ACD0C879BCD0E879CCD0F879DCD108757
:1012A0009ECD11879FCD1487A0CD1687A1CD406C10
:1012B000A2CDF75EA3CD5C50A4CDAD4EA5CDAD5E65
:1012C000A6CD3A63A7CD4782A8CD1A90A9CD506884
:1012D000AACD6E91ABCDB377ACCD0C54ADCDDC9433
:1012E000AECD645FAFCDE57AB0CD7668B1CD456364
:1012F000B2CD527BB3CDDF7EB4CDDB75B5CD7750AB
:10130000B6CD9562B7CD3459B8CD0F90B9CDF8515F
:10131000BACDC379BBCD817ABCCDFE56BDCD925F2F
:10132000BECD1490BFCD826DC0CD605CC1CD1F57C6
:10133000C2CD1054C3CD5451C4CD4D6EC5CDE2566F
:10134000C6CDA863C7CD9398C8CD7F81C9CD158779
:10135000CACD2A89CBCD0090CCCD1E54CDCD6F5CAB
:10136000CECDC081CFCDD662D0CD5862D1CD318126
:10137000D2CD359ED3CD4096D4CD6E9AD5CD7C9A24
:10138000D6CD2D69D7CDA559D8CDD362D9CD3E556F
:10139000DACD1663DBCDC754DCCDD986DDCD3C6D0F
:1013A000DECD035ADFCDE674E0CD9C88E1CD6A6BDB
:1013B000E2CD1659E3CD4C8CE4CD2F5FE5CD7E6EAA
:1013C000E6CDA973E7CD7D98E8CD384EE9CDF7702D
:1013D000EACD8C5BEBCD9778ECCD3D63EDCD5A66D5
:1013E000EECD9676EFCDCB60F0CD9B5BF1CD495A3B
:1013F000F2CD074EF3CD5581F4CD6A6CF5CD8B73EC
:10140000F6CDA14EF7CD8967F8CD517FF9CD805F3C
:10141000FACDFA65FBCD1B67FCCDD85FFDCD8459B5
:10142000FECD015A40CE198741CE1B8742CE1D8783
:1014300043CE1F8744CE208745CE248746CE2687BD
:1014400047CE278748CE288749CE2A874ACE2B8782
:101450004BCE2C874CCE2D874DCE2F874ECE30874E
:101460004FCE328750CE338751CE358752CE368716
:1014700053CE388754CE398755CE3A8756CE3C87DF
:1014800057CE3D8758CE408759CE41875ACE4287A6
:101490005BCE43875CCE44875DCE45875ECE468774
:1014A0005FCE4A8760CE4B8761CE4D8762CE4F8735
:1014B00063CE508764CE518765CE528766CE5487FF
:1014C00067CE558768CE568769CE58876ACE5A87C9
:1014D0006BCE5B876CCE5C876DCE5D876ECE5E8794
:1014E0006FCE5F8770CE618771CE628772CE66875E
:1014F00073CE678774CE688775CE698776CE6A8724
:1015000077CE6B8778CE6C8779CE6D877ACE6F87F2
:101510007BCE71877CCE72877DCE73877ECE7587BA
:1015200080CE778781CE788782CE798783CE7A877F
:1015300084CE7F8785CE808786CE818787CE84873D
:1015400088CE868789CE87878ACE89878BCE8A8701
:101550008CCE8C878DCE8E878ECE8F878FCE9087C8
:1015600090CE918791CE928792CE948793CE958795
:1015700094CE968795CE988796CE998797CE9A8760
:1015800098CE9B8799CE9C879ACE9D879BCE9E872F
:101590009CCEA0879DCEA1879ECEA2879FCEA387FB
:1015A000A0CEA487A1CECD5DA2CEAE5FA3CE715357
:1015B000A4CEE697A5CEDD8FA6CE4568A7CEF4567D
:1015C000A8CE2F55A9CEDF60AACE3A4EABCE4D6F36
:1015D000ACCEF47EADCEC782AECE0E84AFCED459A3
:1015E000B0CE1F4FB1CE2A4FB2CE3E5CB3CEAC7E52
:1015F000B4CE2A67B5CE1A85B6CE7354B7CE4F7522
:10160000B8CEC380B9CE8255BACE4F9BBBCE4D4F1C
:10161000BCCE2D6EBDCE138CBECE095CBFCE70612C
:10162000C0CE6B53C1CE1F76C2CE296EC3CE8A8682
:10163000C4CE8765C5CEFB95C6CEB97EC7CE3B541A
:10164000C8CE337AC9CE0A7DCACEEE95CBCEE1554F
:10165000CCCEC17FCDCEEE74CECE1D63CFCE17875C
:10166000D0CEA16DD1CE9D7AD2CE1162D3CEA1655E
:10167000D4CE6753D5CEE163D6CE836CD7CEEB5DA7
:10168000D8CE5C54D9CEA894DACE4C4EDBCE616C69
:10169000DCCEEC8BDDCE4B5CDECEE065DFCE9C821B
:1016A000E0CEA768E1CE3E54E2CE3454E3CECB6B1D
:1016B000E4CE666BE5CE944EE6CE4263E7CE485369
:1016C000E8CE1E82E9CE0D4FEACEAE4FEBCE5E578E
:1016D000ECCE0A62EDCEFE96EECE6466EFCE697277
:1016E000F0CEFF52F1CEA152F2CE9F60F3CEEF8B3F
:1016F000F4CE1466F5CE9971F6CE9067F7CE7F8959
:10170000F8CE5278F9CEFD77FACE7066FBCE3B5616
:10171000FCCE3854FDCE2195FECE7A7240CFA587FF
:1017200041CFA68742CFA78743CFA98744CFAA87B7
:1017300045CFAE8746CFB08747CFB18748CFB28776
:1017400049CFB4874ACFB6874BCFB7874CCFB8873E
:101750004DCFB9874ECFBB874FCFBC8750CFBE8709
:1017600051CFBF8752CFC18753CFC28754CFC387D2
:1017700055CFC48756CFC58757CFC78758CFC8879F
:1017800059CFC9875ACFCC875BCFCD875CCFCE8767
:101790005DCFCF875ECFD0875FCFD48760CFD5872F
:1017A00061CFD68762CFD78763CFD88764CFD987F9
:1017B00065CFDA8766CFDC8767CFDD8768CFDE87C6
:1017C00069CFDF876ACFE1876BCFE2876CCFE38792
:1017D0006DCFE4876ECFE6876FCFE78770CFE8875E
:1017E00071CFE98772CFEB8773CFEC8774CFED872A
:1017F00075CFEF8776CFF08777CFF18778CFF287F5
:1018000079CFF3877ACFF4877BCFF5877CCFF687C4
:101810007DCFF7877ECFF88780CFFA8781CFFB8790
:1018200082CFFC8783CFFD8784CFFF8785CF008859
:1018300086CF018887CF028888CF048889CF058822
:101840008ACF06888BCF07888CCF08888DCF0988F0
:101850008ECF0B888FCF0C8890CF0D8891CF0E88BC
:1018600092CF0F8893CF108894CF118895CF12888C
:1018700096CF148897CF178898CF188899CF198852
:101880009ACF1A889BCF1C889CCF1D889DCF1E881D
:101890009ECF1F889FCF2088A0CF2388A1CF007A1A
:1018A000A2CF6F60A3CF0C5EA4CF8960A5CF9D812E
:1018B000A6CF1559A7CFDC60A8CF8471A9CFEF7050
:1018C000AACFAA6EABCF506CACCF8072ADCF846A7A
:1018D000AECFAD88AFCF2D5EB0CF604EB1CFB35A93
:1018E000B2CF9C55B3CFE394B4CF176DB5CFFB7C8B
:1018F000B6CF9996B7CF0F62B8CFC67EB9CF8E77E5
:10190000BACF7E86BBCF2353BCCF1E97BDCF968F59
:10191000BECF8766BFCFE15CC0CFA04FC1CFED7215
:10192000C2CF0B4EC3CFA653C4CF0F59C5CF13544C
:10193000C6CF8063C7CF2895C8CF4851C9CFD94EED
:10194000CACF9C9CCBCFA47ECCCFB854CDCF248D16
:10195000CECF5488CFCF3782D0CFF295D1CF8E6DF6
:10196000D2CF265FD3CFCC5AD4CF3E66D5CF69969F
:10197000D6CFB073D7CF2E73D8CFBF53D9CF7A81FC
:10198000DACF8599DBCFA17FDCCFAA5BDDCF77965D
:10199000DECF5096DFCFBF7EE0CFF876E1CFA25307
:1019A000E2CF7695E3CF9999E4CFB17BE5CF448937
:1019B000E6CF586EE7CF614EE8CFD47FE9CF6579A7
:1019C000EACFE68BEBCFF360ECCFCD54EDCFAB4E4F
:1019D000EECF7998EFCFF75DF0CF616AF1CFCF50BE
:1019E000F2CF1154F3CF618CF4CF2784F5CF5D781B
:1019F000F6CF0497F7CF4A52F8CFEE54F9CFA3565B
:101A0000FACF0095FBCF886DFCCFB55BFDCFC66DDF
:101A1000FECF536640D0248841D0258842D0268806
:101A200043D0278844D0288845D0298846D02A88A2
:101A300047D02B8848D02C8849D02D884AD02E8872
:101A40004BD02F884CD030884DD031884ED0338841
:101A50004FD0348850D0358851D0368852D037880E
:101A600053D0388854D03A8855D03B8856D03D88DA
:101A700057D03E8858D03F8859D041885AD04288A4
:101A80005BD043885CD046885DD047885ED048886C
:101A90005FD0498860D04A8861D04B8862D04E8838
:101AA00063D04F8864D0508865D0518866D0528802
:101AB00067D0538868D0558869D056886AD05888CE
:101AC0006BD05A886CD05B886DD05C886ED05D8896
:101AD0006FD05E8870D05F8871D0608872D0668861
:101AE00073D0678874D06A8875D06D8876D06F8817
:101AF00077D0718878D0738879D074887AD07588D7
:101B00007BD076887CD078887DD079887ED07A88A2
:101B100080D07B8881D07C8882D0808883D0838865
:101B200084D0868885D0878886D0898887D08A881F
:101B300088D08C8889D08E888AD08F888BD09088E6
:101B40008CD091888DD093888ED094888FD09588B2
:101B500090D0978891D0988892D0998893D09A887D
:101B600094D09B8895D09D8896D09E8897D09F884A
:101B700098D0A08899D0A1889AD0A3889BD0A58816
:101B80009CD0A6889DD0A7889ED0A8889FD0A988E1
:101B9000A0D0AA88A1D00F5CA2D05D5BA3D02168A1
:101BA000A4D09680A5D07855A6D0117BA7D0486543
:101BB000A8D05469A9D09B4EAAD0476BABD04E8712
:101BC000ACD08B97ADD04F53AED01F63AFD03A643B
:101BD000B0D0AA90B1D09C65B2D0C180B3D0108CE7
:101BE000B4D09951B5D0B068B6D07853B7D0F98792
:101BF000B8D0C861B9D0C46CBAD0FB6CBBD0228C51
:101C0000BCD0515CBDD0AA85BED0AF82BFD00C95F0
:101C1000C0D0236BC1D09B8FC2D0B065C3D0FB5F57
:101C2000C4D0C35FC5D0E14FC6D04588C7D01F66BA
:101C3000C8D06581C9D02973CAD0FA60CBD074519D
:101C4000CCD01152CDD08B57CED0625FCFD0A290E6
:101C5000D0D04C88D1D09291D2D0785ED3D04F677B
:101C6000D4D02760D5D0D359D6D04451D7D0F6514F
:101C7000D8D0F880D9D00853DAD0796CDBD0C496AC
:101C8000DCD08A71DDD0114FDED0EE4FDFD09E7FE9
:101C9000E0D03D67E1D0C555E2D00895E3D0C079EA
:101CA000E4D09688E5D0E37EE6D09F58E7D00C627A
:101CB000E8D00097E9D05A86EAD01856EBD07B9846
:101CC000ECD0905FEDD0B88BEED0C484EFD05791BC
:101CD000F0D0D953F1D0ED65F2D08F5EF3D05C75C2
:101CE000F4D06460F5D06E7DF6D07F5AF7D0EA7EEE
:101CF000F8D0ED7EF9D0698FFAD0A755FBD0A35B61
:101D0000FCD0AC60FDD0CB65FED0847340D1AC88F4
:101D100041D1AE8842D1AF8843D1B08844D1B28896
:101D200045D1B38846D1B48847D1B58848D1B68863
:101D300049D1B8884AD1B9884BD1BA884CD1BB882F
:101D40004DD1BD884ED1BE884FD1BF8850D1C088FB
:101D500051D1C38852D1C48853D1C78854D1C888BF
:101D600055D1CA8856D1CB8857D1CC8858D1CD8887
:101D700059D1CF885AD1D0885BD1D1885CD1D38852
:101D80005DD1D6885ED1D7885FD1DA8860D1DB8813
:101D900061D1DC8862D1DD8863D1DE8864D1E088DE
:101DA00065D1E18866D1E68867D1E78868D1E9889E
:101DB00069D1EA886AD1EB886BD1EC886CD1ED8867
:101DC0006DD1EE886ED1EF886FD1F28870D1F58831
:101DD00071D1F68872D1F78873D1FA8874D1FB88F3
:101DE00075D1FD8876D1FF8877D1008978D10189B6
:101DF00079D103897AD104897BD105897CD106897F
:101E00007DD107897ED1088980D1098981D10B894B
:101E100082D10C8983D10D8984D10E8985D10F8916
:101E200086D1118987D1148988D1158989D11689DC
:101E30008AD117898BD118898CD11C898DD11D89A4
:101E40008ED11E898FD11F8990D1208991D122896D
:101E500092D1238993D1248994D1268995D1278938
:101E600096D1288997D1298998D12C8999D12D8902
:101E70009AD12E899BD12F899CD131899DD13289CC
:101E80009ED133899FD13589A0D13789A1D10990BD
:101E9000A2D16376A3D12977A4D1DA7EA5D1749794
:101EA000A6D19B85A7D1665BA8D1747AA9D1EA9601
:101EB000AAD14088ABD1CB52ACD18F71ADD1AA5F42
:101EC000AED1EC65AFD1E28BB0D1FB5BB1D16F9AF3
:101ED000B2D1E15DB3D1896BB4D15B6CB5D1AD8BBF
:101EE000B6D1AF8BB7D10A90B8D1C58FB9D18B53CA
:101EF000BAD1BC62BBD1269EBCD12D9EBDD140546F
:101F0000BED12B4EBFD1BD82C0D15972C1D19C86EA
:101F1000C2D1165DC3D15988C4D1AF6DC5D1C596A4
:101F2000C6D1D154C7D19A4EC8D1B68BC9D1097187
:101F3000CAD1BD54CBD10996CCD1DF70CDD1F96DCA
:101F4000CED1D076CFD1254ED0D11478D1D1128731
:101F5000D2D1A95CD3D1F65ED4D1008AD5D19C98D8
:101F6000D6D10E96D7D18E70D8D1BF6CD9D1445965
:101F7000DAD1A963DBD13C77DCD14D88DDD1146F98
:101F8000DED17382DFD13058E0D1D571E1D18C53ED
:101F9000E2D11A78E3D1C196E4D10155E5D1665F6B
:101FA000E6D13071E7D1B45BE8D11A8CE9D18C9AD3
:101FB000EAD1836BEBD12E59ECD12F9EEDD1E7798D
:101FC000EED16867EFD16C62F0D16F4FF1D1A1759E
:101FD000F2D18A7FF3D10B6DF4D13396F5D1276C12
:101FE000F6D1F04EF7D1D275F8D17B51F9D13768DF
:101FF000FAD13E6FFBD18090FCD17081FDD1965912
:10200000FED1767440D2388941D2398942D23A8998
:1020100043D23B8944D23C8945D23D8946D23E8950
:1020200047D23F8948D2408949D242894AD243891E
:102030004BD245894CD246894DD247894ED24889E8
:102040004FD2498950D24A8951D24B8952D24C89B8
:1020500053D24D8954D24E8955D24F8956D2508988
:1020600057D2518958D2528959D253895AD2548958
:102070005BD255895CD256895DD257895ED2588928
:102080005FD2598960D25A8961D25B8962D25C89F8
:1020900063D25D8964D2608965D2618966D26289C2
:1020A00067D2638968D2648969D265896AD267898F
:1020B0006BD268896CD269896DD26A896ED26B895C
:1020C0006FD26C8970D26D8971D26E8972D26F892C
:1020D00073D2708974D2718975D2728976D27389FC
:1020E00077D2748978D2758979D276897AD27789CC
:1020F0007BD278897CD279897DD27A897ED27C899B
:1021000080D27D8981D27E8982D2808983D2828960
:1021100084D2848985D2858986D2878987D2888925
:1021200088D2898989D28A898AD28B898BD28C89F3
:102130008CD28D898DD28E898ED28F898FD29089C3
:1021400090D2918991D2928992D2938993D2948993
:1021500094D2958995D2968996D2978997D2988963
:1021600098D2998999D29A899AD29B899BD29C8933
:102170009CD29D899DD29E899ED29F899FD2A08903
:10218000A0D2A189A1D24764A2D2275CA3D2659034
:10219000A4D2917AA5D2238CA6D2DA59A7D2AC5474
:1021A000A8D20082A9D26F83AAD28189ABD2008043
:1021B000ACD23069ADD24E56AED23680AFD2377285
:1021C000B0D2CE91B1D2B651B2D25F4EB3D27598E1
:1021D000B4D29663B5D21A4EB6D2F653B7D2F366DE
:1021E000B8D24B81B9D21C59BAD2B26DBBD2004E13
:1021F000BCD2F958BDD23B53BED2D663BFD2F19404
:10220000C0D29D4FC1D20A4FC2D26388C3D2909828
:10221000C4D23759C5D25790C6D2FB79C7D2EA4E3D
:10222000C8D2F080C9D29175CAD2826CCBD29C5BE5
:10223000CCD2E859CDD25D5FCED20569CFD28186AE
:10224000D0D21A50D1D2F25DD2D2594ED3D2E37746
:10225000D4D2E54ED5D27A82D6D29162D7D2136645
:10226000D8D29190D9D2795CDAD2BF4EDBD2795FE5
:10227000DCD2C681DDD23890DED28480DFD2AB756D
:10228000E0D2A64EE1D2D488E2D20F61E3D2C56B90
:10229000E4D2C65FE5D2494EE6D2CA76E7D2A26E54
:1022A000E8D2E38BE9D2AE8BEAD20A8CEBD2D18BA7
:1022B000ECD2025FEDD2FC7FEED2CC7FEFD2CE7EAD
:1022C000F0D23583F1D26B83F2D2E056F3D2B76B02
:1022D000F4D2F397F5D23496F6D2FB59F7D21F54C5
:1022E000F8D2F694F9D2EB6DFAD2C55BFBD26E99B7
:1022F000FCD2395CFDD2155FFED2909640D3A28904
:1023000041D3A38942D3A48943D3A58944D3A689C1
:1023100045D3A78946D3A88947D3A98948D3AA8991
:1023200049D3AB894AD3AC894BD3AD894CD3AE8961
:102330004DD3AF894ED3B0894FD3B18950D3B28931
:1023400051D3B38952D3B48953D3B58954D3B68901
:1023500055D3B78956D3B88957D3B98958D3BA89D1
:1023600059D3BB895AD3BC895BD3BD895CD3BE89A1
:102370005DD3BF895ED3C0895FD3C38960D3CD8964
:1023800061D3D38962D3D48963D3D58964D3D78900
:1023900065D3D88966D3D98967D3DB8968D3DD89CA
:1023A00069D3DF896AD3E0896BD3E1896CD3E28991
:1023B0006DD3E4896ED3E7896FD3E88970D3E98957
:1023C00071D3EA8972D3EC8973D3ED8974D3EE8922
:1023D00075D3F08976D3F18977D3F28978D3F489EC
:1023E00079D3F5897AD3F6897BD3F7897CD3F889B9
:1023F0007DD3F9897ED3FA8980D3FB8981D3FC8987
:1024000082D3FD8983D3FE8984D3FF8985D3018A52
:1024100086D3028A87D3038A88D3048A89D3058A1C
:102420008AD3068A8BD3088A8CD3098A8DD30A8AE9
:102430008ED30B8A8FD30C8A90D30D8A91D30E8AB8
:1024400092D30F8A93D3108A94D3118A95D3128A88
:1024500096D3138A97D3148A98D3158A99D3168A58
:102460009AD3178A9BD3188A9CD3198A9DD31A8A28
:102470009ED31B8A9FD31C8AA0D31D8AA1D37053DD
:10248000A2D3F182A3D3316AA4D3745AA5D3709E88
:10249000A6D3945EA7D3287FA8D3B983A9D32484D5
:1024A000AAD32584ABD36783ACD34787ADD3CE8F74
:1024B000AED3628DAFD3C876B0D3715FB1D39698E7
:1024C000B2D36C78B3D32066B4D3DF54B5D3E5620E
:1024D000B6D3634FB7D3C381B8D3C875B9D3B85E89
:1024E000BAD3CD96BBD30A8EBCD3F986BDD38F5455
:1024F000BED3F36CBFD38C6DC0D3386CC1D37F60B7
:10250000C2D3C752C3D32875C4D37D5EC5D3184F79
:10251000C6D3A060C7D3E75FC8D3245CC9D33175E5
:10252000CAD3AE90CBD3C094CCD3B972CDD3B96C4F
:10253000CED3386ECFD34991D0D30967D1D3CB5303
:10254000D2D3F353D3D3514FD4D3C991D5D3F18B35
:10255000D6D3C853D7D37C5ED8D3C28FD9D3E46D3A
:10256000DAD38E4EDBD3C276DCD38669DDD35E86CA
:10257000DED31A61DFD30682E0D3594FE1D3DE4FB9
:10258000E2D33E90E3D37C9CE4D30961E5D31D6E96
:10259000E6D3146EE7D38596E8D3884EE9D3315A53
:1025A000EAD3E896EBD30E4EECD37F5CEDD3B9794A
:1025B000EED3875BEFD3ED8BF0D3BD7FF1D389737F
:1025C000F2D3DF57F3D38B82F4D3C190F5D3015408
:1025D000F6D34790F7D3BB55F8D3EA5CF9D3A15FA4
:1025E000FAD30861FBD3326BFCD3F172FDD3B28016
:1025F000FED3898A40D41E8A41D41F8A42D4208ABD
:1026000043D4218A44D4228A45D4238A46D4248AB6
:1026100047D4258A48D4268A49D4278A4AD4288A86
:102620004BD4298A4CD42A8A4DD42B8A4ED42C8A56
:102630004FD42D8A50D42E8A51D42F8A52D4308A26
:1026400053D4318A54D4328A55D4338A56D4348AF6
:1026500057D4358A58D4368A59D4378A5AD4388AC6
:102660005BD4398A5CD43A8A5DD43B8A5ED43C8A96
:102670005FD43D8A60D43F8A61D4408A62D4418A63
:1026800063D4428A64D4438A65D4448A66D4458A32
:1026900067D4468A68D4478A69D4498A6AD44A8A00
:1026A0006BD44B8A6CD44C8A6DD44D8A6ED44E8ACE
:1026B0006FD44F8A70D4508A71D4518A72D4528A9E
:1026C00073D4538A74D4548A75D4558A76D4568A6E
:1026D00077D4578A78D4588A79D4598A7AD45A8A3E
:1026E0007BD45B8A7CD45C8A7DD45D8A7ED45E8A0E
:1026F00080D45F8A81D4608A82D4618A83D4628ADA
:1027000084D4638A85D4648A86D4658A87D4668AA9
:1027100088D4678A89D4688A8AD4698A8BD46A8A79
:102720008CD46B8A8DD46C8A8ED46D8A8FD46E8A49
:1027300090D46F8A91D4708A92D4718A93D4728A19
:1027400094D4738A95D4748A96D4758A97D4768AE9
:1027500098D4778A99D4788A9AD47A8A9BD47B8AB7
:102760009CD47C8A9DD47D8A9ED47E8A9FD47F8A85
:10277000A0D4808AA1D4746DA2D4D35BA3D4D5880D
:10278000A4D48498A5D46B8CA6D46D9AA7D4339E78
:10279000A8D40A6EA9D4A451AAD44351ABD4A35748
:1027A000ACD48188ADD49F53AED4F463AFD4958FAD
:1027B000B0D4ED56B1D45854B2D40657B3D43F7305
:1027C000B4D4906EB5D4187FB6D4DC8FB7D4D18290
:1027D000B8D43F61B9D42860BAD46296BBD4F0664D
:1027E000BCD4A67EBDD48A8DBED4C38DBFD4A594DF
:1027F000C0D4B35CC1D4A47CC2D40867C3D4A660DF
:10280000C4D40596C5D41880C6D4914EC7D4E790D9
:10281000C8D40053C9D46896CAD44151CBD4D08F00
:10282000CCD47485CDD45D91CED45566CFD4F597F4
:10283000D0D4555BD1D41D53D2D43878D3D4426789
:10284000D4D43D68D5D4C954D6D47E70D7D4B05B27
:10285000D8D47D8FD9D48D51DAD42857DBD4B15454
:10286000DCD41265DDD48266DED45E8DDFD4438D88
:10287000E0D40F81E1D46C84E2D46D90E3D4DF7CAA
:10288000E4D4FF51E5D4FB85E6D4A367E7D4E9653A
:10289000E8D4A16FE9D4A486EAD4818EEBD46A5639
:1028A000ECD42090EDD48276EED47670EFD4E5713E
:1028B000F0D4238DF1D4E962F2D41952F3D4FD6C33
:1028C000F4D43C8DF5D40E60F6D49E58F7D48E61C6
:1028D000F8D4FE66F9D4608DFAD44E62FBD4B355B9
:1028E000FCD4236EFDD42D67FED4678F40D5818A3A
:1028F00041D5828A42D5838A43D5848A44D5858A44
:1029000045D5868A46D5878A47D5888A48D58B8A11
:1029100049D58C8A4AD58D8A4BD58E8A4CD58F8ADB
:102920004DD5908A4ED5918A4FD5928A50D5948AAA
:1029300051D5958A52D5968A53D5978A54D5988A77
:1029400055D5998A56D59A8A57D59B8A58D59C8A47
:1029500059D59D8A5AD59E8A5BD59F8A5CD5A08A17
:102960005DD5A18A5ED5A28A5FD5A38A60D5A48AE7
:1029700061D5A58A62D5A68A63D5A78A64D5A88AB7
:1029800065D5A98A66D5AA8A67D5AB8A68D5AC8A87
:1029900069D5AD8A6AD5AE8A6BD5AF8A6CD5B08A57
:1029A0006DD5B18A6ED5B28A6FD5B38A70D5B48A27
:1029B00071D5B58A72D5B68A73D5B78A74D5B88AF7
:1029C00075D5B98A76D5BA8A77D5BB8A78D5BC8AC7
:1029D00079D5BD8A7AD5BE8A7BD5BF8A7CD5C08A97
:1029E0007DD5C18A7ED5C28A80D5C38A81D5C48A65
:1029F00082D5C58A83D5C68A84D5C78A85D5C88A33
:102A000086D5C98A87D5CA8A88D5CB8A89D5CC8A02
:102A10008AD5CD8A8BD5CE8A8CD5CF8A8DD5D08AD2
:102A20008ED5D18A8FD5D28A90D5D38A91D5D48AA2
:102A300092D5D58A93D5D68A94D5D78A95D5D88A72
:102A400096D5D98A97D5DA8A98D5DB8A99D5DC8A42
:102A50009AD5DD8A9BD5DE8A9CD5DF8A9DD5E08A12
:102A60009ED5E18A9FD5E28AA0D5E38AA1D5E194DB
:102A7000A2D5F895A3D52877A4D50568A5D5A869CA
:102A8000A6D58B54A7D54D4EA8D5B870A9D5C88B5F
:102A9000AAD55864ABD58B65ACD5855BADD5847AAA
:102AA000AED53A50AFD5E85BB0D5BB77B1D5E16BC9
:102AB000B2D5798AB3D5987CB4D5BE6CB5D5CF766E
:102AC000B6D5A965B7D5978FB8D52D5DB9D5555C65
:102AD000BAD53886BBD50868BCD56053BDD5186259
:102AE000BED5D97ABFD55B6EC0D5FD7EC1D51F6A74
:102AF000C2D5E07AC3D5705FC4D5336FC5D5205F2A
:102B0000C6D58C63C7D5A86DC8D55667C9D5084E3C
:102B1000CAD5105ECBD5268DCCD5D74ECDD5C080AD
:102B2000CED53476CFD59C96D0D5DB62D1D52D6667
:102B3000D2D57E62D3D5BC6CD4D5758DD5D5677111
:102B4000D6D5697FD7D54651D8D58780D9D5EC530E
:102B5000DAD56E90DBD59862DCD5F254DDD5F086FF
:102B6000DED5998FDFD50580E0D51795E1D517859E
:102B7000E2D5D98FE3D5596DE4D5CD73E5D59F6501
:102B8000E6D51F77E7D50475E8D52778E9D5FB8129
:102B9000EAD51E8DEBD58894ECD5A64FEDD595677B
:102BA000EED5B975EFD5CA8BF0D50797F1D52F6360
:102BB000F2D54795F3D53596F4D5B884F5D523638A
:102BC000F6D54177F7D5815FF8D5F072F9D5894E02
:102BD000FAD51460FBD57465FCD5EF62FDD5636B47
:102BE000FED53F6540D6E48A41D6E58A42D6E68ADC
:102BF00043D6E78A44D6E88A45D6E98A46D6EA8AA1
:102C000047D6EB8A48D6EC8A49D6ED8A4AD6EE8A70
:102C10004BD6EF8A4CD6F08A4DD6F18A4ED6F28A40
:102C20004FD6F38A50D6F48A51D6F58A52D6F68A10
:102C300053D6F78A54D6F88A55D6F98A56D6FA8AE0
:102C400057D6FB8A58D6FC8A59D6FD8A5AD6FE8AB0
:102C50005BD6FF8A5CD6008B5DD6018B5ED6028B7D
:102C60005FD6038B60D6048B61D6058B62D6068B4C
:102C700063D6088B64D6098B65D60A8B66D60B8B18
:102C800067D60C8B68D60D8B69D60E8B6AD60F8BE8
:102C90006BD6108B6CD6118B6DD6128B6ED6138BB8
:102CA0006FD6148B70D6158B71D6168B72D6178B88
:102CB00073D6188B74D6198B75D61A8B76D61B8B58
:102CC00077D61C8B78D61D8B79D61E8B7AD61F8B28
:102CD0007BD6208B7CD6218B7DD6228B7ED6238BF8
:102CE00080D6248B81D6258B82D6278B83D6288BC2
:102CF00084D6298B85D62A8B86D62B8B87D62C8B90
:102D000088D62D8B89D62E8B8AD62F8B8BD6308B5F
:102D10008CD6318B8DD6328B8ED6338B8FD6348B2F
:102D200090D6358B91D6368B92D6378B93D6388BFF
:102D300094D6398B95D63A8B96D63B8B97D63C8BCF
:102D400098D63D8B99D63E8B9AD63F8B9BD6408B9F
:102D50009CD6418B9DD6428B9ED6438B9FD6448B6F
:102D6000A0D6458BA1D6275EA2D6C775A3D6D19093
:102D7000A4D6C18BA5D69D82A6D69D67A7D62F6562
:102D8000A8D63154A9D61887AAD6E577ABD6A280A3
:102D9000ACD60281ADD6416CAED64B4EAFD6C77E17
:102DA000B0D64C80B1D6F476B2D60D69B3D6966B58
:102DB000B4D66762B5D63C50B6D6844FB7D6405726
:102DC000B8D60763B9D6626BBAD6BE8DBBD6EA5306
:102DD000BCD6E865BDD6B87EBED6D75FBFD61A636F
:102DE000C0D6B763C1D6F381C2D6F481C3D66E7F95
:102DF000C4D61C5EC5D6D95CC6D63652C7D67A664E
:102E0000C8D6E979C9D61A7ACAD6288DCBD6997090
:102E1000CCD6D475CDD6DE6ECED6BB6CCFD6927A5C
:102E2000D0D62D4ED1D6C576D2D6E05FD3D69F94DC
:102E3000D4D67788D5D6C87ED6D6CD79D7D6BF801A
:102E4000D8D6CD91D9D6F24EDAD6174FDBD61F821F
:102E5000DCD66854DDD6DE5DDED6326DDFD6CC8BB7
:102E6000E0D6A57CE1D6748FE2D69880E3D61A5ED0
:102E7000E4D69254E5D6B176E6D6995BE7D63C66C1
:102E8000E8D6A49AE9D6E073EAD62A68EBD6DB86C0
:102E9000ECD63167EDD62A73EED6F88BEFD6DB8B06
:102EA000F0D61090F1D6F97AF2D6DB70F3D66E71C7
:102EB000F4D6C462F5D6A977F6D63156F7D63B4E8E
:102EC000F8D65784F9D6F167FAD6A952FBD6C08650
:102ED000FCD62E8DFDD6F894FED6517B40D7468B7E
:102EE00041D7478B42D7488B43D7498B44D74A8B2E
:102EF00045D74B8B46D74C8B47D74D8B48D74E8BFE
:102F000049D74F8B4AD7508B4BD7518B4CD7528BCD
:102F10004DD7538B4ED7548B4FD7558B50D7568B9D
:102F200051D7578B52D7588B53D7598B54D75A8B6D
:102F300055D75B8B56D75C8B57D75D8B58D75E8B3D
:102F400059D75F8B5AD7608B5BD7618B5CD7628B0D
:102F50005DD7638B5ED7648B5FD7658B60D7678BDC
:102F600061D7688B62D7698B63D76A8B64D76B8BA9
:102F700065D76D8B66D76E8B67D76F8B68D7708B75
:102F800069D7718B6AD7728B6BD7738B6CD7748B45
:102F90006DD7758B6ED7768B6FD7778B70D7788B15
:102FA00071D7798B72D77A8B73D77B8B74D77C8BE5
:102FB00075D77D8B76D77E8B77D77F8B78D7808BB5
:102FC00079D7818B7AD7828B7BD7838B7CD7848B85
:102FD0007DD7858B7ED7868B80D7878B81D7888B53
:102FE00082D7898B83D78A8B84D78B8B85D78C8B21
:102FF00086D78D8B87D78E8B88D78F8B89D7908BF1
:103000008AD7918B8BD7928B8CD7938B8DD7948BC0
:103010008ED7958B8FD7968B90D7978B91D7988B90
:1030200092D7998B93D79A8B94D79B8B95D79C8B60
:1030300096D79D8B97D79E8B98D79F8B99D7AC8B24
:103040009AD7B18B9BD7BB8B9CD7C78B9DD7D08B87
:103050009ED7EA8B9FD7098CA0D71E8CA1D74F4F44
:10306000A2D7E86CA3D75D79A4D77B9AA5D7936242
:10307000A6D72A72A7D7FD62A8D7134EA9D716786C
:10308000AAD76C8FABD7B064ACD75A8DADD7C67BFF
:10309000AED76968AFD7845EB0D7C588B1D7865937
:1030A000B2D79E64B3D7EE58B4D7B672B5D70E690F
:1030B000B6D72595B7D7FD8FB8D7588DB9D76057F4
:1030C000BAD7007FBBD7068CBCD7C651BDD74963E2
:1030D000BED7D962BFD75353C0D74C68C1D722746B
:1030E000C2D70183C3D74C91C4D74455C5D74077C5
:1030F000C6D77C70C7D74A6DC8D77951C9D7A854ED
:10310000CAD7448DCBD7FF59CCD7CB6ECDD7C46DA2
:10311000CED75C5BCFD72B7DD0D7D44ED1D77D7C9B
:10312000D2D7D36ED3D7505BD4D7EA81D5D70D6E23
:10313000D6D7575BD7D7039BD8D7D568D9D72A8E90
:10314000DAD7975BDBD7FC7EDCD73B60DDD7B57E7B
:10315000DED7B990DFD7708DE0D74F59E1D7CD6377
:10316000E2D7DF79E3D7B38DE4D75253E5D7CF6504
:10317000E6D75679E7D7C58BE8D73B96E9D7C47E23
:10318000EAD7BB94EBD7827EECD73456EDD7899142
:10319000EED70067EFD76A7FF0D70A5CF1D775905A
:1031A000F2D72866F3D7E65DF4D7504FF5D7DE6740
:1031B000F6D75A50F7D75C4FF8D75057F9D7A75ED4
:1031C00040D8388C41D8398C42D83A8C43D83B8C83
:1031D00044D83C8C45D83D8C46D83E8C47D83F8C53
:1031E00048D8408C49D8428C4AD8438C4BD8448C20
:1031F0004CD8458C4DD8488C4ED84A8C4FD84B8CE7
:1032000050D84D8C51D84E8C52D84F8C53D8508CAE
:1032100054D8518C55D8528C56D8538C57D8548C7E
:1032200058D8568C59D8578C5AD8588C5BD8598C4A
:103230005CD85B8C5DD85C8C5ED85D8C5FD85E8C16
:1032400060D85F8C61D8608C62D8638C63D8648CE2
:1032500064D8658C65D8668C66D8678C67D8688CAE
:1032600068D8698C69D86C8C6AD86D8C6BD86E8C78
:103270006CD86F8C6DD8708C6ED8718C6FD8728C46
:1032800070D8748C71D8758C72D8768C73D8778C12
:1032900074D87B8C75D87C8C76D87D8C77D87E8CD6
:1032A00078D87F8C79D8808C7AD8818C7BD8838CA5
:1032B0007CD8848C7DD8868C7ED8878C80D8888C6E
:1032C00081D88B8C82D88D8C83D88E8C84D88F8C2F
:1032D00085D8908C86D8918C87D8928C88D8938CFE
:1032E00089D8958C8AD8968C8BD8978C8CD8998CC9
:1032F0008DD89A8C8ED89B8C8FD89C8C90D89D8C96
:1033000091D89E8C92D89F8C93D8A08C94D8A18C65
:1033100095D8A28C96D8A38C97D8A48C98D8A58C35
:1033200099D8A68C9AD8A78C9BD8A88C9CD8A98C05
:103330009DD8AA8C9ED8AB8C9FD8AC8CA0D8AD8CD5
:10334000A1D88D4EA2D80C4EA3D84051A4D8104E6F
:10335000A5D8FF5EA6D84553A7D8154EA8D8984E35
:10336000A9D81E4EAAD8329BABD86C5BACD8695694
:10337000ADD8284EAED8BA79AFD83F4EB0D8155395
:10338000B1D8474EB2D82D59B3D83B72B4D86E538A
:10339000B5D8106CB6D8DF56B7D8E480B8D89799AE
:1033A000B9D8D36BBAD87E77BBD8179FBCD8364E66
:1033B000BDD89F4EBED8109FBFD85C4EC0D8694EB6
:1033C000C1D8934EC2D88882C3D85B5BC4D86C5531
:1033D000C5D80F56C6D8C44EC7D88D53C8D89D532C
:1033E000C9D8A353CAD8A553CBD8AE53CCD8659768
:1033F000CDD85D8DCED81A53CFD8F553D0D826531B
:10340000D1D82E53D2D83E53D3D85C8DD4D866535E
:10341000D5D86353D6D80252D7D80852D8D80E522E
:10342000D9D82D52DAD83352DBD83F52DCD84052AB
:10343000DDD84C52DED85E52DFD86152E0D85C5203
:10344000E1D8AF84E2D87D52E3D88252E4D88152E9
:10345000E5D89052E6D89352E7D88251E8D8547F05
:10346000E9D8BB4EEAD8C34EEBD8C94EECD8C24E11
:10347000EDD8E84EEED8E14EEFD8EB4EF0D8DE4E68
:10348000F1D81B4FF2D8F34EF3D8224FF4D8644F43
:10349000F5D8F54EF6D8254FF7D8274FF8D8094F6D
:1034A000F9D82B4FFAD85E4FFBD8674FFCD8386558
:1034B000FDD85A4FFED85D4F40D9AE8C41D9AF8C64
:1034C00042D9B08C43D9B18C44D9B28C45D9B38C94
:1034D00046D9B48C47D9B58C48D9B68C49D9B78C64
:1034E0004AD9B88C4BD9B98C4CD9BA8C4DD9BB8C34
:1034F0004ED9BC8C4FD9BD8C50D9BE8C51D9BF8C04
:1035000052D9C08C53D9C18C54D9C28C55D9C38CD3
:1035100056D9C48C57D9C58C58D9C68C59D9C78CA3
:103520005AD9C88C5BD9C98C5CD9CA8C5DD9CB8C73
:103530005ED9CC8C5FD9CD8C60D9CE8C61D9CF8C43
:1035400062D9D08C63D9D18C64D9D28C65D9D38C13
:1035500066D9D48C67D9D58C68D9D68C69D9D78CE3
:103560006AD9D88C6BD9D98C6CD9DA8C6DD9DB8CB3
:103570006ED9DC8C6FD9DD8C70D9DE8C71D9DF8C83
:1035800072D9E08C73D9E18C74D9E28C75D9E38C53
:1035900076D9E48C77D9E58C78D9E68C79D9E78C23
:1035A0007AD9E88C7BD9E98C7CD9EA8C7DD9EB8CF3
:1035B0007ED9EC8C80D9ED8C81D9EE8C82D9EF8CC0
:1035C00083D9F08C84D9F18C85D9F28C86D9F38C8F
:1035D00087D9F48C88D9F58C89D9F68C8AD9F78C5F
:1035E0008BD9F88C8CD9F98C8DD9FA8C8ED9FB8C2F
:1035F0008FD9FC8C90D9FD8C91D9FE8C92D9FF8CFF
:1036000093D9008D94D9018D95D9028D96D9038DCA
:1036100097D9048D98D9058D99D9068D9AD9078D9A
:103620009BD9088D9CD9098D9DD90A8D9ED90B8D6A
:103630009FD90C8DA0D90D8DA1D95F4FA2D9574F1D
:10364000A3D9324FA4D93D4FA5D9764FA6D9744FEF
:10365000A7D9914FA8D9894FA9D9834FAAD98F4FFC
:10366000ABD97E4FACD97B4FADD9AA4FAED97C4FE9
:10367000AFD9AC4FB0D9944FB1D9E64FB2D9E84FDA
:10368000B3D9EA4FB4D9C54FB5D9DA4FB6D9E34F5C
:10369000B7D9DC4FB8D9D14FB9D9DF4FBAD9F84F24
:1036A000BBD92950BCD94C50BDD9F34FBED92C50F1
:1036B000BFD90F50C0D92E50C1D92D50C2D9FE4FFD
:1036C000C3D91C50C4D90C50C5D92550C6D92850CF
:1036D000C7D97E50C8D94350C9D95550CAD94850C6
:1036E000CBD94E50CCD96C50CDD97B50CED9A5502A
:1036F000CFD9A750D0D9A950D1D9BA50D2D9D65004
:10370000D3D90651D4D9ED50D5D9EC50D6D9E650FD
:10371000D7D9EE50D8D90751D9D90B51DAD9DD4EC6
:10372000DBD93D6CDCD9584FDDD9654FDED9CE4FA2
:10373000DFD9A09FE0D9466CE1D9747CE2D96E5103
:10374000E3D9FD5DE4D9C99EE5D99899E6D98151BF
:10375000E7D91459E8D9F952E9D90D53EAD9078ABA
:10376000EBD91053ECD9EB51EDD91959EED955518C
:10377000EFD9A04EF0D95651F1D9B34EF2D96E8897
:10378000F3D9A488F4D9B54EF5D91481F6D9D288E5
:10379000F7D98079F8D9345BF9D90388FAD9B87F99
:1037A000FBD9AB51FCD9B151FDD9BD51FED9BC51AA
:1037B00040DA0E8D41DA0F8D42DA108D43DA118D29
:1037C00044DA128D45DA138D46DA148D47DA158DF9
:1037D00048DA168D49DA178D4ADA188D4BDA198DC9
:1037E0004CDA1A8D4DDA1B8D4EDA1C8D4FDA208D96
:1037F00050DA518D51DA528D52DA578D53DA5F8D8E
:1038000054DA658D55DA688D56DA698D57DA6A8D26
:1038100058DA6C8D59DA6E8D5ADA6F8D5BDA718DEC
:103820005CDA728D5DDA788D5EDA798D5FDA7A8DA9
:1038300060DA7B8D61DA7C8D62DA7D8D63DA7E8D74
:1038400064DA7F8D65DA808D66DA828D67DA838D42
:1038500068DA868D69DA878D6ADA888D6BDA898D08
:103860006CDA8C8D6DDA8D8D6EDA8E8D6FDA8F8DD0
:1038700070DA908D71DA928D72DA938D73DA958D9C
:1038800074DA968D75DA978D76DA988D77DA998D68
:1038900078DA9A8D79DA9B8D7ADA9C8D7BDA9D8D38
:1038A0007CDA9E8D7DDAA08D7EDAA18D80DAA28D04
:1038B00081DAA48D82DAA58D83DAA68D84DAA78DCC
:1038C00085DAA88D86DAA98D87DAAA8D88DAAB8D9C
:1038D00089DAAC8D8ADAAD8D8BDAAE8D8CDAAF8D6C
:1038E0008DDAB08D8EDAB28D8FDAB68D90DAB78D33
:1038F00091DAB98D92DABB8D93DABD8D94DAC08DF1
:1039000095DAC18D96DAC28D97DAC58D98DAC78DB2
:1039100099DAC88D9ADAC98D9BDACA8D9CDACD8D79
:103920009DDAD08D9EDAD28D9FDAD38DA0DAD48D38
:10393000A1DAC751A2DA9651A3DAA251A4DAA551AD
:10394000A5DAA08BA6DAA68BA7DAA78BA8DAAA8BB2
:10395000A9DAB48BAADAB58BABDAB78BACDAC28B47
:10396000ADDAC38BAEDACB8BAFDACF8BB0DACE8BDE
:10397000B1DAD28BB2DAD38BB3DAD48BB4DAD68B9A
:10398000B5DAD88BB6DAD98BB7DADC8BB8DADF8B5D
:10399000B9DAE08BBADAE48BBBDAE88BBCDAE98B14
:1039A000BDDAEE8BBEDAF08BBFDAF38BC0DAF68BC2
:1039B000C1DAF98BC2DAFC8BC3DAFF8BC4DA008C74
:1039C000C5DA028CC6DA048CC7DA078CC8DA0C8C2C
:1039D000C9DA0F8CCADA118CCBDA128CCCDA148CDF
:1039E000CDDA158CCEDA168CCFDA198CD0DA1B8CA6
:1039F000D1DA188CD2DA1D8CD3DA1F8CD4DA208C71
:103A0000D5DA218CD6DA258CD7DA278CD8DA2A8C2D
:103A1000D9DA2B8CDADA2E8CDBDA2F8CDCDA328CEA
:103A2000DDDA338CDEDA358CDFDA368CE0DA6953B6
:103A3000E1DA7A53E2DA1D96E3DA2296E4DA2196A5
:103A4000E5DA3196E6DA2A96E7DA3D96E8DA3C9648
:103A5000E9DA4296EADA4996EBDA5496ECDA5F96BE
:103A6000EDDA6796EEDA6C96EFDA7296F0DA749623
:103A7000F1DA8896F2DA8D96F3DA9796F4DAB09660
:103A8000F5DA9790F6DA9B90F7DA9D90F8DA99904C
:103A9000F9DAAC90FADAA190FBDAB490FCDAB390E0
:103AA000FDDAB690FEDABA9040DBD58D41DBD88DD9
:103AB00042DBD98D43DBDC8D44DBE08D45DBE18DE2
:103AC00046DBE28D47DBE58D48DBE68D49DBE78DA4
:103AD0004ADBE98D4BDBED8D4CDBEE8D4DDBF08D64
:103AE0004EDBF18D4FDBF28D50DBF48D51DBF68D2B
:103AF00052DBFC8D53DBFE8D54DBFF8D55DB008EDE
:103B000056DB018E57DB028E58DB038E59DB048EA9
:103B10005ADB068E5BDB078E5CDB088E5DDB0B8E73
:103B20005EDB0D8E5FDB0E8E60DB108E61DB118E37
:103B300062DB128E63DB138E64DB158E65DB168E03
:103B400066DB178E67DB188E68DB198E69DB1A8ED1
:103B50006ADB1B8E6BDB1C8E6CDB208E6DDB218E9B
:103B60006EDB248E6FDB258E70DB268E71DB278E5D
:103B700072DB288E73DB2B8E74DB2D8E75DB308E23
:103B800076DB328E77DB338E78DB348E79DB368EE4
:103B90007ADB378E7BDB388E7CDB3B8E7DDB3C8EAD
:103BA0007EDB3E8E80DB3F8E81DB438E82DB458E6B
:103BB00083DB468E84DB4C8E85DB4D8E86DB4E8E22
:103BC00087DB4F8E88DB508E89DB538E8ADB548EE9
:103BD0008BDB558E8CDB568E8DDB578E8EDB588EB5
:103BE0008FDB5A8E90DB5B8E91DB5C8E92DB5D8E81
:103BF00093DB5E8E94DB5F8E95DB608E96DB618E51
:103C000097DB628E98DB638E99DB648E9ADB658E20
:103C10009BDB678E9CDB688E9DDB6A8E9EDB6B8EEA
:103C20009FDB6E8EA0DB718EA1DBB890A2DBB09023
:103C3000A3DBCF90A4DBC590A5DBBE90A6DBD09024
:103C4000A7DBC490A8DBC790A9DBD390AADBE690E2
:103C5000ABDBE290ACDBDC90ADDBD790AEDBDB9096
:103C6000AFDBEB90B0DBEF90B1DBFE90B2DB049109
:103C7000B3DB2291B4DB1E91B5DB2391B6DB31912E
:103C8000B7DB2F91B8DB3991B9DB4391BADB4691B1
:103C9000BBDB0D52BCDB4259BDDBA252BEDBAC52DA
:103CA000BFDBAD52C0DBBE52C1DBFF54C2DBD05222
:103CB000C3DBD652C4DBF052C5DBDF53C6DBEE718B
:103CC000C7DBCD77C8DBF45EC9DBF551CADBFC513D
:103CD000CBDB2F9BCCDBB653CDDB015FCEDB5A7544
:103CE000CFDBEF5DD0DB4C57D1DBA957D2DBA1573F
:103CF000D3DB7E58D4DBBC58D5DBC558D6DBD158D6
:103D0000D7DB2957D8DB2C57D9DB2A57DADB3357D7
:103D1000DBDB3957DCDB2E57DDDB2F57DEDB5C5777
:103D2000DFDB3B57E0DB4257E1DB6957E2DB8557DE
:103D3000E3DB6B57E4DB8657E5DB7C57E6DB7B5741
:103D4000E7DB6857E8DB6D57E9DB7657EADB73574B
:103D5000EBDBAD57ECDBA457EDDB8C57EEDBB2575A
:103D6000EFDBCF57F0DBA757F1DBB457F2DB93570C
:103D7000F3DBA057F4DBD557F5DBD857F6DBDA5782
:103D8000F7DBD957F8DBD257F9DBB857FADBF45732
:103D9000FBDBEF57FCDBF857FDDBE457FEDBDD57C1
:103DA00040DC738E41DC758E42DC778E43DC788E8E
:103DB00044DC798E45DC7A8E46DC7B8E47DC7D8E5A
:103DC00048DC7E8E49DC808E4ADC828E4BDC838E22
:103DD0004CDC848E4DDC868E4EDC888E4FDC898EEA
:103DE00050DC8A8E51DC8B8E52DC8C8E53DC8D8EB7
:103DF00054DC8E8E55DC918E56DC928E57DC938E81
:103E000058DC958E59DC968E5ADC978E5BDC988E4A
:103E10005CDC998E5DDC9A8E5EDC9B8E5FDC9D8E19
:103E200060DC9F8E61DCA08E62DCA18E63DCA28EE2
:103E300064DCA38E65DCA48E66DCA58E67DCA68EB2
:103E400068DCA78E69DCA88E6ADCA98E6BDCAA8E82
:103E50006CDCAD8E6DDCAE8E6EDCB08E6FDCB18E48
:103E600070DCB38E71DCB48E72DCB58E73DCB68E12
:103E700074DCB78E75DCB88E76DCB98E77DCBB8EE1
:103E800078DCBC8E79DCBD8E7ADCBE8E7BDCBF8EAE
:103E90007CDCC08E7DDCC18E7EDCC28E80DCC38E7D
:103EA00081DCC48E82DCC58E83DCC68E84DCC78E4A
:103EB00085DCC88E86DCC98E87DCCA8E88DCCB8E1A
:103EC00089DCCC8E8ADCCD8E8BDCCF8E8CDCD08EE8
:103ED0008DDCD18E8EDCD28E8FDCD38E90DCD48EB6
:103EE00091DCD58E92DCD68E93DCD78E94DCD88E86
:103EF00095DCD98E96DCDA8E97DCDB8E98DCDC8E56
:103F000099DCDD8E9ADCDE8E9BDCDF8E9CDCE08E25
:103F10009DDCE18E9EDCE28E9FDCE38EA0DCE48EF5
:103F2000A1DC0B58A2DC0D58A3DCFD57A4DCED5737
:103F3000A5DC0058A6DC1E58A7DC1958A8DC44589C
:103F4000A9DC2058AADC6558ABDC6C58ACDC815885
:103F5000ADDC8958AEDC9A58AFDC8058B0DCA8994B
:103F6000B1DC199FB2DCFF61B3DC7982B4DC7D8205
:103F7000B5DC7F82B6DC8F82B7DC8A82B8DCA882AF
:103F8000B9DC8482BADC8E82BBDC9182BCDC978295
:103F9000BDDC9982BEDCAB82BFDCB882C0DCBE82F5
:103FA000C1DCB082C2DCC882C3DCCA82C4DCE3826A
:103FB000C5DC9882C6DCB782C7DCAE82C8DCCB82A7
:103FC000C9DCCC82CADCC182CBDCA982CCDCB48265
:103FD000CDDCA182CEDCAA82CFDC9F82D0DCC48281
:103FE000D1DCCE82D2DCA482D3DCE182D4DC0983B2
:103FF000D5DCF782D6DCE482D7DC0F83D8DC0783FC
:10400000D9DCDC82DADCF482DBDCD282DCDCD88254
:10401000DDDC0C83DEDCFB82DFDCD382E0DC1183C1
:10402000E1DC1A83E2DC0683E3DC1483E4DC158341
:10403000E5DCE082E6DCD582E7DC1C83E8DC51834A
:10404000E9DC5B83EADC5C83EBDC0883ECDC9283F9
:10405000EDDC3C83EEDC3483EFDC3183F0DC9B83EE
:10406000F1DC5E83F2DC2F83F3DC4F83F4DC4783E7
:10407000F5DC4383F6DC5F83F7DC4083F8DC1783F1
:10408000F9DC6083FADC2D83FBDC3A83FCDC3383D0
:10409000FDDC6683FEDC658340DDE58E41DDE68E7A
:1040A00042DDE78E43DDE88E44DDE98E45DDEA8EB4
:1040B00046DDEB8E47DDEC8E48DDED8E49DDEE8E84
:1040C0004ADDEF8E4BDDF08E4CDDF18E4DDDF28E54
:1040D0004EDDF38E4FDDF48E50DDF58E51DDF68E24
:1040E00052DDF78E53DDF88E54DDF98E55DDFA8EF4
:1040F00056DDFB8E57DDFC8E58DDFD8E59DDFE8EC4
:104100005ADDFF8E5BDD008F5CDD018F5DDD028F90
:104110005EDD038F5FDD048F60DD058F61DD068F5F
:1041200062DD078F63DD088F64DD098F65DD0A8F2F
:1041300066DD0B8F67DD0C8F68DD0D8F69DD0E8FFF
:104140006ADD0F8F6BDD108F6CDD118F6DDD128FCF
:104150006EDD138F6FDD148F70DD158F71DD168F9F
:1041600072DD178F73DD188F74DD198F75DD1A8F6F
:1041700076DD1B8F77DD1C8F78DD1D8F79DD1E8F3F
:104180007ADD1F8F7BDD208F7CDD218F7DDD228F0F
:104190007EDD238F80DD248F81DD258F82DD268FDC
:1041A00083DD278F84DD288F85DD298F86DD2A8FAB
:1041B00087DD2B8F88DD2C8F89DD2D8F8ADD2E8F7B
:1041C0008BDD2F8F8CDD308F8DDD318F8EDD328F4B
:1041D0008FDD338F90DD348F91DD358F92DD368F1B
:1041E00093DD378F94DD388F95DD398F96DD3A8FEB
:1041F00097DD3B8F98DD3C8F99DD3D8F9ADD3E8FBB
:104200009BDD3F8F9CDD408F9DDD418F9EDD428F8A
:104210009FDD438FA0DD448FA1DD6883A2DD1B837A
:10422000A3DD6983A4DD6C83A5DD6A83A6DD6D83D0
:10423000A7DD6E83A8DDB083A9DD7883AADDB38313
:10424000ABDDB483ACDDA083ADDDAA83AEDD9383AB
:10425000AFDD9C83B0DD8583B1DD7C83B2DDB683C9
:10426000B3DDA983B4DD7D83B5DDB883B6DD7B83A3
:10427000B7DD9883B8DD9E83B9DDA883BADDBA8344
:10428000BBDDBC83BCDDC183BDDD0184BEDDE58358
:10429000BFDDD883C0DD0758C1DD1884C2DD0B84C3
:1042A000C3DDDD83C4DDFD83C5DDD683C6DD1C84AF
:1042B000C7DD3884C8DD1184C9DD0684CADDD48336
:1042C000CBDDDF83CCDD0F84CDDD0384CEDDF88351
:1042D000CFDDF983D0DDEA83D1DDC583D2DDC083B4
:1042E000D3DD2684D4DDF083D5DDE183D6DD5C84A7
:1042F000D7DD5184D8DD5A84D9DD5984DADD738461
:10430000DBDD8784DCDD8884DDDD7A84DEDD8984A5
:10431000DFDD7884E0DD3C84E1DD4684E2DD698434
:10432000E3DD7684E4DD8C84E5DD8E84E6DD3184B6
:10433000E7DD6D84E8DDC184E9DDCD84EADDD0848C
:10434000EBDDE684ECDDBD84EDDDD384EEDDCA84F7
:10435000EFDDBF84F0DDBA84F1DDE084F2DDA1841D
:10436000F3DDB984F4DDB484F5DD9784F6DDE5840E
:10437000F7DDE384F8DD0C85F9DD0D75FADD3885B0
:10438000FBDDF084FCDD3985FDDD1F85FEDD3A8532
:1043900040DE458F41DE468F42DE478F43DE488F49
:1043A00044DE498F45DE4A8F46DE4B8F47DE4C8F19
:1043B00048DE4D8F49DE4E8F4ADE4F8F4BDE508FE9
:1043C0004CDE518F4DDE528F4EDE538F4FDE548FB9
:1043D00050DE558F51DE568F52DE578F53DE588F89
:1043E00054DE598F55DE5A8F56DE5B8F57DE5C8F59
:1043F00058DE5D8F59DE5E8F5ADE5F8F5BDE608F29
:104400005CDE618F5DDE628F5EDE638F5FDE648FF8
:1044100060DE658F61DE6A8F62DE808F63DE8C8F87
:1044200064DE928F65DE9D8F66DEA08F67DEA18FD2
:1044300068DEA28F69DEA48F6ADEA58F6BDEA68F91
:104440006CDEA78F6DDEAA8F6EDEAC8F6FDEAD8F58
:1044500070DEAE8F71DEAF8F72DEB28F73DEB38F20
:1044600074DEB48F75DEB58F76DEB78F77DEB88FEA
:1044700078DEBA8F79DEBB8F7ADEBC8F7BDEBF8FB2
:104480007CDEC08F7DDEC38F7EDEC68F80DEC98F6F
:1044900081DECA8F82DECB8F83DECC8F84DECD8F30
:1044A00085DECF8F86DED28F87DED68F88DED78FF0
:1044B00089DEDA8F8ADEE08F8BDEE18F8CDEE38FA0
:1044C0008DDEE78F8EDEEC8F8FDEEF8F90DEF18F4B
:1044D00091DEF28F92DEF48F93DEF58F94DEF68F0D
:1044E00095DEFA8F96DEFB8F97DEFC8F98DEFE8FCF
:1044F00099DEFF8F9ADE07909BDE08909CDE0C9081
:104500009DDE0E909EDE13909FDE1590A0DE18902B
:10451000A1DE5685A2DE3B85A3DEFF84A4DEFC84FB
:10452000A5DE5985A6DE4885A7DE6885A8DE6485F8
:10453000A9DE5E85AADE7A85ABDEA277ACDE438596
:10454000ADDE7285AEDE7B85AFDEA485B0DEA885EC
:10455000B1DE8785B2DE8F85B3DE7985B4DEAE85C8
:10456000B5DE9C85B6DE8585B7DEB985B8DEB78554
:10457000B9DEB085BADED385BBDEC185BCDEDC85A5
:10458000BDDEFF85BEDE2786BFDE0586C0DE29864E
:10459000C1DE1686C2DE3C86C3DEFE5EC4DE085F78
:1045A000C5DE3C59C6DE4159C7DE3780C8DE5559E5
:1045B000C9DE5A59CADE5859CBDE0F53CCDE225C15
:1045C000CDDE255CCEDE2C5CCFDE345CD0DE4C62F2
:1045D000D1DE6A62D2DE9F62D3DEBB62D4DECA6203
:1045E000D5DEDA62D6DED762D7DEEE62D8DE2263AF
:1045F000D9DEF662DADE3963DBDE4B63DCDE436391
:10460000DDDEAD63DEDEF663DFDE7163E0DE7A639E
:10461000E1DE8E63E2DEB463E3DE6D63E4DEAC63B1
:10462000E5DE8A63E6DE6963E7DEAE63E8DEBC638F
:10463000E9DEF263EADEF863EBDEE063ECDEFF6303
:10464000EDDEC463EEDEDE63EFDECE63F0DE5264E9
:10465000F1DEC663F2DEBE63F3DE4564F4DE416480
:10466000F5DE0B64F6DE1B64F7DE2064F8DE0C6416
:10467000F9DE2664FADE2164FBDE5E64FCDE84641F
:10468000FDDE6D64FEDE966440DF199041DF1C9014
:1046900042DF239043DF249044DF259045DF2790BD
:1046A00046DF289047DF299048DF2A9049DF2B908A
:1046B0004ADF2C904BDF30904CDF31904DDF329051
:1046C0004EDF33904FDF349050DF379051DF399019
:1046D00052DF3A9053DF3D9054DF3F9055DF4090DA
:1046E00056DF439057DF459058DF469059DF48909A
:1046F0005ADF49905BDF4A905CDF4B905DDF4C9066
:104700005EDF4E905FDF549060DF559061DF569022
:1047100062DF599063DF5A9064DF5C9065DF5D90E3
:1047200066DF5E9067DF5F9068DF609069DF6190B1
:104730006ADF64906BDF66906CDF67906DDF699075
:104740006EDF6A906FDF6B9070DF6C9071DF6F903F
:1047500072DF709073DF719074DF729075DF739009
:1047600076DF769077DF779078DF789079DF7990D1
:104770007ADF7A907BDF7B907CDF7C907DDF7E90A0
:104780007EDF819080DF849081DF859082DF86905C
:1047900083DF879084DF899085DF8A9086DF8C9025
:1047A00087DF8D9088DF8E9089DF8F908ADF9090F1
:1047B0008BDF92908CDF94908DDF96908EDF9890B7
:1047C0008FDF9A9090DF9C9091DF9E9092DF9F9078
:1047D00093DFA09094DFA49095DFA59096DFA7903B
:1047E00097DFA89098DFA99099DFAB909ADFAD9002
:1047F0009BDFB2909CDFB7909DDFBC909EDFBD90A9
:104800009FDFBF90A0DFC090A1DF7A64A2DFB76412
:10481000A3DFB864A4DF9964A5DFBA64A6DFC0642F
:10482000A7DFD064A8DFD764A9DFE464AADFE2646D
:10483000ABDF0965ACDF2565ADDF2E65AEDF0B5F55
:10484000AFDFD25FB0DF1975B1DF115FB2DF5F5349
:10485000B3DFF153B4DFFD53B5DFE953B6DFE853FF
:10486000B7DFFB53B8DF1254B9DF1654BADF065472
:10487000BBDF4B54BCDF5254BDDF5354BEDF545436
:10488000BFDF5654C0DF4354C1DF2154C2DF575449
:10489000C3DF5954C4DF2354C5DF3254C6DF82540A
:1048A000C7DF9454C8DF7754C9DF7154CADF64543A
:1048B000CBDF9A54CCDF9B54CDDF8454CEDF7654CB
:1048C000CFDF6654D0DF9D54D1DFD054D2DFAD545A
:1048D000D3DFC254D4DFB454D5DFD254D6DFA754CB
:1048E000D7DFA654D8DFD354D9DFD454DADF7254DB
:1048F000DBDFA354DCDFD554DDDFBB54DEDFBF5488
:10490000DFDFCC54E0DFD954E1DFDA54E2DFDC54FE
:10491000E3DFA954E4DFAA54E5DFA454E6DFDD5465
:10492000E7DFCF54E8DFDE54E9DF1B55EADFE75469
:10493000EBDF2055ECDFFD54EDDF1455EEDFF354D3
:10494000EFDF2255F0DF2355F1DF0F55F2DF115570
:10495000F3DF2755F4DF2A55F5DF6755F6DF8F556E
:10496000F7DFB555F8DF4955F9DF6D55FADF4155E9
:10497000FBDF5555FCDF3F55FDDF5055FEDF3C5555
:1049800040E0C29041E0C39042E0C69043E0C8904E
:1049900044E0C99045E0CB9046E0CC9047E0CD9014
:1049A00048E0D29049E0D4904AE0D5904BE0D690D0
:1049B0004CE0D8904DE0D9904EE0DA904FE0DE9098
:1049C00050E0DF9051E0E09052E0E39053E0E4905B
:1049D00054E0E59055E0E99056E0EA9057E0EC901D
:1049E00058E0EE9059E0F0905AE0F1905BE0F290E0
:1049F0005CE0F3905DE0F5905EE0F6905FE0F790AC
:104A000060E0F99061E0FA9062E0FB9063E0FC9076
:104A100064E0FF9065E0009166E0019167E003913A
:104A200068E0059169E006916AE007916BE0089102
:104A30006CE009916DE00A916EE00B916FE00C91D2
:104A400070E00D9171E00E9172E00F9173E01091A2
:104A500074E0119175E0129176E0139177E0149172
:104A600078E0159179E016917AE017917BE0189142
:104A70007CE01A917DE01B917EE01C9180E01D910D
:104A800081E01F9182E0209183E0219184E02491D4
:104A900085E0259186E0269187E0279188E028919E
:104AA00089E029918AE02A918BE02B918CE02C916E
:104AB0008DE02D918EE02E918FE0309190E032913B
:104AC00091E0339192E0349193E0359194E0369106
:104AD00095E0379196E0389197E03A9198E03B91D4
:104AE00099E03C919AE03D919BE03E919CE03F91A2
:104AF0009DE040919EE041919FE04291A0E0449171
:104B0000A1E03755A2E05655A3E07555A4E07655CF
:104B1000A5E07755A6E03355A7E03055A8E05C55F1
:104B2000A9E08B55AAE0D255ABE08355ACE0B15576
:104B3000ADE0B955AEE08855AFE08155B0E09F5586
:104B4000B1E07E55B2E0D655B3E09155B4E07B5567
:104B5000B5E0DF55B6E0BD55B7E0BE55B8E09455B9
:104B6000B9E09955BAE0EA55BBE0F755BCE0C95544
:104B7000BDE01F56BEE0D155BFE0EB55C0E0EC559F
:104B8000C1E0D455C2E0E655C3E0DD55C4E0C455EC
:104B9000C5E0EF55C6E0E555C7E0F255C8E0F3556E
:104BA000C9E0CC55CAE0CD55CBE0E855CCE0F55591
:104BB000CDE0E455CEE0948FCFE01E56D0E008560D
:104BC000D1E00C56D2E00156D3E02456D4E023566F
:104BD000D5E0FE55D6E00056D7E02756D8E02D5652
:104BE000D9E05856DAE03956DBE05756DCE02C566F
:104BF000DDE04D56DEE06256DFE05956E0E05C56FF
:104C0000E1E04C56E2E05456E3E08656E4E06456B8
:104C1000E5E07156E6E06B56E7E07B56E8E07C564F
:104C2000E9E08556EAE09356EBE0AF56ECE0D45667
:104C3000EDE0D756EEE0DD56EFE0E156F0E0F55658
:104C4000F1E0EB56F2E0F956F3E0FF56F4E00457DA
:104C5000F5E00A57F6E00957F7E01C57F8E00F5E59
:104C6000F9E0195EFAE0145EFBE0115EFCE0315EF3
:104C7000FDE03B5EFEE03C5E40E1459141E1479155
:104C800042E1489143E1519144E1539145E154910E
:104C900046E1559147E1569148E1589149E15991D2
:104CA0004AE15B914BE15C914CE15F914DE1609198
:104CB0004EE166914FE1679150E1689151E16B914E
:104CC00052E16D9153E1739154E17A9155E17B91F9
:104CD00056E17C9157E1809158E1819159E18291AF
:104CE0005AE183915BE184915CE186915DE1889179
:104CF0005EE18A915FE18E9160E18F9161E1939134
:104D000062E1949163E1959164E1969165E19791F7
:104D100066E1989167E1999168E19C9169E19D91C3
:104D20006AE19E916BE19F916CE1A0916DE1A1918F
:104D30006EE1A4916FE1A59170E1A69171E1A79157
:104D400072E1A89173E1A99174E1AB9175E1AC9125
:104D500076E1B09177E1B19178E1B29179E1B391E7
:104D60007AE1B6917BE1B7917CE1B8917DE1B991AF
:104D70007EE1BB9180E1BC9181E1BD9182E1BE9178
:104D800083E1BF9184E1C09185E1C19186E1C29147
:104D900087E1C39188E1C49189E1C5918AE1C69117
:104DA0008BE1C8918CE1CB918DE1D0918EE1D291D4
:104DB0008FE1D39190E1D49191E1D59192E1D69197
:104DC00093E1D79194E1D89195E1D99196E1DA9167
:104DD00097E1DB9198E1DD9199E1DE919AE1DF9134
:104DE0009BE1E0919CE1E1919DE1E2919EE1E39103
:104DF0009FE1E491A0E1E591A1E1375EA2E1445E8B
:104E0000A3E1545EA4E15B5EA5E15E5EA6E1615EA6
:104E1000A7E18C5CA8E17A5CA9E18D5CAAE1905CD9
:104E2000ABE1965CACE1885CADE1985CAEE1995C8D
:104E3000AFE1915CB0E19A5CB1E19C5CB2E1B55C40
:104E4000B3E1A25CB4E1BD5CB5E1AC5CB6E1AB5CE6
:104E5000B7E1B15CB8E1A35CB9E1C15CBAE1B75CB0
:104E6000BBE1C45CBCE1D25CBDE1E45CBEE1CB5C17
:104E7000BFE1E55CC0E1025DC1E1035DC2E1275D28
:104E8000C3E1265DC4E12E5DC5E1245DC6E11E5D82
:104E9000C7E1065DC8E11B5DC9E1585DCAE13E5D41
:104EA000CBE1345DCCE13D5DCDE16C5DCEE15B5DA0
:104EB000CFE16F5DD0E15D5DD1E16B5DD2E14B5D36
:104EC000D3E14A5DD4E1695DD5E1745DD6E1825DEF
:104ED000D7E1995DD8E19D5DD9E1738CDAE1B75DE9
:104EE000DBE1C55DDCE1735FDDE1775FDEE1825F21
:104EF000DFE1875FE0E1895FE1E18C5FE2E1955FFF
:104F0000E3E1995FE4E19C5FE5E1A85FE6E1AD5F85
:104F1000E7E1B55FE8E1BC5FE9E16288EAE1615F92
:104F2000EBE1AD72ECE1B072EDE1B472EEE1B772BB
:104F3000EFE1B872F0E1C372F1E1C172F2E1CE7259
:104F4000F3E1CD72F4E1D272F5E1E872F6E1EF72CD
:104F5000F7E1E972F8E1F272F9E1F472FAE1F7725D
:104F6000FBE10173FCE1F372FDE10373FEE1FA7210
:104F700040E2E69141E2E79142E2E89143E2E991C1
:104F800044E2EA9145E2EB9146E2EC9147E2ED9191
:104F900048E2EE9149E2EF914AE2F0914BE2F19161
:104FA0004CE2F2914DE2F3914EE2F4914FE2F59131
:104FB00050E2F69151E2F79152E2F89153E2F99101
:104FC00054E2FA9155E2FB9156E2FC9157E2FD91D1
:104FD00058E2FE9159E2FF915AE200925BE201929F
:104FE0005CE202925DE203925EE204925FE205926D
:104FF00060E2069261E2079262E2089263E209923D
:1050000064E20A9265E20B9266E20C9267E20D920C
:1050100068E20E9269E20F926AE210926BE21192DC
:105020006CE212926DE213926EE214926FE21592AC
:1050300070E2169271E2179272E2189273E219927C
:1050400074E21A9275E21B9276E21C9277E21D924C
:1050500078E21E9279E21F927AE220927BE221921C
:105060007CE222927DE223927EE2249280E22592EB
:1050700081E2269282E2279283E2289284E22992B8
:1050800085E22A9286E22B9287E22C9288E22D9288
:1050900089E22E928AE22F928BE230928CE2319258
:1050A0008DE232928EE233928FE2349290E2359228
:1050B00091E2369292E2379293E2389294E23992F8
:1050C00095E23A9296E23B9297E23C9298E23D92C8
:1050D00099E23E929AE23F929BE240929CE2419298
:1050E0009DE242929EE243929FE24492A0E2459268
:1050F000A1E2FB72A2E21773A3E21373A4E221738D
:10510000A5E20A73A6E21E73A7E21D73A8E2157357
:10511000A9E22273AAE23973ABE22573ACE22C73E5
:10512000ADE23873AEE23173AFE25073B0E24D736B
:10513000B1E25773B2E26073B3E26C73B4E26F73BF
:10514000B5E27E73B6E21B82B7E22559B8E2E79872
:10515000B9E22459BAE20259BBE26399BCE2679909
:10516000BDE26899BEE26999BFE26A99C0E26B99B3
:10517000C1E26C99C2E27499C3E27799C4E27D9965
:10518000C5E28099C6E28499C7E28799C8E28A9904
:10519000C9E28D99CAE29099CBE29199CCE29399B8
:1051A000CDE29499CEE29599CFE2805ED0E2915E15
:1051B000D1E28B5ED2E2965ED3E2A55ED4E2A05E3F
:1051C000D5E2B95ED6E2B55ED7E2BE5ED8E2B35EA6
:1051D000D9E2538DDAE2D25EDBE2D15EDCE2DB5E65
:1051E000DDE2E85EDEE2EA5EDFE2BA81E0E2C45FD1
:1051F000E1E2C95FE2E2D65FE3E2CF5FE4E20360AF
:10520000E5E2EE5FE6E20460E7E2E15FE8E2E45F48
:10521000E9E2FE5FEAE20560EBE20660ECE2EA5FEB
:10522000EDE2ED5FEEE2F85FEFE21960F0E235608B
:10523000F1E22660F2E21B60F3E20F60F4E20D603F
:10524000F5E22960F6E22B60F7E20A60F8E23F60DF
:10525000F9E22160FAE27860FBE27960FCE27B60CF
:10526000FDE27A60FEE2426040E3469241E347920B
:1052700042E3489243E3499244E34A9245E34B9226
:1052800046E34C9247E34D9248E34E9249E34F92F6
:105290004AE350924BE351924CE352924DE35392C6
:1052A0004EE354924FE3559250E3569251E3579296
:1052B00052E3589253E3599254E35A9255E35B9266
:1052C00056E35C9257E35D9258E35E9259E35F9236
:1052D0005AE360925BE361925CE362925DE3639206
:1052E0005EE364925FE3659260E3669261E36792D6
:1052F00062E3689263E3699264E36A9265E36B92A6
:1053000066E36C9267E36D9268E36E9269E36F9275
:105310006AE370926BE371926CE372926DE3739245
:105320006EE375926FE3769270E3779271E3789211
:1053300072E3799273E37A9274E37B9275E37C92E1
:1053400076E37D9277E37E9278E37F9279E38092B1
:105350007AE381927BE382927CE383927DE3849281
:105360007EE3859280E3869281E3879282E388924E
:1053700083E3899284E38A9285E38B9286E38C921D
:1053800087E38D9288E38F9289E390928AE39192EA
:105390008BE392928CE393928DE394928EE39592B9
:1053A0008FE3969290E3979291E3989292E3999289
:1053B00093E39A9294E39B9295E39C9296E39D9259
:1053C00097E39E9298E39F9299E3A0929AE3A19229
:1053D0009BE3A2929CE3A3929DE3A4929EE3A592F9
:1053E0009FE3A692A0E3A792A1E36A60A2E37D6097
:1053F000A3E39660A4E39A60A5E3AD60A6E39D6095
:10540000A7E38360A8E39260A9E38C60AAE39B60B2
:10541000ABE3EC60ACE3BB60ADE3B160AEE3DD6099
:10542000AFE3D860B0E3C660B1E3DA60B2E3B46082
:10543000B3E32061B4E32661B5E31561B6E323610C
:10544000B7E3F460B8E30061B9E30E61BAE32B613E
:10545000BBE34A61BCE37561BDE3AC61BEE394614B
:10546000BFE3A761C0E3B761C1E3D461C2E3F56103
:10547000C3E3DD5FC4E3B396C5E3E995C6E3EB950B
:10548000C7E3F195C8E3F395C9E3F595CAE3F6954B
:10549000CBE3FC95CCE3FE95CDE30396CEE30496F7
:1054A000CFE30696D0E30896D1E30A96D2E30B96B3
:1054B000D3E30C96D4E30D96D5E30F96D6E312967C
:1054C000D7E31596D8E31696D9E31796DAE319963B
:1054D000DBE31A96DCE32C4EDDE33F72DEE315627C
:1054E000DFE3356CE0E3546CE1E35C6CE2E34A6CCF
:1054F000E3E3A36CE4E3856CE5E3906CE6E3946C92
:10550000E7E38C6CE8E3686CE9E3696CEAE3746CEC
:10551000EBE3766CECE3866CEDE3A96CEEE3D06C28
:10552000EFE3D46CF0E3AD6CF1E3F76CF2E3F86C0D
:10553000F3E3F16CF4E3D76CF5E3B26CF6E3E06C03
:10554000F7E3D66CF8E3FA6CF9E3EB6CFAE3EE6C94
:10555000FBE3B16CFCE3D36CFDE3EF6CFEE3FE6CAC
:1055600040E4A89241E4A99242E4AA9243E4AB92B7
:1055700044E4AC9245E4AD9246E4AF9247E4B09285
:1055800048E4B19249E4B2924AE4B3924BE4B49253
:105590004CE4B5924DE4B6924EE4B7924FE4B89223
:1055A00050E4B99251E4BA9252E4BB9253E4BC92F3
:1055B00054E4BD9255E4BE9256E4BF9257E4C092C3
:1055C00058E4C19259E4C2925AE4C3925BE4C49293
:1055D0005CE4C5925DE4C6925EE4C7925FE4C99262
:1055E00060E4CA9261E4CB9262E4CC9263E4CD922F
:1055F00064E4CE9265E4CF9266E4D09267E4D192FF
:1056000068E4D29269E4D3926AE4D4926BE4D592CE
:105610006CE4D6926DE4D7926EE4D8926FE4D9929E
:1056200070E4DA9271E4DB9272E4DC9273E4DD926E
:1056300074E4DE9275E4DF9276E4E09277E4E1923E
:1056400078E4E29279E4E3927AE4E4927BE4E5920E
:105650007CE4E6927DE4E7927EE4E89280E4E992DD
:1056600081E4EA9282E4EB9283E4EC9284E4ED92AA
:1056700085E4EE9286E4EF9287E4F09288E4F1927A
:1056800089E4F2928AE4F3928BE4F4928CE4F5924A
:105690008DE4F6928EE4F7928FE4F89290E4F9921A
:1056A00091E4FA9292E4FB9293E4FC9294E4FD92EA
:1056B00095E4FE9296E4FF9297E4009398E40193B8
:1056C00099E402939AE403939BE404939CE4059386
:1056D0009DE406939EE407939FE40893A0E4099356
:1056E000A1E4396DA2E4276DA3E40C6DA4E4436D3D
:1056F000A5E4486DA6E4076DA7E4046DA8E4196D60
:10570000A9E40E6DAAE42B6DABE44D6DACE42E6DF7
:10571000ADE4356DAEE41A6DAFE44F6DB0E4526D9B
:10572000B1E4546DB2E4336DB3E4916DB4E46F6DE4
:10573000B5E49E6DB6E4A06DB7E45E6DB8E4936D1C
:10574000B9E4946DBAE45C6DBBE4606DBCE47C6D5F
:10575000BDE4636DBEE41A6EBFE4C76DC0E4C56D01
:10576000C1E4DE6DC2E40E6EC3E4BF6DC4E4E06D5F
:10577000C5E4116EC6E4E66DC7E4DD6DC8E4D96D1D
:10578000C9E4166ECAE4AB6DCBE40C6ECCE4AE6D2E
:10579000CDE42B6ECEE46E6ECFE44E6ED0E46B6E35
:1057A000D1E4B26ED2E45F6ED3E4866ED4E4536E7D
:1057B000D5E4546ED6E4326ED7E4256ED8E4446E58
:1057C000D9E4DF6EDAE4B16EDBE4986EDCE4E06E1F
:1057D000DDE42D6FDEE4E26EDFE4A56EE0E4A76EAB
:1057E000E1E4BD6EE2E4BB6EE3E4B76EE4E4D76EE1
:1057F000E5E4B46EE6E4CF6EE7E48F6EE8E4C26EF3
:10580000E9E49F6EEAE4626FEBE4466FECE4476F15
:10581000EDE4246FEEE4156FEFE4F96EF0E42F6F22
:10582000F1E4366FF2E44B6FF3E4746FF4E42A6F43
:10583000F5E4096FF6E4296FF7E4896FF8E48D6FFA
:10584000F9E48C6FFAE4786FFBE4726FFCE47C6F30
:10585000FDE47A6FFEE4D16F40E50A9341E50B93D6
:1058600042E50C9343E50D9344E50E9345E50F9314
:1058700046E5109347E5119348E5129349E51393E4
:105880004AE514934BE515934CE516934DE51793B4
:105890004EE518934FE5199350E51A9351E51B9384
:1058A00052E51C9353E51D9354E51E9355E51F9354
:1058B00056E5209357E5219358E5229359E5239324
:1058C0005AE524935BE525935CE526935DE52793F4
:1058D0005EE528935FE5299360E52A9361E52B93C4
:1058E00062E52C9363E52D9364E52E9365E52F9394
:1058F00066E5309367E5319368E5329369E5339364
:105900006AE534936BE535936CE536936DE5379333
:105910006EE538936FE5399370E53A9371E53B9303
:1059200072E53C9373E53D9374E53F9375E54093D1
:1059300076E5419377E5429378E5439379E544939F
:105940007AE545937BE546937CE547937DE548936F
:105950007EE5499380E54A9381E54B9382E54C933C
:1059600083E54D9384E54E9385E54F9386E550930B
:1059700087E5519388E5529389E553938AE55493DB
:105980008BE555938CE556938DE557938EE55893AB
:105990008FE5599390E55A9391E55B9392E55C937B
:1059A00093E55D9394E55E9395E55F9396E560934B
:1059B00097E5619398E5629399E563939AE564931B
:1059C0009BE565939CE566939DE567939EE56893EB
:1059D0009FE56993A0E56B93A1E5C96FA2E5A76F69
:1059E000A3E5B96FA4E5B66FA5E5C26FA6E5E16FC3
:1059F000A7E5EE6FA8E5DE6FA9E5E06FAAE5EF6F1A
:105A0000ABE51A70ACE52370ADE51B70AEE53970FF
:105A1000AFE53570B0E54F70B1E55E70B2E5805B23
:105A2000B3E5845BB4E5955BB5E5935BB6E5A55B53
:105A3000B7E5B85BB8E52F75B9E59E9ABAE5346469
:105A4000BBE5E45BBCE5EE5BBDE53089BEE5F05B44
:105A5000BFE5478EC0E5078BC1E5B68FC2E5D38FA2
:105A6000C3E5D58FC4E5E58FC5E5EE8FC6E5E48FC8
:105A7000C7E5E98FC8E5E68FC9E5F38FCAE5E88F8A
:105A8000CBE50590CCE50490CDE50B90CEE52690D6
:105A9000CFE51190D0E50D90D1E51690D2E521909B
:105AA000D3E53590D4E53690D5E52D90D6E52F9009
:105AB000D7E54490D8E55190D9E55290DAE5509079
:105AC000DBE56890DCE55890DDE56290DEE55B9013
:105AD000DFE5B966E0E57490E1E57D90E2E582906E
:105AE000E3E58890E4E58390E5E58B90E6E5505F9B
:105AF000E7E5575FE8E5565FE9E5585FEAE53B5CB7
:105B0000EBE5AB54ECE5505CEDE5595CEEE5715B23
:105B1000EFE5635CF0E5665CF1E5BC7FF2E52A5FEA
:105B2000F3E5295FF4E52D5FF5E57482F6E53C5F6A
:105B3000F7E53B9BF8E56E5CF9E58159FAE5835999
:105B4000FBE58D59FCE5A959FDE5AA59FEE5A359E8
:105B500040E66C9341E66D9342E66E9343E66F93A5
:105B600044E6709345E6719346E6729347E6739375
:105B700048E6749349E675934AE676934BE6779345
:105B80004CE678934DE679934EE67A934FE67B9315
:105B900050E67C9351E67D9352E67E9353E67F93E5
:105BA00054E6809355E6819356E6829357E68393B5
:105BB00058E6849359E685935AE686935BE6879385
:105BC0005CE688935DE689935EE68A935FE68B9355
:105BD00060E68C9361E68D9362E68E9363E6909324
:105BE00064E6919365E6929366E6939367E69493F1
:105BF00068E6959369E696936AE697936BE69893C1
:105C00006CE699936DE69A936EE69B936FE69C9390
:105C100070E69D9371E69E9372E69F9373E6A09360
:105C200074E6A19375E6A29376E6A39377E6A49330
:105C300078E6A59379E6A6937AE6A7937BE6A89300
:105C40007CE6A9937DE6AA937EE6AB9380E6AC93CF
:105C500081E6AD9382E6AE9383E6AF9384E6B0939C
:105C600085E6B19386E6B29387E6B39388E6B4936C
:105C700089E6B5938AE6B6938BE6B7938CE6B8933C
:105C80008DE6B9938EE6BA938FE6BB9390E6BC930C
:105C900091E6BD9392E6BE9393E6BF9394E6C093DC
:105CA00095E6C19396E6C29397E6C39398E6C493AC
:105CB00099E6C5939AE6C6939BE6C7939CE6C8937C
:105CC0009DE6C9939EE6CB939FE6CC93A0E6CD9349
:105CD000A1E69759A2E6CA59A3E6AB59A4E69E5994
:105CE000A5E6A459A6E6D259A7E6B259A8E6AF5947
:105CF000A9E6D759AAE6BE59ABE6055AACE6065A5C
:105D0000ADE6DD59AEE6085AAFE6E359B0E6D8593C
:105D1000B1E6F959B2E60C5AB3E6095AB4E6325A7A
:105D2000B5E6345AB6E6115AB7E6235AB8E6135A1E
:105D3000B9E6405ABAE6675ABBE64A5ABCE6555A33
:105D4000BDE63C5ABEE6625ABFE6755AC0E6EC8034
:105D5000C1E6AA5AC2E69B5AC3E6775AC4E67A5A03
:105D6000C5E6BE5AC6E6EB5AC7E6B25AC8E6D25AEC
:105D7000C9E6D45ACAE6B85ACBE6E05ACCE6E35AAA
:105D8000CDE6F15ACEE6D65ACFE6E65AD0E6D85A54
:105D9000D1E6DC5AD2E6095BD3E6175BD4E6165BA4
:105DA000D5E6325BD6E6375BD7E6405BD8E6155CD6
:105DB000D9E61C5CDAE65A5BDBE6655BDCE6735B26
:105DC000DDE6515BDEE6535BDFE6625BE0E6759A9B
:105DD000E1E6779AE2E6789AE3E67A9AE4E67F9A51
:105DE000E5E67D9AE6E6809AE7E6819AE8E6859A16
:105DF000E9E6889AEAE68A9AEBE6909AECE6929AC5
:105E0000EDE6939AEEE6969AEFE6989AF0E69B9A7C
:105E1000F1E69C9AF2E69D9AF3E69F9AF4E6A09A40
:105E2000F5E6A29AF6E6A39AF7E6A59AF8E6A79A07
:105E3000F9E69F7EFAE6A17EFBE6A37EFCE6A57E60
:105E4000FDE6A87EFEE6A97E40E7CE9341E7CF932C
:105E500042E7D09343E7D19344E7D29345E7D39306
:105E600046E7D49347E7D59348E7D79349E7D893D4
:105E70004AE7D9934BE7DA934CE7DB934DE7DC93A2
:105E80004EE7DD934FE7DE9350E7DF9351E7E09372
:105E900052E7E19353E7E29354E7E39355E7E49342
:105EA00056E7E59357E7E69358E7E79359E7E89312
:105EB0005AE7E9935BE7EA935CE7EB935DE7EC93E2
:105EC0005EE7ED935FE7EE9360E7EF9361E7F093B2
:105ED00062E7F19363E7F29364E7F39365E7F49382
:105EE00066E7F59367E7F69368E7F79369E7F89352
:105EF0006AE7F9936BE7FA936CE7FB936DE7FC9322
:105F00006EE7FD936FE7FE9370E7FF9371E70094F0
:105F100072E7019473E7029474E7039475E70494BD
:105F200076E7059477E7069478E7079479E708948D
:105F30007AE709947BE70A947CE70B947DE70C945D
:105F40007EE70D9480E70E9481E70F9482E710942A
:105F500083E7119484E7129485E7139486E71494F9
:105F600087E7159488E7169489E717948AE71894C9
:105F70008BE719948CE71A948DE71B948EE71C9499
:105F80008FE71D9490E71E9491E71F9492E7209469
:105F900093E7219494E7229495E7239496E7249439
:105FA00097E7259498E7269499E727949AE7289409
:105FB0009BE729949CE72A949DE72B949EE72C94D9
:105FC0009FE72D94A0E72E94A1E7AD7EA2E7B07ED7
:105FD000A3E7BE7EA4E7C07EA5E7C17EA6E7C27E9A
:105FE000A7E7C97EA8E7CB7EA9E7CC7EAAE7D07E4B
:105FF000ABE7D47EACE7D77EADE7DB7EAEE7E07EF5
:10600000AFE7E17EB0E7E87EB1E7EB7EB2E7EE7E98
:10601000B3E7EF7EB4E7F17EB5E7F27EB6E70D7F3A
:10602000B7E7F67EB8E7FA7EB9E7FB7EBAE7FE7E11
:10603000BBE7017FBCE7027FBDE7037FBEE7077FC9
:10604000BFE7087FC0E70B7FC1E70C7FC2E70F7F88
:10605000C3E7117FC4E7127FC5E7177FC6E7197F43
:10606000C7E71C7FC8E71B7FC9E71F7FCAE7217FFF
:10607000CBE7227FCCE7237FCDE7247FCEE7257FC8
:10608000CFE7267FD0E7277FD1E72A7FD2E72B7F94
:10609000D3E72C7FD4E72D7FD5E72F7FD6E7307F5E
:1060A000D7E7317FD8E7327FD9E7337FDAE7357F2B
:1060B000DBE77A5EDCE77F75DDE7DB5DDEE73E751B
:1060C000DFE79590E0E78E73E1E79173E2E7AE7367
:1060D000E3E7A273E4E79F73E5E7CF73E6E7C273F4
:1060E000E7E7D173E8E7B773E9E7B373EAE7C073AB
:1060F000EBE7C973ECE7C873EDE7E573EEE7D97337
:10610000EFE77C98F0E70A74F1E7E973F2E7E773E9
:10611000F3E7DE73F4E7BA73F5E7F273F6E70F74AB
:10612000F7E72A74F8E75B74F9E72674FAE7257451
:10613000FBE72874FCE73074FDE72E74FEE72C744F
:1061400040E82F9441E8309442E8319443E8329497
:1061500044E8339445E8349446E8359447E8369467
:1061600048E8379449E838944AE839944BE83A9437
:106170004CE83B944DE83C944EE83D944FE83F9406
:1061800050E8409451E8419452E8429453E84394D3
:1061900054E8449455E8459456E8469457E84794A3
:1061A00058E8489459E849945AE84A945BE84B9473
:1061B0005CE84C945DE84D945EE84E945FE84F9443
:1061C00060E8509461E8519462E8529463E8539413
:1061D00064E8549465E8559466E8569467E85794E3
:1061E00068E8589469E859946AE85A946BE85B94B3
:1061F0006CE85C946DE85D946EE85E946FE85F9483
:1062000070E8609471E8619472E8629473E8639452
:1062100074E8649475E8659476E8669477E8679422
:1062200078E8689479E869947AE86A947BE86C94F1
:106230007CE86D947DE86E947EE86F9480E87094BD
:1062400081E8719482E8729483E8739484E874948A
:1062500085E8759486E8769487E8779488E878945A
:1062600089E879948AE87A948BE87B948CE87C942A
:106270008DE87D948EE87E948FE87F9490E88094FA
:1062800091E8819492E8829493E8839494E88494CA
:1062900095E8919496E8969497E8989498E8C7942E
:1062A00099E8CF949AE8D3949BE8D4949CE8DA9444
:1062B0009DE8E6949EE8FB949FE81C95A0E8209555
:1062C000A1E81B74A2E81A74A3E84174A4E85C7402
:1062D000A5E85774A6E85574A7E85974A8E8777438
:1062E000A9E86D74AAE87E74ABE89C74ACE88E747F
:1062F000ADE88074AEE88174AFE88774B0E88B7461
:10630000B1E89E74B2E8A874B3E8A974B4E89074D4
:10631000B5E8A774B6E8D274B7E8BA74B8E8EA97F3
:10632000B9E8EB97BAE8EC97BBE84C67BCE8536771
:10633000BDE85E67BEE84867BFE86967C0E8A56773
:10634000C1E88767C2E86A67C3E87367C4E898670B
:10635000C5E8A767C6E87567C7E8A867C8E89E6785
:10636000C9E8AD67CAE88B67CBE87767CCE87C679C
:10637000CDE8F067CEE80968CFE8D867D0E80A68CA
:10638000D1E8E967D2E8B067D3E80C68D4E8D96708
:10639000D5E8B567D6E8DA67D7E8B367D8E8DD6748
:1063A000D9E80068DAE8C367DBE8B867DCE8E267E9
:1063B000DDE80E68DEE8C167DFE8FD67E0E8326827
:1063C000E1E83368E2E86068E3E86168E4E84E68C1
:1063D000E5E86268E6E84468E7E86468E8E8836856
:1063E000E9E81D68EAE85568EBE86668ECE84168AA
:1063F000EDE86768EEE84068EFE83E68F0E84A6874
:10640000F1E84968F2E82968F3E8B568F4E88F68CC
:10641000F5E87468F6E87768F7E89368F8E86B6879
:10642000F9E8C268FAE86E69FBE8FC68FCE81F69F5
:10643000FDE82069FEE8F96840E9279541E93395D0
:1064400042E93D9543E9439544E9489545E94B9533
:1064500046E9559547E95A9548E9609549E96E95A9
:106460004AE974954BE975954CE977954DE978952E
:106470004EE979954FE97A9550E97B9551E97C95FC
:1064800052E97D9553E97E9554E9809555E98195CA
:1064900056E9829557E9839558E9849559E9859598
:1064A0005AE986955BE987955CE988955DE9899568
:1064B0005EE98A955FE98B9560E98C9561E98D9538
:1064C00062E98E9563E98F9564E9909565E9919508
:1064D00066E9929567E9939568E9949569E99595D8
:1064E0006AE996956BE997956CE998956DE99995A8
:1064F0006EE99A956FE99B9570E99C9571E99D9578
:1065000072E99E9573E99F9574E9A09575E9A19547
:1065100076E9A29577E9A39578E9A49579E9A59517
:106520007AE9A6957BE9A7957CE9A8957DE9A995E7
:106530007EE9AA9580E9AB9581E9AC9582E9AD95B4
:1065400083E9AE9584E9AF9585E9B09586E9B19583
:1065500087E9B29588E9B39589E9B4958AE9B59553
:106560008BE9B6958CE9B7958DE9B8958EE9B99523
:106570008FE9BA9590E9BB9591E9BC9592E9BD95F3
:1065800093E9BE9594E9BF9595E9C09596E9C195C3
:1065900097E9C29598E9C39599E9C4959AE9C59593
:1065A0009BE9C6959CE9C7959DE9C8959EE9C99563
:1065B0009FE9CA95A0E9CB95A1E92469A2E9F06811
:1065C000A3E90B69A4E90169A5E95769A6E9E368AC
:1065D000A7E91069A8E97169A9E93969AAE96069B7
:1065E000ABE94269ACE95D69ADE98469AEE96B6923
:1065F000AFE98069B0E99869B1E97869B2E93469CD
:10660000B3E9CC69B4E98769B5E98869B6E9CE69C7
:10661000B7E98969B8E96669B9E96369BAE9796985
:10662000BBE99B69BCE9A769BDE9BB69BEE9AB6988
:10663000BFE9AD69C0E9D469C1E9B169C2E9C1691D
:10664000C3E9CA69C4E9DF69C5E99569C6E9E069D2
:10665000C7E98D69C8E9FF69C9E92F6ACAE9ED6927
:10666000CBE9176ACCE9186ACDE9656ACEE9F26927
:10667000CFE9446AD0E93E6AD1E9A06AD2E9506A1A
:10668000D3E95B6AD4E9356AD5E98E6AD6E9796AD5
:10669000D7E93D6AD8E9286AD9E9586ADAE97C6A13
:1066A000DBE9916ADCE9906ADDE9A96ADEE9976ACB
:1066B000DFE9AB6AE0E93773E1E95273E2E9816B44
:1066C000E3E9826BE4E9876BE5E9846BE6E9926BC9
:1066D000E7E9936BE8E98D6BE9E99A6BEAE99B6B73
:1066E000EBE9A16BECE9AA6BEDE96B8FEEE96D8F3D
:1066F000EFE9718FF0E9728FF1E9738FF2E9758F2D
:10670000F3E9768FF4E9788FF5E9778FF6E9798FF9
:10671000F7E97A8FF8E97C8FF9E97E8FFAE9818FC2
:10672000FBE9828FFCE9848FFDE9878FFEE98B8F7F
:1067300040EACC9541EACD9542EACE9543EACF9521
:1067400044EAD09545EAD19546EAD29547EAD395F1
:1067500048EAD49549EAD5954AEAD6954BEAD795C1
:106760004CEAD8954DEAD9954EEADA954FEADB9591
:1067700050EADC9551EADD9552EADE9553EADF9561
:1067800054EAE09555EAE19556EAE29557EAE39531
:1067900058EAE49559EAE5955AEAE6955BEAE79501
:1067A0005CEAEC955DEAFF955EEA07965FEA139670
:1067B00060EA189661EA1B9662EA1E9663EA2096E2
:1067C00064EA239665EA249666EA259667EA2696A1
:1067D00068EA279669EA28966AEA29966BEA2B9670
:1067E0006CEA2C966DEA2D966EEA2F966FEA30963B
:1067F00070EA379671EA389672EA399673EA3A96F1
:1068000074EA3E9675EA419676EA439677EA4A96A6
:1068100078EA4E9679EA4F967AEA51967BEA529652
:106820007CEA53967DEA56967EEA579680EA589619
:1068300081EA599682EA5A9683EA5C9684EA5D96E2
:1068400085EA5E9686EA609687EA639688EA6596A8
:1068500089EA66968AEA6B968BEA6D968CEA6E9662
:106860008DEA6F968EEA70968FEA719690EA73962B
:1068700091EA789692EA799693EA7A9694EA7B96E8
:1068800095EA7C9696EA7D9697EA7E9698EA7F96B8
:1068900099EA80969AEA81969BEA82969CEA839688
:1068A0009DEA84969EEA87969FEA8996A0EA8A9650
:1068B000A1EA8D8FA2EA8E8FA3EA8F8FA4EA988F28
:1068C000A5EA9A8FA6EACE8EA7EA0B62A8EA17621B
:1068D000A9EA1B62AAEA1F62ABEA2262ACEA216261
:1068E000ADEA2562AEEA2462AFEA2C62B0EAE78143
:1068F000B1EAEF74B2EAF474B3EAFF74B4EA0F7564
:10690000B5EA1175B6EA1375B7EA3465B8EAEE650B
:10691000B9EAEF65BAEAF065BBEA0A66BCEA19664D
:10692000BDEA7267BEEA0366BFEA1566C0EA0066A2
:10693000C1EA8570C2EAF766C3EA1D66C4EA346636
:10694000C5EA3166C6EA3666C7EA3566C8EA068031
:10695000C9EA5F66CAEA5466CBEA4166CCEA4F668A
:10696000CDEA5666CEEA6166CFEA5766D0EA776628
:10697000D1EA8466D2EA8C66D3EAA766D4EA9D6639
:10698000D5EABE66D6EADB66D7EADC66D8EAE66612
:10699000D9EAE966DAEA328DDBEA338DDCEA368D54
:1069A000DDEA3B8DDEEA3D8DDFEA408DE0EA458D94
:1069B000E1EA468DE2EA488DE3EA498DE4EA478D53
:1069C000E5EA4D8DE6EA558DE7EA598DE8EAC78993
:1069D000E9EACA89EAEACB89EBEACC89ECEACE8912
:1069E000EDEACF89EEEAD089EFEAD189F0EA6E725A
:1069F000F1EA9F72F2EA5D72F3EA6672F4EA6F728C
:106A0000F5EA7E72F6EA7F72F7EA8472F8EA8B7230
:106A1000F9EA8D72FAEA8F72FBEA9272FCEA086375
:106A2000FDEA3263FEEAB06340EB8C9641EB8E9652
:106A300042EB919643EB929644EB939645EB9596F9
:106A400046EB969647EB9A9648EB9B9649EB9D96BC
:106A50004AEB9E964BEB9F964CEBA0964DEBA19686
:106A60004EEBA2964FEBA39650EBA49651EBA59656
:106A700052EBA69653EBA89654EBA99655EBAA9623
:106A800056EBAB9657EBAC9658EBAD9659EBAE96F2
:106A90005AEBAF965BEBB1965CEBB2965DEBB496BE
:106AA0005EEBB5965FEBB79660EBB89661EBBA9686
:106AB00062EBBB9663EBBF9664EBC29665EBC39645
:106AC00066EBC89667EBCA9668EBCB9669EBD096F7
:106AD0006AEBD1966BEBD3966CEBD4966DEBD696B6
:106AE0006EEBD7966FEBD89670EBD99671EBDA9682
:106AF00072EBDB9673EBDC9674EBDD9675EBDE9652
:106B000076EBDF9677EBE19678EBE29679EBE3961E
:106B10007AEBE4967BEBE5967CEBE6967DEBE796ED
:106B20007EEBEB9680EBEC9681EBED9682EBEE96AE
:106B300083EBF09684EBF19685EBF29686EBF49678
:106B400087EBF59688EBF89689EBFA968AEBFB963D
:106B50008BEBFC968CEBFD968DEBFF968EEB029704
:106B60008FEB039790EB059791EB0A9792EB0B97BE
:106B700093EB0C9794EB109795EB119796EB12977C
:106B800097EB149798EB159799EB17979AEB189743
:106B90009BEB19979CEB1A979DEB1B979EEB1D9710
:106BA0009FEB1F97A0EB2097A1EB3F64A2EBD8646B
:106BB000A3EB0480A4EBEA6BA5EBF36BA6EBFD6BF8
:106BC000A7EBF56BA8EBF96BA9EB056CAAEB076CCF
:106BD000ABEB066CACEB0D6CADEB156CAEEB186C67
:106BE000AFEB196CB0EB1A6CB1EB216CB2EB296C0A
:106BF000B3EB246CB4EB2A6CB5EB326CB6EB3565B9
:106C0000B7EB5565B8EB6B65B9EB4D72BAEB5272E9
:106C1000BBEB5672BCEB3072BDEB6286BEEB16521C
:106C2000BFEB9F80C0EB9C80C1EB9380C2EBBC802C
:106C3000C3EB0A67C4EBBD80C5EBB180C6EBAB808C
:106C4000C7EBAD80C8EBB480C9EBB780CAEBE78077
:106C5000CBEBE880CCEBE980CDEBEA80CEEBDB80C0
:106C6000CFEBC280D0EBC480D1EBD980D2EBCD800A
:106C7000D3EBD780D4EB1067D5EBDD80D6EBEB8080
:106C8000D7EBF180D8EBF480D9EBED80DAEB0D8116
:106C9000DBEB0E81DCEBF280DDEBFC80DEEB1567DD
:106CA000DFEB1281E0EB5A8CE1EB3681E2EB1E81E7
:106CB000E3EB2C81E4EB1881E5EB3281E6EB4881D4
:106CC000E7EB4C81E8EB5381E9EB7481EAEB598106
:106CD000EBEB5A81ECEB7181EDEB6081EEEB6981BE
:106CE000EFEB7C81F0EB7D81F1EB6D81F2EB678165
:106CF000F3EB4D58F4EBB55AF5EB8881F6EB828156
:106D0000F7EB9181F8EBD56EF9EBA381FAEBAA8151
:106D1000FBEBCC81FCEB2667FDEBCA81FEEBBB8174
:106D200040EC219741EC229742EC239743EC2497C7
:106D300044EC259745EC269746EC279747EC289797
:106D400048EC299749EC2B974AEC2C974BEC2E9763
:106D50004CEC2F974DEC31974EEC33974FEC34972A
:106D600050EC359751EC369752EC379753EC3A97F5
:106D700054EC3B9755EC3C9756EC3D9757EC3F97BE
:106D800058EC409759EC41975AEC42975BEC43978B
:106D90005CEC44975DEC45975EEC46975FEC47975B
:106DA00060EC489761EC499762EC4A9763EC4B972B
:106DB00064EC4C9765EC4D9766EC4E9767EC4F97FB
:106DC00068EC509769EC51976AEC54976BEC5597C7
:106DD0006CEC57976DEC58976EEC5A976FEC5C978C
:106DE00070EC5D9771EC5F9772EC639773EC64974E
:106DF00074EC669775EC679776EC689777EC6A9712
:106E000078EC6B9779EC6C977AEC6D977BEC6E97DE
:106E10007CEC6F977DEC70977EEC719780EC7297AD
:106E200081EC759782EC779783EC789784EC79976F
:106E300085EC7A9786EC7B9787EC7D9788EC7E973C
:106E400089EC7F978AEC80978BEC81978CEC82970A
:106E50008DEC83978EEC84978FEC869790EC8797D8
:106E600091EC889792EC899793EC8A9794EC8C97A5
:106E700095EC8E9796EC8F9797EC909798EC93976C
:106E800099EC95979AEC96979BEC97979CEC999731
:106E90009DEC9A979EEC9B979FEC9C97A0EC9D97FE
:106EA000A1ECC181A2ECA681A3EC246BA4EC376B0E
:106EB000A5EC396BA6EC436BA7EC466BA8EC596BC1
:106EC000A9ECD198AAECD298ABECD398ACECD598BD
:106ED000ADECD998AEECDA98AFECB36BB0EC405FA8
:106EE000B1ECC26BB2ECF389B3EC9065B4EC519F9A
:106EF000B5EC9365B6ECBC65B7ECC665B8ECC4659B
:106F0000B9ECC365BAECCC65BBECCE65BCECD26524
:106F1000BDECD665BEEC8070BFEC9C70C0EC96708A
:106F2000C1EC9D70C2ECBB70C3ECC070C4ECB77018
:106F3000C5ECAB70C6ECB170C7ECE870C8ECCA70B9
:106F4000C9EC1071CAEC1371CBEC1671CCEC2F713B
:106F5000CDEC3171CEEC7371CFEC5C71D0EC68711B
:106F6000D1EC4571D2EC7271D3EC4A71D4EC7871EA
:106F7000D5EC7A71D6EC9871D7ECB371D8ECB571C9
:106F8000D9ECA871DAECA071DBECE071DCECD47127
:106F9000DDECE771DEECF971DFEC1D72E0EC2872DC
:106FA000E1EC6C70E2EC1871E3EC6671E4ECB97141
:106FB000E5EC3E62E6EC3D62E7EC4362E8EC4862F9
:106FC000E9EC4962EAEC3B79EBEC4079ECEC467990
:106FD000EDEC4979EEEC5B79EFEC5C79F0EC537910
:106FE000F1EC5A79F2EC6279F3EC5779F4EC6079D0
:106FF000F5EC6F79F6EC6779F7EC7A79F8EC85794E
:10700000F9EC8A79FAEC9A79FBECA779FCECB37984
:10701000FDECD15FFEECD05F40ED9E9741ED9F9778
:1070200042EDA19743EDA29744EDA49745EDA597B6
:1070300046EDA69747EDA79748EDA89749EDA99784
:107040004AEDAA974BEDAC974CEDAE974DEDB0974E
:107050004EEDB1974FEDB39750EDB59751EDB69713
:1070600052EDB79753EDB89754EDB99755EDBA97E0
:1070700056EDBB9757EDBC9758EDBD9759EDBE97B0
:107080005AEDBF975BEDC0975CEDC1975DEDC29780
:107090005EEDC3975FEDC49760EDC59761EDC69750
:1070A00062EDC79763EDC89764EDC99765EDCA9720
:1070B00066EDCB9767EDCC9768EDCD9769EDCE97F0
:1070C0006AEDCF976BEDD0976CEDD1976DEDD297C0
:1070D0006EEDD3976FEDD49770EDD59771EDD69790
:1070E00072EDD79773EDD89774EDD99775EDDA9760
:1070F00076EDDB9777EDDC9778EDDD9779EDDE9730
:107100007AEDDF977BEDE0977CEDE1977DEDE297FF
:107110007EEDE39780EDE49781EDE59782EDE897CA
:1071200083EDEE9784EDEF9785EDF09786EDF1977F
:1071300087EDF29788EDF49789EDF7978AEDF89748
:107140008BEDF9978CEDFA978DEDFB978EEDFC9713
:107150008FEDFD9790EDFE9791EDFF9792ED0098E2
:1071600093ED019894ED029895ED039896ED0498AF
:1071700097ED059898ED069899ED07989AED08987F
:107180009BED09989CED0A989DED0B989EED0C984F
:107190009FED0D98A0ED0E98A1ED3C60A2ED5D6015
:1071A000A3ED5A60A4ED6760A5ED4160A6ED5960BE
:1071B000A7ED6360A8EDAB60A9ED0661AAED0D61D6
:1071C000ABED5D61ACEDA961ADED9D61AEEDCB6167
:1071D000AFEDD161B0ED0662B1ED8080B2ED7F80A0
:1071E000B3ED936CB4EDF66CB5EDFC6DB6EDF677E2
:1071F000B7EDF877B8ED0078B9ED0978BAED177802
:10720000BBED1878BCED1178BDEDAB65BEED2D780A
:10721000BFED1C78C0ED1D78C1ED3978C2ED3A782C
:10722000C3ED3B78C4ED1F78C5ED3C78C6ED2578FD
:10723000C7ED2C78C8ED2378C9ED2978CAED4E78D2
:10724000CBED6D78CCED5678CDED5778CEED267838
:10725000CFED5078D0ED4778D1ED4C78D2ED6A780B
:10726000D3ED9B78D4ED9378D5ED9A78D6ED8778E9
:10727000D7ED9C78D8EDA178D9EDA378DAEDB27886
:10728000DBEDB978DCEDA578DDEDD478DEEDD978ED
:10729000DFEDC978E0EDEC78E1EDF278E2ED05792B
:1072A000E3EDF478E4ED1379E5ED2479E6ED1E796C
:1072B000E7ED3479E8ED9B9FE9EDF99EEAEDFB9E61
:1072C000EBEDFC9EECEDF176EDED0477EEED0D7758
:1072D000EFEDF976F0ED0777F1ED0877F2ED1A773B
:1072E000F3ED2277F4ED1977F5ED2D77F6ED2677AE
:1072F000F7ED3577F8ED3877F9ED5077FAED51770E
:10730000FBED4777FCED4377FDED5A77FEED6877AF
:1073100040EE0F9841EE109842EE119843EE12980D
:1073200044EE139845EE149846EE159847EE1698DD
:1073300048EE179849EE18984AEE19984BEE1A98AD
:107340004CEE1B984DEE1C984EEE1D984FEE1E987D
:1073500050EE1F9851EE209852EE219853EE22984D
:1073600054EE239855EE249856EE259857EE26981D
:1073700058EE279859EE28985AEE29985BEE2A98ED
:107380005CEE2B985DEE2C985EEE2D985FEE2E98BD
:1073900060EE2F9861EE309862EE319863EE32988D
:1073A00064EE339865EE349866EE359867EE36985D
:1073B00068EE379869EE38986AEE39986BEE3A982D
:1073C0006CEE3B986DEE3C986EEE3D986FEE3E98FD
:1073D00070EE3F9871EE409872EE419873EE4298CD
:1073E00074EE439875EE449876EE459877EE46989D
:1073F00078EE479879EE48987AEE49987BEE4A986D
:107400007CEE4B987DEE4C987EEE4D9880EE4E983B
:1074100081EE4F9882EE509883EE519884EE529808
:1074200085EE539886EE549887EE559888EE5698D8
:1074300089EE57988AEE58988BEE59988CEE5A98A8
:107440008DEE5B988EEE5C988FEE5D9890EE5E9878
:1074500091EE5F9892EE609893EE619894EE629848
:1074600095EE639896EE649897EE659898EE669818
:1074700099EE67989AEE68989BEE69989CEE6A98E8
:107480009DEE6B989EEE6C989FEE6D98A0EE6E98B8
:10749000A1EE6277A2EE6577A3EE7F77A4EE8D77FB
:1074A000A5EE7D77A6EE8077A7EE8C77A8EE917794
:1074B000A9EE9F77AAEEA077ABEEB077ACEEB577EA
:1074C000ADEEBD77AEEE3A75AFEE4075B0EE4E75EF
:1074D000B1EE4B75B2EE4875B3EE5B75B4EE7275F6
:1074E000B5EE7975B6EE8375B7EE587FB8EE617F6D
:1074F000B9EE5F7FBAEE488ABBEE687FBCEE747F60
:10750000BDEE717FBEEE797FBFEE817FC0EE7E7FE4
:10751000C1EECD76C2EEE576C3EE3288C4EE859438
:10752000C5EE8694C6EE8794C7EE8B94C8EE8A9417
:10753000C9EE8C94CAEE8D94CBEE8F94CCEE9094E1
:10754000CDEE9494CEEE9794CFEE9594D0EE9A949F
:10755000D1EE9B94D2EE9C94D3EEA394D4EEA4945B
:10756000D5EEAB94D6EEAA94D7EEAD94D8EEAC940B
:10757000D9EEAF94DAEEB094DBEEB294DCEEB494D4
:10758000DDEEB694DEEEB794DFEEB894E0EEB9949B
:10759000E1EEBA94E2EEBC94E3EEBD94E4EEBF9467
:1075A000E5EEC494E6EEC894E7EEC994E8EECA941A
:1075B000E9EECB94EAEECC94EBEECD94ECEECE94E7
:1075C000EDEED094EEEED194EFEED294F0EED594B1
:1075D000F1EED694F2EED794F3EED994F4EED8947B
:1075E000F5EEDB94F6EEDE94F7EEDF94F8EEE09441
:1075F000F9EEE294FAEEE494FBEEE594FCEEE79407
:10760000FDEEE894FEEEEA9440EF6F9841EF70983B
:1076100042EF719843EF729844EF739845EF749876
:1076200046EF8B9847EF8E9848EF929849EF9598E0
:107630004AEF99984BEFA3984CEFA8984DEFA99873
:107640004EEFAA984FEFAB9850EFAC9851EFAD9832
:1076500052EFAE9853EFAF9854EFB09855EFB19802
:1076600056EFB29857EFB39858EFB49859EFB598D2
:107670005AEFB6985BEFB7985CEFB8985DEFB998A2
:107680005EEFBA985FEFBB9860EFBC9861EFBD9872
:1076900062EFBE9863EFBF9864EFC09865EFC19842
:1076A00066EFC29867EFC39868EFC49869EFC59812
:1076B0006AEFC6986BEFC7986CEFC8986DEFC998E2
:1076C0006EEFCA986FEFCB9870EFCC9871EFCD98B2
:1076D00072EFCF9873EFD09874EFD49875EFD69877
:1076E00076EFD79877EFDB9878EFDC9879EFDD9835
:1076F0007AEFE0987BEFE1987CEFE2987DEFE398FA
:107700007EEFE49880EFE59881EFE69882EFE998C4
:1077100083EFEA9884EFEB9885EFEC9886EFED988D
:1077200087EFEE9888EFEF9889EFF0988AEFF1985D
:107730008BEFF2988CEFF3988DEFF4988EEFF5982D
:107740008FEFF69890EFF79891EFF89892EFF998FD
:1077500093EFFA9894EFFB9895EFFC9896EFFD98CD
:1077600097EFFE9898EFFF9899EF00999AEF01999B
:107770009BEF02999CEF03999DEF04999EEF059969
:107780009FEF0699A0EF0799A1EFE994A2EFEB9480
:10779000A3EFEE94A4EFEF94A5EFF394A6EFF49487
:1077A000A7EFF594A8EFF794A9EFF994AAEFFC944A
:1077B000ABEFFD94ACEFFF94ADEF0395AEEF029508
:1077C000AFEF0695B0EF0795B1EF0995B2EF0A95C7
:1077D000B3EF0D95B4EF0E95B5EF0F95B6EF12958B
:1077E000B7EF1395B8EF1495B9EF1595BAEF169555
:1077F000BBEF1895BCEF1B95BDEF1D95BEEF1E9519
:10780000BFEF1F95C0EF2295C1EF2A95C2EF2B95D0
:10781000C3EF2995C4EF2C95C5EF3195C6EF32958E
:10782000C7EF3495C8EF3695C9EF3795CAEF38954D
:10783000CBEF3C95CCEF3E95CDEF3F95CEEF42950B
:10784000CFEF3595D0EF4495D1EF4595D2EF4695E2
:10785000D3EF4995D4EF4C95D5EF4E95D6EF4F9594
:10786000D7EF5295D8EF5395D9EF5495DAEF569557
:10787000DBEF5795DCEF5895DDEF5995DEEF5B9523
:10788000DFEF5E95E0EF5F95E1EF5D95E2EF6195EB
:10789000E3EF6295E4EF6495E5EF6595E6EF6695B5
:1078A000E7EF6795E8EF6895E9EF6995EAEF6A9584
:1078B000EBEF6B95ECEF6C95EDEF6F95EEEF71954F
:1078C000EFEF7295F0EF7395F1EF3A95F2EFE777FE
:1078D000F3EFEC77F4EFC996F5EFD579F6EFED79A4
:1078E000F7EFE379F8EFEB79F9EF067AFAEF475D16
:1078F000FBEF037AFCEF027AFDEF1E7AFEEF147ABB
:1079000040F0089941F0099942F00A9943F00B9927
:1079100044F00C9945F00E9946F00F9947F01199F3
:1079200048F0129949F013994AF014994BF01599BF
:107930004CF016994DF017994EF018994FF019998F
:1079400050F01A9951F01B9952F01C9953F01D995F
:1079500054F01E9955F01F9956F0209957F021992F
:1079600058F0229959F023995AF024995BF02599FF
:107970005CF026995DF027995EF028995FF02999CF
:1079800060F02A9961F02B9962F02C9963F02D999F
:1079900064F02F9965F0309966F0319967F032996B
:1079A00068F0339969F034996AF035996BF036993B
:1079B0006CF037996DF038996EF039996FF03A990B
:1079C00070F03B9971F03C9972F03D9973F03E99DB
:1079D00074F03F9975F0409976F0419977F04299AB
:1079E00078F0439979F044997AF045997BF046997B
:1079F0007CF047997DF048997EF0499980F04A994A
:107A000081F04B9982F04C9983F04D9984F04E9916
:107A100085F04F9986F0509987F0519988F05299E6
:107A200089F053998AF056998BF057998CF05899B0
:107A30008DF059998EF05A998FF05B9990F05C997E
:107A400091F05D9992F05E9993F05F9994F060994E
:107A500095F0619996F0629997F0649998F066991B
:107A600099F073999AF078999BF079999CF07B99A9
:107A70009DF07E999EF082999FF08399A0F089995C
:107A8000A1F0397AA2F0377AA3F0517AA4F0CF9E10
:107A9000A5F0A599A6F0707AA7F08876A8F08E7662
:107AA000A9F09376AAF09976ABF0A476ACF0DE74E8
:107AB000ADF0E074AEF02C75AFF0209EB0F0229ED9
:107AC000B1F0289EB2F0299EB3F02A9EB4F02B9E0E
:107AD000B5F02C9EB6F0329EB7F0319EB8F0369ECF
:107AE000B9F0389EBAF0379EBBF0399EBCF03A9E92
:107AF000BDF03E9EBEF0419EBFF0429EC0F0449E4F
:107B0000C1F0469EC2F0479EC3F0489EC4F0499E15
:107B1000C5F04B9EC6F04C9EC7F04E9EC8F0519EDD
:107B2000C9F0559ECAF0579ECBF05A9ECCF05B9E92
:107B3000CDF05C9ECEF05E9ECFF0639ED0F0669E50
:107B4000D1F0679ED2F0689ED3F0699ED4F06A9E11
:107B5000D5F06B9ED6F06C9ED7F0719ED8F06D9EDE
:107B6000D9F0739EDAF09275DBF09475DCF09675BF
:107B7000DDF0A075DEF09D75DFF0AC75E0F0A3756B
:107B8000E1F0B375E2F0B475E3F0B875E4F0C475F4
:107B9000E5F0B175E6F0B075E7F0C375E8F0C275D1
:107BA000E9F0D675EAF0CD75EBF0E375ECF0E87529
:107BB000EDF0E675EEF0E475EFF0EB75F0F0E775DB
:107BC000F1F00376F2F0F175F3F0FC75F4F0FF7567
:107BD000F5F01076F6F00076F7F00576F8F00C7612
:107BE000F9F01776FAF00A76FBF02576FCF01876B5
:107BF000FDF01576FEF0197640F18C9941F18E99E1
:107C000042F19A9943F19B9944F19C9945F19D99D0
:107C100046F19E9947F19F9948F1A09949F1A199A0
:107C20004AF1A2994BF1A3994CF1A4994DF1A6996F
:107C30004EF1A7994FF1A99950F1AA9951F1AB9939
:107C400052F1AC9953F1AD9954F1AE9955F1AF9908
:107C500056F1B09957F1B19958F1B29959F1B399D8
:107C60005AF1B4995BF1B5995CF1B6995DF1B799A8
:107C70005EF1B8995FF1B99960F1BA9961F1BB9978
:107C800062F1BC9963F1BD9964F1BE9965F1BF9948
:107C900066F1C09967F1C19968F1C29969F1C39918
:107CA0006AF1C4996BF1C5996CF1C6996DF1C799E8
:107CB0006EF1C8996FF1C99970F1CA9971F1CB99B8
:107CC00072F1CC9973F1CD9974F1CE9975F1CF9988
:107CD00076F1D09977F1D19978F1D29979F1D39958
:107CE0007AF1D4997BF1D5997CF1D6997DF1D79928
:107CF0007EF1D89980F1D99981F1DA9982F1DB99F5
:107D000083F1DC9984F1DD9985F1DE9986F1DF99C3
:107D100087F1E09988F1E19989F1E2998AF1E39993
:107D20008BF1E4998CF1E5998DF1E6998EF1E79963
:107D30008FF1E89990F1E99991F1EA9992F1EB9933
:107D400093F1EC9994F1ED9995F1EE9996F1EF9903
:107D500097F1F09998F1F19999F1F2999AF1F399D3
:107D60009BF1F4999CF1F5999DF1F6999EF1F799A3
:107D70009FF1F899A0F1F999A1F11B76A2F13C7657
:107D8000A3F12276A4F12076A5F14076A6F12D7616
:107D9000A7F13076A8F13F76A9F13576AAF14376BE
:107DA000ABF13E76ACF13376ADF14D76AEF15E7669
:107DB000AFF15476B0F15C76B1F15676B2F16B76F4
:107DC000B3F16F76B4F1CA7FB5F1E67AB6F1787A9D
:107DD000B7F1797AB8F1807AB9F1867ABAF1887A0E
:107DE000BBF1957ABCF1A67ABDF1A07ABEF1AC7A6E
:107DF000BFF1A87AC0F1AD7AC1F1B37AC2F164885B
:107E0000C3F16988C4F17288C5F17D88C6F17F88A5
:107E1000C7F18288C8F1A288C9F1C688CAF1B788BB
:107E2000CBF1BC88CCF1C988CDF1E288CEF1CE8807
:107E3000CFF1E388D0F1E588D1F1F188D2F11A8948
:107E4000D3F1FC88D4F1E888D5F1FE88D6F1F0882A
:107E5000D7F12189D8F11989D9F11389DAF11B8970
:107E6000DBF10A89DCF13489DDF12B89DEF1368919
:107E7000DFF14189E0F16689E1F17B89E2F18B75FF
:107E8000E3F1E580E4F1B276E5F1B476E6F1DC7792
:107E9000E7F11280E8F11480E9F11680EAF11C8024
:107EA000EBF12080ECF12280EDF12580EEF12680CF
:107EB000EFF12780F0F12980F1F12880F2F1318093
:107EC000F3F10B80F4F13580F5F14380F6F1468053
:107ED000F7F14D80F8F15280F9F16980FAF1718083
:107EE000FBF18389FCF17898FDF18098FEF183988D
:107EF00040F2FA9941F2FB9942F2FC9943F2FD9962
:107F000044F2FE9945F2FF9946F2009A47F2019A2F
:107F100048F2029A49F2039A4AF2049A4BF2059AFD
:107F20004CF2069A4DF2079A4EF2089A4FF2099ACD
:107F300050F20A9A51F20B9A52F20C9A53F20D9A9D
:107F400054F20E9A55F20F9A56F2109A57F2119A6D
:107F500058F2129A59F2139A5AF2149A5BF2159A3D
:107F60005CF2169A5DF2179A5EF2189A5FF2199A0D
:107F700060F21A9A61F21B9A62F21C9A63F21D9ADD
:107F800064F21E9A65F21F9A66F2209A67F2219AAD
:107F900068F2229A69F2239A6AF2249A6BF2259A7D
:107FA0006CF2269A6DF2279A6EF2289A6FF2299A4D
:107FB00070F22A9A71F22B9A72F22C9A73F22D9A1D
:107FC00074F22E9A75F22F9A76F2309A77F2319AED
:107FD00078F2329A79F2339A7AF2349A7BF2359ABD
:107FE0007CF2369A7DF2379A7EF2389A80F2399A8C
:107FF00081F23A9A82F23B9A83F23C9A84F23D9A59
:1080000085F23E9A86F23F9A87F2409A88F2419A28
:1080100089F2429A8AF2439A8BF2449A8CF2459AF8
:108020008DF2469A8EF2479A8FF2489A90F2499AC8
:1080300091F24A9A92F24B9A93F24C9A94F24D9A98
:1080400095F24E9A96F24F9A97F2509A98F2519A68
:1080500099F2529A9AF2539A9BF2549A9CF2559A38
:108060009DF2569A9EF2579A9FF2589AA0F2599A08
:10807000A1F28998A2F28C98A3F28D98A4F28F981D
:10808000A5F29498A6F29A98A7F29B98A8F29E98C7
:10809000A9F29F98AAF2A198ABF2A298ACF2A59887
:1080A000ADF2A698AEF24D86AFF25486B0F26C8671
:1080B000B1F26E86B2F27F86B3F27A86B4F27C8633
:1080C000B5F27B86B6F2A886B7F28D86B8F28B86BB
:1080D000B9F2AC86BAF29D86BBF2A786BCF2A38643
:1080E000BDF2AA86BEF29386BFF2A986C0F2B6861A
:1080F000C1F2C486C2F2B586C3F2CE86C4F2B0869F
:10810000C5F2BA86C6F2B186C7F2AF86C8F2C98692
:10811000C9F2CF86CAF2B486CBF2E986CCF2F186F8
:10812000CDF2F286CEF2ED86CFF2F386D0F2D08693
:10813000D1F21387D2F2DE86D3F2F486D4F2DF8650
:10814000D5F2D886D6F2D186D7F20387D8F2078740
:10815000D9F2F886DAF20887DBF20A87DCF20D87BB
:10816000DDF20987DEF22387DFF23B87E0F21E872C
:10817000E1F22587E2F22E87E3F21A87E4F23E87E6
:10818000E5F24887E6F23487E7F23187E8F229879B
:10819000E9F23787EAF23F87EBF28287ECF2228737
:1081A000EDF27D87EEF27E87EFF27B87F0F260875B
:1081B000F1F27087F2F24C87F3F26E87F4F28B875C
:1081C000F5F25387F6F26387F7F27C87F8F264875B
:1081D000F9F25987FAF26587FBF29387FCF2AF87D1
:1081E000FDF2A887FEF2D28740F35A9A41F35B9AD8
:1081F00042F35C9A43F35D9A44F35E9A45F35F9AC7
:1082000046F3609A47F3619A48F3629A49F3639A96
:108210004AF3649A4BF3659A4CF3669A4DF3679A66
:108220004EF3689A4FF3699A50F36A9A51F36B9A36
:1082300052F3729A53F3839A54F3899A55F38D9AB1
:1082400056F38E9A57F3949A58F3959A59F3999A4C
:108250005AF3A69A5BF3A99A5CF3AA9A5DF3AB9AD8
:108260005EF3AC9A5FF3AD9A60F3AE9A61F3AF9AA6
:1082700062F3B29A63F3B39A64F3B49A65F3B59A6E
:1082800066F3B99A67F3BB9A68F3BD9A69F3BE9A2D
:108290006AF3BF9A6BF3C39A6CF3C49A6DF3C69AF0
:1082A0006EF3C79A6FF3C89A70F3C99A71F3CA9ABA
:1082B00072F3CD9A73F3CE9A74F3CF9A75F3D09A82
:1082C00076F3D29A77F3D49A78F3D59A79F3D69A4B
:1082D0007AF3D79A7BF3D99A7CF3DA9A7DF3DB9A17
:1082E0007EF3DC9A80F3DD9A81F3DE9A82F3E09AE2
:1082F00083F3E29A84F3E39A85F3E49A86F3E59AAA
:1083000087F3E79A88F3E89A89F3E99A8AF3EA9A75
:108310008BF3EC9A8CF3EE9A8DF3F09A8EF3F19A3C
:108320008FF3F29A90F3F39A91F3F49A92F3F59A09
:1083300093F3F69A94F3F79A95F3F89A96F3FA9AD8
:1083400097F3FC9A98F3FD9A99F3FE9A9AF3FF9AA1
:108350009BF3009B9CF3019B9DF3029B9EF3049B6C
:108360009FF3059BA0F3069BA1F3C687A2F3888722
:10837000A3F38587A4F3AD87A5F39787A6F3838737
:10838000A7F3AB87A8F3E587A9F3AC87AAF3B58772
:10839000ABF3B387ACF3CB87ADF3D387AEF3BD8735
:1083A000AFF3D187B0F3C087B1F3CA87B2F3DB87ED
:1083B000B3F3EA87B4F3E087B5F3EE87B6F3168834
:1083C000B7F31388B8F3FE87B9F30A88BAF31B88AA
:1083D000BBF32188BCF33988BDF33C88BEF3367FFC
:1083E000BFF3427FC0F3447FC1F3457FC2F31082E5
:1083F000C3F3FA7AC4F3FD7AC5F3087BC6F3037BB3
:10840000C7F3047BC8F3157BC9F30A7BCAF32B7B44
:10841000CBF30F7BCCF3477BCDF3387BCEF32A7BBA
:10842000CFF3197BD0F32E7BD1F3317BD2F3207BBA
:10843000D3F3257BD4F3247BD5F3337BD6F33E7B78
:10844000D7F31E7BD8F3587BD9F35A7BDAF3457BFD
:10845000DBF3757BDCF34C7BDDF35D7BDEF3607B74
:10846000DFF36E7BE0F37B7BE1F3627BE2F3727B15
:10847000E3F3717BE4F3907BE5F3A67BE6F3A77B64
:10848000E7F3B87BE8F3AC7BE9F39D7BEAF3A87BE9
:10849000EBF3857BECF3AA7BEDF39C7BEEF3A27B05
:1084A000EFF3AB7BF0F3B47BF1F3D17BF2F3C17B61
:1084B000F3F3CC7BF4F3DD7BF5F3DA7BF6F3E57BCA
:1084C000F7F3E67BF8F3EA7BF9F30C7CFAF3FE7B37
:1084D000FBF3FC7BFCF30F7CFDF3167CFEF30B7CC3
:1084E00040F4079B41F4099B42F40A9B43F40B9B25
:1084F00044F40C9B45F40D9B46F40E9B47F4109BF3
:1085000048F4119B49F4129B4AF4149B4BF4159BBD
:108510004CF4169B4DF4179B4EF4189B4FF4199B8B
:1085200050F41A9B51F41B9B52F41C9B53F41D9B5B
:1085300054F41E9B55F4209B56F4219B57F4229B28
:1085400058F4249B59F4259B5AF4269B5BF4279BF3
:108550005CF4289B5DF4299B5EF42A9B5FF42B9BC3
:1085600060F42C9B61F42D9B62F42E9B63F4309B92
:1085700064F4319B65F4339B66F4349B67F4359B5C
:1085800068F4369B69F4379B6AF4389B6BF4399B2B
:108590006CF43A9B6DF43D9B6EF43E9B6FF43F9BF5
:1085A00070F4409B71F4469B72F44A9B73F44B9BAE
:1085B00074F44C9B75F44E9B76F4509B77F4529B6D
:1085C00078F4539B79F4559B7AF4569B7BF4579B34
:1085D0007CF4589B7DF4599B7EF45A9B80F45B9B02
:1085E00081F45C9B82F45D9B83F45E9B84F45F9BCF
:1085F00085F4609B86F4619B87F4629B88F4639B9F
:1086000089F4649B8AF4659B8BF4669B8CF4679B6E
:108610008DF4689B8EF4699B8FF46A9B90F46B9B3E
:1086200091F46C9B92F46D9B93F46E9B94F46F9B0E
:1086300095F4709B96F4719B97F4729B98F4739BDE
:1086400099F4749B9AF4759B9BF4769B9CF4779BAE
:108650009DF4789B9EF4799B9FF47A9BA0F47B9B7E
:10866000A1F41F7CA2F42A7CA3F4267CA4F4387C19
:10867000A5F4417CA6F4407CA7F4FE81A8F4018215
:10868000A9F40282AAF40482ABF4EC81ACF444882D
:10869000ADF42182AEF42282AFF42382B0F42D82B5
:1086A000B1F42F82B2F42882B3F42B82B4F438826E
:1086B000B5F43B82B6F43382B7F43482B8F43E8228
:1086C000B9F44482BAF44982BBF44B82BCF44F82C1
:1086D000BDF45A82BEF45F82BFF46882C0F47E8823
:1086E000C1F48588C2F48888C3F4D888C4F4DF88CC
:1086F000C5F45E89C6F49D7FC7F49F7FC8F4A77F49
:10870000C9F4AF7FCAF4B07FCBF4B27FCCF47C7CE9
:10871000CDF44965CEF4917CCFF49D7CD0F49C7C63
:10872000D1F49E7CD2F4A27CD3F4B27CD4F4BC7C91
:10873000D5F4BD7CD6F4C17CD7F4C77CD8F4CC7C0E
:10874000D9F4CD7CDAF4C87CDBF4C57CDCF4D77CCE
:10875000DDF4E87CDEF46E82DFF4A866E0F4BF7F2F
:10876000E1F4CE7FE2F4D57FE3F4E57FE4F4E17F4A
:10877000E5F4E67FE6F4E97FE7F4EE7FE8F4F37FE3
:10878000E9F4F87CEAF4777DEBF4A67DECF4AE7DB9
:10879000EDF4477EEEF49B7EEFF4B89EF0F4B49EC9
:1087A000F1F4738DF2F4848DF3F4948DF4F4918DDF
:1087B000F5F4B18DF6F4678DF7F46D8DF8F4478C10
:1087C000F9F4498CFAF44A91FBF45091FCF44E917F
:1087D000FDF44F91FEF4649140F57C9B41F57D9B47
:1087E00042F57E9B43F57F9B44F5809B45F5819B3D
:1087F00046F5829B47F5839B48F5849B49F5859B0D
:108800004AF5869B4BF5879B4CF5889B4DF5899BDC
:108810004EF58A9B4FF58B9B50F58C9B51F58D9BAC
:1088200052F58E9B53F58F9B54F5909B55F5919B7C
:1088300056F5929B57F5939B58F5949B59F5959B4C
:108840005AF5969B5BF5979B5CF5989B5DF5999B1C
:108850005EF59A9B5FF59B9B60F59C9B61F59D9BEC
:1088600062F59E9B63F59F9B64F5A09B65F5A19BBC
:1088700066F5A29B67F5A39B68F5A49B69F5A59B8C
:108880006AF5A69B6BF5A79B6CF5A89B6DF5A99B5C
:108890006EF5AA9B6FF5AB9B70F5AC9B71F5AD9B2C
:1088A00072F5AE9B73F5AF9B74F5B09B75F5B19BFC
:1088B00076F5B29B77F5B39B78F5B49B79F5B59BCC
:1088C0007AF5B69B7BF5B79B7CF5B89B7DF5B99B9C
:1088D0007EF5BA9B80F5BB9B81F5BC9B82F5BD9B69
:1088E00083F5BE9B84F5BF9B85F5C09B86F5C19B38
:1088F00087F5C29B88F5C39B89F5C49B8AF5C59B08
:108900008BF5C69B8CF5C79B8DF5C89B8EF5C99BD7
:108910008FF5CA9B90F5CB9B91F5CC9B92F5CD9BA7
:1089200093F5CE9B94F5CF9B95F5D09B96F5D19B77
:1089300097F5D29B98F5D39B99F5D49B9AF5D59B47
:108940009BF5D69B9CF5D79B9DF5D89B9EF5D99B17
:108950009FF5DA9BA0F5DB9BA1F56291A2F56191F1
:10896000A3F57091A4F56991A5F56F91A6F57D9198
:10897000A7F57E91A8F57291A9F57491AAF5799160
:10898000ABF58C91ACF58591ADF59091AEF58D91EF
:10899000AFF59191B0F5A291B1F5A391B2F5AA917D
:1089A000B3F5AD91B4F5AE91B5F5AF91B6F5B5911E
:1089B000B7F5B491B8F5BA91B9F5558CBAF57E9E74
:1089C000BBF5B88DBCF5EB8DBDF5058EBEF5598EAA
:1089D000BFF5698EC0F5B58DC1F5BF8DC2F5BC8DF3
:1089E000C3F5BA8DC4F5C48DC5F5D68DC6F5D78D42
:1089F000C7F5DA8DC8F5DE8DC9F5CE8DCAF5CF8DF8
:108A0000CBF5DB8DCCF5C68DCDF5EC8DCEF5F78DA8
:108A1000CFF5F88DD0F5E38DD1F5F98DD2F5FB8D3D
:108A2000D3F5E48DD4F5098ED5F5FD8DD6F5148EEC
:108A3000D7F51D8ED8F51F8ED9F52C8EDAF52E8E32
:108A4000DBF5238EDCF52F8EDDF53A8EDEF5408EDC
:108A5000DFF5398EE0F5358EE1F53D8EE2F5318EAC
:108A6000E3F5498EE4F5418EE5F5428EE6F5518E4B
:108A7000E7F5528EE8F54A8EE9F5708EEAF5768EC6
:108A8000EBF57C8EECF56F8EEDF5748EEEF5858E44
:108A9000EFF58F8EF0F5948EF1F5908EF2F59C8EB9
:108AA000F3F59E8EF4F5788CF5F5828CF6F58A8CCC
:108AB000F7F5858CF8F5988CF9F5948CFAF59B65AB
:108AC000FBF5D689FCF5DE89FDF5DA89FEF5DC8952
:108AD00040F6DC9B41F6DD9B42F6DE9B43F6DF9BD6
:108AE00044F6E09B45F6E19B46F6E29B47F6E39BA6
:108AF00048F6E49B49F6E59B4AF6E69B4BF6E79B76
:108B00004CF6E89B4DF6E99B4EF6EA9B4FF6EB9B45
:108B100050F6EC9B51F6ED9B52F6EE9B53F6EF9B15
:108B200054F6F09B55F6F19B56F6F29B57F6F39BE5
:108B300058F6F49B59F6F59B5AF6F69B5BF6F79BB5
:108B40005CF6F89B5DF6F99B5EF6FA9B5FF6FB9B85
:108B500060F6FC9B61F6FD9B62F6FE9B63F6FF9B55
:108B600064F6009C65F6019C66F6029C67F6039C21
:108B700068F6049C69F6059C6AF6069C6BF6079CF1
:108B80006CF6089C6DF6099C6EF60A9C6FF60B9CC1
:108B900070F60C9C71F60D9C72F60E9C73F60F9C91
:108BA00074F6109C75F6119C76F6129C77F6139C61
:108BB00078F6149C79F6159C7AF6169C7BF6179C31
:108BC0007CF6189C7DF6199C7EF61A9C80F61B9C00
:108BD00081F61C9C82F61D9C83F61E9C84F61F9CCD
:108BE00085F6209C86F6219C87F6229C88F6239C9D
:108BF00089F6249C8AF6259C8BF6269C8CF6279C6D
:108C00008DF6289C8EF6299C8FF62A9C90F62B9C3C
:108C100091F62C9C92F62D9C93F62E9C94F62F9C0C
:108C200095F6309C96F6319C97F6329C98F6339CDC
:108C300099F6349C9AF6359C9BF6369C9CF6379CAC
:108C40009DF6389C9EF6399C9FF63A9CA0F63B9C7C
:108C5000A1F6E589A2F6EB89A3F6EF89A4F63E8A90
:108C6000A5F6268BA6F65397A7F6E996A8F6F396EF
:108C7000A9F6EF96AAF60697ABF60197ACF6089719
:108C8000ADF60F97AEF60E97AFF62A97B0F62D9782
:108C9000B1F63097B2F63E97B3F6809FB4F6839F55
:108CA000B5F6859FB6F6869FB7F6879FB8F6889F7C
:108CB000B9F6899FBAF68A9FBBF68C9FBCF6FE9EDA
:108CC000BDF60B9FBEF60D9FBFF6B996C0F6BC96DB
:108CD000C1F6BD96C2F6CE96C3F6D296C4F6BF775D
:108CE000C5F6E096C6F68E92C7F6AE92C8F6C89262
:108CF000C9F63E93CAF66A93CBF6CA93CCF68F9325
:108D0000CDF63E94CEF66B94CFF67F9CD0F6829C47
:108D1000D1F6859CD2F6869CD3F6879CD4F6889CA7
:108D2000D5F6237AD6F68B9CD7F68E9CD8F6909CF7
:108D3000D9F6919CDAF6929CDBF6949CDCF6959C35
:108D4000DDF69A9CDEF69B9CDFF69E9CE0F69F9CEF
:108D5000E1F6A09CE2F6A19CE3F6A29CE4F6A39CBB
:108D6000E5F6A59CE6F6A69CE7F6A79CE8F6A89C87
:108D7000E9F6A99CEAF6AB9CEBF6AD9CECF6AE9C52
:108D8000EDF6B09CEEF6B19CEFF6B29CF0F6B39C1B
:108D9000F1F6B49CF2F6B59CF3F6B69CF4F6B79CEB
:108DA000F5F6BA9CF6F6BB9CF7F6BC9CF8F6BD9CB3
:108DB000F9F6C49CFAF6C59CFBF6C69CFCF6C79C6B
:108DC000FDF6CA9CFEF6CB9C40F73C9C41F73D9CCF
:108DD00042F73E9C43F73F9C44F7409C45F7419C3B
:108DE00046F7429C47F7439C48F7449C49F7459C0B
:108DF0004AF7469C4BF7479C4CF7489C4DF7499CDB
:108E00004EF74A9C4FF74B9C50F74C9C51F74D9CAA
:108E100052F74E9C53F74F9C54F7509C55F7519C7A
:108E200056F7529C57F7539C58F7549C59F7559C4A
:108E30005AF7569C5BF7579C5CF7589C5DF7599C1A
:108E40005EF75A9C5FF75B9C60F75C9C61F75D9CEA
:108E500062F75E9C63F75F9C64F7609C65F7619CBA
:108E600066F7629C67F7639C68F7649C69F7659C8A
:108E70006AF7669C6BF7679C6CF7689C6DF7699C5A
:108E80006EF76A9C6FF76B9C70F76C9C71F76D9C2A
:108E900072F76E9C73F76F9C74F7709C75F7719CFA
:108EA00076F7729C77F7739C78F7749C79F7759CCA
:108EB0007AF7769C7BF7779C7CF7789C7DF7799C9A
:108EC0007EF77A9C80F77B9C81F77D9C82F77E9C65
:108ED00083F7809C84F7839C85F7849C86F7899C24
:108EE00087F78A9C88F78C9C89F78F9C8AF7939CDC
:108EF0008BF7969C8CF7979C8DF7989C8EF7999C96
:108F00008FF79D9C90F7AA9C91F7AC9C92F7AF9C31
:108F100093F7B99C94F7BE9C95F7BF9C96F7C09CBD
:108F200097F7C19C98F7C29C99F7C89C9AF7C99C7F
:108F30009BF7D19C9CF7D29C9DF7DA9C9EF7DB9C1B
:108F40009FF7E09CA0F7E19CA1F7CC9CA2F7CD9CF9
:108F5000A3F7CE9CA4F7CF9CA5F7D09CA6F7D39CF3
:108F6000A7F7D49CA8F7D59CA9F7D79CAAF7D89CBB
:108F7000ABF7D99CACF7DC9CADF7DD9CAEF7DF9C82
:108F8000AFF7E29CB0F77C97B1F78597B2F791976E
:108F9000B3F79297B4F79497B5F7AF97B6F7AB9747
:108FA000B7F7A397B8F7B297B9F7B497BAF7B19AEA
:108FB000BBF7B09ABCF7B79ABDF7589EBEF7B69A02
:108FC000BFF7BA9AC0F7BC9AC1F7C19AC2F7C09A64
:108FD000C3F7C59AC4F7C29AC5F7CB9AC6F7CC9A1D
:108FE000C7F7D19AC8F7459BC9F7439BCAF7479B78
:108FF000CBF7499BCCF7489BCDF74D9BCEF7519BC8
:10900000CFF7E898D0F70D99D1F72E99D2F7559967
:10901000D3F75499D4F7DF9AD5F7E19AD6F7E69AC1
:10902000D7F7EF9AD8F7EB9AD9F7FB9ADAF7ED9AD8
:10903000DBF7F99ADCF7089BDDF70F9BDEF7139B54
:10904000DFF71F9BE0F7239BE1F7BD9EE2F7BE9E93
:10905000E3F73B7EE4F7829EE5F7879EE6F7889E7E
:10906000E7F78B9EE8F7929EE9F7D693EAF79D9E85
:10907000EBF79F9EECF7DB9EEDF7DC9EEEF7DD9EB7
:10908000EFF7E09EF0F7DF9EF1F7E29EF2F7E99E40
:10909000F3F7E79EF4F7E59EF5F7EA9EF6F7EF9E05
:1090A000F7F7229FF8F72C9FF9F72F9FFAF7399FD0
:1090B000FBF7379FFCF73D9FFDF73E9FFEF7449F70
:1090C00040F8E39C41F8E49C42F8E59C43F8E69CB8
:1090D00044F8E79C45F8E89C46F8E99C47F8EA9C88
:1090E00048F8EB9C49F8EC9C4AF8ED9C4BF8EE9C58
:1090F0004CF8EF9C4DF8F09C4EF8F19C4FF8F29C28
:1091000050F8F39C51F8F49C52F8F59C53F8F69CF7
:1091100054F8F79C55F8F89C56F8F99C57F8FA9CC7
:1091200058F8FB9C59F8FC9C5AF8FD9C5BF8FE9C97
:109130005CF8FF9C5DF8009D5EF8019D5FF8029D64
:1091400060F8039D61F8049D62F8059D63F8069D33
:1091500064F8079D65F8089D66F8099D67F80A9D03
:1091600068F80B9D69F80C9D6AF80D9D6BF80E9DD3
:109170006CF80F9D6DF8109D6EF8119D6FF8129DA3
:1091800070F8139D71F8149D72F8159D73F8169D73
:1091900074F8179D75F8189D76F8199D77F81A9D43
:1091A00078F81B9D79F81C9D7AF81D9D7BF81E9D13
:1091B0007CF81F9D7DF8209D7EF8219D80F8229DE2
:1091C00081F8239D82F8249D83F8259D84F8269DAF
:1091D00085F8279D86F8289D87F8299D88F82A9D7F
:1091E00089F82B9D8AF82C9D8BF82D9D8CF82E9D4F
:1091F0008DF82F9D8EF8309D8FF8319D90F8329D1F
:1092000091F8339D92F8349D93F8359D94F8369DEE
:1092100095F8379D96F8389D97F8399D98F83A9DBE
:1092200099F83B9D9AF83C9D9BF83D9D9CF83E9D8E
:109230009DF83F9D9EF8409D9FF8419DA0F8429D5E
:1092400040F9439D41F9449D42F9459D43F9469DAE
:1092500044F9479D45F9489D46F9499D47F94A9D7E
:1092600048F94B9D49F94C9D4AF94D9D4BF94E9D4E
:109270004CF94F9D4DF9509D4EF9519D4FF9529D1E
:1092800050F9539D51F9549D52F9559D53F9569DEE
:1092900054F9579D55F9589D56F9599D57F95A9DBE
:1092A00058F95B9D59F95C9D5AF95D9D5BF95E9D8E
:1092B0005CF95F9D5DF9609D5EF9619D5FF9629D5E
:1092C00060F9639D61F9649D62F9659D63F9669D2E
:1092D00064F9679D65F9689D66F9699D67F96A9DFE
:1092E00068F96B9D69F96C9D6AF96D9D6BF96E9DCE
:1092F0006CF96F9D6DF9709D6EF9719D6FF9729D9E
:1093000070F9739D71F9749D72F9759D73F9769D6D
:1093100074F9779D75F9789D76F9799D77F97A9D3D
:1093200078F97B9D79F97C9D7AF97D9D7BF97E9D0D
:109330007CF97F9D7DF9809D7EF9819D80F9829DDC
:1093400081F9839D82F9849D83F9859D84F9869DA9
:1093500085F9879D86F9889D87F9899D88F98A9D79
:1093600089F98B9D8AF98C9D8BF98D9D8CF98E9D49
:109370008DF98F9D8EF9909D8FF9919D90F9929D19
:1093800091F9939D92F9949D93F9959D94F9969DE9
:1093900095F9979D96F9989D97F9999D98F99A9DB9
:1093A00099F99B9D9AF99C9D9BF99D9D9CF99E9D89
:1093B0009DF99F9D9EF9A09D9FF9A19DA0F9A29D59
:1093C00040FAA39D41FAA49D42FAA59D43FAA69DA9
:1093D00044FAA79D45FAA89D46FAA99D47FAAA9D79
:1093E00048FAAB9D49FAAC9D4AFAAD9D4BFAAE9D49
:1093F0004CFAAF9D4DFAB09D4EFAB19D4FFAB29D19
:1094000050FAB39D51FAB49D52FAB59D53FAB69DE8
:1094100054FAB79D55FAB89D56FAB99D57FABA9DB8
:1094200058FABB9D59FABC9D5AFABD9D5BFABE9D88
:109430005CFABF9D5DFAC09D5EFAC19D5FFAC29D58
:1094400060FAC39D61FAC49D62FAC59D63FAC69D28
:1094500064FAC79D65FAC89D66FAC99D67FACA9DF8
:1094600068FACB9D69FACC9D6AFACD9D6BFACE9DC8
:109470006CFACF9D6DFAD09D6EFAD19D6FFAD29D98
:1094800070FAD39D71FAD49D72FAD59D73FAD69D68
:1094900074FAD79D75FAD89D76FAD99D77FADA9D38
:1094A00078FADB9D79FADC9D7AFADD9D7BFADE9D08
:1094B0007CFADF9D7DFAE09D7EFAE19D80FAE29DD7
:1094C00081FAE39D82FAE49D83FAE59D84FAE69DA4
:1094D00085FAE79D86FAE89D87FAE99D88FAEA9D74
:1094E00089FAEB9D8AFAEC9D8BFAED9D8CFAEE9D44
:1094F0008DFAEF9D8EFAF09D8FFAF19D90FAF29D14
:1095000091FAF39D92FAF49D93FAF59D94FAF69DE3
:1095100095FAF79D96FAF89D97FAF99D98FAFA9DB3
:1095200099FAFB9D9AFAFC9D9BFAFD9D9CFAFE9D83
:109530009DFAFF9D9EFA009E9FFA019EA0FA029E50
:1095400040FB039E41FB049E42FB059E43FB069E9F
:1095500044FB079E45FB089E46FB099E47FB0A9E6F
:1095600048FB0B9E49FB0C9E4AFB0D9E4BFB0E9E3F
:109570004CFB0F9E4DFB109E4EFB119E4FFB129E0F
:1095800050FB139E51FB149E52FB159E53FB169EDF
:1095900054FB179E55FB189E56FB199E57FB1A9EAF
:1095A00058FB1B9E59FB1C9E5AFB1D9E5BFB1E9E7F
:1095B0005CFB249E5DFB279E5EFB2E9E5FFB309E28
:1095C00060FB349E61FB3B9E62FB3C9E63FB409EC6
:1095D00064FB4D9E65FB509E66FB529E67FB539E4F
:1095E00068FB549E69FB569E6AFB599E6BFB5D9E11
:1095F0006CFB5F9E6DFB609E6EFB619E6FFB629ECF
:1096000070FB659E71FB6E9E72FB6F9E73FB729E7C
:1096100074FB749E75FB759E76FB769E77FB779E3A
:1096200078FB789E79FB799E7AFB7A9E7BFB7B9E0A
:109630007CFB7C9E7DFB7D9E7EFB809E80FB819ED5
:1096400081FB839E82FB849E83FB859E84FB869E9A
:1096500085FB899E86FB8A9E87FB8C9E88FB8D9E60
:1096600089FB8E9E8AFB8F9E8BFB909E8CFB919E2E
:109670008DFB949E8EFB959E8FFB969E90FB979EF6
:1096800091FB989E92FB999E93FB9A9E94FB9B9EC6
:1096900095FB9C9E96FB9E9E97FBA09E98FBA19E91
:1096A00099FBA29E9AFBA39E9BFBA49E9CFBA59E5E
:1096B0009DFBA79E9EFBA89E9FFBA99EA0FBAA9E2A
:1096C00040FCAB9E41FCAC9E42FCAD9E43FCAE9E7A
:1096D00044FCAF9E45FCB09E46FCB19E47FCB29E4A
:1096E00048FCB39E49FCB59E4AFCB69E4BFCB79E17
:1096F0004CFCB99E4DFCBA9E4EFCBC9E4FFCBF9EDE
:1097000050FCC09E51FCC19E52FCC29E53FCC39EA5
:1097100054FCC59E55FCC69E56FCC79E57FCC89E71
:1097200058FCCA9E59FCCB9E5AFCCC9E5BFCD09E3A
:109730005CFCD29E5DFCD39E5EFCD59E5FFCD69EFB
:1097400060FCD79E61FCD99E62FCDA9E63FCDE9EC3
:1097500064FCE19E65FCE39E66FCE49E67FCE69E7D
:1097600068FCE89E69FCEB9E6AFCEC9E6BFCED9E3F
:109770006CFCEE9E6DFCF09E6EFCF19E6FFCF29E0A
:1097800070FCF39E71FCF49E72FCF59E73FCF69ED9
:1097900074FCF79E75FCF89E76FCFA9E77FCFD9EA5
:1097A00078FCFF9E79FC009F7AFC019F7BFC029F66
:1097B0007CFC039F7DFC049F7EFC059F80FC069F34
:1097C00081FC079F82FC089F83FC099F84FC0A9F01
:1097D00085FC0C9F86FC0F9F87FC119F88FC129FC5
:1097E00089FC149F8AFC159F8BFC169F8CFC189F8C
:1097F0008DFC1A9F8EFC1B9F8FFC1C9F90FC1D9F55
:1098000091FC1E9F92FC1F9F93FC219F94FC239F21
:1098100095FC249F96FC259F97FC269F98FC279FEC
:1098200099FC289F9AFC299F9BFC2A9F9CFC2B9FBC
:109830009DFC2D9F9EFC2E9F9FFC309FA0FC319F86
:1098400040FD329F41FD339F42FD349F43FD359FD4
:1098500044FD369F45FD389F46FD3A9F47FD3C9F9E
:1098600048FD3F9F49FD409F4AFD419F4BFD429F60
:109870004CFD439F4DFD459F4EFD469F4FFD479F2D
:1098800050FD489F51FD499F52FD4A9F53FD4B9FFC
:1098900054FD4C9F55FD4D9F56FD4E9F57FD4F9FCC
:1098A00058FD529F59FD539F5AFD549F5BFD559F94
:1098B0005CFD569F5DFD579F5EFD589F5FFD599F64
:1098C00060FD5A9F61FD5B9F62FD5C9F63FD5D9F34
:1098D00064FD5E9F65FD5F9F66FD609F67FD619F04
:1098E00068FD629F69FD639F6AFD649F6BFD659FD4
:1098F0006CFD669F6DFD679F6EFD689F6FFD699FA4
:1099000070FD6A9F71FD6B9F72FD6C9F73FD6D9F73
:1099100074FD6E9F75FD6F9F76FD709F77FD719F43
:1099200078FD729F79FD739F7AFD749F7BFD759F13
:109930007CFD769F7DFD779F7EFD789F80FD799FE2
:1099400081FD7A9F82FD7B9F83FD7C9F84FD7D9FAF
:1099500085FD7E9F86FD819F87FD829F88FD8D9F6F
:1099600089FD8E9F8AFD8F9F8BFD909F8CFD919F1F
:109970008DFD929F8EFD939F8FFD949F90FD959FEF
:1099800091FD969F92FD979F93FD989F94FD9C9FBC
:1099900095FD9D9F96FD9E9F97FDA19F98FDA29F7F
:1099A00099FDA39F9AFDA49F9BFDA59F9CFD2CF96B
:1099B0009DFD79F99EFD95F99FFDE7F9A0FDF1F96F
:1099C00040FE0CFA41FE0DFA42FE0EFA43FE0FFA7B
:1099D00044FE11FA45FE13FA46FE14FA47FE18FA41
:1099E00048FE1FFA49FE20FA4AFE21FA4BFE23FAEE
:1099F0004CFE24FA4DFE27FA4EFE28FA4FFE29FAB5
:109A00000000000061001A03E0001703F8000703DC
:109A1000FF00010078010001300132010601390127
:109A200010014A012E017901060180014D00430217
:109A300081018201820184018401860187018701FD
:109A400089018A018B018B018D018E018F019001AB
:109A50009101910193019401F601960197019801FA
:109A600098013D029B019C019D0120029F01A001E4
:109A7000A001A201A201A401A401A601A701A701BE
:109A8000A901AA01AB01AC01AC01AE01AF01AF016C
:109A9000B101B201B301B301B501B501B701B8011C
:109AA000B801BA01BB01BC01BC01BE01F701C00194
:109AB000C101C201C301C401C501C401C701C8017C
:109AC000C701CA01CB01CA01CD011001DD010100AE
:109AD0008E01DE011201F3010300F101F401F40132
:109AE000F8012801220212013A020900652C3B020A
:109AF0003B023D02662C3F02400241024102460207
:109B00000A015302400081018601550289018A0140
:109B100058028F015A0290015C025D025E025F02F0
:109B200093016102620294016402650266026702A7
:109B3000970196016A02622C6C026D026E029C0112
:109B4000700271029D01730274029F017602770216
:109B5000780279027A027B027C02642C7E027F0208
:109B6000A60181028202A90184028502860287027F
:109B7000AE014402B101B20145028D028E028F0294
:109B800090029102B7017B030300FD03FE03FF0374
:109B9000AC0304008603880389038A03B10311031D
:109BA000C2030200A303A303C4030803CC030300FE
:109BB0008C038E038F03D8031801F2030A00F90304
:109BC000F303F403F503F603F703F703F903FA03CA
:109BD000FA033004200350041007600422018A04B1
:109BE0003601C1040E01CF040100C004D0044401B9
:109BF0006105260400007D1D0100632C001E9601F6
:109C0000A01E5A01001F0806101F0606201F080686
:109C1000301F0806401F0606511F0700591F521F1C
:109C20005B1F541F5D1F561F5F1F601F0806701FBC
:109C30000E00BA1FBB1FC81FC91FCA1FCB1FDA1FC8
:109C4000DB1FF81FF91FEA1FEB1FFA1FFB1F801F06
:109C50000806901F0806A01F0806B01F0400B81FC2
:109C6000B91FB21FBC1FCC1F0100C31FD01F0206AB
:109C7000E01F0206E51F0100EC1FF31F0100FC1F9F
:109C80004E21010032217021100284210100832124
:109C9000D0241A05302C2F04602C0201672C0601F9
:109CA000752C0201802C6401002D260841FF1A0347
:109CB000000000003F00000064656300696400006C
:109CC00072756E74696D650068656C7000000000E7
:109CD0006C6973740000000068657800766F6964D1
:109CE000206C65645F7365742875696E74385F7481
:109CF0002073746129000000766F696420777269AF
:109D000074655F616464722875696E7433325F7460
:109D100020616464722C2075696E7433325F742024
:109D200076616C290000000075696E7433325F74CF
:109D300020726561645F616464722875696E743352
:109D4000325F74206164647229000000766F696478
:109D5000206C63645F646973706C61795F646972BD
:109D60002875696E74385F74206469722900000078
:109D7000766F6964206C63645F647261775F72659B
:109D80006374616E676C652875696E7431365F74D3
:109D90002078312C2075696E7431365F74207931EA
:109DA0002C2075696E7431365F742078322C2075E2
:109DB000696E7431365F742079322C2075696E7447
:109DC00031365F7420636F6C6F722900766F69643F
:109DD000206C63645F647261775F6C696E6528757F
:109DE000696E7431365F742078312C2075696E7419
:109DF00031365F742079312C2075696E7431365F8D
:109E0000742078322C2075696E7431365F74207935
:109E1000322C2075696E7431365F7420636F6C6FFD
:109E200072290000766F6964206C63645F73686FE9
:109E3000775F786E756D2875696E7431365F742042
:109E4000782C2075696E7431365F7420792C2075FA
:109E5000696E7433325F74206E756D2C2075696E77
:109E600074385F74206C656E2C2075696E74385F71
:109E7000742073697A652C2075696E74385F74205C
:109E80006D6F64652C2075696E7431365F74206364
:109E90006F6C6F7229000000766F6964206C6364D8
:109EA0005F73686F775F6E756D2875696E74313694
:109EB0005F7420782C2075696E7431365F74207958
:109EC0002C2075696E7433325F74206E756D2C2092
:109ED00075696E74385F74206C656E2C2075696EC0
:109EE00074385F742073697A652C2075696E7431DB
:109EF000365F7420636F6C6F72290000766F69643F
:109F0000206C63645F73686F775F737472696E67E8
:109F10002875696E7431365F7420782C2075696EEF
:109F20007431365F7420792C2075696E7431365F18
:109F3000742077696474682C2075696E7431365F9B
:109F400074206865696768742C2075696E74385F61
:109F5000742073697A652C2063686172202A702CE2
:109F60002075696E7431365F7420636F6C6F72296F
:109F700000000000766F6964206C63645F64726146
:109F8000775F636972636C652875696E7431365FDB
:109F9000742078302C2075696E7431365F742079A6
:109FA000302C2075696E74385F7420722C207569AE
:109FB0006E7431365F7420636F6C6F72290000001D
:109FC000766F6964206C63645F647261775F706F41
:109FD000696E742875696E7431365F7420782C2030
:109FE00075696E7431365F7420792C2075696E74D2
:109FF00031365F7420636F6C6F722900766F69640D
:10A00000206C63645F66696C6C2875696E743136A8
:10A010005F742073782C2075696E7431365F7420FC
:10A0200073792C2075696E7431365F742065782CD5
:10A030002075696E7431365F742065792C207569DE
:10A040006E7431365F7420636F6C6F72290000008C
:10A05000766F6964206C63645F636C6561722875F8
:10A06000696E7431365F7420636F6C6F7229000003
:10A07000766F69642064656C61795F6D73287569BA
:10A080006E7431365F74206E6D732900766F69646B
:10A090002064656C61795F75732875696E743332FD
:10A0A0005F74206E7573290075696E7431365F7444
:10A0B000206C63645F726561645F706F696E7428A1
:10A0C00075696E7431365F7420782C2075696E74F2
:10A0D00031365F7420792900F8A0030800000020C1
:10A0E0002C040000E4040008F4A103082C04002060
:10A0F000D4C40100C84600081122F823FFFF6317EB
:10A10000EF13A1A614085DA71408401432203210E2
:10A11000166840A401201AF00C04130C0F68C20149
:10A120000011FF53544D3332205344494F205445BE
:10A1300053542101F123FFFF221FC012F81FF8E042
:10A1400007FF07E0FF07FC308418C640BC320182DD
:10A15000101324F41EB49C0308C8041AD0041ABCBB
:10A16000041AD8041AB8041AC00413F3AC1008086F
:10A17000289D030895C01B08F810138D4F1F087009
:10A18000A0030899081A8C081355661B0850081379
:10A190006D91100808FC9F030835681B08CC30132C
:10A1A00071671B0874101AE7101A701013A9981C15
:10A1B00008989E1812991B0824081A1B081AFC08F4
:10A1C0001AD1201AC02813A5941B08A8481A855034
:10A1D0001A4C3013159B1B08DC7013A0021420814D
:10A1E000B714082DB11B08C1041AB90C19BC29C336
:04A1F00001F1000079
:040000050800018965
:00000001FF
