:020000040800F2
:10000000203401205D020008B31D00085D1B0008BC
:10001000B11D00086B040008652000080000000006
:100020000000000000000000000000009D0100082A
:100030006D04000800000000F9010008C11D00085F
:1000400077020008770200087702000877020008AC
:10005000770200087702000877020008770200089C
:10006000770200087702000877020008770200088C
:10007000770200087702000877020008770200087C
:10008000770200087702000877020008770200086C
:10009000770200087702000877020008770200085C
:1000A00077020008851E0008770200087702000822
:1000B000770200087702000877020008770200083C
:1000C000770200087702000877020008770200082C
:1000D000770200087702000877020008770200081C
:1000E000770200087702000877020008770200080C
:1000F00077020008770200087702000877020008FC
:1001000077020008770200087702000877020008EB
:1001100077020008770200087702000877020008DB
:1001200077020008770200087702000877020008CB
:1001300077020008C104000877020008770200086F
:1001400077020008770200087702000877020008AB
:10015000770200087702000877020008770200089B
:10016000770200087702000877020008770200088B
:1001700077020008770200087702000800000000FC
:100180007702000877020008DFF80CD000F030F9A1
:1001900000480047BB470008203401202C4B196859
:1001A0000868B0E8F04F80F30988BFF36F8F4FF015
:1001B000000080F3118870470000000008480068C4
:1001C000006880F308884FF0000080F3148862B65E
:1001D00061B6BFF34F8FBFF36F8F00DF00BF00BF6B
:1001E00008ED00E0DFF80C00016841F470010160E7
:1001F000704700BF88ED00E0EFF30980BFF36F8F19
:10020000134B1A681EF0100F08BF20ED108A20E96A
:10021000F04F106009B44FF0500080F31188BFF325
:100220004F8FBFF36F8F0CF083FB4FF0000080F314
:10023000118809BC19680868B0E8F04F1EF0100F6B
:1002400008BFB0EC108A80F30988BFF36F8F704746
:100250003C000020EFF3058070470000064880470F
:1002600006480047FEE7FEE7FEE7FEE7FEE7FEE79B
:10027000FEE7FEE7FEE7FEE7751E000889010008BD
:100280002DE9F05F0546002092469B4688460646CB
:10029000814640241BE0284641464746224600F05E
:1002A00097F853465A46C01A914110D31146184642
:1002B000224600F07EF82D1A67EB01084F462246D1
:1002C0000120002100F075F817EB00094E41201EB7
:1002D000A4F10104DFDC484631462A464346BDE826
:1002E000F09F00000649074A0868504343F239026C
:1002F00010440860400870470149086070470000DA
:10030000700100206D4EC64110B5431A934209D2C8
:100310008318881803E010F8011D03F8011D521E10
:10032000F9D210BD40EA01039B0703D009E008C9D8
:10033000121F08C0042AFAD203E011F8013B00F8AA
:10034000013B521EF9D210BDD2B201E000F8012BE0
:10035000491EFBD270470022F6E710B513460A4645
:1003600004461946FFF7F0FF204610BD30B504469D
:100370000020034600E05B1C934203D2E05CCD5CAE
:10038000401BF8D030BD30B50B460146002020227E
:10039000012409E021FA02F59D4205D303FA02F592
:1003A000491B04FA02F52844151EA2F10102F1DCF2
:1003B00030BD202A04DB203A00FA02F10020704709
:1003C0009140C2F1200320FA03F319439040704793
:1003D000202A04DB203A21FA02F00021704721FA9A
:1003E00002F3D040C2F12002914008431946704701
:1003F000064C074D06E0E06840F0010394E8070072
:1004000098471034AC42F6D3FFF7C2FE6CD900080F
:100410008CD9000870B58C1810F8015B15F0070333
:1004200001D110F8013B2A1106D110F8012B03E08D
:1004300010F8016B01F8016B5B1EF9D12B0705D495
:100440000023521E0DD401F8013BFAE710F8013BDE
:10045000CB1A921C03E013F8015B01F8015B521EFA
:10046000F9D5A142D8D3002070BDFEE77047000047
:10047000064908B509684FF4FA52B1FBF2F141435D
:10048000009100BF491E0091FBD208BD380000203A
:1004900038B50446006800F58050816941F4801148
:1004A0008161206800F58050806900900120FFF78D
:1004B000DFFF2068009900F58050816138BD0000A1
:1004C000014800F0FCB90000A03400202DE9F04103
:1004D000044621B14FF40060E060C000A060E06914
:1004E0000025002861D028462368402619683A4A2A
:1004F0001140D4E902273A43024342F40070084312
:10050000186020680768012000F074F82068076010
:100510002068466020684668012000F06BF820687B
:100520004660206885602068C560216888694FF64C
:100530004172104040F08000886120688669012087
:1005400000F058F8206886612068C5612068C56998
:10055000012000F04FF82068C561226802F5805242
:1005600090691E4908401E4901439161206800F5C9
:1005700080508569012000F03DF8206800F580502A
:1005800085612068174900F580500160206800F5FA
:1005900080500568012000F02DF8206800F580509B
:1005A0000560A069012803D009E04FF480609BE753
:1005B000206800F58050C1690B4A1143C161606930
:1005C0000A4982880A640278D0F8010042EA0020D1
:1005D0004864BDE8F08100000F8120FF233FDEF872
:1005E000040020028020C10240000100008002407F
:1005F0007047000070B5044600F094FD0546601C8D
:1006000002D004480078044400F08CFD401BA04256
:10061000FAD370BD2C0000202DE9F041054690F87A
:1006200045000C46012875D0012685F8456002205A
:1006300085F84400002C70D02A68116841480140B8
:10064000D4E900031843D4E902373B431843AB68AD
:1006500018432369184363691843EB681843A36977
:100660001843E3691843236A1843636A1843A36A6B
:10067000184308431060286807680120FFF7BAFF95
:1006800028680760D4E90B010843D4E90D1211432F
:100690000843E16B0843216C0843616C0843A16C7B
:1006A000084329684860286847680120FFF7A2FFCF
:1006B000286847602968E06C88602968206DC860F8
:1006C0002A6891694FF641700140D4E91603184336
:1006D000B4F85470236E43EA07431843636E18431B
:1006E000A36E184308439061286887690120FFF7CB
:1006F00081FF28688761D4E91B0108432968C86124
:100700002868C4690120FFF775FF2868C46114E0F8
:1007100000E002E00220BDE8F0812968086820F4CA
:100720009042D5E902031843104308602868046822
:100730000120FFF75FFF2868046005F8446F002080
:100740006870E8E70F8120FF2DE9F04390F84540FD
:100750000025012C0DD04FF0010C80F845C002247B
:1007600080F8444044F2F4574FF000495E1E816225
:1007700017E00220BDE8F08301EB4514C4F80090B7
:10078000C5EBC51808EB480802EB8808C4E90178F6
:10079000B54204D204F12008C4F80C8000E0E16006
:1007A0006D1C9D42E8D3026802F58052D16080F84A
:1007B00044C0002180F845100846DBE72DE9F043EE
:1007C000914690F845200024012A0AD0012680F89D
:1007D0004560022280F844204FF4801C5D1EC162F7
:1007E0001BE00220BDE8F08301EB4412C2F800C018
:1007F000C4EBC41707EB470809EB88079760C76984
:100800001FB9176847F440071760AC4203D202F1E2
:100810002007D76000E0D160641C9C42E4D30268EA
:1008200002F58052116180F84460002180F8451083
:100830000846D7E7704730B590F8451000230129E6
:1008400008D0012280F84520022180F844100024BD
:10085000816A1AE0022030BD0D685B1CC5F30125DA
:10086000022D0AD00D6815F4407F09D04163836BD7
:100870005B1C8363012B12D012E08263016302E0F0
:10088000856B6D1C8563C96881620D68002D01DB75
:10089000042BE1D300F8442F4470012030BD0163E4
:1008A0000B68C3F30D431B1FC363036B9B68036497
:1008B000C96840F8281F02774477002030BD70B522
:1008C0000446006800F5805041694FF00005490674
:1008D0004FF0010608D5204600F0DCF920684021E1
:1008E00000F58050416109E04069C0070AD0204608
:1008F00000F0DEFA206800F58050466184F844601C
:1009000084F8455020684FF4803100F580504161F3
:10091000206800F58050406900040CD52046FFF7A0
:1009200089FF20684FF4004100F58050416184F850
:10093000446084F8455070BD2DE9FC474FF0000637
:100940000400B146009603D094F8440018B107E0C3
:100950000120BDE8FC8784F84560204600F0E4F8FB
:100960006748016841F480410160006800F48040FC
:1009700001906448016821F4000101600168226A65
:1009800011430160206800F58050016841F00101C9
:10099000016000F0C7FB05464FF4FA7709E000BF9D
:1009A00000F0C0FB401BB84203D9032004F8440FF9
:1009B00067E0206800F580500068C007F0D120682B
:1009C000006920F01C0500F025FD4F494F4A014405
:1009D000914202D245F0080516E04D494D4A0144C6
:1009E000914202D245F00C050EE04B494B4A0144BE
:1009F000914209D34A4908444A49884202D245F003
:100A0000040501E045F01005206805614FF400423F
:100A10000021204600F04EFA0125A8BBFF20FFF779
:100A2000E9FD606888B300F07DFB804641F28837BD
:100A30006A460121204600F0EBF800F073FBA0EBC2
:100A40000800B84217D800984007F1D54FF48052FB
:100A50000021204600F02EFAB0B900F063FB80467A
:100A60006A460121204600F0D3F800F05BFBA0EBC2
:100A70000800B8420AD901212046FFF727FD04F8F3
:100A8000445F0320667064E726E01AE00098800661
:100A9000E6D56A461121204600F0BAF8E0B9009880
:100AA000810403D54FF40061E16000E0E66044F2A8
:100AB0001001814303D04FF48040A06017E0A6608E
:100AC00015E0E068A168C00840EA510082B2002148
:100AD000204600F0EFF930B101212046FFF7F6FC87
:100AE00084F8445034E740F6FF70FFF783FD494631
:100AF0002046FFF7EBFC84F84450002029E7000073
:100B0000443802400438014000D3CEFEC0E1E40086
:100B100040F1E9FD40787D0100796CFC005A6202E9
:100B2000001F0AFA80F0FA02F0B587B004461421DB
:100B30006846FFF710FC3149206888425BD1304895
:100B40000024016841F000710160016801F000714A
:100B50000591016841F080610160016801F08061E8
:100B60000591016841F000610160016801F00061D8
:100B70000591016841F004010160016801F0040180
:100B80000591016841F001010160016801F0010176
:100B90000591016841F0400101600068022500F004
:100BA000400005903220CDE9000502AA03260B275C
:100BB00082E8D0006946134800F0B8F98620CDE9F4
:100BC000000502AA694682E8D0000F4800F0AEF99D
:100BD0004FF4D040CDE9000502AA694682E8D00072
:100BE0000A4800F0A3F9002205213D2000F026FB71
:100BF0003D2000F015FB07B0F0BD00000080024072
:100C00003038024000080240000002400018024054
:100C10002DE9F047044690F84400914682281DD003
:100C2000822084F84400226810694FF6FF7500F0B6
:100C30001C03208A05EAC02018434FF4F86303EA36
:100C40008111014321F0020040F00105156100F01F
:100C500069FA064601274FF4803810E00220BDE80B
:100C6000F08700BF00F05EFA801B404505D304F812
:100C7000447F002060700320F1E720680569E807E1
:100C8000F0D12068406981B2C9F8001084F844703E
:100C90000020E4E70148006804F074BE280000204A
:100CA000F8B5044690F84500012839D0012584F8AC
:100CB0004550022084F8440020680026016841F075
:100CC000080101602068006800902846FFF7D0FB0B
:100CD0002168009808602068016841F00401016003
:100CE0002068006800900120FFF7C2FB216800988F
:100CF00008602046FFF7CCFB206800F58050816932
:100D000041F400518161206800F58050816941F013
:100D10000201816184F8445084F845600020F8BDE8
:100D20000220F8BDF8B5044690F84500012839D0F6
:100D3000012584F84550022084F84400206800F51D
:100D40008050816921F400518161206800F5805054
:100D5000816921F00201816120680026016821F08B
:100D6000040101602068006800900120FFF780FB0B
:100D70002168009808602046FFF78AFB2068016818
:100D800021F0080101602068006800900120FFF751
:100D90006FFB21680098086084F8445084F845602F
:100DA0000020F8BD0220F8BDF0B590F845200023E2
:100DB000012A11D0012780F84570022280F84420D2
:100DC000002459B1C66A3268002A0ADA122100F8F2
:100DD000441F44700120F0BD0220F0BD00F8447FA4
:100DE000F7E740F2F455A9420BD9B1FBF5FCB1FB92
:100DF000F5F205FB1C1CBCF1000F00D0521C012AAF
:100E000043D1326842F040523260C26AC1F30C01F1
:100E10005160C16A0A6842F000420A60C16AC9684A
:100E2000C16234E0D6F800C02CF0405CC6F800C0C7
:100E300033B9C66AD6F800C04CF0805CC6F800C072
:100E4000C66A7560561EB34214D1C66AD6F800C091
:100E50004CF0005CC6F800C0C2F10106C6EBC61635
:100E600006EB4606D0F82CC001EB8606C6F30C064E
:100E7000CCF80460C66AD6F800C04CF0004CC6F846
:100E800000C0C66A5B1CF668C6629342CAD301689A
:100E900001F580514A69520705D504224A6101686B
:100EA00001F580514C6000F8447F44700020F0BD93
:100EB000704700002DE9F041044690F844004228B4
:100EC0001ED0422084F84400236818694FF6FF764C
:100ED00000F01C05208A06EAC02028434FF4F8657C
:100EE00005EA8111014390B241F003055861206881
:100EF000056100F017F9064601274FF4803810E02D
:100F00000220BDE8F08100BF00F00CF9801B4045D5
:100F100005D304F8447F002060700320F1E72068C7
:100F20000569E807F0D184F84470EAE72DE9F84F45
:100F3000DFF8B8A1002201250AF1040B03264FF0C7
:100F40000F090BF1040E00BF0B6805FA02F42340F1
:100F5000A3426FD10F7907F00307012F01D0022FB1
:100F600016D187684FEA420806FA08FC27EA0C0700
:100F7000D1F80CC00CFA08FC4CEA070CC0F808C009
:100F80004768A7430C79C4F3001494403C43446081
:100F90000C79E443A4070AD0C4684FEA420C06FA6D
:100FA0000CF7BC438F6807FA0CF72743C7600C792E
:100FB00004F00304022C12D1D40800EB840CDCF8FA
:100FC00020405707FF0E09FA07F824EA0804D1F871
:100FD000108008FA07F848EA0408CCF82080046872
:100FE0004FEA420C06FA0CF7BC430F7907F00307EF
:100FF00007FA0CF7274307604C68E40070D53C4CB7
:10100000276847F480472760246822F0030704F428
:1010100080440094374C07EB040CDCF80848970731
:101020004FEA177809FA08F7BC43334FB84202D1A8
:10103000002724E054E0314FB84201D101271EE0DF
:101040002F4FB84201D1022719E02E4FB84201D1EB
:10105000032714E02C4FB84201D104270FE02B4F97
:10106000B84201D105270AE0294FB84201D106272D
:1010700005E0284FB84201D1072700E0082707FA0A
:1010800008F72743CCF80878DAF800405746D1F83B
:1010900004C09C435FEACC3C00D51C433C60DBF8B9
:1010A00000405F46D1F804C09C435FEA8C3C00D509
:1010B0001C433C60DEF800407746D1F804C09C43F6
:1010C0005FEACC2C00D51C433C60084F0C373C68D1
:1010D000D1F804C09C435FEA8C2C00D51C433C60D3
:1010E000521C102AFFF430AFBDE8F88F003C0140DD
:1010F0004438024000300140000002400004024039
:1011000000080240000C024000100240001402409F
:1011100000180240001C02400AB1816170470904B6
:10112000FBE7000001488068704700002C000020A9
:101130000248816802781144816070472C000020C9
:101140000B4810B5016841F400710160016841F479
:1011500080610160016841F480710160032000F04A
:101160008DF8002000F006F800F03EF8002010BDD9
:10117000003C024010B5014688B00022192000F062
:101180005DF8192000F04CF813480024016841F084
:1011900001010160006805A900F0010006906846A1
:1011A00000F018F900F04CF90C494000B0FBF1F1E7
:1011B0000C480B4A491E026040F2E732C0E90324A2
:1011C000C0E9011400F034FB10B1012008B010BDDB
:1011D000044800F05BFBF9E74438024040420F004E
:1011E000000001402C3500200C4882B0016841F419
:1011F00080410160006800F4804000900748001FB3
:10120000016841F0805101600068002200F08050C8
:1012100000900F21901E02B000F010B84438024038
:10122000002809DB00F01F020121914040098000E5
:1012300000F1E020C0F8001170470000F0B40E4B40
:101240001B680C46C3F30223C3F10705042D00D924
:101250000425191D072901D2002300E0DB1E012609
:1012600006FA05F1491E214099409E40761E16401F
:101270003143F0BC00F008BF0CED00E0064900F07F
:10128000070208684FF6FF03184040EA0220034AAD
:1012900010430860704700000CED00E00000FA0504
:1012A0002DE9F0470E46050065D0DFF81481D8F827
:1012B0000000F7B200F00700B04207D288F80070D3
:1012C000D8F8000000F00700B04254D128683D4C27
:1012D000810712D5400703D5206840F4E050206014
:1012E0002878000703D5206840F46040206020681B
:1012F000A96820F0F000084320602878C0072DD0AE
:10130000304968680839012812D0022813D0032810
:1013100011D00968890700292DDA216821F003011D
:1013200001432160FFF7FEFE814641F2883A0EE05C
:1013300009688903EFE709688901ECE7FFF7F2FE26
:10134000A0EB0901514502D90320BDE8F0872068D0
:10135000696800F00C00B0EB810FEFD1D8F80010F5
:10136000404601F00701B14207D90770006800F05C
:101370000700B04201D00120E7E72878400705D5F3
:101380002068E96820F4E0500843206028780007CE
:1013900006D52068296920F4604040EAC100206039
:1013A00000F05EF82168084AC1F30311515CC8409F
:1013B0000649086006480068FFF7DCFE0020C4E725
:1013C000003C024008380240C0D600083800002027
:1013D000300000200F2202600C4A136803F0030360
:1013E0004360136803F0F0038360136803F4E05371
:1013F000C36012684FF4E05303EAD202026104486A
:10140000006800F0070008607047000008380240DC
:10141000003C02400148006870470000380000208E
:101420000448054900680968044AC1F38221515CF7
:10143000C84070473800002008380240D0D6000865
:101440000448054900680968044AC1F34231515C07
:10145000C84070473800002008380240D0D6000845
:10146000154810B5006810F00C02144813D0411054
:10147000042A0FD0082A0ED10F4C241F226823689B
:1014800002F03F025B0207D52068C0F38810A0FB82
:10149000010106E0084610BD2168C1F38811A1FBD7
:1014A00000010023FEF7ECFE2168C1F30141491C55
:1014B0004900B0FBF1F010BD083802400024F400F0
:1014C0002DE9F84F04006ED02078DFF84C93C00768
:1014D000A9F104054AD009F104000168C1F38101B2
:1014E000012908D00068C0F3810002280AD1D9F888
:1014F0000000400206D52868800337D560680028C0
:10150000E1D033E06068B0F5803F10D0B0F5A02F97
:10151000286810D020F480302860286820F48020CB
:1015200028606068A8B1FFF7FDFD06460DE0286859
:1015300040F48030F4E740F480202860F7E700BFF3
:10154000FFF7F0FD801B642873D828688003F7D567
:101550000CE0FFF7E7FD064605E000BFFFF7E2FD00
:10156000801B6428F0D828688003F7D42078DFF83F
:10157000AC8280074FF0000A3ED5A748001D0168E5
:1015800011F00C0F08D00068C0F3810002280BD1C5
:10159000D9F80000400207D42868800716D5E06813
:1015A000012800D112E033E1E068B8B10120C8F8A9
:1015B0000000FFF7B7FD064605E000BFFFF7B2FDEC
:1015C000801B0228C0D828688007F7D528682169C1
:1015D00020F0F80040EAC10028600DE0C8F800A043
:1015E000FFF7A0FD064604E0FFF79CFD801B0228E4
:1015F0001FD828688007F7D42078000722D5864FA7
:1016000087486169703771B101210160FFF78AFD78
:10161000064604E0FFF786FD801B022809D83868DB
:101620008007F7D50EE0C0F800A0FFF77BFD064667
:1016300005E082E0FFF776FD801B02287DD8386840
:101640008007F7D42078400768D5DFF8CCB10027B1
:101650000BF13C0BDBF80000C0000BD4DBF80010F2
:1016600041F08051CBF80010DBF80000012700F0BA
:10167000805000906B4E3068C00510D4306840F444
:1016800080703060FFF74EFD009005E0FFF74AFDE7
:101690000099401A022850D83068C005F6D55E4E31
:1016A000A0686C3601280FD00528306810D020F0D3
:1016B00001003060306820F004003060A068B8B1EC
:1016C000FFF730FD00900FE0306840F00100F4E7D4
:1016D00040F004003060F7E7FFF724FD0099411A5D
:1016E00041F28830814266D830688007F4D50EE038
:1016F000FFF718FD009007E0FFF714FD0099411A6D
:1017000041F28830814256D830688007F4D42FB136
:10171000DBF8001021F08051CBF80010A069C8B3AD
:101720003D49091D0968C1F3810102294AD00228F7
:10173000504607D0C8F8600000E03CE0FFF7F2FC3C
:1017400004463BE04746C8F86000FFF7EBFC06465E
:1017500005E000BFFFF7E6FC801B02282BD82868B5
:101760008001F7D4D4E907010843A16A2E4A490849
:1017700002EB0141626A41EA8211084394F82C109D
:1017800040EA0161C9F8001001203866FFF7CAFC81
:10179000044606E03EE000BFFFF7C4FC001B022841
:1017A00009D828688001F7D534E000BFFFF7BAFCFC
:1017B000001B022802D90320BDE8F88F28688001A9
:1017C000F4D427E00128F7D0D9F80000E26900F44A
:1017D000800191421CD1226A00F03F01914217D151
:1017E00047F6C071626A0140B1EB821F10D1A26A54
:1017F0004FF0FF3300F4403103EB5202B1EB024FE4
:1018000006D194F82C1000F07060B0EB016F01D09D
:101810000120D1E70020CFE7043802400000474212
:10182000800E4742007000400000FFFF7047704785
:1018300010B5040003D094F83D0010B107E001207A
:1018400010BD002084F83C00204600F01EF8022065
:1018500084F83D00211D206800F01AFB012084F867
:10186000460084F83E0084F83F0084F8400084F885
:10187000410084F8420084F8430084F8440084F86E
:10188000450084F83D00002010BD704790F83D10E1
:10189000012901D001207047022180F83D10016824
:1018A000CA6842F00102CA6000681149884214D037
:1018B000B0F1804F11D00F4988420ED00E498842B6
:1018C0000BD00E49884208D00D49884205D00D49F9
:1018D000884202D00C49884204D1816801F0070196
:1018E000062903D0016841F0010101600020704722
:1018F000000001400004004000080040000C0040CF
:10190000000401400040014000180040704770B5DD
:101910000446006801694FF00005C943890715D4E2
:10192000C168C943890711D4E91E016101202077EC
:10193000206880698007204602D0FFF7E7FF04E0B7
:1019400000F098F8204600F096F8257720680169A5
:10195000C943490717D4C168C943490713D46FF075
:1019600004010161022020772068806910F4407F23
:10197000204602D0FFF7CAFF04E000F07BF82046C3
:1019800000F079F8257720680169C943090716D462
:10199000C168C943090712D46FF00801016104202E
:1019A00020772068C0698007204602D0FFF7AEFF8D
:1019B00004E000F05FF8204600F05DF8257720682D
:1019C0000169C943C90617D4C168C943C90613D4FC
:1019D0006FF010010161082020772068C06910F4C1
:1019E000407F204602D0FFF791FF04E000F042F86C
:1019F000204600F040F8257720680169C943C907EF
:101A000008D1C168C943C90704D1891E01612046B4
:101A100000F032F820680169C943090609D4C16899
:101A2000C943090605D46FF0800101612046FFF724
:101A3000FDFE20680169C943490609D4C168C9434C
:101A4000490605D46FF040010161204600F01EF800
:101A500020680169C94389060BD4C168C943890656
:101A600007D46FF0200101612046BDE87040FFF708
:101A7000DEBE70BD7047704700680349884201D1DF
:101A8000FFF756BB7047000000000140704770B57B
:101A9000040004D094F83D00002510B106E00120B8
:101AA00070BD84F83C50204600F022F8242084F8D1
:101AB0003D002068C16821F40051C160204600F05B
:101AC0004BFA2068016921F4904101612068416965
:101AD00021F02A0141612068C16841F40051C160D0
:101AE0002564202084F83D0084F83E00002070BD6D
:101AF00010B586B0044614216846FEF72CFC144944
:101B00002068884221D11348016841F0100101602A
:101B1000006800F0100005900E481438016841F08C
:101B2000010101600068694600F0010005904FF472
:101B3000C0600090022001900120029003200390D9
:101B4000072004900448FFF7F1F906B010BD00002B
:101B5000001001404438024000000240FEE700004F
:101B600000B587B01C2206496846FEF7CDFB002170
:101B7000684603F061FF0349086007B000BD00003C
:101B80006CD6000800000020F0B587B0142168462C
:101B9000FEF7E1FB2A480025016841F020010160C1
:101BA000016801F020010591016841F080010160A8
:101BB000016801F080010591016841F004010160B4
:101BC000016801F004010591016841F00101016023
:101BD000016801F001010591016841F0080101600F
:101BE000016801F008010591016841F040010160C0
:101BF0000068144E00F040004FF4C06405900122CC
:101C000021463046FFF788FA0F4F01220821384657
:101C1000FFF782FA009401240220CDE902406946D0
:101C200001943046FFF782F908208DE83100032047
:101C3000039069463846FFF779F907B0F0BD000018
:101C40003038024000140240000C0240F0B5444C11
:101C50008DB00A20207060700121A1701622E27000
:101C6000251DFF222A706A70AA7000272E1DEF70B2
:101C700030707070B170F170394638460AF09AF8D9
:101C80002068E17803BA0A0603F47F4342EA03229C
:101C900003BA00BA03F47F03084342EA1322A4F113
:101CA0000C0142EA106008602868E97803BA0A0665
:101CB00003F47F4342EA032203BA00BA03F47F032A
:101CC000084342EA1322A4F1080142EA10600860C6
:101CD0003068F17803BA0A0603F47F4342EA03222C
:101CE00003BA03F47F0300BA42EA1322084342EA2C
:101CF0001060211F231F08601A481B490097CDE977
:101D000001101A1F111F194803F098F9174803F022
:101D1000AFFB164C94F82D004007204602D503F087
:101D2000BBFC01E003F0AAFB1149104803F0FAFBE9
:101D30000A9701210AA80B9703F004FE08491C2208
:101D4000103908601C31C1E900400A4903A8FEF7B8
:101D5000DBFA034903A80C3103F06EFE0DB0F0BDB1
:101D60001400002085BF0008F5300008CC030020D7
:101D7000F931000888D600080C4810B50A490160FE
:101D80004FF4E1314160002181600C22C160C0E963
:101D900004128161C161FFF77AFE002803D0BDE81B
:101DA0001040FEF725BC10BD00100140E8340020B3
:101DB000FEE77047FFF74AFF012003F0BDFCFBE799
:101DC00010B5502080F31188BFF34F8FBFF36F8F92
:101DD0000BF0B8FA18B104494FF0805008600020A9
:101DE00080F3118810BD000004ED00E030B593B021
:101DF00030216846FEF7AFFA14210CA8FEF7ABFAC3
:101E00001A480025016841F080510160006800F027
:101E1000805011901648016841F4804101600068CB
:101E2000022400F4804011900120009000040190F1
:101E30008001CDE90640082008904FF4A870CDE954
:101E4000090404200B906846FFF73AFB0CA90F2009
:101E500081E831004FF4A0500F90E002109005216E
:101E60000CA8FFF71DFA13B030BD00004038024047
:101E7000007000400248016841F470010160704741
:101E800088ED00E00148FFF742BD00002C3500203E
:101E9000F0B50268254C264D264E274F274B4FF0B4
:101EA000804CA04209D0604507D0A84205D0B0427E
:101EB00003D0B84201D0984204D122F0700E4A6893
:101EC00042EA0E02A0421BD0604519D0A84217D0AA
:101ED000B04215D0B84213D0984211D0184DA84244
:101EE0000ED0184DA8420BD0174DA84208D0174D60
:101EF000A84205D0164DA84202D0164DA84203D1E3
:101F000022F44075CA682A434D6922F080022A43B0
:101F100002608A68C2620A688262A04201D0984266
:101F200001D10969016301214161F0BD0000014057
:101F30000004004000080040000C00400004014084
:101F400000400140004401400048014000180040AA
:101F5000001C00400020004070B504460068016984
:101F6000E26821F44051114301612169A068E269EE
:101F700008436169114308432168CA6849F20C6348
:101F80009A430243CA6020684169A26921F4407102
:101F90001143416131492068884202D0304988426A
:101FA00002D1FFF74DFA01E0FFF73AFAE2690023A8
:101FB000192164253226B2F5004F626828D0A0FBB3
:101FC0000101930F9200FEF75BF90146B0FBF5F0BB
:101FD0006FF01802504301EB800006EB0010B0FBDD
:101FE000F5F000F0F002B1FBF5F002EB0012B1FBEE
:101FF000F5F06FF01803584301EB800006EB00107A
:10200000B0FBF5F000F00F0021681044886070BD4F
:10201000A0FB010192185B41FEF732F90146B0FBCB
:10202000F5F00201B1FBF5F06FF01803584301EB36
:10203000800006EBC000B0FBF5F000F0F80002EB0A
:102040004002B1FBF5F0584301EB800006EBC00005
:10205000B0FBF5F000F00700D6E7000000100140EB
:1020600000140140FEE700000FB4054B10B503A9B2
:10207000044A029800F028F810BC5DF814FB000038
:10208000AD320008740100200907090E002804DBA6
:1020900000F1E02080F80014704700F00F0000F11C
:1020A000E02080F8141D704702E008C8121F08C124
:1020B000002AFAD170477047002001E001C1121FC9
:1020C000002AFBD1704700002DE9FF4F8BB09A46E4
:1020D0000F460546002606E025280BD052460D99EE
:1020E00090476D1C761C28780028F5D10FB030463B
:1020F000BDE8F08F0024A0460122604900E00443BF
:1021000015F8013F203B02FA03F00842F7D1287886
:102110002E2817D115F8010F44F004042A280ED0F8
:102120006FF02F022878A0F1300109290AD808EBB6
:10213000880102EB410100EB01086D1CF2E757F842
:10214000048B6D1C287869283ED006DC0028CDD091
:1021500063280BD0642804D136E0732810D075288A
:102160004BD052460D999047761C85E017F8040B2A
:102170008DF8000000208DF80100E946012003E001
:1021800057F8049B4FF0FF3061074FF0000401D473
:102190000AE0641C44450DDA8442FADB19F80410A5
:1021A0000029F6D106E0641C8442FCDB19F8041017
:1021B0000029F8D1264404E019F8010B52460D9984
:1021C0009047641EF8D257E001CF4FF00A0B002869
:1021D00002DA40422D2102E0210504D52B218DF8A1
:1021E0002410012103E0E10705D02021F7E70DF1DC
:1021F000200908910CE00021F9E701CF4FF00A0B0C
:10220000F9E75946FEF7BFF801F1300209F8012D50
:102210000028F6D1ADEB090000F1200B600701D4D6
:102220004FF00108D84502DDA8EB0B0000E00020CC
:102230008046002406E009A85246005D0D999047AB
:10224000641C761C08988442F5DB04E0302052467A
:102250000D999047761CB8F10001A8F10108F5DC52
:1022600005E019F8010B52460D999047761CBBF119
:102270000001ABF1010BF4DC6D1C34E7092801000F
:1022800070B505460C46880706D009A34FF4B67210
:1022900013A11BA0FFF7E8FE04F070FEA96809680F
:1022A0002160A9680C60BDE8704004F073BE0000B6
:1022B0002E2E2F4D6964646C6577617265732F549F
:1022C000686972645F50617274792F4C7749502F3E
:1022D0007372632F636F72652F6D656D702E63006F
:1022E0006D656D705F667265653A206D656D207015
:1022F000726F7065726C7920616C69676E656400DD
:10230000417373657274696F6E2022257322206693
:1023100061696C6564206174206C696E6520256458
:1023200020696E2025730A0070B5044604F026FE6D
:102330000546A0680468002C0FD021680160A00742
:1023400006D008A34FF48C7212A11BA0FFF78CFEDD
:10235000284604F01FFE204670BD284604F01AFEF1
:10236000002070BD2E2E2F4D6964646C65776172FC
:1023700065732F54686972645F50617274792F4C71
:102380007749502F7372632F636F72652F6D656D80
:10239000702E63006D656D705F6D616C6C6F633A7C
:1023A000206D656D702070726F7065726C79206140
:1023B0006C69676E65640000417373657274696F60
:1023C0006E2022257322206661696C656420617429
:1023D000206C696E6520256420696E2025730A00D3
:1023E00070B5094D0646002404EB440005EBC0001F
:1023F000017D29B18068B04202D1204600F036F953
:10240000641C0A2CF0DB70BD2C2F01202DE9F74F46
:1024100084B04FF00A0B00240646DA465F46D946E0
:1024200002940194CDF80040514904EB440001EBC3
:10243000C008039098F814500A2F1DD0002D2AD000
:10244000012D08D0022D06D24AA340F2231257A133
:1024500066A0FFF709FE9EB13168D8F804008142FA
:102460000ED1069820B1D8F808100698814207D1FD
:10247000204607B0BDE8F08F002DE1D127460AE0E5
:10248000012D16D0022D06D3B8F81200009988420B
:1024900001D3A2460090641C24B20A2CC4DB059828
:1024A00081074FF0FF30E4D40A2F16D018DA3C46EB
:1024B0003EE02F49039851F830000028B8F8120088
:1024C00005D002998842E6D3A1460290E3E701993C
:1024D0008842E0D3A3460190DDE70599C907C8D03B
:1024E0005146BAF10A0F0EDA0C46214801EB4401BD
:1024F00050F8310080B11FA340F26D1245A13BA0FE
:10250000FFF7B2FD08E05946BBF10A0F03DB49466D
:10251000B9F10A0FADDA0C460A2C06DB15A340F21E
:102520007F1242A131A0FFF79FFD204600F09EF8E8
:102530000A2C06DB0FA340F283123CA12BA0FFF76D
:1025400093FD0B4804EB440100EBC105287D30B13D
:1025500008A34FF4C2723AA124A0FFF785FD0EB183
:1025600030686860002068820698A86080E70000F4
:102570002C2F01202E2E2F4D6964646C65776172BB
:1025800065732F54686972645F50617274792F4C5F
:102590007749502F7372632F636F72652F6970765E
:1025A000342F6574686172702E63000073746174F7
:1025B00065203D3D204554484152505F535441549D
:1025C000455F50454E44494E47207C7C20737461E2
:1025D0007465203E3D204554484152505F5354415C
:1025E00054455F535441424C4500000041737365AC
:1025F0007274696F6E2022257322206661696C6592
:1026000064206174206C696E6520256420696E20E9
:1026100025730A006172705F7461626C655B695D4D
:102620002E71203D3D204E554C4C000069203C2031
:102630004152505F5441424C455F53495A45000056
:102640006172705F7461626C655B695D2E73746149
:102650007465203D3D204554484152505F535441DC
:1026600054455F454D5054590000000070B5074C6B
:1026700000EB4005002654F8350018B103F078FE51
:1026800044F8356004EBC500067570BD2C2F0120A1
:102690002DE9F04385B00D00074609D07C684FF462
:1026A00080782088404539D12079062836D109E044
:1026B0001CA340F28A2229A12CA0FFF7D5FC05B06B
:1026C000BDE8F0836079042828D16088082825D1E6
:1026D000D4F80E000490A169686820B1814202D14B
:1026E0000126334601E00026022304F10802914648
:1026F00004A9284600F0A2FBE08840450ED16EB147
:10270000022204ABCDE90232291DCDE9001905F101
:10271000260319464A46284600F090FA384603F048
:1027200027FECCE72E2E2F4D6964646C65776172AD
:1027300065732F54686972645F50617274792F4CAD
:102740007749502F7372632F636F72652F697076AC
:10275000342F6574686172702E6300006E65746951
:102760006620213D204E554C4C000000417373659E
:102770007274696F6E2022257322206661696C6510
:1027800064206174206C696E6520256420696E2068
:1027900025730A00FEB515460E46040006D143A374
:1027A00040F21E324FA153A0FFF75EFC36B93FA3A3
:1027B00040F21F3259A14FA0FFF756FC35B93BA399
:1027C0004FF4487258A14BA0FFF74EFC21462868F1
:1027D00000F000FF08B1584B3FE02868C0F3031138
:1027E0000E2925D0A168636800EA01020B409A42D5
:1027F00008D080B2A0F57E41A93903D0E068B0B31B
:1028000004F10C054D4B4E481A7802EB420100EBE7
:10281000C1010F7D022F2ED38F68A7422BD12F68C5
:1028200049688F4227D13146204600F08BF8FEBD23
:1028300001208DF8040000208DF805005E208DF841
:102840000600687801AB00F07F008DF80700A878DB
:102850008DF80800E8788DF809004FF400600090CA
:1028600004F126023146204600F0C8FBFEBDFFE71A
:102870006FF00300FAE7002202EB420100EBC10116
:102880000F7D022F08D38F68A74205D12F684968B2
:102890008F4201D11A70C6E7521CD2B20A2AEBD37A
:1028A00032462946204600F0D5F8DFE72E2E2F4D80
:1028B0006964646C6577617265732F5468697264CA
:1028C0005F50617274792F4C7749502F7372632F68
:1028D000636F72652F697076342F657468617270EA
:1028E0002E6300006E6574696620213D204E554CB4
:1028F0004C000000417373657274696F6E2022256D
:102900007322206661696C6564206174206C696E55
:102910006520256420696E2025730A007120213D01
:10292000204E554C4C000000697061646472202197
:102930003D204E554C4C0000D8D6000860010020C8
:102940002C2F01202DE9F8430646154688461C48E1
:1029500002EB450100EBC104207D022806D219A339
:1029600040F2EE2225A131A0FFF77EFB144A05EBD1
:102970004501207D02EBC1050C35022813D1608A88
:102980000327B0F58E7F04D9211D304600F010FAE0
:1029900007E0B0F5877F06D32A46211D304600F0B8
:1029A0000DFA00B927754FF4006000902B4606F130
:1029B00026024146304600F021FBBDE8F8830000C6
:1029C0002C2F01202E2E2F4D6964646C6577617267
:1029D00065732F54686972645F50617274792F4C0B
:1029E0007749502F7372632F636F72652F6970760A
:1029F000342F6574686172702E6300006172705FBD
:102A00007461626C655B6172705F6964785D2E737E
:102A100074617465203E3D204554484152505F53D7
:102A2000544154455F535441424C450041737365D2
:102A30007274696F6E2022257322206661696C654D
:102A400064206174206C696E6520256420696E20A5
:102A500025730A002DE9FC5F8246263001900E4660
:102A6000086814464FF0FF374FF0000B514600F056
:102A7000B1FD80B93068C0F303110E290BD056B1F7
:102A800048B1524601213046FFF7C0FC050005D58C
:102A900040B2BDE8FC9F6FF00F00FAE77F2D06D330
:102AA00037A340F2C13244A147A0FFF7DDFA05F099
:102AB000FF094F4909EB490801EBC805287D0028AB
:102AC0000ED0012808D0022806D22DA340F2CD3224
:102AD00048A13DA0FFF7C8FABBF1000F06D104E002
:102AE00001202875C5F808A000E034B931465046E9
:102AF00000F05EF90746002CCBD0287D3C4E022822
:102B00000ED346494FF4006005F10C0381F80090A4
:102B1000009021465046019A00F070FA07462DE0D9
:102B200001282BD1254640F2F1376889298988424E
:102B300007D1286828B112A33A4639A122A0FFF78D
:102B400093FA287B400607D522464FF420710E20C9
:102B500003F044FA044605E02D68002DE5D1204637
:102B600003F084FD44B156F8380008B103F000FCCE
:102B700046F83840002701E04FF0FF37384688E735
:102B80002E2E2F4D6964646C6577617265732F54C6
:102B9000686972645F50617274792F4C7749502F65
:102BA0007372632F636F72652F697076342F65744B
:102BB000686172702E63000074797065206F7665AD
:102BC00072666C6F77000000417373657274696F91
:102BD0006E2022257322206661696C656420617411
:102BE000206C696E6520256420696E2025730A00BB
:102BF0002C2F01206172705F7461626C655B695D8E
:102C00002E7374617465203D3D2050454E44494EFD
:102C100047206F7220535441424C45006001002010
:102C20006E6F207061636B65742071756575657377
:102C300020616C6C6F776564210000002DE9FF4F07
:102C400081B09846DDE90FA9DDF838B006004FF0F5
:102C5000000706D12CA340F2574239A13CA0FFF750
:102C600003FA4FF420721C210E2002F073FF0500BE
:102C700046D068891C2806D223A340F262423EA1B6
:102C800033A0FFF7F1F96C68119801F083FDE08043
:102C900096F82C00062806D01BA340F2694243494F
:102CA0002BA0FFF7E1F9D8F80010A160B8F80400F4
:102CB000A081DAF80010C4F81210BAF80400E0821B
:102CC000DBF80000C4F80E00D9F80000A0614FF452
:102CD00080702080082060800620207104206071B0
:102CE00040F60600DDE9022300902946304600F058
:102CF00085F9284603F03CFB384605B0BDE8F08F67
:102D00004FF0FF30F9E700002E2E2F4D6964646C00
:102D10006577617265732F54686972645F50617280
:102D200074792F4C7749502F7372632F636F7265DC
:102D30002F697076342F6574686172702E6300009D
:102D40006E6574696620213D204E554C4C00000094
:102D5000417373657274696F6E2022257322206639
:102D600061696C6564206174206C696E65202564FE
:102D700020696E2025730A00636865636B207468A0
:102D80006174206669727374207062756620636175
:102D90006E20686F6C642073747275637420657440
:102DA000686172705F6864720000000028D90008D2
:102DB000014A00F003B80000D8D600087FB5064DE0
:102DC000031D0124CDE90035CDE902142233194653
:102DD000FFF734FF04B070BDDED6000870B5164DA5
:102DE000002400BF04EB440005EBC002117DF1B1EB
:102DF000508A401C80B25082B0F5967F0AD20129D9
:102E000006D003290AD004290AD001290BD00EE0EC
:102E1000052808D32046FFF729FC08E0042000E03D
:102E20000220107503E0111D9068FFF7C1FF641CBC
:102E30000A2CD7DB70BD00002C2F0120F8B504460A
:102E400090F82C001F4616460D46062806D020A3F3
:102E500040F2A9122CA135A0FFF706F99DB1286810
:102E600088B1214600F0B6FB68B92878C0F303109A
:102E70000E2808D0224639462846FFF7C7FA002810
:102E800004DA40B2F8BD6FF00F00F8BD00EB40016E
:102E90003048022300EBC102137594603368D3609D
:102EA000B38813820023538250F8315075B140F833
:102EB00031304FF400600090334604F12602294679
:102EC000204600F09BF8284603F052FA0020F8BD97
:102ED0002E2E2F4D6964646C6577617265732F5473
:102EE000686972645F50617274792F4C7749502F12
:102EF0007372632F636F72652F697076342F6574F8
:102F0000686172702E6300006E657469662D3E689C
:102F100077616464725F6C656E203D3D2045544866
:102F20005F4857414444525F4C454E0041737365BE
:102F30007274696F6E2022257322206661696C6548
:102F400064206174206C696E6520256420696E20A0
:102F500025730A002C2F01202DE9F04104464089F9
:102F60000E270D460E283CD9E07B18B995F83000A5
:102F7000401CE073606801788689CA0714D0012973
:102F800005D006221C49FDF7F1F948B10CE0417863
:102F900051B980785E2807D1607B40F0100002E0D4
:102FA000607B40F008006073082E03D0B6F5C16F57
:102FB00017D10DE095F82D00000712D539462046AF
:102FC00003F0A2FB68B92946204600F04BFC10E054
:102FD00095F82D00000704D53946204603F094FBF0
:102FE00018B1204603F0C4F903E029462046FFF754
:102FF0004FFB0020BDE8F081D8D600082DE9F04154
:1030000004461F4690460E46069801F0C3FB05464F
:103010000E21304602F03AFD18B16FF00100BDE814
:10302000F0817068858139680160B9888180D8F83D
:103030000020C0F80620B8F80410418194F82C0054
:10304000062806D006A34FF4997213A11FA0FFF71C
:103050000BF831462046A269BDE8F0411047000058
:103060002E2E2F4D6964646C6577617265732F54E1
:10307000686972645F50617274792F4C7749502F80
:103080007372632F6E657469662F65746865726EFE
:1030900065742E63000000006E657469662D3E68DD
:1030A00077616464725F6C656E206D757374206205
:1030B00065203620666F722065746865726E65746F
:1030C0005F6F757470757421000000004173736543
:1030D0007274696F6E2022257322206661696C65A7
:1030E00064206174206C696E6520256420696E20FF
:1030F00025730A0010B5040006D10BA34FF4067225
:103100000EA112A0FEF7B0FF732084F82E007420E9
:1031100084F82F00174860611748A061204601F02D
:10312000E9F9002010BD00002E2E2F5372632F6589
:10313000746865726E657469662E63006E65746985
:103140006620213D204E554C4C00000041737365B4
:103150007274696F6E2022257322206661696C6526
:1031600064206174206C696E6520256420696E207E
:1031700025730A0095270008AD4600080B4E04464B
:103180004FF0FF373946306802F024FC0028F9D1AF
:10319000204601F02BFA0500F4D022692146904721
:1031A0000028F5D0284603F0E3F8F1E728000020D6
:1031B0007047000008B50446002000906A460121CF
:1031C0000C48FDF725FD009800F0040000902168F0
:1031D00091F82D20520704D438B1084602F0FCF9CA
:1031E00003E010B9084602F0A1F9C82002F0A4FAE1
:1031F000E4E70000A03400202DE9FC41002506464C
:103200000195009590F82D00400745D5264C606843
:1032100078B34FF4805200212046FDF74BFEFDF7B6
:1032200081FF4FF47A7701906A4601211E48FDF72D
:10323000EFFCFDF777FF0199401AB8421AD80098C1
:103240008006F1D56A4611211748FDF7E1FC009888
:10325000810403D54FF40061E16000E0E56044F2D1
:103260001001084201D0A5600EE04FF48040A0603C
:103270000AE0FFE7E068A168C00840EA510082B2B6
:1032800000210948FDF716FE00210748FDF7C4F9A3
:103290000548FDF705FD02E00348FDF743FD304614
:1032A000FFF786FFBDE8FC81A034002003490A68CF
:1032B0005206FCD5C2B24A607047000000100140BF
:1032C0000A46032100F0F4B82DE9FE4F8A4644492E
:1032D0000446D1F8088098F800000007850E142DE8
:1032E00079D36089042876D360680078002872D08A
:1032F000082870D1486901F11407C0F303120E2A9F
:1033000069D08946096800F065F9002863D12089F1
:10331000082860D305F10E010E46204602F0B6FBE8
:10332000002830D02089411989B2884253D84FF4FF
:1033300020720E2002F00EFC06004CD0718905F1BF
:103340000800814216D32A4641467068FCF7DCFF2C
:103350002946304603F0D8F9002806D021A3B6222A
:103360002EA13CA0FEF780FE04E02146304602F08C
:1033700083FE18B1304602F0FBFF2CE0204602F03D
:10338000F7FF34460CE03146204603F0BDF9002833
:1033900006D014A3C72239A12EA0FEF765FE1AE0BD
:1033A00029462046666802F071FBA0B9606839685A
:1033B000FF22C160D9F810100161002131707180C5
:1033C0000272418101228DE806040A46FF23394634
:1033D000204600F017FB2046BDE8FE4F02F0C8BFB4
:1033E00064D600202E2E2F4D6964646C657761725F
:1033F00065732F54686972645F50617274792F4CE1
:103400007749502F7372632F636F72652F697076DF
:10341000342F69636D702E630000000069636D7066
:103420005F696E7075743A206D6F76696E67207291
:103430002D3E7061796C6F616420746F2069636DDB
:103440007020686561646572206661696C65640AF4
:1034500000000000417373657274696F6E2022254D
:103460007322206661696C6564206174206C696EEA
:103470006520256420696E2025730A0069636D70DC
:103480005F696E7075743A20726573746F72696EDD
:1034900067206F726967696E616C20702D3E706184
:1034A000796C6F6164206661696C65640A00000074
:1034B0002DE9FF479146884606464FF420722421A5
:1034C000222002F047FB050031D06889242806D26B
:1034D00018A34FF4B47225A12FA0FEF7C5FD6C68A8
:1034E00077681C2284F8008084F801904FF000086F
:1034F000A4F80480A4F80680686871680830FCF7B6
:1035000003FFF868039003A800F08CFC60B1A4F8F6
:1035100002800122CDF80080CDE90120FF2303AA1B
:103520000021284600F06EFA284602F021FFBDE88F
:10353000FF8700002E2E2F4D6964646C65776172E1
:1035400065732F54686972645F50617274792F4C8F
:103550007749502F7372632F636F72652F6970768E
:10356000342F69636D702E6300000000636865632B
:103570006B20746861742066697273742070627560
:10358000662063616E20686F6C642069636D7020D3
:103590006D65737361676500417373657274696FFC
:1035A0006E2022257322206661696C656420617437
:1035B000206C696E6520256420696E2025730A00E1
:1035C0000A460B21FFF774BFEFF30580002800D0F7
:1035D00001207047421C12D088B191F82D2092072B
:1035E0000BD54B68834208D0896800EA01020B4082
:1035F0009A4202D10143491C01D0002070470120AA
:10360000704700002DE9F74F88B00446099800255F
:103610001426808CAF1F1438C11700EB5170C0F313
:10362000CF00039060680690017801F00F01052932
:1036300003D038460BB0BDE8F08F6189142907D25A
:103640005BA34FF43F7269A16FA0FEF70DFDF0E799
:10365000C08801F09FF8C0F30C0100F40050029103
:103660000790208914381FFA80F88EE003984FF6EF
:10367000FF7101EAC0004146404500D90846049068
:103680004FF4207214210E2002F064FA5FEA000A5F
:103690007ED0BAF80A00142806D245A34FF4497226
:1036A00063A159A0FEF7E0FC1422DAF804000699A1
:1036B000FCF72AFEDAF804000590049F35E06089E3
:1036C000811B8DB2B04206D239A340F22D3260A1E7
:1036D0004DA0FEF7C9FCAF4200D23D461DB3052008
:1036E00001F05AFC5FEA000957D060684B4630444D
:1036F000CDE9000541222946002002F0B1FB5FEA36
:10370000000B50D0204602F0B1FF5549C9E904141E
:103710005946504602F0C0FB781B07043F0C06D008
:1037200000262468CBE724680026002FC7D1701933
:1037300086B20998808C143840450298C0F30C007A
:1037400001DB079909B140F4005001F023F8059915
:10375000C8800498143080B201F01CF805994880A4
:10376000059800214181099851460A9A4369984772
:10377000504602F0FDFD0499A8EB01001FFA80F805
:10378000DDE90201084480B20290B8F1000F00E0C8
:1037900006E07FF46BAF00204CE7504602F0E8FDF6
:1037A0004FF0FF3046E7484600F06CFBF5E70000BD
:1037B0002E2E2F4D6964646C6577617265732F548A
:1037C000686972645F50617274792F4C7749502F29
:1037D0007372632F636F72652F697076342F69700F
:1037E000345F667261672E63000000006970345FA9
:1037F0006672616728293A207062756620746F6F5F
:103800002073686F72740000417373657274696F1E
:103810006E2022257322206661696C6564206174C4
:10382000206C696E6520256420696E2025730A006E
:1038300074686973206E65656473206120706275B9
:103840006620696E206F6E65207069656365210072
:10385000702D3E6C656E203E3D20706F66660000E8
:103860005D4400082DE9F047456807460E46287874
:103870000421B1EB101F03D0384602F079FD77E048
:1038800000074FEA9068688800F084FF0446388992
:10389000A04203D92146384602F04EFE79894145BF
:1038A000EAD33889A042E7D3B8F1140FE4D32969E9
:1038B000DFF81C91C1F303100E28C9F81410EA6850
:1038C000C9F8102005D0304600F086F850B13446D3
:1038D00019E096F82D00C00702D070680028F6D1D4
:1038E000002410E099F8140000247F280BD03948F8
:1038F000046806E0B44203D0204600F06DF810B929
:103900002468002CF6D13146D9F81000FFF762FE8A
:103910000028B1D199F81000C0F303100E28ABD0E5
:10392000002CA9D0E88830F0C00005D0384600F05F
:1039300035F907001CD07D68C9F80850C9E9004670
:10394000297838460907890EA9F80C10414602F07B
:10395000DBFE687A012818D0062811D011280AD079
:103960004D462146D9F81400FFF734FE90B11EE011
:103970000020BDE8F0873146384608F079FC19E0B0
:103980003146384604F01EFB14E031463846FFF756
:103990009BFC0FE0287DC0F303100E2807D04146A2
:1039A000384602F0B1FD02213846FFF789FC38465F
:1039B00002F0DEFC0021C9F80010C9F80410C9F8B3
:1039C0000810A9F80C10C9F81010C9F81410CFE7A6
:1039D00064D60020FC00002010B590F82D10C90717
:1039E0000CD0416851B1064A52698A4204D001465E
:1039F0001046FFF7EFFD08B1012010BD002010BDFB
:103A000064D60020FEB5DDE90954089E1AB109B15B
:103A10000F6807B9211D0096CDE9015400F002F8A6
:103A2000FEBD00002DE9F84F0546DDE90BA8807BBF
:103A3000DDF828B01F4616468946012806D02FA378
:103A40004FF455723AA13DA0FEF70EFB6FF0010452
:103A5000002E35D01421284602F018F8002832D163
:103A600068896C68142806D224A34FF462723DA1C1
:103A700032A0FEF7F9FA277284F809A030682061B5
:103A80004520207084F801B0288900F083FE414F62
:103A900060804FF0000AA4F806A0388800F07AFE93
:103AA000A0803888401C3880B9F1000F05D0D9F8C3
:103AB0000000E060A4F80AA00CE037480068F8E7CE
:103AC0006889142802D22046BDE8F88F68686E46DF
:103AD00000690090B8F8240040B12989814205D9D5
:103AE000324641462846FFF78DFDEDE7D8F8143001
:103AF0004046324629469847E6E700002E2E2F4DD5
:103B00006964646C6577617265732F546869726467
:103B10005F50617274792F4C7749502F7372632F05
:103B2000636F72652F697076342F6970342E63006D
:103B3000702D3E726566203D3D20310041737365F6
:103B40007274696F6E2022257322206661696C652C
:103B500064206174206C696E6520256420696E2084
:103B600025730A00636865636B207468617420665E
:103B70006972737420706275662063616E20686F6D
:103B80006C64207374727563742069705F6864720A
:103B9000000000006201002020D800082DE9F05F3D
:103BA00045688346287800F00F0005287DD1E88815
:103BB00000F0F0FDC004070C688800F0EBFD2978E8
:103BC0000907890E814270D8401A1FFA80F85846BA
:103BD00002F0FAF96A4C0646208830440A2809D9CE
:103BE0003146284600F0E4FB00285ED020883044AF
:103BF0000A28E8D8A14664684FF0000A0CE0606922
:103C0000E968884207D1A0692969884203D1A0895F
:103C1000A988884203D02468002CF0D106E02CB19A
:103C2000E88800F0B7FDC0041BD025E0042001F0B7
:103C3000B3F904000AD13146284600F0B9FBB0427E
:103C400033DB042001F0A8F90400CED02021FCF7DA
:103C500082FB0F20E077D9F804102160C9F80440F6
:103C600004E0E08900F096FDC00405D01422294646
:103C700004F10800FCF748FBA87940F340156D1CDF
:103C800008D007EB080080B2B84263D34FF6EB715F
:103C900088425FD82A465946204600F03BF9411C2D
:103CA00058D0B9F80020324400E064E0A9F80020C0
:103CB00035B107EB0801A183A17F41F00101A17794
:103CC000012845D1A08B1422143087B2606804F11A
:103CD0000801456828462E68FCF716FB384600F0B8
:103CE00059FD6880A5F806A0A5F80AA0656809E056
:103CF00014213046776802F007FD3146284602F06D
:103D0000CBF83E68002EF3D1D9F804104E468C4211
:103D100005D1002105E00868A04202D00146002933
:103D2000F9D1204600F01AFA284602F04DF904466F
:103D30003088A04206D213A340F29B2220A127A0E4
:103D4000FEF792F93088001B30802846BDE8F09FCE
:103D50000020FBE7606870B9D9F80400844206D0FF
:103D600008A340F2AB2227A11CA0FEF77DF9002199
:103D7000204600F0F3F9584602F0FAFAE8E70000AE
:103D8000640100202E2E2F4D6964646C657761728A
:103D900065732F54686972645F50617274792F4C37
:103DA0007749502F7372632F636F72652F69707636
:103DB000342F6970345F667261672E630000000003
:103DC00069705F72656173735F70627566636F754A
:103DD0006E74203E3D20636C656E00004173736518
:103DE0007274696F6E2022257322206661696C658A
:103DF00064206174206C696E6520256420696E20E2
:103E000025730A006E6F74206669727374616C7436
:103E1000686F756768206A75737420656E71756563
:103E20007565640070B50146144813E090F82D20C4
:103E3000D3070FD053070DD543685BB184680D6875
:103E4000234005EA04069E4216D0920702D4C268B7
:103E5000954211D000680028E8D10948006850B1A7
:103E600090F82D20D30706D0520704D5426812B12E
:103E700009787F2900D1002070BD0000FC000020DF
:103E80000001002010B5040006D106A34FF43172E2
:103E900013A116A0FEF7E8F82146BDE81040052062
:103EA00001F006B82E2E2F4D6964646C657761723F
:103EB00065732F54686972645F50617274792F4C16
:103EC0007749502F7372632F636F72652F69707615
:103ED000342F6970345F667261672E6300000000E2
:103EE0007020213D204E554C4C00000041737365FD
:103EF0007274696F6E2022257322206661696C6579
:103F000064206174206C696E6520256420696E20D0
:103F100025730A002DE9F05F4C68064693460F466C
:103F200000254FF00108608800F034FC21784FF044
:103F3000FF3A0907890E814231D8A0EB0109E088D8
:103F400000F028FCC0047C68010C0020206001EB1C
:103F5000090083B2A180E3808B4220D3726829E0FC
:103F60005068B0F804C0614515D222606DB1B5F853
:103F700006C0614513D38088834210D82F60A08883
:103F8000844506D04FF0000803E08088834206D8BD
:103F900077608AB12EE002D0C288914202D25046A8
:103FA000BDE8F09F25B1EA88624501D04FF00008D6
:103FB00002680546002AD3D195B1E888A1888842D5
:103FC00006D92AA34FF4DB7237A13FA0FEF74CF8C5
:103FD0002F60E888A18888420CD04FF0000809E0E3
:103FE000706830B121A34FF4DF7241A136A0FEF713
:103FF0003BF87760BBF1000F02D1B07FC007CFD094
:10400000B8F1000F30D07268002A2DD05068808837
:10401000002829D12168204629B14C68C088A18890
:104020008842F7D020E0B8F1000F1DD032B90FA3BD
:1040300040F2DF123CA124A0FEF716F87068406839
:10404000A04206D109A34FF4F07237A11EA0FEF7DB
:104050000BF8206830B105A34FF4F17236A11AA015
:10406000FEF702F801209BE7002099E72E2E2F4D46
:104070006964646C6577617265732F5468697264F2
:104080005F50617274792F4C7749502F7372632F90
:10409000636F72652F697076342F6970345F667252
:1040A00061672E6300000000636865636B206672C1
:1040B00061676D656E747320646F6E2774206F7610
:1040C00065726C6170000000417373657274696F92
:1040D0006E2022257322206661696C6564206174FC
:1040E000206C696E6520256420696E2025730A00A6
:1040F0006E6F2070726576696F7573206672616786
:104100006D656E742C2074686973206D75737420EE
:1041100062652074686520666972737420667261D6
:10412000676D656E7421000073616E697479206338
:104130006865636B0000000076616C69646174659A
:104140005F646174616772616D3A6E6578745F7007
:10415000627566213D4E554C4C00000070B504461A
:104160000C480D464168A14202D1216841600AE035
:10417000002D06D108A340F2451216A11CA0FDF7A0
:1041800073FF206828602146BDE87040042000F0DD
:104190008FBE0000640100202E2E2F4D6964646CD8
:1041A0006577617265732F54686972645F506172DC
:1041B00074792F4C7749502F7372632F636F726538
:1041C0002F697076342F6970345F667261672E6371
:1041D0000000000073616E69747920636865636B29
:1041E000206C696E6B6564206C697374000000005C
:1041F000417373657274696F6E2022257322206685
:1042000061696C6564206174206C696E6520256449
:1042100020696E2025730A002DE9F0470546002429
:104220000F46A94205D12FA3AB223DA13FA0FDF728
:104230001BFF002F08D03868A84205D029A3AD2263
:1042400044A13AA0FDF710FF6E684FF48038706803
:10425000818800291AD100686860142205F10801DC
:104260007068FCF751F801213046FFF7A9F9304694
:1042700001F0AAFE0446404505D31AA3BC223AA188
:104280002AA0FDF7F1FE304602F072F86E6812E0E7
:104290007068B1460668484601F096FE04444445FD
:1042A00005D310A3CC2230A120A0FDF7DDFEA4B2DF
:1042B000484602F05DF8002EEAD139462846FFF75D
:1042C0004DFF314D2888A04205D206A3D2222FA14E
:1042D00016A0FDF7C9FE2888001B28802046BDE8EF
:1042E000F08700002E2E2F4D6964646C6577617233
:1042F00065732F54686972645F50617274792F4CD2
:104300007749502F7372632F636F72652F697076D0
:10431000342F6970345F667261672E63000000009D
:104320007072657620213D2069707200417373655B
:104330007274696F6E2022257322206661696C6534
:1043400064206174206C696E6520256420696E208C
:1043500025730A00707265762D3E6E657874203D77
:104360003D2069707200000070627566735F66724E
:10437000656564202B20636C656E203C3D203078A1
:1043800066666666000000006401002069705F7266
:10439000656173735F70627566636F756E74203EDE
:1043A0003D2070627566735F66726565640000002B
:1043B0002DE9F0471D4F894606460024002213468A
:1043C00011461546786822E0D0F814C0D6F80C8063
:1043D000C4450BD1D0F818C0D6F81080C44505D11B
:1043E000B0F80CC0B6F80480C44509D06D1C2AB1E1
:1043F00090F81FC092F81F80C44501D802461946A4
:10440000D0F800C0BCF1000F00D003466046002881
:10441000DAD11AB11046FFF7FFFE04444C4501DA29
:10442000012DCBDC2046BDE8F087000064010020B0
:1044300070B50948002544680BE0E07F20B1401EBC
:10444000E0772546246804E0204624682946FFF7E3
:10445000E3FE002CF1D170BD6401002010B5040012
:1044600006D108A340F2CE2215A118A0FDF7FCFD4D
:10447000606908B101F07CFF2046BDE81040FFF7FD
:1044800001BD00002E2E2F4D6964646C657761724A
:1044900065732F54686972645F50617274792F4C30
:1044A0007749502F7372632F636F72652F6970762F
:1044B000342F6970345F667261672E6300000000FC
:1044C00070637220213D204E554C4C004173736542
:1044D0007274696F6E2022257322206661696C6593
:1044E00064206174206C696E6520256420696E20EB
:1044F00025730A0070B5384D04468CB035482860E5
:104500000120002668602E828DF81C6080218DF8C5
:104510001D10E1218DF81E108DF820608DF81F60B0
:104520008DF8216007A9C5E90510C005C5E9076038
:104530002846FCF701FA28B994F82D0040F0040051
:1045400084F82D000423254A25492348FCF736F931
:10455000234A04238032A2F580711F48FCF7F4F847
:10456000062084F82C0068690121007884F8260070
:104570006869407884F827006869807884F82800A2
:104580006869C07884F829006869007984F82A008D
:104590006869407984F82B0040F2DC50A08494F8DC
:1045A0002D0040F00A0084F82D00099609A80A960B
:1045B00001F0C8F90B491C2208600B496846FBF75B
:1045C000A3FE2146684601F037FA0348FCF768FB72
:1045D0000CB070BD00800240A0340020D01C002030
:1045E0008004002028000020A4D600082DE9F84F00
:1045F0000020044600902C48FCF71DF910B1002063
:10460000BDE8F88F2848818FD0F840900904090C44
:104610002FD04FF4C172002001F09CFA009040B3FB
:104620002148009D40F2F45BD0F830806E8900276D
:1046300010E000BFA4F2F4525242FBF765FED8F836
:104640000C008046D0F808903F1BAAF2F4560024D4
:1046500007F2F457686806EB040ADA4509EB04012F
:104660003844E7D83246FBF74FFE2D683444002D1E
:10467000DCD10D480022016B05E00B6843F00043DC
:104680000B60C968521C836B9342F6D8002181638A
:10469000006800F580504269120602D5802242610E
:1046A00081600098ACE70000A03400202DE9F05FA5
:1046B00027480D46C66A002083460446D6F808A05F
:1046C00031E0306800280CDB6F894FF0000818E0FB
:1046D000A4F2F4525242FBF717FEF6683068002845
:1046E00002DA6FF0070025E0D6F808A0A8EB040076
:1046F00000F2F458ABEB0400A9F2F45700F2F45BBB
:10470000002407EB040940F2F451894569680AEB7B
:1047100004004144DCD83A46FBF7F6FD0BEB0700FA
:104720002D683C448346002DCBD101460848FCF758
:104730003BFB00200649096801F580514A69920651
:1047400003D520224A6100224A60BDE8F09F0000A4
:10475000A034002010B504464068804702F08AFC6F
:10476000094A216852688B181A1AB2F1004F03D314
:1047700008442246054902E0044922461846BDE89D
:10478000104002F0F3BC00004C0100205547000827
:1047900000BA704740BA704710B502F023FC00F031
:1047A00003F900F0D3FB00F0CDFD07F055FD03F059
:1047B000FDFBBDE8104002F055BDFCF7C1FCFDF764
:1047C00015FBFDF7E1F9FDF7D7FAFDF7C9F900F0A0
:1047D000BAFFFEE701460020842900D0C81C7047BC
:1047E0002DE9F041002861D0810704D030A340F2C8
:1047F00073223BA10DE0434DA0F1080429688C42CF
:1048000003D369680C30884207D929A340F27F227C
:104810003DA144A0FDF728FC2FE03A48083002F003
:1048200012FC207900282ED02888201A86B22088F1
:1048300002F0ECFA0746608802F0E8FA21884FF4AB
:104840002053002299420DD8618899420AD8B1427A
:1048500002D00088B04205D16868874218D07888B5
:10486000B04215D012A340F2952238A12DA0FDF739
:10487000FBFB2448083002F0FAFB02F07FFBBDE8A6
:10488000F04102F087BB0AA34FF423723CA1EDE78D
:104890002271E868844200D2EC60204601F09CFF5F
:1048A000BDE8F0411748083002F0E1BBBDE8F081F7
:1048B0002E2E2F4D6964646C6577617265732F5479
:1048C000686972645F50617274792F4C7749502F18
:1048D0007372632F636F72652F6D656D2E630000B9
:1048E0006D656D5F667265653A2073616E69747996
:1048F00020636865636B20616C69676E6D656E74BB
:1049000000000000B40000206D656D5F6672656593
:104910003A20696C6C6567616C206D656D6F7279AA
:1049200000000000417373657274696F6E20222568
:104930007322206661696C6564206174206C696E05
:104940006520256420696E2025730A006D656D5F02
:10495000667265653A20696C6C6567616C206D658F
:104960006D6F72793A206E6F6E2D6C696E6B656437
:104970003A20646F75626C652066726565000000A0
:104980006D656D5F667265653A20696C6C6567611F
:104990006C206D656D6F72793A20646F75626C651D
:1049A000206672656500000070B51248124C20F058
:1049B00003014FF4205521600D80002048800871CC
:1049C000284602F023FA01216060017105804580CC
:1049D0002068E06004F1080002F03AFB002808D0EB
:1049E000BDE8704005A340F21F2210A116A0FDF7FC
:1049F0003BBB70BD7FD60020B40000202E2E2F4D73
:104A00006964646C6577617265732F546869726458
:104A10005F50617274792F4C7749502F7372632FF6
:104A2000636F72652F6D656D2E6300006661696C42
:104A3000656420746F20637265617465206D656DB7
:104A40005F6D757465780000417373657274696F8A
:104A50006E2022257322206661696C656420617472
:104A6000206C696E6520256420696E2025730A001C
:104A70002DE9F04700280ED0C41C4FF6FC710C4005
:104A80004FF420590C2C01D20C2401E04C4501D8E4
:104A9000844202D20020BDE8F087444802F0D3FAF5
:104AA0004248C4F520570838824681890288891A0D
:104AB0008EB274E0304602F0A9F90546007900286C
:104AC0006AD12888801B0838A04265D3288804F161
:104AD0001401801B08384FF0010888421DD330199B
:104AE000083087B24F4506D131A340F287323CA14E
:104AF00040A0FDF7B9FA384602F088F900210171AB
:104B00002988018046802F8085F8048000884845E8
:104B100005D002F07BF9478001E085F80480DAF8DF
:104B20000C005646854203D014E0008802F06EF96E
:104B3000017911B171688842F7D1F06071688842DB
:104B400008D0007930B11AA340F2B53233A129A0C0
:104B5000FDF78AFA154802F08AFA281971680830B8
:104B6000884206D912A340F2B93233A121A0FDF741
:104B70007BFAA8070DD00EA340F2BB323AA11DA0CC
:104B8000FDF772FA0AA340F2BD3243A119A0FDF766
:104B90006BFA05F108007EE7DAF80000865BB742A1
:104BA00088D8024802F063FA74E70000BC000020D5
:104BB0002E2E2F4D6964646C6577617265732F5476
:104BC000686972645F50617274792F4C7749502F15
:104BD0007372632F636F72652F6D656D2E630000B6
:104BE000696E76616C6964206E6578742070747289
:104BF00000000000417373657274696F6E20222596
:104C00007322206661696C6564206174206C696E32
:104C10006520256420696E2025730A006D656D5F2F
:104C20006D616C6C6F633A20216C667265652D3E18
:104C300075736564000000006D656D5F6D616C6C7F
:104C40006F633A20616C6C6F6361746564206D659D
:104C50006D6F7279206E6F742061626F766520725D
:104C6000616D5F656E642E006D656D5F6D616C6C6E
:104C70006F633A20616C6C6F6361746564206D656D
:104C80006D6F72792070726F7065726C7920616CD3
:104C900069676E65642E00006D656D5F6D616C6C9B
:104CA0006F633A2073616E69747920636865636B22
:104CB00020616C69676E6D656E7400000249098839
:104CC000401A80B270470000B40000202DE9F05F68
:104CD0000646CC1C4FF6FC7004404FF4205A0C2CB6
:104CE00001D20C2401E054452FD88C422DD3464FDD
:104CF0003868864202D37868864206D343A340F2DE
:104D0000D1224EA153A0FDF7AFF93868864202D3F5
:104D100079688E4204D302F031F902F03BF919E0D0
:104D2000A6F10805BB46281A87B22888C01B083898
:104D30001FFA80F94C4506D934A34FF439724FA1BC
:104D400044A0FDF791F94C4503D94FF00000BDE8B0
:104D5000F09F01D13046FAE72B4800F1080002F03D
:104D600072F9288802F052F88046007900282AD08B
:104D700004F11400484521D83819083084B2288835
:104D8000504506D121A340F2163244A131A0FDF7CF
:104D90006BF9204602F03AF8DBF80C20904201D281
:104DA000CBF80C00002101712988018047802C80FC
:104DB0000088504502D002F029F84480124808309B
:104DC00002F055F9C6E72888504506D10FA340F2F6
:104DD000F52232A11FA0FDF747F938190830DBF89A
:104DE0000C10B8F8009084B2414504D1204602F07E
:104DF0000DF8CBF80C00204602F008F800210171F4
:104E0000A0F80090D2E70000B40000202E2E2F4D15
:104E10006964646C6577617265732F546869726444
:104E20005F50617274792F4C7749502F7372632FE2
:104E3000636F72652F6D656D2E6300006D656D5F2C
:104E40007472696D3A206C6567616C206D656D6F79
:104E500072790000417373657274696F6E20222548
:104E60007322206661696C6564206174206C696ED0
:104E70006520256420696E2025730A006D656D5FCD
:104E80007472696D2063616E206F6E6C7920736837
:104E900072696E6B206D656D6F727900696E7661F7
:104EA0006C6964206E657874207074720000000074
:104EB0000D2806D307A34FF4D57212A118A0FDF751
:104EC000D3B8002904D0204A52F82000FDF7D8B901
:104ED000704700002E2E2F4D6964646C65776172F7
:104EE00065732F54686972645F50617274792F4CD6
:104EF0007749502F7372632F636F72652F6D656DE5
:104F0000702E63006D656D705F667265653A207422
:104F1000797065203C204D454D505F4D4158000053
:104F2000417373657274696F6E2022257322206647
:104F300061696C6564206174206C696E652025640C
:104F400020696E2025730A0080D7000830B5064D11
:104F5000002400BF55F8240000F008F8641CA4B237
:104F60000D2CF7D330BD000080D7000882680021E7
:104F700011604168C91C21F00301002207E0836829
:104F8000521C1B680B6083681960038819444388AE
:104F90009342F4DC7047000010B50D2808D308A335
:104FA00040F2571212A11AA0FDF75EF8002010BDC2
:104FB000214951F82000BDE81040FDF7B5B90000C7
:104FC0002E2E2F4D6964646C6577617265732F5462
:104FD000686972645F50617274792F4C7749502F01
:104FE0007372632F636F72652F6D656D702E630032
:104FF0006D656D705F6D616C6C6F633A2074797074
:1050000065203C204D454D505F4D4158000000004B
:10501000417373657274696F6E2022257322206656
:1050200061696C6564206174206C696E652025641B
:1050300020696E2025730A0080D700082DE9F0470B
:105040000400DDE90970089D03D03FB100290DD0AF
:105050000DE035A340F2271240A103E032A34FF444
:10506000947245A14DA0FCF7FFFF1DE0554902B920
:10507000544A03B9534B00266660A660DFF848C166
:10508000C4F814C0E660A68484F82D60C4E90765FE
:105090004E4D95F800C084F830C02061204600F0E5
:1050A000B7F92046B84710B10020BDE8F087B246F6
:1050B00040F28B1840F28D1994F83000FF2801D18E
:1050C00084F830A000276E681EE0A64205D116A322
:1050D00042463FA131A0FCF7C7FF7F1CFF2F05DD33
:1050E00011A34A463FA12DA0FCF7BEFF96F8300061
:1050F00094F83010884206D1C8B2401C84F83000C1
:10510000002ED9D102E03668002EDED194F83000AE
:10511000FE2806D0401C28706868206020466C601D
:10512000C3E785F800A0F7E72E2E2F4D6964646C65
:105130006577617265732F54686972645F5061723C
:1051400074792F4C7749502F7372632F636F726598
:105150002F6E657469662E63000000006E657469C9
:10516000665F6164643A20696E76616C6964206E82
:1051700065746966000000006E657469665F61644D
:10518000643A204E6F20696E69742066756E637490
:10519000696F6E20676976656E0000004173736504
:1051A0007274696F6E2022257322206661696C65B6
:1051B00064206174206C696E6520256420696E200E
:1051C00025730A0020D8000809540008F8000020C0
:1051D0006E6574696620616C7265616479206164D2
:1051E00064656400746F6F206D616E79206E657404
:1051F0006966732C206D61782E20737570706F72E4
:10520000746564206E756D62657220697320323535
:105210003500000070B50C46054603F02DFC214614
:105220002846BDE8704007F09DB90A68C3689A42F5
:1052300004D001B90022C2600120704700207047ED
:10524000F8B515460C00064606D113A340F2CB1262
:105250001EA122A0FCF708FF35B90FA34FF4E67298
:105260001AA11EA0FCF700FF21687068814210D0CF
:105270000091286069462846FFF7CCFF3CB12068C2
:1052800070600121304600F05FF80120F8BD002079
:10529000F6E70020F8BD00002E2E2F4D6964646CE7
:1052A0006577617265732F54686972645F506172CB
:1052B00074792F4C7749502F7372632F636F726527
:1052C0002F6E657469662E6300000000696E76615A
:1052D0006C696420706F696E7465720041737365E8
:1052E0007274696F6E2022257322206661696C6575
:1052F00064206174206C696E6520256420696E20CD
:1053000025730A000A6883689A4204D001B9002212
:1053100082600120704700207047000001000CD01F
:105320000748406807E000BF90F83020521CD2B216
:105330008A4203D000680028F6D1002070470000A0
:10534000F80000207047000070B50D46040006D13B
:105350000DA340F26D3219A121A0FCF785FE94F84F
:105360002D0041070ED5C1070CD0E9070AD06168AE
:10537000002907D0000705D5211D2046BDE8704053
:10538000FDF716BD70BD00002E2E2F4D6964646CB4
:105390006577617265732F54686972645F506172DA
:1053A00074792F4C7749502F7372632F636F726536
:1053B0002F6E657469662E63000000006E65746967
:1053C000665F69737375655F7265706F7274733A47
:1053D00020696E76616C6964206E65746966000090
:1053E000417373657274696F6E2022257322206683
:1053F00061696C6564206174206C696E6520256448
:1054000020696E2025730A006FF00B0070470000C2
:105410002DE9F84F4FF000091D4616460C00824654
:10542000C84600D1114C06B9104E05B90F4DACB1AC
:10543000206898B100274A4631465046FFF762FF80
:10544000424629465046FFF7F0FE002F04D16A4637
:1054500021465046FFF7F4FEBDE8F88F01276A4663
:1054600021465046FFF7ECFEE5E7000020D8000893
:105470000149886070470000F800002058B190F89A
:105480002D10CA070ED001F0FE0180F82D1009077B
:1054900008D5FCF7A5BF04A340F29B320FA117A0CB
:1054A000FCF7E2BD704700002E2E2F4D6964646C3E
:1054B0006577617265732F54686972645F506172B9
:1054C00074792F4C7749502F7372632F636F726515
:1054D0002F6E657469662E63000000006E65746946
:1054E000665F7365745F646F776E3A20696E76618C
:1054F0006C6964206E6574696600000041737365B1
:105500007274696F6E2022257322206661696C6552
:1055100064206174206C696E6520256420696E20AA
:1055200025730A00002800D0C161704758B190F877
:105530002D104A070ED501F0FB0180F82D10C1692E
:10554000002907D0084704A340F206420FA118A083
:10555000FCF78ABD704700002E2E2F4D6964646CE5
:105560006577617265732F54686972645F50617208
:1055700074792F4C7749502F7372632F636F726564
:105580002F6E657469662E63000000006E65746995
:10559000665F7365745F6C696E6B5F646F776E3A9C
:1055A00020696E76616C6964206E657469660000BE
:1055B000417373657274696F6E20222573222066B1
:1055C00061696C6564206174206C696E6520256476
:1055D00020696E2025730A0010B5040012D094F8DB
:1055E0002D00410717D440F0040084F82D0003215A
:1055F0002046FFF7A9FEE16900290CD02046BDE84E
:1056000010400847BDE8104003A34FF478720FA183
:1056100017A0FCF729BD10BD2E2E2F4D6964646CB8
:105620006577617265732F54686972645F50617247
:1056300074792F4C7749502F7372632F636F7265A3
:105640002F6E657469662E63000000006E657469D4
:10565000665F7365745F6C696E6B5F75703A206925
:105660006E76616C6964206E657469660000000086
:10567000417373657274696F6E20222573222066F0
:1056800061696C6564206174206C696E65202564B5
:1056900020696E2025730A0050B190F82D10CA07BA
:1056A0000DD141F0010180F82D100321FFF74CBE10
:1056B00003A34FF454720FA115A0FCF7D5BC70479B
:1056C0002E2E2F4D6964646C6577617265732F545B
:1056D000686972645F50617274792F4C7749502FFA
:1056E0007372632F636F72652F6E657469662E63C4
:1056F000000000006E657469665F7365745F7570A5
:105700003A20696E76616C6964206E657469660022
:10571000417373657274696F6E202225732220664F
:1057200061696C6564206174206C696E6520256414
:1057300020696E2025730A0010B500B9012007F01A
:105740001DF8002010BD10B507F0B4F8002010BD02
:1057500010B5FDF739FF18B1BDE8104007F0EABDFC
:10576000BDE8104007F0E0BD38B5D0E9011204688B
:105770003AB1C3682BB100200090204607F0B9F978
:1057800038BD2046BDE83840002207F091B900003E
:105790002DE9FF410D004FF00006CDE901650746F8
:1057A0001ED000240396501C1FD002B11446FDF7F2
:1057B0000BFF69464FF01008E8B103AA2846091DFF
:1057C00007F008FC012813D000960398E8B11449AB
:1057D0004FF080500860BFF34F8FBFF36F8F14E01E
:1057E000802031462A46009011E04FF0FF34DEE77A
:1057F000CDF80080E9E722462846091D07F04EFB58
:10580000012808D054B1402000909DE8070087E8A7
:105810000700BDE8FF81CDF80080F6E70020F3E740
:1058200004ED00E037B5054682B00020009014007A
:1058300000D10124FDF7C8FE4FF0000388B16A468D
:1058400003A9284607F07CFA012811D1009890B1ED
:105850000A494FF080500860BFF34F8FBFF36F8F3E
:1058600009E0224603A9284607F0BAF9012802D028
:10587000FF2005B030BD0020FBE7000004ED00E094
:1058800041684FF0010009B107F005B907F0F8B819
:1058900038B5002405460094FDF796FE90B16946A0
:1058A000284607F0ACFA012801D0FF2038BD009847
:1058B00088B10A494FF080500860BFF34F8FBFF3A3
:1058C0006F8F08E000231A461946284607F088F92A
:1058D000012800D0FF24204638BD000004ED00E080
:1058E00038B505004FF0000000900FD00024481C90
:1058F0000ED001B10C46FDF767FEB8B16A46002133
:10590000284607F067FB012816D104E0802038BD47
:105910004FF0FF34EFE7009880B109494FF0805015
:105920000860BFF34F8FBFF36F8F07E02146284613
:1059300007F09EFB012801D0FF2038BD002038BDB4
:1059400004ED00E038B543684BB1012909D10320CB
:10595000002200901146012007F0CBF838BD012944
:1059600001D0002038BD03220021012007F0A0F85B
:10597000040004D000231A46194607F031F92046E6
:1059800038BD000038B5002405460094FDF71CFE24
:1059900090B16946284607F032FA012801D0FF206D
:1059A00038BD009888B10A494FF080500860BFF3B5
:1059B0004F8FBFF36F8F08E000231A461946284621
:1059C00007F00EF9012800D0FF24204638BD000062
:1059D00004ED00E038B505004FF0000000900FD056
:1059E0000024481C0ED001B10C46FDF7EDFDB8B106
:1059F0006A460021284607F0EDFA012816D104E096
:105A0000802038BD4FF0FF34EFE7009880B109499E
:105A10004FF080500860BFF34F8FBFF36F8F07E0E8
:105A20002146284607F024FB012801D0FF2038BD7D
:105A3000002038BD04ED00E07FB50D460446416905
:105A4000B0F9080081B1A16971B1FEF7C3FED4E9D4
:105A500005128DE80700D4E900102B46226907F0F3
:105A60002AFC039004B070BDFEF7B4FE03A9CDE993
:105A70000001208A2B4682B2D4E9001007F0EEFB29
:105A8000012801D00020EDE70398EBE7002200F0A9
:105A900001B8000070B5A8B1B1F5803F26D2002949
:105AA00018D004898BB214FA81F5ADB29D421DD392
:105AB000057B2D0610D54268511A00F11002914263
:105AC00014D30CE00AA340F2DF1215A117A0FCF7D3
:105AD000CBFA0BE0002070BD42B14268511A416020
:105AE000418919444181E1180181F3E7012070BD2A
:105AF0002E2E2F4D6964646C6577617265732F5427
:105B0000686972645F50617274792F4C7749502FC5
:105B10007372632F636F72652F706275662E6300F8
:105B20007020213D204E554C4C00000041737365A0
:105B30007274696F6E2022257322206661696C651C
:105B400064206174206C696E6520256420696E2074
:105B500025730A002DE9FE4F054690460F46104674
:105B6000012A11D041280FD04FF0000AB0F5C17FB3
:105B700010D0B2F5207F67D04AA340F2271255A17A
:105B80005BA0FCF771FA8BE00246002000F010F9F0
:105B9000044682E00024A1460C20FFF7FDF9060030
:105BA00036D0E81C029020F00300C0F51470B84213
:105BB00000D93846834670191330CDE9008A20F0A9
:105BC00003015B463A46304600F0A8FC3079800776
:105BD00006D034A34FF480724FA145A0FCF744FADD
:105BE00002989421B1EB900F06D12EA34FF481724D
:105BF00055A13FA0FCF738FA24B3C9F80060A7EB21
:105C00000B000704B1463F0C4FF00005C4D144E03F
:105C100001F0B4F9594D2E780121297001F0BAF93B
:105C200056B90021564806F0B9FA28B101F0A6F994
:105C300085F800A001F0AEF9002C31D0204600F02C
:105C400097FB2DE03446DAE7E81C20F00302F81C4D
:105C500020F00301501880B200F1100292B281428C
:105C60001ED891421CD81046FEF702FF040017D040
:105C700060191330CDE9008A20F003013B461A4633
:105C8000204600F04BFC2079800706D005A34FF496
:105C900091723CA116A0FCF7E7F92046BDE8FE8F03
:105CA0000020FBE72E2E2F4D6964646C65776172CE
:105CB00065732F54686972645F50617274792F4CF8
:105CC0007749502F7372632F636F72652F706275FF
:105CD000662E6300706275665F616C6C6F633A205C
:105CE0006572726F6E656F757320747970650000F0
:105CF000417373657274696F6E202225732220666A
:105D000061696C6564206174206C696E652025642E
:105D100020696E2025730A00706275665F616C6C85
:105D20006F633A207062756620712D3E7061796CE8
:105D30006F61642070726F7065726C7920616C693C
:105D4000676E656400000000504255465F504F4F3B
:105D50004C5F42554653495A45206D757374206215
:105D60006520626967676572207468616E204D45C1
:105D70004D5F414C49474E4D454E540004010020B3
:105D8000D5640008706275665F616C6C6F633A2061
:105D9000706275662D3E7061796C6F6164207072FF
:105DA0006F7065726C7920616C69676E6564000064
:105DB0002DE9FC4114460E460746412A08D0012C25
:105DC00006D00CA34FF4A57216A11BA0FCF74CF94A
:105DD0000B20FFF7E1F805004FF0000008D0CDE9F7
:105DE000004033461A463946284600F097FB2846BD
:105DF000BDE8FC812E2E2F4D6964646C657761725D
:105E000065732F54686972645F50617274792F4CA6
:105E10007749502F7372632F636F72652F706275AD
:105E2000662E6300696E76616C69642070627566C7
:105E30005F74797065000000417373657274696FF7
:105E40006E2022257322206661696C65642061746E
:105E5000206C696E6520256420696E2025730A0018
:105E60007CB51C46DDE90635C01C20F00300461851
:105E7000AE4201D900207CBD0BB1184400E00020E7
:105E80000223CDE900230B4601461A46204600F0C6
:105E900045FB20467CBD000070B50D4608B1002DC5
:105EA00008D1BDE8704014A340F259321EA12CA0C5
:105EB000FCF7DAB80446006820B121892A89114428
:105EC0002181F7E72089618988420FD00AA340F237
:105ED00062322DA122A0FCF7C7F8206830B106A3DA
:105EE00040F2633234A11EA0FCF7BEF82089298954
:105EF00008442081256070BD2E2E2F4D6964646C8E
:105F00006577617265732F54686972645F5061725E
:105F100074792F4C7749502F7372632F636F7265BA
:105F20002F706275662E6300286820213D204E5533
:105F30004C4C2920262620287420213D204E554CEB
:105F40004C29202870726F6772616D6D65722076C2
:105F5000696F6C617465732041504929000000002D
:105F6000417373657274696F6E20222573222066F7
:105F700061696C6564206174206C696E65202564BC
:105F800020696E2025730A00702D3E746F745F6C5B
:105F9000656E203D3D20702D3E6C656E20286F663D
:105FA000206C617374207062756620696E2063686E
:105FB00061696E2900000000702D3E6E65787420C6
:105FC0003D3D204E554C4C00002102E0491C00682C
:105FD00089B20028FAD108467047000070B515460E
:105FE00013890A461946FFF7B5FD04000CD029466F
:105FF00000F042F830B105A340F224520FA114A0E2
:10600000FCF732F8204670BD002070BD2E2E2F4DBB
:106010006964646C6577617265732F546869726432
:106020005F50617274792F4C7749502F7372632FD0
:10603000636F72652F706275662E6300706275669D
:106040005F636F7079206661696C656400000000B1
:10605000417373657274696F6E2022257322206606
:1060600061696C6564206174206C696E65202564CB
:1060700020696E2025730A002DE9F0474FF00007D4
:106080000C4605003E466FF00F0904D01CB128896C
:106090002189884204D232A340F2C9323CA145E0B2
:1060A0006FF0050A6889C11B6089801B814201D39A
:1060B000804600E088466068424681196868384436
:1060C000FAF722F9688947444644B84206D224A325
:1060D00040F2D9323AA140A0FBF7C6FF6089B04236
:1060E00006D21FA340F2DA3245A13BA0FBF7BCFF6A
:1060F0006089B04201D8246800266889B84202D17C
:106100002D68002765B1002C16D06089218988424E
:1061100012D1206800280FD011A340F2E93215E017
:10612000002C1BD00EA34FF479723CA12AA0FBF7E0
:106130009BFF4846BDE8F08775B168892989884288
:106140000AD1286840B106A340F2EE3237A122A05E
:10615000FBF78AFF5046EDE7002CA3D10020E9E7CA
:106160002E2E2F4D6964646C6577617265732F54B0
:10617000686972645F50617274792F4C7749502F4F
:106180007372632F636F72652F706275662E630082
:10619000706275665F636F70793A207461726765CB
:1061A00074206E6F742062696720656E6F75676812
:1061B00020746F20686F6C6420736F757263650064
:1061C0006F66667365745F746F203C3D20705F740A
:1061D0006F2D3E6C656E0000417373657274696F5C
:1061E0006E2022257322206661696C6564206174CB
:1061F000206C696E6520256420696E2025730A0075
:106200006F66667365745F66726F6D203C3D2070CB
:106210005F66726F6D2D3E6C656E0000705F746F0F
:1062200020213D204E554C4C0000000070627566E8
:106230005F636F7079282920646F6573206E6F74B7
:1062400020616C6C6F77207061636B657420717571
:1062500065756573210000002DE9F047002716469B
:106260008946B84620B1B9F1000F06D004462CE0AB
:1062700018A340F20A4223A103E016A340F20B4206
:1062800028A131A0FBF7F0FE0020BDE8F0872BB17C
:106290006089984202D8181A83B215E06089C01A42
:1062A00085B2B54200D9354660682A46C11809EB67
:1062B0000700FAF729F808EB05001FFA80F87819AB
:1062C00087B2701B86B2002324680EB1002CDED189
:1062D0004046DAE72E2E2F4D6964646C6577617253
:1062E00065732F54686972645F50617274792F4CC2
:1062F0007749502F7372632F636F72652F706275C9
:10630000662E6300706275665F636F70795F70619F
:10631000727469616C3A20696E76616C696420629E
:1063200075660000706275665F636F70795F70619B
:10633000727469616C3A20696E76616C696420647C
:106340006174617074720000417373657274696F77
:106350006E2022257322206661696C656420617459
:10636000206C696E6520256420696E2025730A0003
:106370002DE9F041040007D05FF0000500F0FEFDBC
:106380000746A07B50B110E025A34FF4377230A12F
:1063900032A0FBF769FE0020BDE8F08120A340F2A7
:1063A000F12238A12DA0FBF75FFEA07B401EC6B2F4
:1063B000A673384600F0EEFD002E23D1207B617BD2
:1063C000266800F00F0089070CD5206930B914A3A6
:1063D00040F2FF2231A121A0FBF746FE21692046B1
:1063E00088470BE002280FD0012810D0A0B10CA3E1
:1063F00040F20F3232A119A0FBF736FE6D1CEDB250
:106400003400BBD12846C7E721460C2001E02146D5
:106410000B20FEF74DFDF1E72046FEF7E1F9EDE731
:106420002E2E2F4D6964646C6577617265732F54ED
:10643000686972645F50617274792F4C7749502F8C
:106440007372632F636F72652F706275662E6300BF
:106450007020213D204E554C4C0000004173736567
:106460007274696F6E2022257322206661696C65E3
:1064700064206174206C696E6520256420696E203B
:1064800025730A00706275665F667265653A2070F2
:106490002D3E726566203E203000000070632D3E68
:1064A000637573746F6D5F667265655F66756E6345
:1064B00074696F6E20213D204E554C4C0000000049
:1064C000696E76616C69642070627566207479709B
:1064D0006500000010B500F051FD094A002111705F
:1064E00000F058FD0748006806E0416F19B1BDE8AB
:1064F000104001F03DBDC0680028F6D110BD00007D
:1065000004010020200100200122AFF300800029B7
:1065100002DA494200F0F8B8FFF7BCBA70B50024BF
:10652000DDE90456C0E900410281438105734673E9
:1065300001218173C47370BD2DE9F0410D46040043
:1065400006D121A34FF4CC722BA131A0FBF78CFD17
:106550002089A84235D9401B86B240F2AF170CE023
:10656000281A85B22089801B208124682CB916A3A3
:106570003A4631A126A0FBF777FD6089A842EFD308
:10658000207B000715D16089A84212D0607B80076C
:106590000FD4A088001B284481B22046FEF796FB4A
:1065A000040006D108A340F2BD1229A118A0FBF7F0
:1065B0005BFD65812581206808B1FFF7D9FE0020C9
:1065C0002060BDE8F08100002E2E2F4D6964646CC0
:1065D0006577617265732F54686972645F50617288
:1065E00074792F4C7749502F7372632F636F7265E4
:1065F0002F706275662E6300706275665F726561EA
:106600006C6C6F633A207020213D204E554C4C003D
:10661000417373657274696F6E2022257322206640
:1066200061696C6564206174206C696E6520256405
:1066300020696E2025730A00706275665F7265615D
:106640006C6C6F633A207120213D204E554C4C00FC
:106650006D656D5F7472696D2072657475726E65BB
:10666000642071203D3D204E554C4C0010B5040077
:1066700012D000F083FCA17B491CA17300F08AFCBE
:10668000A07B002808D1BDE8104004A340F24232AC
:106690000EA113A0FBF7E8BC10BD00002E2E2F4D5D
:1066A0006964646C6577617265732F54686972649C
:1066B0005F50617274792F4C7749502F7372632F3A
:1066C000636F72652F706275662E63007062756607
:1066D00020726566206F766572666C6F77000000C9
:1066E000417373657274696F6E2022257322206670
:1066F00061696C6564206174206C696E6520256435
:1067000020696E2025730A0010B520B1B1F5803FD5
:1067100006D3012010BD0FA340F24B2219A109E0BE
:1067200000290BD043898AB2934209D209A340F2CF
:10673000552217A11EA0FBF797FCEAE7002010BD29
:10674000446821444160991A41810189891A018173
:10675000F4E700002E2E2F4D6964646C657761723A
:1067600065732F54686972645F50617274792F4C3D
:106770007749502F7372632F636F72652F70627544
:10678000662E63007020213D204E554C4C000000C9
:10679000696E6372656D656E745F6D61676E697455
:1067A000756465203C3D20702D3E6C656E000000D8
:1067B000417373657274696F6E202225732220669F
:1067C00061696C6564206174206C696E6520256464
:1067D00020696E2025730A002DE9F041304D0446F2
:1067E0002868844206D22FA340F2DF1239A13FA0CD
:1067F000FBF73AFC6868844206D32AA34FF4F07290
:1068000044A13AA0FBF730FC207930B125A340F237
:10681000E11247A135A0FBF727FC20884FF4205850
:10682000404506D91FA34FF4F27248A12FA0FBF7F1
:106830001BFC208800F0EAFA0646B44215D03079F5
:1068400098B96868864210D0E868B04200D1EC6020
:10685000308820803088404507D02046FEF72EFA49
:106860000746308800F0D2FA4780608800F0CEFA00
:10687000A04212D0017900290FD1E968A14200D1CC
:10688000E860218801802188414506D0FEF716FA8C
:106890000546208800F0BAFA4580BDE8F081000086
:1068A000B40000202E2E2F4D6964646C65776172F0
:1068B00065732F54686972645F50617274792F4CEC
:1068C0007749502F7372632F636F72652F6D656DFB
:1068D0002E630000706C75675F686F6C65733A209B
:1068E0006D656D203E3D2072616D000041737365E2
:1068F0007274696F6E2022257322206661696C654F
:1069000064206174206C696E6520256420696E20A6
:1069100025730A00706C75675F686F6C65733A2049
:106920006D656D203C2072616D5F656E64000000D6
:10693000706C75675F686F6C65733A206D656D2D5F
:106940003E75736564203D3D20300000706C7567B6
:106950005F686F6C65733A206D656D2D3E6E65786E
:1069600074203C3D204D454D5F53495A455F414C95
:1069700049474E45440000002DE9F041184C0F46B0
:106980000546E6682068001D05F006FE38B9206857
:1069900090F82C1001208840216981432161681CF6
:1069A00007D137B12168BDE8F0410E48091D05F057
:1069B00037BE20683544B5424560216805D2A06BDA
:1069C000BDE8F041091D05F013BE606B091D05F01F
:1069D0000FFEA06A854200D2A562BDE8F0810000EA
:1069E0003C000020503600202DE9F041054605F01E
:1069F00023FE2E4CA068401CA06020682C4F10B1D4
:106A0000606940B32DE02560A068012829D10026E7
:106A100006EB860007EB800005F0DCFD761C072EF8
:106A2000F6D323488C3005F0D5FD2148A03005F081
:106A3000D1FD1F48B43005F0CDFD1D48C83005F02C
:106A4000C9FD1B48DC3005F0C5FD19488C3060637A
:106A50001430A06305E02068E96AC06A884200D863
:106A60002560606A401C6062E96A012022698840F2
:106A70001043206101EB810007EB8000291D05F028
:106A8000CFFD05F0F9FD606900280CD02068E96AA7
:106A9000C06A884207D207494FF080500860BFF3B0
:106AA0004F8FBFF36F8FBDE8F08100003C000020E6
:106AB0007435002004ED00E030B4026C0B46002A6F
:106AC0000BD0C1681144C1608468A14201D3016840
:106AD000C16030BC1846F9F717BC30BC70472DE9CF
:106AE000F041856B174604460026026C82B1C7B19F
:106AF000E068F9F709FCE168206C091AE160226896
:106B0000914202D2A168081AE060022F16D017E065
:106B10002068A8B9A06806F07BFC06460020A060AB
:106B20000EE06068F9F7F0FB216C60680844606073
:106B3000A168884204D32068606001E005B16D1E41
:106B40006D1CA5633046BDE8F08110B5044690F891
:106B5000510058B101280CD002280FD0502080F3EA
:106B60001188BFF34F8FBFF36F8FFEE7206B05F0E7
:106B700097FD2046BDE8104005F092BD10BD000015
:106B800010484FF42041420706D0C01D0D4920F0A7
:106B90000700411AC1F520410B4A00230144C2E914
:106BA00000030839183A21F0070111604B600B60AF
:106BB0000B1AC0E9001393604FF00040536050611E
:106BC000704700006436002090000020144E154CE1
:106BD000A6F1C8074FF08058DFF84C9012E000BFD4
:106BE00005F02AFDF068C568281D05F0D5FCA068F1
:106BF000401EA0606068401E606005F03DFD2846B4
:106C0000FFF7A3FF60680028EAD138680128F9D9A6
:106C1000C9F80080BFF34F8FBFF36F8FF2E700001A
:106C20003C3600203C00002004ED00E0002807D0A6
:106C30000021816001600B460A46C16005F0D0BFAB
:106C400070470346009829B10260C0E90F31012165
:106C500005F082BF0060F8E72DE9F0479A46DDE9CC
:106C6000098481466FF00303206B03EB820210441A
:106C7000089E20F00707780707D0502080F311887E
:106C8000BFF34F8FBFF36F8FFEE7002561B1002088
:106C900023180A5C83F834200A5C12B1401C1028C7
:106CA000F6D384F8435001E084F83450072E00D323
:106CB0000626E662C4E91165201D05F096FC04F184
:106CC000180005F092FC2461C6F107006462A0611F
:106CD000E56484F8505052464946384600F016F9AB
:106CE0002060B8F1000F01D0C8F80040BDE8F0877F
:106CF00030B5114900E011460A688242FBD34B6867
:106D00005C18844203D140681844486008464368D0
:106D10001C18944209D1084C183C2468A24209D09E
:106D200052681A4442600A6812680260814200D0C8
:106D3000086030BD0460F9E79000002010B50446FB
:106D400005F07AFCA06B28B15FF0000405F094FC1C
:106D5000204610BD0124F9E70648416B096829B1B6
:106D6000416BC968C9684968816270474FF0FF315B
:106D7000FAE700003C00002008484068401C4FF043
:106D8000500080F3118804D0BFF34F8FBFF36F8F93
:106D9000FEE7BFF34F8FBFF36F8FFEE79800002031
:106DA0002DE9F041044605F047FC94F9455004F103
:106DB000240609E0606A48B1304606F0BBFB08B122
:106DC00005F00AFD6D1E6DB2002DF3DC4FF0FF36AD
:106DD00084F8456005F050FC05F02EFC94F9445011
:106DE00004F1100709E0206948B1384606F0A2FB1B
:106DF00008B105F0F1FC6D1E6DB2002DF3DC84F8D6
:106E00004460BDE8F04105F037BC00000149096865
:106E100008447047B40000202DE9F04105460027E2
:106E200005F07EFD324E306808B9FFF7A9FE7069A3
:106E300005424ED1C5B3083568070ED005F00700EE
:106E4000C0F108000544680707D0502080F311887E
:106E5000BFF34F8FBFF36F8FFEE72DB3706885428E
:106E600037D82348183001460C6801E020460C460C
:106E70006168A94202D221680029F7D131688C42A9
:106E800027D007682168016060680837411B102916
:106E90000FD96019420708D0502080F31188BFF342
:106EA0004F8FBFF36F8FFEE713E041606560FFF720
:106EB0001FFF61687068401A7060B268904200D22B
:106EC000B060706901430020C4E90001F068401C13
:106ED000F06006F069FB780707D0502080F3118836
:106EE000BFF34F8FBFF36F8FFEE73846BDE8F081E9
:106EF000780000200449086818B10868826C521CA8
:106F000082640868704700003C00002010B5031F31
:106F10004FF080741C601B1F21F001011960191FC4
:106F2000044B0B6014390A60091F6FF002024438E9
:106F30000A6010BD796D00082DE9FE4317460D4625
:106F40000646FEF705FC316804464FF0FF387FB176
:106F50003A466846FEF71CFCDDE90010102902D015
:106F60004046BDE8FE832860FEF7F2FB001BF8E711
:106F700042466846FEF70CFC0198F4E7044810B559
:106F80004FF0FF310068FEF7ABFC012010BD0000A0
:106F90006C01002001480068FEF77ABC6C010020FB
:106FA0002DE9F04100F066F80D4C05464FF0004722
:106FB0002168002911D048682A1ABA420DD20A68FD
:106FC0002260D1E90262606090460A20FDF770FFFE
:106FD000002EEDD04046B047EAE7BDE8F081000062
:106FE0004C01002010B50348FEF74AFC0249086036
:106FF00010BD000024D800086C0100201FB5094B0B
:1070000004460DCBCDE9001000216846CDE90223EE
:10701000FEF7AAFB206010B1002004B010BD4FF0B5
:10702000FF30FAE730D8000810B500680022FEF7FC
:10703000F9FB002801D04FF0FF3010BD0068002898
:1070400000D00120704700684FF0FF31FEF748BCC8
:107050001CB504460020009001906846FEF710FC25
:10706000206008B100201CBD4FF0FF301CBD00683F
:10707000FEF70EBCFAF756B82DE9F04188B00F467E
:1070800006461D4690461C2168460E9CF9F763F99A
:10709000CDE90067ADF80840414668460495FEF723
:1070A000CBFC08B0BDE8F08170B515460E4604462D
:1070B000B0F1804F06D308A340F2291213A121A0FA
:1070C000FAF7D2FFFFF7D6FF20442A463146BDE843
:1070D000704000F04BB800002E2E2F4D6964646C98
:1070E0006577617265732F54686972645F5061726D
:1070F00074792F4C7749502F7372632F636F7265C9
:107100002F74696D656F7574732E630054696D65B6
:107110006F75742074696D6520746F6F206C6F6E6D
:10712000672C206D6178206973204C5749505F555A
:10713000494E5433325F4D41582F34206D7365638F
:1071400073000000417373657274696F6E202225AD
:107150007322206661696C6564206174206C696EBD
:107160006520256420696E2025730A0070B50446E9
:1071700015460E460A20FDF70FFF78B10021C560C5
:10718000104A80E85200116831B14B68E51A4FF09F
:1071900000439D4212D30160106070BDBDE8704095
:1071A00009A3BE2215A125A0FAF75EBF5568651B8D
:1071B0009D4202D30260086070BD11460A68002A31
:1071C000F8D0F3E74C0100202E2E2F4D6964646C3B
:1071D0006577617265732F54686972645F5061727C
:1071E00074792F4C7749502F7372632F636F7265D8
:1071F0002F74696D656F7574732E63007379735F97
:1072000074696D656F75743A2074696D656F757416
:1072100020213D204E554C4C2C20706F6F6C204D22
:10722000454D505F5359535F54494D454F55542078
:10723000697320656D707479000000004173736597
:107240007274696F6E2022257322206661696C65F5
:1072500064206174206C696E6520256420696E204D
:1072600025730A0070B5074D012400BF05EBC40269
:1072700055F834000449FFF717FF641C032CF5D3BD
:1072800070BD000008D800085547000810B5084C2C
:10729000206848B1FFF7EEFE21684968081AB0F18E
:1072A000004F00D3002010BD4FF0FF3010BD000094
:1072B0004C0100202DE9FF5F8946040003D0207DAA
:1072C00001280AD010E004B03AA3BDE8F05F40F214
:1072D0003D2244A14AA0FAF7C7BE36A34FF410726C
:1072E00051A147A0FAF7C0FE207D0A283ED0216DAB
:1072F00003910025DFF86481D4F824B0D4F810A0FD
:10730000D4F890602F4680B34D46E78A214608F1B5
:10731000180002F069FA012188F80010206F08B106
:1073200003F098FEE06E08B103F094FE606F08B1C0
:1073300003F090FE55B1208B211D0091CDE9017025
:1073400023465A461846039903F096FD204600F05E
:1073500029FD002E2CD004B05046B446BDE8F04FB5
:107360006FF00C015DF804EB60470AE03B482146F2
:107370001C3002F039FA04B02046BDE8F05F00F09E
:1073800011BDE08A0028C9D0D8F81000A0420AD167
:10739000C068C8F8100008E0C168A14202D1E168E5
:1073A000C16002E008460028F6D10020E060B5E7A1
:1073B000BDE8FF9F2E2E2F4D6964646C6577617266
:1073C00065732F54686972645F50617274792F4CD1
:1073D0007749502F7372632F636F72652F746370D8
:1073E0002E6300007463705F6162616E646F6E3A59
:1073F00020696E76616C6964207063620000000031
:10740000417373657274696F6E2022257322206642
:1074100061696C6564206174206C696E6520256407
:1074200020696E2025730A00646F6E2774206361E3
:107430006C6C207463705F61626F72742F74637020
:107440005F6162616E646F6E20666F72206C69733B
:1074500074656E2D706362730000000008010020E7
:107460000121FFF727BF00002DE9F041064601206A
:10747000FDF792FD424D04005BD1A86909E0418B04
:10748000C4680A0704D521F00801418300F0BCF963
:1074900020460028F3D100221146EC68E86906E096
:1074A000036AE31A934201D31A460146C0680028D2
:1074B000F6D111B10846FFF7D3FF0120FDF76CFDAF
:1074C000040036D1092001F075F90120FDF764FDB3
:1074D00004002ED1082001F06DF90120FDF75CFDBC
:1074E000040026D17F2E01D97F2001E030001BD07F
:1074F000401EC1B200231A46EC68A8690EE0477D21
:107500008F4206D309D1D0F820C0A4EB0C0C9C45C7
:1075100003D3016A0246631A3946C0680028EED1D7
:1075200012B11046FFF79CFF0120FDF735FD040066
:1075300023D09C21F8F70FFF4FF486606675A4F8FE
:107540006400410061852185FF21E172411061865F
:107550000621A4F84010E187C91F21860121A4F863
:107560004810E9682162A978A177A4F84A00054883
:10757000C4F884000448C4F894002046BDE8F081B3
:107580000801002045A8000800DD6D0010B558B1C5
:10759000017D012903D0418B41F010014183BDE8F9
:1075A0001040012100F042B804A34FF4F4720FA17F
:1075B00014A0FAF759FD6FF00F0010BD2E2E2F4DBD
:1075C0006964646C6577617265732F54686972646D
:1075D0005F50617274792F4C7749502F7372632F0B
:1075E000636F72652F7463702E6300007463705F45
:1075F000636C6F73653A20696E76616C69642070A4
:1076000063620000417373657274696F6E20222596
:107610007322206661696C6564206174206C696EF8
:107620006520256420696E2025730A00FEB50D468D
:10763000040006D145A34FF4AF7250A157A0FAF74A
:1076400013FD28005F4D4FF000064FF001073ED0BC
:10765000207D042801D0072839D1A06F18B9208DCA
:10766000B0F5066F33D0A07EC00606D437A34FF422
:10767000B27255A149A0FAF7F7FC228BE18A201DCE
:107680008DE8070023461846626A216D03F0F4FB7B
:10769000204602F043F8A869A04209D1C068A86159
:1076A00008E0C168A14202D1E168C16002E0084679
:1076B0000028F6D14B48E6602F700068A04202D146
:1076C00004F056FA38E0204600F06CFB34E0207DF0
:1076D00040B101281AD0022830D02046BDE8FE4033
:1076E00000F092B8E08A0028EDD02869A04209D1C4
:1076F000C068286108E0C168A14202D1E168C160A8
:1077000002E008460028F6D1E660DCE7204601F0FA
:10771000AFF82C482146143002F066F8207D01288D
:1077200006D1314BDF2231A103F14400FAF79CFC72
:1077300021460220FDF7BCFB0020FEBD214821466A
:10774000183002F051F82F70BDE700002E2E2F4D9B
:107750006964646C6577617265732F5468697264DB
:107760005F50617274792F4C7749502F7372632F79
:10777000636F72652F7463702E6300007463705FB3
:10778000636C6F73655F73687574646F776E3A20AE
:10779000696E76616C696420706362004173736521
:1077A0007274696F6E2022257322206661696C6590
:1077B00064206174206C696E6520256420696E20E8
:1077C00025730A00080100207063622D3E666C611B
:1077D000677320262054465F5258434C4F5345440C
:1077E0000000000048010020C87D00087463705F3D
:1077F000667265655F6C697374656E3A20214C49E9
:107800005354454E0000000070B5050006D116A384
:107810004FF4CE7220A123A0FAF726FC287D05267E
:10782000032804D0042802D0072816D106E02846F1
:1078300003F090FC040006D12E7509E0284603F001
:1078400089FC040002D0601C09D004E009202875DE
:10785000284601F069FA204670BD002070BD688B93
:1078600040F008006883F8E72E2E2F4D6964646CA1
:107870006577617265732F54686972645F506172D5
:1078800074792F4C7749502F7372632F636F726531
:107890002F7463702E63000070636220213D204EC0
:1078A000554C4C00417373657274696F6E202225CC
:1078B0007322206661696C6564206174206C696E56
:1078C0006520256420696E2025730A002DE9F047A4
:1078D000DDF820809A4691460D46070005D12DA37C
:1078E000A32239A140A0FAF7BFFB002D05D129A39F
:1078F000A42247A13CA0FAF7B7FB5FEAC87001D009
:10790000042600E000260320FDF746FB04001CD0FF
:1079100084F80A804FF00008C4E900852889B04245
:1079200005D21CA3B02243A12FA0FAF79DFB288902
:107930001421801B20812846FEF7A8F848B1204674
:1079400003F07AFB0020BDE8F0872846FEF710FD23
:10795000F8E760684068E060F88AFCF71BFFE168C0
:107960000880388BFCF716FFE16848805046FCF72A
:107970000FFFE1684860B008000300F5A04040EA4E
:107980000900FCF707FFE1688881E1682046A1F85B
:107990001280D8E72E2E2F4D6964646C6577617272
:1079A00065732F54686972645F50617274792F4CEB
:1079B0007749502F7372632F636F72652F746370F2
:1079C0005F6F75742E6300007463705F637265612E
:1079D00074655F7365676D656E743A20696E766174
:1079E0006C69642070636200417373657274696FBF
:1079F0006E2022257322206661696C6564206174A3
:107A0000206C696E6520256420696E2025730A004C
:107A10007463705F6372656174655F7365676D65DC
:107A20006E743A20696E76616C6964207062756666
:107A300000000000702D3E746F745F6C656E203E18
:107A40003D206F70746C656E0000000070B50C46D0
:107A50000546002A06D10BA340F6C50215A11FA0BA
:107A6000FAF702FB5CB1A18C49B1282902D9283967
:107A70008CB200E00024A54200D22C4625462846C0
:107A800070BD00002E2E2F4D6964646C65776172A5
:107A900065732F54686972645F50617274792F4CFA
:107AA0007749502F7372632F636F72652F74637001
:107AB0002E6300007463705F6566665F73656E6455
:107AC0005F6D73735F6E657469663A20696E766187
:107AD0006C6964206473745F69700000417373653E
:107AE0007274696F6E2022257322206661696C654D
:107AF00064206174206C696E6520256420696E20A5
:107B000025730A002DE9F843044600250E46880730
:107B100006D13FA340F211424A494BA0FAF7A4FA1A
:107B2000002C06D13AA340F2134251A146A0FAF725
:107B30009BFAB00700D50125E80700D00420804655
:107B400001464FF420723620FEF704F807004FF08C
:107B5000FF3929D07989414506D22DA340F2394217
:107B60004BA139A0FAF780FA0095324639462046F3
:107B7000E36DFFF7ABFE050016D0287B800706D02B
:107B800023A340F2424251A12FA0FAF76DFA2889AF
:107B9000002806D01EA340F2434252A12AA0FAF7C1
:107BA00063FAE06E38B109E0608B40F080006083DA
:107BB0004846BDE8F883E56604E008460168002908
:107BC000FBD105600020A4F86800B00702D0E06D8A
:107BD000401CE065F00703D0608B40F0200060831C
:107BE0006868FEF7F1F9B4F8661008440004000C68
:107BF000A4F866000AD0206F40B9E06E30B904A343
:107C000040F2654242A110A0FAF72EFA0020D0E718
:107C10002E2E2F4D6964646C6577617265732F54E5
:107C2000686972645F50617274792F4C7749502F84
:107C30007372632F636F72652F7463705F6F7574F7
:107C40002E630000D0D80008417373657274696FA9
:107C50006E2022257322206661696C656420617440
:107C6000206C696E6520256420696E2025730A00EA
:107C70007463705F656E71756575655F666C61676D
:107C8000733A20696E76616C6964207063620000EB
:107C90007463705F656E71756575655F666C61674D
:107CA000733A20636865636B207468617420666949
:107CB00072737420706275662063616E20686F6CE9
:107CC00064206F70746C656E000000007365672D32
:107CD0003E746370686472206E6F7420616C6967B3
:107CE0006E6564007463705F656E71756575655F60
:107CF000666C6167733A20696E76616C69642073A3
:107D000065676D656E74206C656E67746800000051
:107D10007463705F656E71756575655F666C6167CC
:107D2000733A20696E76616C69642071756575655A
:107D3000206C656E6774680070B5194DA878401C9A
:107D4000A870AC6928E0A17FA878814223D0A077F1
:107D5000608BC10709D040F002006083204600F02C
:107D6000E3FF608B20F00300608380B2010705D53C
:107D700020F0080060832046FFF746FDE668A06F0C
:107D800038B100202870204602F058F828780028E2
:107D9000D7D1344600E0E468002CD4D170BD000097
:107DA0000801002010B50446007D012805D106A376
:107DB000D42211A115A0FAF757F92146BDE81040C9
:107DC0000120FDF775B800002E2E2F4D6964646CFC
:107DD0006577617265732F54686972645F50617270
:107DE00074792F4C7749502F7372632F636F7265CC
:107DF0002F7463702E6300007463705F6672656534
:107E00003A204C495354454E0000000041737365BD
:107E10007274696F6E2022257322206661696C6519
:107E200064206174206C696E6520256420696E2071
:107E300025730A002DE9F04799460C460646224F65
:107E40002AE02546D5E90040FEF7BEF8B6F86610F0
:107E50008046414506D21DA340F2574228A132A0D8
:107E6000FAF702F936F8661FA1EB0800308028897E
:107E7000398908443881284603F0DEF836F8660967
:107E8000002809D054EA090006D110A340F261424B
:107E90002FA125A0FAF7E8F894B1E0684068FCF754
:107EA00077FC0546E0688089FCF774FC800700D009
:107EB0000120218928440844B969401A0028C0DDFE
:107EC0002046BDE8F0870000280100202E2E2F4D0F
:107ED0006964646C6577617265732F546869726454
:107EE0005F50617274792F4C7749502F7372632FF2
:107EF000636F72652F7463705F696E2E630000009C
:107F00007063622D3E736E645F71756575656C6537
:107F10006E203E3D20706275665F636C656E286EF4
:107F20006578742D3E702900417373657274696FB2
:107F30006E2022257322206661696C65642061745D
:107F4000206C696E6520256420696E2025730A0007
:107F50007463705F726563656976653A2076616CFB
:107F60006964207175657565206C656E677468005D
:107F700010B50446406F002803D003F06BF80020D2
:107F8000606710BD0849C888421CCA800A6912B1DE
:107F90008B88984203D2C9681431085C7047C01AB4
:107FA000C0B2105C704700002801002010B5F8F73F
:107FB00099F90349C0F30D0000F54040888010BDD9
:107FC000080100202DE9FE4F040005D1DEA3832225
:107FD000EAA1F0A0FAF748F8F84D6068E860608917
:107FE00014287DD3F64E31687069FBF7F3FA002848
:107FF00076D1307DB046C0F303100E2870D0E8680B
:108000008089FCF7C7FB000B81001429E9D3208984
:108010008842E6D3A1F1140080B268804FF0000AD4
:10802000C5F810A062898A4204D3A8802046FEF7D2
:108030006BFB32E0206828B9C3A3C222E1A1D5A01E
:10804000FAF712F814212046FEF75EFB6189A98039
:108050006888401A86B22046FEF756FB20684189A0
:10806000B142BED3416829613146FEF74DFB2089FC
:10807000801B2081608928B1B3A3DF22D5A1C5A0D0
:10808000F9F7F2FF216820890989884205D0AEA35B
:10809000E022D3A1BFA0F9F7E7FFE8680088FCF76A
:1080A00079FB0146E86801804088FCF773FB0146D4
:1080B000E86841804068FCF76BFB0146E868416076
:1080C00069618068FCF764FB0146E8688160A9612A
:1080D000C089FCF75FFB0146E868C181808900E048
:1080E0008CE0FCF757FB00F03F0129702089688184
:1080F000890704D0411C89B2698188427ED8DFF8A3
:1081000000930027D9F8006083E0307D28B98EA362
:10811000FB22BCA19FA0F9F7A7FF307D0A2805D15B
:1081200089A3FC22C1A19BA0F9F79EFF307D012805
:1081300005D185A3FD22C8A196A0F9F795FF307A55
:1081400038B1D8F8041091F83010491CC9B28842EF
:108150005DD1E868318B0288914258D1F18A40881C
:10816000814254D17168D8F8102091424FD13168C2
:10817000D8F8140081424AD1F068B04206D172A307
:1081800040F20D12BEA183A0F9F76EFF37B1F0687F
:10819000F860D9F80010F160C9F80060F068B042EA
:1081A00006D169A340F21512C0A17AA0F9F75CFFCD
:1081B00096B3DFF824835746C8F800A02189A8F8B1
:1081C0000810C8F80440E968C8F80C10C5F81CA0ED
:1081D00085F801A0A5F808A02878000703D5607BE2
:1081E00040F001006073B06F002878D0304601F095
:1081F00025FE0D3007D0B06F002800E0F5E16ED00D
:10820000688900286BD0708D002864D0CCE1374697
:10821000F668002E7FF479AFB04840F21F19464649
:10822000076827E0387D0A2805D047A34A46ACA155
:1082300058A0F9F719FF387A30B1716891F8301009
:10824000491CC9B2884214D1E8683A8B01888A4235
:108250000FD1F98A408881420BD178683169884210
:1082600007D138687169884203D1384603F0F0FBC2
:10827000BBE1FF68002FD5D1A54B0021EF6818683E
:10828000D6F804900246D6F8148016E0067A3EB17D
:1082900099F830C00CF1010C0CF0FF0C66450AD1C6
:1082A000C68AB7F802C0664505D10668464507D0BC
:1082B000002804D036B10146C0680028E6D17FE12D
:1082C00000283FD019B1C568CD60C260186000F0C9
:1082D00007FB8AE103E0304602F0C6FE64E1304667
:1082E0002E6201F049FB0D3011D068782C46000752
:1082F0000ED5D6F890201AB16FF00D013069904775
:1083000031463F4801F070FA3046FFF74BFD4BE134
:10831000228942B1D6F8803023B13146306998477E
:108320000D300CD02781304600F074F938B9E0697F
:1083300030B1B06F28B104A34FF4F372EAE033E137
:108340000EE1ECE03CE100002E2E2F4D6964646CE0
:108350006577617265732F54686972645F506172EA
:1083600074792F4C7749502F7372632F636F726546
:108370002F7463705F696E2E630000007463705F1A
:10838000696E7075743A20696E76616C69642070EC
:1083900062756600417373657274696F6E20222581
:1083A0007322206661696C6564206174206C696E5B
:1083B0006520256420696E2025730A0028010020AD
:1083C00064D60020702D3E6E65787420213D204ECD
:1083D000554C4C00702D3E6C656E203D3D203000AC
:1083E000702D3E746F745F6C656E203D3D20702D66
:1083F0003E6E6578742D3E746F745F6C656E000020
:10840000200100207463705F696E7075743A20619A
:108410006374697665207063622D3E737461746560
:1084200020213D20434C4F53454400007463705F4E
:10843000696E7075743A2061637469766520706343
:10844000622D3E737461746520213D2054494D4571
:108450002D574149540000007463705F696E707558
:10846000743A20616374697665207063622D3E738F
:108470007461746520213D204C495354454E0000E1
:108480007463705F696E7075743A207063622D3E1C
:108490006E65787420213D207063622028626566D5
:1084A0006F72652063616368652900007463705FA3
:1084B000696E7075743A207063622D3E6E657874D3
:1084C00020213D20706362202861667465722063FC
:1084D00061636865290000001C2F01202401002031
:1084E0007463705F696E7075743A2054494D452D00
:1084F00057414954207063622D3E73746174652046
:108500003D3D2054494D452D574149540000000040
:108510001C01002037A1AFF28410F9F7A5FDB07E51
:10852000C00606D5E069FDF723FF3046FEF798FF49
:108530003AE0D6F884C0BCF1000F05D000233069C2
:108540003146E269E04705E0002331461846E2691A
:1085500002F078F910F10D0F26D008B1E069B0678C
:108560006078800618D5B06F20B1417B41F02001C2
:10857000417311E0308DB0F5066F01D0401C30859D
:10858000D6F884C0BCF1000F06D000231A4631464D
:108590003069E0470D3007D03046276200F03AF8E6
:1085A00010B9304600F0C0FB2F62EF61D8F804002C
:1085B0004446002802D0FDF7DBFE6760BDE8FE8F71
:1085C000B889FCF7E7F840070FD4E868104A104B69
:1085D000018840880092CDE90101698968691B1D05
:1085E00042180020A96902F047FC2046BDE8FE4F72
:1085F000FDF7BEBE7063622D3E726566757365647D
:108600005F64617461203D3D204E554C4C0000007C
:1086100074D6002010B5040006D110A340F25A22EF
:108620001BA125A0F9F720FD2D484078C00612D5E2
:10863000A07EC00606D4D4F890201AB16FF00E01C7
:10864000206990472146274801F0CEF82046FFF7E1
:10865000A9FB012010BD002010BD00002E2E2F4DC3
:108660006964646C6577617265732F5468697264BC
:108670005F50617274792F4C7749502F7372632F5A
:10868000636F72652F7463705F696E2E6300000004
:108690007463705F696E7075745F64656C61796531
:1086A000645F636C6F73653A20696E76616C6964B0
:1086B0002070636200000000417373657274696F1B
:1086C0006E2022257322206661696C6564206174C6
:1086D000206C696E6520256420696E2025730A0070
:1086E000280100202001002070B504004FF0000692
:1086F00006D112A340F624021DA124A0F9F7B4FC70
:10870000206D401EFCF744F8034600223146204607
:1087100000F07AFC05000DD00146334600222046C9
:1087200000F0D0FD2246231D2946BDE870401046CA
:1087300000F058BD4FF0FF3070BD00002E2E2F4DC1
:108740006964646C6577617265732F5468697264DB
:108750005F50617274792F4C7749502F7372632F79
:10876000636F72652F7463705F6F75742E630000A2
:108770007463705F6B656570616C6976653A2069DA
:108780006E76616C6964207063620000417373658A
:108790007274696F6E2022257322206661696C6590
:1087A00064206174206C696E6520256420696E20E8
:1087B00025730A0070B50446082808D0092C06D095
:1087C00010A340F2DD621BA11EA0F9F74DFC274B60
:1087D000002108469A69DB6809E0157DA54205D1AC
:1087E000156A5D1B8D4201D329461046D268002AC6
:1087F000F3D1002804D0BDE870400021FEF75ABD37
:1088000070BD00002E2E2F4D6964646C6577617217
:1088100065732F54686972645F50617274792F4C6C
:108820007749502F7372632F636F72652F74637073
:108830002E630000696E76616C69642073746174E4
:1088400065000000417373657274696F6E202225A4
:108850007322206661696C6564206174206C696EA6
:108860006520256420696E2025730A000801002018
:1088700070B5050007D10F4B40F211120EA103F1A4
:108880004400F9F7F1FB287D012807D0094B4FF48C
:1088900089720CA103F14400F9F7E6FB0F4E0124A5
:1088A000294656F82400006802F0A4F8641C042C41
:1088B000F6D370BDC87D000870636220213D204E54
:1088C000554C4C007063622D3E7374617465203D9D
:1088D0003D204C495354454E00000000F8D7000895
:1088E000FEB5424E0546307840071BD4002D06D118
:1088F0003FA340F281224BA152A0F9F7B5FB30789B
:10890000C10610D5F068594A584B0188408800923A
:10891000CDE90101718970691B1D42182846B169B2
:1089200002F0AAFAFEBD8007FCD5687DFEF79CFD2B
:1089300004004AD04D4810384169216000696060E8
:10894000E88AE082F068008820830320207570693F
:10895000401C6062E062204600F014F9A0652065CA
:108960006064E0657069401E60652869E5672061A4
:10897000687A00F00C006072287A20723C48016826
:10898000E160046003F04AF83A490120087020468B
:1089900000F046FEF068C089A4F86000A4F8620008
:1089A000201DFBF73FFA0146608E221DFFF74EF8AF
:1089B000608612212046FFF7A5F888B103B0204653
:1089C000BDE8F0400021FEF775BCAB69002BA9D0D3
:1089D000286903B04FF0FF32BDE8F040002118478E
:1089E0002046BDE8FE4000F09FB9000028010020AD
:1089F0002E2E2F4D6964646C6577617265732F54F8
:108A0000686972645F50617274792F4C7749502F96
:108A10007372632F636F72652F7463705F696E2E5C
:108A2000630000007463705F6C697374656E5F69E6
:108A30006E7075743A20696E76616C69642070633B
:108A400062000000417373657274696F6E202225A5
:108A50007322206661696C6564206174206C696EA4
:108A60006520256420696E2025730A0074D60020D5
:108A7000200100200801002070B50D4604001DD023
:108A8000206800281AD00E4E2046B16900F01AF86E
:108A90002046316900F016F8002D0FD02868002814
:108AA0000CD006F11400026806E0106821688842C4
:108AB00001D128681060D268002AF6D170BD00008C
:108AC0000801002070B505000C4612D10AA34FF42E
:108AD000106215A121A0F9F7C7FA0AE020682968F9
:108AE000884205D12046E668FEF7BAFC344600E02D
:108AF000E468002CF2D170BD2E2E2F4D6964646C99
:108B00006577617265732F54686972645F50617232
:108B100074792F4C7749502F7372632F636F72658E
:108B20002F7463702E6300007463705F6E657469E8
:108B3000665F69705F616464725F6368616E6765D8
:108B4000645F7063626C6973743A20696E76616CFD
:108B50006964206F6C645F61646472004173736563
:108B60007274696F6E2022257322206661696C65BC
:108B700064206174206C696E6520256420696E2014
:108B800025730A0010B5002806D106A340F6AF02EF
:108B900010A117A0F9F768FA1F49D1E902021044A1
:108BA000886010BD2E2E2F4D6964646C65776172EC
:108BB00065732F54686972645F50617274792F4CC9
:108BC0007749502F7372632F636F72652F746370D0
:108BD0002E6300007463705F6E6578745F697373F1
:108BE0003A20696E76616C696420706362000000EF
:108BF000417373657274696F6E202225732220663B
:108C000061696C6564206174206C696E65202564FF
:108C100020696E2025730A000801002070B50C46FB
:108C2000050006D11EA340F21F422AA133A0F9F786
:108C30001BFAE8688089FBF7ADFD3A4EC00715D0F6
:108C4000204602F007FA002427E08089FBF7A2FD06
:108C5000C00707D00120FBF79DFD0146E868828927
:108C6000114381812046246802F0E6F9ACB1E06846
:108C70002289736941680A4429891944891AE4D50B
:108C80002989CA18E1684968521A002A05DDC81AFC
:108C900081B229816868FDF74FFC2C6070BD00002F
:108CA0002E2E2F4D6964646C6577617265732F5445
:108CB000686972645F50617274792F4C7749502FE4
:108CC0007372632F636F72652F7463705F696E2EAA
:108CD000630000007463705F6F6F735F696E73652C
:108CE00072745F7365676D656E743A20696E766144
:108CF0006C696420637365670000000041737365ED
:108D00007274696F6E2022257322206661696C651A
:108D100064206174206C696E6520256420696E2072
:108D200025730A00280100202DE9F05F040006D118
:108D300087A340F2E14293A198A0F9F795F9207D2D
:108D4000012806D182A340F2E3429EA193A0F9F745
:108D50008BF9A6480068A04202D10020BDE8F09F30
:108D6000B4F86010B4F84800814200D20846E56EBD
:108D700081466DB12146221D084602F075F85FEA72
:108D8000000A6FF003012ED054B1206840B10CE00E
:108D9000A07E80076FD52046BDE8F05F02F064B981
:108DA0001AF104001FD000682060E8684068FBF7F3
:108DB000EFFC616C401A2989421800204A4514D9F9
:108DC000B4F860204A45E3D1216F0029E0D194F83E
:108DD00099100029DCD184F89800012184F89910B9
:108DE00084F89A00D4E70846B8E784F89900266F1B
:108DF00083460EB998E0064630680028FBD192E021
:108E0000E8688089FBF7C6FC400706D550A340F20E
:108E1000365277A161A0F9F727F9206FA8B1618BCD
:108E200011F0440F11D1E06E28B102686AB90089CF
:108E3000628E904209D2B4F8640030B1B4F8660092
:108E4000092802D211F0A00F79D0207D022807D086
:108E50001020FBF79FFC0146E8688289114381815D
:108E600052462146284600F099FA28B1618B41F01C
:108E70008001618372E766E02868E066207D022851
:108E800003D0608B20F003006083E8684068FBF744
:108E90007FFC0746E8688089FBF77CFC800700D0F0
:108EA0000120298938440844216D091A00D520651C
:108EB000E8688089FBF76EFC800700D001202989D3
:108EC000C8422CD0C5F800B0206F68B1E86840688F
:108ED000FBF75EFC0746F0684068FBF759FC381A60
:108EE0001AD504F1700003E0256716E0D8F80000F9
:108EF0008046006850B1C0684068FBF749FC0746EF
:108F0000E8684068FBF744FC381AEFD4D8F8000052
:108F10002860C8F8005005E035602E4602E028467B
:108F200002F08AF8E56E55B1E8684068FBF730FC5E
:108F3000616C401A2989014449457FF661AFE06EB2
:108F400008B9A4F868B0608B20F08000608304E763
:108F50002E2E2F4D6964646C6577617265732F5492
:108F6000686972645F50617274792F4C7749502F31
:108F70007372632F636F72652F7463705F6F7574A4
:108F80002E6300007463705F6F75747075743A209F
:108F9000696E76616C696420706362004173736509
:108FA0007274696F6E2022257322206661696C6578
:108FB00064206174206C696E6520256420696E20D0
:108FC00025730A00646F6E27742063616C6C2074D3
:108FD00063705F6F757470757420666F72206C6952
:108FE0007374656E2D706362730000004801002089
:108FF000525354206E6F7420657870656374656495
:1090000020686572652100002DE9FF411D46164666
:109010000F46040006D10EA340F2427219A123A00C
:10902000F9F722F8E08A638D1022218B8DE80F007A
:109030002B4632463946606A00F04CF8002803D0CF
:10904000628D616A1144E16204B0BDE8F081000004
:109050002E2E2F4D6964646C6577617265732F5491
:10906000686972645F50617274792F4C7749502F30
:109070007372632F636F72652F7463705F6F7574A3
:109080002E6300007463705F6F75747075745F6138
:109090006C6C6F635F6865616465723A20696E76B7
:1090A000616C696420706362000000004173736545
:1090B0007274696F6E2022257322206661696C6567
:1090C00064206174206C696E6520256420696E20BF
:1090D00025730A002DE9F05F834688180E46DDE906
:1090E0000B98143081B21F464FF420722220DDF815
:1090F00028A0FCF72FFD05002AD0698906F114008D
:10910000814206D214A340F2237220A12BA0F8F7CB
:10911000ABFF50466C68FBF73DFB20804846FBF7F1
:1091200039FB608067605846FBF732FBA060B008EF
:10913000000300F5A04080B240EA0800FBF72AFBDC
:10914000A0810D98FBF726FBE08100202082608241
:109150002846BDE8F09F00002E2E2F4D6964646CF8
:109160006577617265732F54686972645F506172CC
:1091700074792F4C7749502F7372632F636F726528
:109180002F7463705F6F75742E630000636865638E
:109190006B207468617420666972737420706275E4
:1091A000662063616E20686F6C64207374727563EF
:1091B00074207463705F68647200000041737365AB
:1091C0007274696F6E2022257322206661696C6556
:1091D00064206174206C696E6520256420696E20AE
:1091E00025730A00FEB51E4617460D00044606D13B
:1091F00012A340F287721EA128A0F8F735FF32466D
:109200003946204601F030FE18B12CB1E37AA17A3C
:1092100004E06FF003040BE0FF230021009106221D
:10922000CDE90120324639462846FAF7EBFB0446E1
:109230002846FDF79DF82046FEBD00002E2E2F4D3E
:109240006964646C6577617265732F5468697264D0
:109250005F50617274792F4C7749502F7372632F6E
:10926000636F72652F7463705F6F75742E63000097
:109270007463705F6F75747075745F636F6E747212
:109280006F6C5F7365676D656E743A20696E7661A9
:109290006C6964207062756600000000417373653C
:1092A0007274696F6E2022257322206661696C6575
:1092B00064206174206C696E6520256420696E20CD
:1092C00025730A0070B515460C0006D10DA340F2B7
:1092D000567219A122A0F8F7C7FE6068EA0700F1EC
:1092E000140100D0042210441430884208D0BDE894
:1092F000704004A340F2757223A119A0F8F7B4BE20
:1093000070BD00002E2E2F4D6964646C657761720C
:1093100065732F54686972645F50617274792F4C61
:109320007749502F7372632F636F72652F74637068
:109330005F6F75742E6300007463705F6F75747077
:1093400075745F66696C6C5F6F7074696F6E733A89
:1093500020696E76616C6964207062756600000039
:10936000417373657274696F6E20222573222066C3
:1093700061696C6564206174206C696E6520256488
:1093800020696E2025730A006F7074696F6E7320F8
:109390006E6F742066696C6C656400002DE9FE4395
:1093A00017460C46050006D13DA34FF4B76249A10C
:1093B00050A0F8F759FE002C06D139A340F2B9525B
:1093C00056A14CA0F8F750FE002F06D134A340F26E
:1093D000BA525AA147A0F8F747FE284600F0CCF849
:1093E00010B10020BDE8FE83606AFBF7D1F9E9689F
:1093F0008860608DFBF7CEF9E968C881618D606A8D
:109400000844E062EE68A87A1436C0070AD0221D2C
:1094100039464FF40670FEF719FB40F00170FBF778
:10942000B7F901C6B4F930004FF00008002801DA9E
:10943000A4F83080606B38B9494800686063E86818
:109440004068FBF7A5F9A0636968A8898A88801A33
:109450004A89121A4A8169680A89101A088169685A
:10946000E8684860E968A1F81080A87AE968C00750
:1094700000D0042014300844B04206D008A340F2C3
:109480001C6238A11BA0F8F7EFFDA07A06218DE839
:109490008300E37A221D21466868FAF7B3FAA1E750
:1094A0002E2E2F4D6964646C6577617265732F543D
:1094B000686972645F50617274792F4C7749502FDC
:1094C0007372632F636F72652F7463705F6F75744F
:1094D0002E6300007463705F6F75747075745F73D2
:1094E00065676D656E743A20696E76616C6964209B
:1094F00073656700417373657274696F6E2022250E
:109500007322206661696C6564206174206C696EE9
:109510006520256420696E2025730A007463705FDE
:109520006F75747075745F7365676D656E743A20DE
:10953000696E76616C696420706362007463705F49
:109540006F75747075745F7365676D656E743A20BE
:10955000696E76616C6964206E65746966000000EE
:10956000140100206F7074696F6E73206E6F742029
:1095700066696C6C6564000010B5040006D107A331
:1095800040F29A5212A11CA0F8F76EFD6068807B31
:10959000012801D0012010BD002010BD2E2E2F4D1E
:1095A0006964646C6577617265732F54686972646D
:1095B0005F50617274792F4C7749502F7372632F0B
:1095C000636F72652F7463705F6F75742E63000034
:1095D0007463705F6F75747075745F7365676D65C4
:1095E0006E745F627573793A20696E76616C696436
:1095F0002073656700000000417373657274696FC2
:109600006E2022257322206661696C656420617476
:10961000206C696E6520256420696E2025730A0020
:109620002DE9F041060006D11DA340F27D7229A16B
:109630002FA0F8F719FD384C6088002818D00020BA
:10964000E0804FF406750FE0FEF79CFC00280FD079
:10965000012809D002280DD0FEF794FC022807D378
:10966000E1880844801EE080E08861888842EBD36E
:10967000BDE8F081FEF786FC0428F9D1E088618816
:10968000801C8842F4D8FEF77DFC0702FEF77AFCC6
:109690003843A84200D800B928467086E4E70000A5
:1096A0002E2E2F4D6964646C6577617265732F543B
:1096B000686972645F50617274792F4C7749502FDA
:1096C0007372632F636F72652F7463705F696E2EA0
:1096D000630000007463705F70617273656F707413
:1096E0003A20696E76616C696420706362000000E4
:1096F000417373657274696F6E2022257322206630
:1097000061696C6564206174206C696E65202564F4
:1097100020696E2025730A002801002070B504001E
:109720001FD0207D00281BD00A2819D0012817D06F
:10973000A06F002510B1FCF71BFEA567606F10B18C
:109740002046FEF715FC4FF0FF302086E06E01F05A
:1097500081FC206F01F07EFCE5662567A4F8685067
:1097600070BDBDE8704003A340F651020DA114A0E6
:10977000F8F77ABC2E2E2F4D6964646C65776172A0
:1097800065732F54686972645F50617274792F4CED
:109790007749502F7372632F636F72652F746370F4
:1097A0002E6300007463705F7063625F7075726730
:1097B000653A20696E76616C6964207063620000AE
:1097C000417373657274696F6E202225732220665F
:1097D00061696C6564206174206C696E6520256424
:1097E00020696E2025730A0070B50C00054606D16D
:1097F00029A340F6830234A13AA0F8F735FC002DE6
:1098000006D125A340F6840240A136A0F8F72CFC2F
:109810002868A04209D1C068286008E0C168A14258
:1098200002D1E168C16002E008460028F6D10025B7
:109830002046E560FFF772FF207D0A280DD0012841
:1098400026D0608BC10708D040F00200608320461C
:10985000FFF76AFA207D01281AD0E06E30B10EA31E
:1098600040F6930231A11FA0F8F7FEFB206F30B144
:1098700009A340F6940233A11AA0F8F7F5FB606F34
:1098800030B105A340F6960235A116A0F8F7ECFB1F
:109890002575E58270BD00002E2E2F4D6964646C25
:1098A0006577617265732F54686972645F50617285
:1098B00074792F4C7749502F7372632F636F7265E1
:1098C0002F7463702E6300007463705F7063625F57
:1098D00072656D6F76653A20696E76616C69642099
:1098E00070636200417373657274696F6E20222524
:1098F0007322206661696C6564206174206C696EF6
:109900006520256420696E2025730A007463705FEA
:109910007063625F72656D6F76653A20696E76611D
:109920006C6964207063626C69737400756E736532
:109930006E74207365676D656E7473206C65616B02
:10994000696E6700756E61636B6564207365676D32
:10995000656E7473206C65616B696E670000000052
:109960006F6F736571207365676D656E7473206CBE
:1099700065616B696E6700002DE9FE4F040006D13A
:10998000DDA34FF44772E9A1EFA0F8F76DFBF84DA6
:10999000287841072CD5217D022905D0626A6869A3
:1099A000824206D189B117E0206DA969884213D09F
:1099B00041E2811AFCD4218D1144401A0028F7DCC1
:1099C000608B40F00200608335E2CBA34FF44E720F
:1099D000E8A1DDA0F8F748FB687840F0080068705F
:1099E000608B20F0010060836FF00D00BDE8FE8FFA
:1099F000800704D5207D022801D00328E0D1A07E75
:109A0000C00602D4E348006820624FF0000884F8E2
:109A10009B8084F89A802046FFF702FEDE4B227D71
:109A200003F110000421DFF874A3DD4FDD4E921E18
:109A300014334FF001094FF00A0B082AB8D2DFE8BF
:109A400002F00487F2F6EFF2EEED2A78D606AFD5F3
:109A5000920767D5626CAE69521CB24262D16869E6
:109A6000421C62626664E262EA68401ED289A4F81F
:109A70006020A4F8622060652175201DFAF7D2F9F4
:109A80000146608E221DFDF7E1FF41F21C11608648
:109A9000B1EB400F01D2420000E00A46B2EB800F6A
:109AA00001D9810003E0B1EB400F00D24100A4F8DE
:109AB0004810B4F8660030B98FA34FF45B72BAA1B6
:109AC000A1A0F8F7D1FAB4F86600401EA4F8660029
:109AD000256FBDB128682067284601F0ADFA206FD8
:109AE000E0B1A4F8308084F8428000BFD4F8883018
:109AF000002B3FF465AF00222146206998470D30C6
:109B00004DD05DE7E56E35B97BA34FF45D72ACA136
:109B10008DA0F8F7A9FA2868E066DDE74FF0FF307E
:109B20002086E3E7E9680A8849888DE807006989A3
:109B3000686942182046A96901F09EF994F842002C
:109B4000062804D2A4F83080204601F069F872E1BA
:109B50002A78D60657D5626CAE69B21A012A45D466
:109B6000226DB21A002A41DC2175E06FA0B1806934
:109B700048B961A34FF46A7296A173A0F8F774FA1A
:109B8000E06F806940B1E16F206900228B69214656
:109B9000984738B10D3002D02046FDF761FC6FF0D8
:109BA0000C0023E7204600F0CBF9288908B1401EBD
:109BB0002881618E41F21C10B0EB410F01D24A00A6
:109BC00000E00246B2EB810F01D9880003E0B0EB60
:109BD000410F00D24800A4F848006878800611D5EB
:109BE000608B40F002006083072057E0E9680A8834
:109BF00049888DE80700698968694218314620461E
:109C000001F03AF917E1900707D5606A6969401ECB
:109C1000884202D1204600F019FF0CE1FBE057E03A
:109C20003EE004E0FFE7204600F08AF9D5E7204651
:109C300000F086F96878800628784FEAC06024D55D
:109C4000002805DA206DA969884201D1E06E28B1AB
:109C5000608B40F00200608308201FE0608B40F0C2
:109C6000020060832046FFF759FD3068A04209D109
:109C7000C0683060C5E0C168A14202D1E168C1603E
:109C8000BFE008460028F6D1BBE0002833DA206D9B
:109C9000A96988422FD1E06E68BB06202075CAE012
:109CA000204600F04DF96878800624D5608B40F09E
:109CB000020060832046FFF731FD3068A042D7D014
:109CC00003E0C168A142D9D008460028F9D198E044
:109CD000204600F035F92878C0060CD5206DA9691A
:109CE000884208D1E06E30B92046FFF717FD306892
:109CF000A042BDD083E09EE02E2E2F4D6964646C9F
:109D00006577617265732F54686972645F50617220
:109D100074792F4C7749502F7372632F636F72657C
:109D20002F7463705F696E2E630000007463705F50
:109D300070726F636573733A20696E76616C6964E3
:109D40002070636200000000417373657274696F74
:109D50006E2022257322206661696C65642061741F
:109D6000206C696E6520256420696E2025730A00C9
:109D7000280100207463705F696E7075743A2070FA
:109D800063622D3E737461746520213D20434C4F06
:109D9000534544001401002064D60020080100202F
:109DA00024010020200100207063622D3E736E6448
:109DB0005F71756575656C656E203E203000000032
:109DC0006E6F207365676D656E7420746F206672A8
:109DD000656500007063622D3E6C697374656E6525
:109DE000722D3E61636365707420213D204E554C99
:109DF0004C000000C168A1423FF440AF0846002873
:109E0000F8D18AF8009084F814B03868E0603C60BB
:109E100001F004FE0FE0204600F092F82878C0061A
:109E200009D5206DA969884205D1E06E18B9687816
:109E300040F0100068700020D8E500002DE9F041E6
:109E400004000DD0A56F00206E7BA067D4F884704D
:109E5000002F10D000232A4621462069B84710E081
:109E600017A340F2096222A12BA0F8F7FDF86FF0CA
:109E70000F00BDE8F08100232A462146184600F075
:109E8000E1FC6FF00C0728B10D3017D06FF0040023
:109E9000A567EEE7B0060FD5208DB0F5066F01D0AF
:109EA000401C2085D4F8845035B100231A46214641
:109EB0002069A8470D3001D00020DAE73846D8E7FE
:109EC0002E2E2F4D6964646C6577617265732F5413
:109ED000686972645F50617274792F4C7749502FB2
:109EE0007372632F636F72652F7463702E6300004B
:109EF0007463705F70726F636573735F72656675AC
:109F00007365645F646174613A20696E76616C693F
:109F10006420706362000000417373657274696F3E
:109F20006E2022257322206661696C65642061744D
:109F3000206C696E6520256420696E2025730A00F7
:109F40002DE9F047040006D1E1A340F27B42EDA1E8
:109F5000F3A0F8F789F8207D042806D2DCA340F2AC
:109F60007C42F9A1EEA0F8F77FF8FE4D4FF6FF779F
:109F70004FF000062878C0067ED5B4F86020A16DA9
:109F8000636D686902EB0108B3EB000C0BD48342EC
:109F900002D1AB69CB1A06D4AB69994210D1E968FA
:109FA000C98991420CD9E968C989A4F86010B4F84C
:109FB00062208A4201D2A4F862106065A869A06597
:109FC000626CA869811A00292EDC698949BBB4F842
:109FD0006030A16D1944414523D1B4F930100029F6
:109FE0001FDB82421DD194F84300411CC9B281425B
:109FF00001D984F8431094F8430003280CD9B4F82D
:10A000004810608E084480B2884202D3A4F8480009
:10A0100003E0A4F8487000E002D3204600F08CFD75
:10A020008EE084F843608BE0012977D4226D821A98
:10A03000002A73DC628B530708D522F00402628386
:10A04000B4F84A20A4F84820A4F86A6084F8426072
:10A05000E28FB4F93C3089B202EBE302A4F840206D
:10A0600084F843606064207D042831D3B4F848004C
:10A07000B4F84A20904200E082E015D2628B1205CB
:10A0800001D5012200E00222638E53439AB28A4234
:10A0900000D81146014489B2814202D3A4F8481085
:10A0A00016E0A4F8487013E0B4F86A20114489B2AD
:10A0B000914202D3A4F86A1001E0A4F86A70B4F8DF
:10A0C0006A10814204D3091AA4F86A10618EE1E78C
:10A0D000D4E91B31A4A22046FDF7ACFE206703465D
:10A0E000A3A22046E16EFDF7A5FEE066216F19B13F
:10A0F0002686267720B105E04FF0FF322286F8E76A
:10A10000A4F86860B4F864202B891A44A4F8642089
:10A11000628B120514D511B1C86802E00DE038B1A8
:10A12000C0684068FAF734FBE16C081A002807DCC5
:10A13000608B20F40060608302E0204600F094FF12
:10A14000606BE8B1A16BAA69891A19D58A49098897
:10A15000081AB4F93C10A0EBE10000B2014409B2C6
:10A16000A187002801DA404200B2B4F93E20A0EBFA
:10A17000A2001044E08700EBE100A4F84000666311
:10A18000B5F80AC0BCF1000F7ED0207D07287BD235
:10A19000616A6A69DFF8E4A1881AA946012849D4EE
:10A1A00002EB0C054D1B6D1C002D43DCDAF804504E
:10A1B000804635B946A340F2945271A158A0F7F7F2
:10A1C00053FFB84506D342A340F2955270A154A064
:10A1D000F7F74AFFDAF804001FFA88F7D04600893B
:10A1E000B84206D23AA340F297526DA14CA0F7F7BD
:10A1F0003BFFB8F80810C91BA8F80810D8F80400ED
:10A200000089C01B81B204E029816E81381A2D6853
:10A2100087B26889B842F7D339462846FCF774FA02
:10A22000606AC9F81400D8F80C104860616A401AD6
:10A2300007D593E2501A04D5608B40F0020060838A
:10A240008CE2208D0A460144D9F814004F46411A89
:10A25000491C0029EDDC824238D1DAF80C00554661
:10A260008089FAF797FA800700D001202989B8463B
:10A27000084480B27881218D814228D2E8688089A3
:10A28000FAF788FAC00700E06DE20ED0E86880892E
:10A29000FAF780FAC0F344004000FAF77BFAE96865
:10A2A0008A8922F47C5210438881208D2881E868B5
:10A2B0008089FAF76FFA800702D52889401E288125
:10A2C00029896868FCF738F9E86871E08DE18BE06E
:10A2D0002E2E2F4D6964646C6577617265732F54FF
:10A2E000686972645F50617274792F4C7749502F9E
:10A2F0007372632F636F72652F7463705F696E2E64
:10A30000630000007463705F726563656976653A27
:10A3100020696E76616C69642070636200000000E1
:10A32000417373657274696F6E20222573222066F3
:10A3300061696C6564206174206C696E65202564B8
:10A3400020696E2025730A007463705F726563650F
:10A350006976653A2077726F6E67207374617465F1
:10A360000000000028010020756E61636B656400C9
:10A37000756E73656E740000140100201C2F01209F
:10A38000696E7365672E7020213D204E554C4C0040
:10A39000696E73616E65206F666673657421000077
:10A3A0007062756620746F6F2073686F727421001D
:10A3B0008089FAF7EFF9800700D001202989084445
:10A3C00081B2A8F80A10238D626AD8F814001A44E2
:10A3D0000844904208D0AFF2081340F2CB52E9A1F2
:10A3E000AFF2C400F7F740FE606F002873D0E86852
:10A3F0008089FAF7CFF9C00704D107E001686167E7
:10A4000000F01AFE606F0028F8D164E0676F1EE06C
:10A410008889FAF7BFF9C00715D0E8688089FAF78C
:10A42000B9F980070FD40120FAF7B4F9E9688A89ED
:10A4300010438881FAF7AEF9800700D001202989FE
:10A440000844A8F80A0038463F6800F0F5FDDFB37D
:10A45000F9683A89D8F8143048680244B8F80A0014
:10A460001844801AD4D5B8F80A20D8F814108B18DC
:10A47000FA6852689B1A002B2CDD501A2881E86874
:10A480008089FAF787F9800702D52889401E28813C
:10A4900029896868FCF750F8E8688089FAF77AF942
:10A4A000800700D001202989084481B2A8F80A1049
:10A4B000D8F814000844F968496888420AD0AFF215
:10A4C000F01340F2FC5200E004E0BCA1AFF2B01087
:10A4D000F7F7CAFD6767B8F80A00D8F814104746BE
:10A4E00001446162218D814208D2AFF21C2340F207
:10A4F0000762C1A1AFF2D810F7F7B6FD208D7989B8
:10A50000401A2085204601F03BFB6868018909B1AB
:10A51000F8616E60E8688089FAF73CF9C00752D0AC
:10A52000787840F0200078704DE079618089FAF702
:10A5300031F9800700D001202A89616A114408445A
:10A540006062E8688089FAF725F9800700D0012069
:10A5500029890844218D884208D9AFF28C2340F222
:10A560002B62ADA1AFF24820F7F77EFDE868808945
:10A57000FAF710F9800700D0012029890844218DBD
:10A58000081A2085204601F0FBFA6968088930B175
:10A59000F86910B1FBF780FC00E0F9616E60E868D3
:10A5A0008089FAF7F7F8C00708D0787840F02000E3
:10A5B0007870207D042801D1072020752868606705
:10A5C000284600F039FD656F25B1E868626A416888
:10A5D0009142AAD0608BC10702D020F00100CEE0EA
:10A5E00040F001006083BDE8F087656F9DB10026F3
:10A5F000C846E9684968814212D1BAF80800298939
:10A6000088420CD98E4800F0C1FC002807D08EB3D8
:10A610003060294625E08A4800F0B8FC60679DE07C
:10A6200016B3F2685268821A012A25D4421A521CC3
:10A63000002A21DC824800F0A9FC070013D0F06852
:10A64000318940684218D8F81410521A002A05DDE2
:10A65000081A81B231817068FBF76EFF29463846CF
:10A660003760FEF7DBFA79E0421A05D5744800F04E
:10A670008DFCE8B36067CCE72A682E46CABB411A56
:10A68000002968DDE8688089FAF784F8C00765D199
:10A690006B4800F07BFC286050B3E8684646416890
:10A6A00028890A18D8F81400121A002A05DD401A61
:10A6B00081B229816868FBF73FFF218D606A72696A
:10A6C000084471891144081A002847DD2868C068C9
:10A6D0008089FAF75FF8C00713D02868C0688089BE
:10A6E000FAF758F8C0F344004000FAF753F801E0D5
:10A6F00030E030E02968C9688A8922F47C5210432E
:10A700008881A08C218D0844B18A401A81B22868C2
:10A71000018128684068FBF70FFF2868C0688089BE
:10A72000FAF738F8800700D0012029680989084421
:10A7300080B27081228D616A11447269104488422E
:10A740000CD0AFF274434FF4DF620EA1AFF2304091
:10A75000F7F78AFC02E015007FF44BAF2046BDE816
:10A76000F04700F081BC606A69690A1A06D4228D3C
:10A770001044081A401C00287FF735AF608B40F06A
:10A7800002002FE77463705F726563656976653AEE
:10A79000207365676D656E74206E6F7420747269C6
:10A7A0006D6D656420636F72726563746C7920747B
:10A7B0006F207263765F776E640A00007463705F67
:10A7C000726563656976653A207365676D656E7459
:10A7D000206E6F74207472696D6D656420636F7292
:10A7E000726563746C7920746F206F6F736571206C
:10A7F00071756575650A00007463705F72656365E5
:10A800006976653A207463706C656E203E207263D1
:10A81000765F776E640A00007463705F72656365CB
:10A820006976653A206F6F736571207463706C652B
:10A830006E203E207263765F776E640A000000002F
:10A840001C2F012010B51446080008D0002C10D091
:10A85000218900F04FF82046FBF78AFD0AE008A3A3
:10A860004FF4D36212A119A0F7F7FEFB6FF00F00AF
:10A8700010BD0BB1002010BDBDE81040FCF786BE36
:10A880002E2E2F4D6964646C6577617265732F5449
:10A89000686972645F50617274792F4C7749502FE8
:10A8A0007372632F636F72652F7463702E63000081
:10A8B0007463705F726563765F6E756C6C3A206965
:10A8C0006E76616C69642070636200004173736529
:10A8D0007274696F6E2022257322206661696C652F
:10A8E00064206174206C696E6520256420696E2087
:10A8F00025730A0070B50D46040003D0207D0128A1
:10A9000009D00FE0BDE8704014A340F2CF321FA180
:10A9100024A0F7F7A9BB11A340F2D2322BA121A0AA
:10A92000F7F7A2FB218D4FF40662481980B29042DE
:10A9300001D8814201D9228500E02085204601F01E
:10A940001FF9B0F5067F08D3608B40F002006083EA
:10A950002046BDE87040FEF7E7B970BD2E2E2F4DA2
:10A960006964646C6577617265732F546869726499
:10A970005F50617274792F4C7749502F7372632F37
:10A98000636F72652F7463702E6300007463705F71
:10A990007265637665643A20696E76616C696420DD
:10A9A00070636200417373657274696F6E20222553
:10A9B0007322206661696C6564206174206C696E25
:10A9C0006520256420696E2025730A00646F6E2758
:10A9D000742063616C6C207463705F72656376656C
:10A9E0006420666F72206C697374656E2D7063628B
:10A9F0007300000070B50D00044606D1084BFF221D
:10AA000008A103F14400F7F72FFB002004E0E16FF9
:10AA1000A94200D1E067E468002CF8D170BD0000C5
:10AA2000C87D00087463705F72656D6F76655F6CDA
:10AA3000697374656E65723A20696E76616C6964DB
:10AA4000206C697374656E65720000002DE9F04139
:10AA5000040006D11BA340F2C16227A12CA0F7F786
:10AA600003FB256F6FF005061DB12846FEF784FD38
:10AA700010B13046BDE8F081286804F16C0620670B
:10AA800000E03668306850B1C0684068F9F780FE71
:10AA90000746E8684068F9F77BFE381AF1D4306859
:10AAA000286035602868002108B9A4F8681094F877
:10AAB0004200FF2802D2401C84F84200002061635B
:10AAC000D8E700002E2E2F4D6964646C65776172A3
:10AAD00065732F54686972645F50617274792F4C8A
:10AAE0007749502F7372632F636F72652F74637091
:10AAF0005F6F75742E6300007463705F7265786DAC
:10AB000069743A20696E76616C69642070636200D2
:10AB1000417373657274696F6E20222573222066FB
:10AB200061696C6564206174206C696E65202564C0
:10AB300020696E2025730A0010B5040006D119A300
:10AB400040F2F96224A12CA0F7F78EFA206F0028BA
:10AB500027D0A07E400724D42046FFF777FF0028A7
:10AB60001FD1B4F84810B4F86000814200D2084602
:10AB70004108A4F84A10608EB1EB400F05D24FF6A1
:10AB8000FF7101EA4001A4F84A1089B200EB4000CD
:10AB90000844A4F84800608B40F004006083002063
:10ABA000208610BD2E2E2F4D6964646C657761720E
:10ABB00065732F54686972645F50617274792F4CA9
:10ABC0007749502F7372632F636F72652F746370B0
:10ABD0005F6F75742E6300007463705F7265786DCB
:10ABE00069745F666173743A20696E76616C69643A
:10ABF0002070636200000000417373657274696FB6
:10AC00006E2022257322206661696C656420617460
:10AC1000206C696E6520256420696E2025730A000A
:10AC200010B5040006D109A340F2AD6214A11BA027
:10AC3000F7F71AFA204600F09BF8002804D12046C6
:10AC4000BDE8104000F03EB810BD00002E2E2F4D84
:10AC50006964646C6577617265732F5468697264A6
:10AC60005F50617274792F4C7749502F7372632F44
:10AC7000636F72652F7463705F6F75742E6300006D
:10AC80007463705F7265786D69745F72746F3A2077
:10AC9000696E76616C6964207063620041737365EC
:10ACA0007274696F6E2022257322206661696C655B
:10ACB00064206174206C696E6520256420696E20B3
:10ACC00025730A0010B5040006D109A34FF4D3621E
:10ACD00014A11DA0F7F7C8F994F84200FF2802D28A
:10ACE000401C84F842002046BDE81040FEF71CB826
:10ACF0002E2E2F4D6964646C6577617265732F54D5
:10AD0000686972645F50617274792F4C7749502F73
:10AD10007372632F636F72652F7463705F6F7574E6
:10AD20002E6300007463705F7265786D69745F7282
:10AD3000746F5F636F6D6D69743A20696E76616CD4
:10AD40006964207063620000417373657274696F97
:10AD50006E2022257322206661696C65642061740F
:10AD6000206C696E6520256420696E2025730A00B9
:10AD70002DE9F041040006D11BA340F2636227A134
:10AD80002FA0F7F771F9256F6FF005065DB103E0AD
:10AD9000FEF7F2FB38B92D68286800282846F7D15D
:10ADA000FEF7EAFB10B13046BDE8F081E06E2860A6
:10ADB0000026206FC4E91B06608B40F400606083AE
:10ADC000E8684068F9F7E4FC0746E8688089F9F725
:10ADD000E1FC800700D001202989384408446663DB
:10ADE000E0640020E0E700002E2E2F4D6964646CC3
:10ADF0006577617265732F54686972645F50617220
:10AE000074792F4C7749502F7372632F636F72657B
:10AE10002F7463705F6F75742E6300007463705FCE
:10AE20007265786D69745F72746F5F70726570615E
:10AE300072653A20696E76616C69642070636200A5
:10AE4000417373657274696F6E20222573222066C8
:10AE500061696C6564206174206C696E652025648D
:10AE600020696E2025730A0018B1007A08B1FAF73C
:10AE700055BA1046F8F7D6BF2DE9FF4F85B01E0032
:10AE8000DDE91279DDF8508093468A4606D11AA38F
:10AE900040F2C47225A12CA0F7F7E6F8002F06D1E6
:10AEA00015A340F2C57232A127A0F7F7DDF80025FF
:10AEB00046F208045046F9F76BFC1422CDE902244F
:10AEC000CDE900980346002229465846FEF702F9CC
:10AED00004000ED001462B4600220598FEF7F2F939
:10AEE000059809B03B4632462146BDE8F04FFEF7D3
:10AEF00079B909B0BDE8F08F2E2E2F4D6964646CCE
:10AF00006577617265732F54686972645F5061720E
:10AF100074792F4C7749502F7372632F636F72656A
:10AF20002F7463705F6F75742E6300007463705FBD
:10AF30007273743A20696E76616C6964206C6F6319
:10AF4000616C5F6970000000417373657274696FB2
:10AF50006E2022257322206661696C65642061740D
:10AF6000206C696E6520256420696E2025730A00B7
:10AF70007463705F7273743A20696E76616C696491
:10AF80002072656D6F74655F6970000070B50500B3
:10AF900006D10CA340F2826216A11DA0F7F764F857
:10AFA0000320F9F7F9FF04000AD004CD95E80B005F
:10AFB00004C484E80B00241FFBF758FB204670BD37
:10AFC000002070BD2E2E2F4D6964646C6577617210
:10AFD00065732F54686972645F50617274792F4C85
:10AFE0007749502F7372632F636F72652F7463708C
:10AFF0002E6300007463705F7365675F636F7079C1
:10B000003A20696E76616C696420736567000000A0
:10B01000417373657274696F6E20222573222066F6
:10B0200061696C6564206174206C696E65202564BB
:10B0300020696E2025730A0010B5040009D06068ED
:10B0400008B1FBF795F92146BDE810400320F9F758
:10B050002FBF10BD10B503E00468FFF7EDFF2046D9
:10B060000028F9D110BD00002DE9F0414FF0000794
:10B0700004003E4606D118A340F2EA7223A12BA099
:10B08000F6F7F2FF0025206DF9F782FB0346002258
:10B0900029462046FDF7B8FF050010D0014633468B
:10B0A0003A462046FEF70EF92246231D2946104651
:10B0B000FEF798F8618B50B141F0030109E0608B15
:10B0C00040F0030060836FF00100BDE8F08121F0E3
:10B0D00003016183F9E700002E2E2F4D6964646C33
:10B0E0006577617265732F54686972645F5061722D
:10B0F00074792F4C7749502F7372632F636F726589
:10B100002F7463705F6F75742E6300007463705FDB
:10B1100073656E645F656D7074795F61636B3A200F
:10B12000696E76616C696420706362004173736557
:10B130007274696F6E2022257322206661696C65C6
:10B1400064206174206C696E6520256420696E201E
:10B1500025730A0070B5050006D113A340F2EB3247
:10B160001EA125A0F6F780FFEC6E0CB909E004469D
:10B1700020680028FBD1E0688089F9F70BFB4007C5
:10B1800005D02846BDE870400121FCF7BBBC01207A
:10B19000F9F700FBE1688A8910438881688B40F0E9
:10B1A00020006883002070BD2E2E2F4D6964646CD2
:10B1B0006577617265732F54686972645F5061725C
:10B1C00074792F4C7749502F7372632F636F7265B8
:10B1D0002F7463705F6F75742E6300007463705F0B
:10B1E00073656E645F66696E3A20696E76616C693C
:10B1F0006420706362000000417373657274696F4C
:10B200006E2022257322206661696C65642061745A
:10B21000206C696E6520256420696E2025730A0004
:10B220002DE9FE4FCA4D47F6FF7B4FF4FA7AE868E6
:10B230004FF00008401CE860A878401CA870002768
:10B24000AC6977E1207D002806D1C2A340F2BE425E
:10B25000CCA1D7A0F6F708FF207D012806D1BDA319
:10B2600040F2BF42DCA1D2A0F6F7FEFE207D0A2804
:10B2700006D1B8A34FF49862E2A1CDA0F6F7F4FE90
:10B28000A17FA878814202D12746E46852E1A077E5
:10B290000026207DB146022805D194F842000628F8
:10B2A00001D301269FE094F842000C281BD294F8A9
:10B2B0009900002841D0206F002806D0A5A340F2B5
:10B2C000D442DCA1BAA0F6F7CFFEE06E002806D18A
:10B2D000A0A340F2D542E4A1B5A0F6F7C5FE94F8CC
:10B2E0009A000C2801D3012671E094F89910EC48DB
:10B2F000095C94F89800884202D2401C84F89800B7
:10B30000C0B2884263D3B4F86010204619B100F08F
:10B310006FFA20B107E000F0ADFCE8BB03E0204687
:10B32000FDF702FDC0B384F8988094F899000728CF
:10B330004DD2401C84F8990049E0B4F930005845DA
:10B3400001D2401C2086B4F93000B4F94010884284
:10B350003DDB2046FFF70CFD18B1206FE0B9E06E31
:10B36000D0B1207D022813D094F842000C2800D3DD
:10B370000C20B4F93E10B4F93C2001EBE202C949BB
:10B38000085C02FA00F0584500DB5846A4F840007B
:10B390004046A4F8308000E019E0B4F84820B4F842
:10B3A00060108A4200D211464A08A4F84A20618EF1
:10B3B0004FF6FF7303EA41039A4201D2A4F84A30E0
:10B3C000A4F84810A4F86A002046FFF77BFC207D13
:10B3D000062808D1A07EC00605D5206AE968081AAB
:10B3E000282800D9761C607A000728D5207D0428FB
:10B3F00001D0072823D1AC48D4F89410EB68084456
:10B40000B0FBFAF2206A181A824203D24FF0010907
:10B41000761C14E094F89B2042F29F4312FB03F247
:10B4200001EBC201B1FBFAF1814208D22046FDF7DF
:10B430005BF920B994F89B00401C84F89B00606F76
:10B4400060B1206AE968081AB4F9401001EB4101C3
:10B45000B0EB410F02D32046FCF78AFD207D032884
:10B4600002D0092807D00BE0206AE968081A2828CA
:10B4700006D9761C04E0206AE968081AF028F8D892
:10B48000002E3DD02046D4F89060FEF747F9A86919
:10B490005FB1844206D12FA340F26D5283A144A034
:10B4A000F6F7E2FDE068F8600AE0A04206D029A3C2
:10B4B00040F2715288A13EA0F6F7D6FDE068A8617F
:10B4C000B9F1000F0AD0228BE18A201D8DE8070018
:10B4D00023461846626A216DFFF7CEFC2046D4F859
:10B4E0001090E468FCF75EFC85F8008016B36FF0FE
:10B4F0000C014846B047287800287FF4A0AE19E038
:10B500002746E468387F401CC0B23877797F88428C
:10B5100010D387F81C8085F80080D7F88C2032B1D2
:10B5200039463869904729780029E6D110B938465C
:10B53000FDF7FAFB002C7FF485AE0026EC6912E1E2
:10B54000207D0A2803D003A340F2A152DAE0DEE016
:10B55000080100202E2E2F4D6964646C657761729E
:10B5600065732F54686972645F50617274792F4CEF
:10B570007749502F7372632F636F72652F746370F6
:10B580002E6300007463705F736C6F77746D723A32
:10B5900020616374697665207063622D3E73746107
:10B5A000746520213D20434C4F5345440A00000060
:10B5B000417373657274696F6E2022257322206651
:10B5C00061696C6564206174206C696E6520256416
:10B5D00020696E2025730A007463705F736C6F7747
:10B5E000746D723A20616374697665207063622DB0
:10B5F0003E737461746520213D204C495354454E7F
:10B600000A0000007463705F736C6F77746D723A38
:10B6100020616374697665207063622D3E73746186
:10B62000746520213D2054494D452D574149540A08
:10B63000000000007463705F736C6F7774696D72E3
:10B640003A2070657273697374207469636B696EF4
:10B6500067207769746820696E2D666C6967687405
:10B6600020646174610000007463705F736C6F77B5
:10B6700074696D723A2070657273697374207469AD
:10B68000636B696E67207769746820656D70747983
:10B690002073656E64206275666665720000000046
:10B6A000B3D70008E8D70008B84C0A007463705F8D
:10B6B000736C6F77746D723A206D6964646C652089
:10B6C00074637020213D207463705F6163746976D8
:10B6D000655F7063627300007463705F736C6F7793
:10B6E000746D723A20666972737420706362203DD3
:10B6F0003D207463705F6163746976655F70636237
:10B70000730000001AA1AFF25810F6F7ADFC216AE1
:10B71000E868401AF02812D92046FDF7FFFFE869D3
:10B7200086B1844208D1AFF2D41340F2AF521CA1CB
:10B73000AFF28410F6F798FCE068F0600FE0264660
:10B74000E46810E0A04208D0AFF2F81340F2B35220
:10B750001DA1AFF2A410F6F787FCE068E86120466F
:10B76000E468FCF71FFB002C7FF4EAAEBDE8FE8F17
:10B770007463705F736C6F77746D723A2054494DC7
:10B78000452D57414954207063622D3E7374617496
:10B7900065203D3D2054494D452D574149540000F9
:10B7A0007463705F736C6F77746D723A206D696447
:10B7B000646C652074637020213D207463705F7435
:10B7C000775F7063627300007463705F736C6F7790
:10B7D000746D723A20666972737420706362203DE2
:10B7E0003D207463705F74775F7063627300000064
:10B7F0002DE9F84F0F46050006D157A340F24B3212
:10B8000062A16BA0F6F730FCEC6E002C7ED0002F0E
:10B8100010D02089B8427AD9688EB84206D24EA399
:10B8200040F25B326CA162A0F6F71EFC2089002872
:10B830000BD011E048A340F253326BA15CA0F6F7A5
:10B8400013FC6FF00500BDE8F88F43A34FF4577267
:10B850006EA157A0F6F708FC94F80AB05FEACB7027
:10B8600001D0042600E0002620894FF42072C01B7E
:10B870001FFA80F808EB060081B23620FAF76AF961
:10B880005FEA000A65D0606822890189891A394413
:10B890008BB2DAF8041042463144FAF7DDFC404539
:10B8A00054D1E0688089F8F775FF00F03F064FF04B
:10B8B0000009300703D526F008064FF00809F00705
:10B8C00003D026F0010649F00109E0684068F8F766
:10B8D0005FFFC3194A4651462846CDF800B0FBF732
:10B8E000F5FF070032D06068FAF76EFB35F8661F87
:10B8F000081A288060680289A2EB080189B2FAF769
:10B900001BFE2189A1EB0800208101E021E01BE062
:10B910003046F8F73FFFE1688A8910438881606804
:10B92000FAF752FB2988084428807868FAF74CFB1C
:10B930002988084425F86609206838602760386837
:10B9400010B90020A5F8680000207CE75046FAF7FF
:10B950000FFD4FF0FF3076E72E2E2F4D6964646C9B
:10B960006577617265732F54686972645F506172A4
:10B9700074792F4C7749502F7372632F636F726500
:10B980002F7463705F6F75742E6300007463705F53
:10B9900073706C69745F756E73656E745F736567E1
:10B9A0003A20696E76616C69642070636200000001
:10B9B000417373657274696F6E202225732220664D
:10B9C00061696C6564206174206C696E6520256412
:10B9D00020696E2025730A0073706C6974203C3DE9
:10B9E000206D73730000000043616E277420737034
:10B9F0006C6974207365676D656E7420696E746F11
:10BA0000206C656E67746820300000007573656790
:10BA10002D3E6C656E203E20300000000848816895
:10BA200000290CD10749084A09681268114306D059
:10BA30000121816000220549FA20FBF735BB7047E0
:10BA40004C0100202001002024010020A1BF00089B
:10BA50003EB51D4C05462078400722D4002D06D166
:10BA60001AA340F2EE2226A12DA0F6F7FDFA2078C7
:10BA7000810717D5696A6069421A18D42A8D114462
:10BA8000411A002913DCE1682F4B0A88498800938A
:10BA9000CDE9011261891B1D42182846A169FFF7F3
:10BAA000EBF93EBDC00702D02848006828626089D3
:10BAB0000028F6D0688B40F0020068832846BDE875
:10BAC0003E40FDF731B90000280100202E2E2F4DF9
:10BAD0006964646C6577617265732F546869726418
:10BAE0005F50617274792F4C7749502F7372632FB6
:10BAF000636F72652F7463705F696E2E6300000060
:10BB00007463705F74696D65776169745F696E7085
:10BB100075743A20696E76616C69642070636200A6
:10BB2000417373657274696F6E20222573222066DB
:10BB300061696C6564206174206C696E65202564A0
:10BB400020696E2025730A0074D60020140100209D
:10BB500010B5FCF7F1F805484178491C4170C80759
:10BB600003D0BDE81040FFF75BBB10BD080100200B
:10BB70000248417841F010014170704728010020CF
:10BB800070B5040006D115A340F2A6321FA128A06B
:10BB9000F6F76AFA258D626A638E51194FF486664C
:10BBA000E06AB34200D933460344CB1A02D4658518
:10BBB000081A70BD111A002902DD002060850BE013
:10BBC000851AB5F5803F06D304A340F2B63222A110
:10BBD00017A0F6F749FA6585002070BD2E2E2F4D6F
:10BBE0006964646C6577617265732F546869726407
:10BBF0005F50617274792F4C7749502F7372632FA5
:10BC0000636F72652F7463702E6300007463705FDE
:10BC10007570646174655F7263765F616E6E5F7785
:10BC20006E643A20696E76616C69642070636200AC
:10BC3000417373657274696F6E20222573222066CA
:10BC400061696C6564206174206C696E652025648F
:10BC500020696E2025730A006E65775F7263765FD8
:10BC6000616E6E5F776E64203C3D2030786666665C
:10BC7000660000002DE9F04704004FF0000906D1EE
:10BC80002CA340F64F0238A140A0F6F7EDF9E56E7F
:10BC900035B394F89A00FF2802D2401C84F89A0029
:10BCA000E8688089F8F776FDC00701D02889D0B10F
:10BCB00000260122E868494643682046FDF7A4F9BA
:10BCC0005FEA000812D0D8F804100F468EB1112098
:10BCD000F8F760FDB98921F47C510843B88111E07F
:10BCE0000020BDE8F08701260022E3E74FF0FF3097
:10BCF000F7E768682B8914310289D21A93B20122BE
:10BD0000FAF7AAFAE8684068F8F742FD216D401C8E
:10BD1000091A00D520654B46002241462046FDF712
:10BD2000D1FA2246231D4146BDE8F0471046FDF7F3
:10BD300059BA00002E2E2F4D6964646C65776172CC
:10BD400065732F54686972645F50617274792F4C07
:10BD50007749502F7372632F636F72652F7463700E
:10BD60005F6F75742E6300007463705F7A65726F25
:10BD70005F77696E646F775F70726F62653A206992
:10BD80006E76616C69642070636200004173736554
:10BD90007274696F6E2022257322206661696C655A
:10BDA00064206174206C696E6520256420696E20B2
:10BDB00025730A0038B50D460446F8F7EDFC134824
:10BDC0000621C0E900450830FBF718F9002806D025
:10BDD0000FA340F261221AA122A0F6F745F90B4801
:10BDE0000C30FBF735F9002806D009A340F2652294
:10BDF00026A11CA0F6F738F9032000904FF48063C9
:10BE000000222B492BA0FBF737F938BDA4000020F6
:10BE10002E2E2F4D6964646C6577617265732F54A3
:10BE2000686972645F50617274792F4C7749502F42
:10BE30007372632F6170692F74637069702E630071
:10BE40006661696C656420746F20637265617465F6
:10BE50002074637069705F746872656164206D62DC
:10BE60006F780000417373657274696F6E202225CC
:10BE70007322206661696C6564206174206C696E50
:10BE80006520256420696E2025730A006661696C4F
:10BE9000656420746F20637265617465206C6F63E4
:10BEA0006B5F74637069705F636F726500000000A0
:10BEB000D9BF000874637069705F746872656164EB
:10BEC000000000002DE9F041064690460D4612485C
:10BED000FBF7B4F828B911A3FC221CA11FA0F6F7A8
:10BEE000C3F80920F9F758F804004FF0FF370FD0D6
:10BEF00000202070C4F80C80C4E901652146064882
:10BF0000FBF792F8002804D021460920F8F7D0FF6B
:10BF10003846BDE8F0810000AC0000202E2E2F4DE9
:10BF20006964646C6577617265732F5468697264C3
:10BF30005F50617274792F4C7749502F7372632F61
:10BF40006170692F74637069702E6300496E766149
:10BF50006C6964206D626F78000000004173736546
:10BF60007274696F6E2022257322206661696C6588
:10BF700064206174206C696E6520256420696E20E0
:10BF800025730A0091F82D2012F0180F01D0024AF3
:10BF900000E0024AFFF796BF592F000865380008F5
:10BFA00010B5FFF7D5FD084808490068096808433F
:10BFB00006D00022BDE810400549FA20FBF774B80E
:10BFC00004490020886010BD2001002024010020C9
:10BFD000A1BF00084C01002008B51E48FBF733F84C
:10BFE0001C480C38016809B140688847194E4FEA6F
:10BFF0000D05361FFBF74AF90446401C0FD0F4B17B
:10C000001448FBF734F8224629463046FAF794FFE5
:10C0100004461048FBF717F8641C10D00AE00D48DE
:10C02000FBF725F8002229463046FAF785FF094834
:10C03000FBF709F8009828B100F04AF8D6E7FAF7BC
:10C04000AFFFD7E704A391220FA117A0F6F70CF8D2
:10C05000CCE70000B00000202E2E2F4D6964646CE8
:10C060006577617265732F54686972645F5061729D
:10C0700074792F4C7749502F7372632F6170692F39
:10C0800074637069702E630074637069705F7468A4
:10C09000726561643A20696E76616C6964206D65D1
:10C0A0007373616765000000417373657274696F33
:10C0B0006E2022257322206661696C65642061749C
:10C0C000206C696E6520256420696E2025730A0046
:10C0D00010B50446007800280BD0012813D00228A0
:10C0E0001AD0BDE810400FA3CF221AA121A0F5F766
:10C0F000BBBF201D07C8904710B16068FAF738F938
:10C100002146092004E0D4E901108847214608208F
:10C11000BDE81040F8F7CCBED4E90110BDE81040EE
:10C12000084700002E2E2F4D6964646C657761729C
:10C1300065732F54686972645F50617274792F4C13
:10C140007749502F7372632F6170692F7463706920
:10C15000702E630074637069705F746872656164E7
:10C160003A20696E76616C6964206D6573736167EE
:10C1700065000000417373657274696F6E2022253B
:10C180007322206661696C6564206174206C696E3D
:10C190006520256420696E2025730A002DE9F04191
:10C1A00006460D461148FAF749FF30B910A340F290
:10C1B0005D121BA11EA0F5F757FF0820F8F7ECFE53
:10C1C00004004FF0FF370DD001202070C4E9016555
:10C1D00021460648FAF728FF002804D02146082007
:10C1E000F8F766FE3846BDE8F0810000AC0000209C
:10C1F0002E2E2F4D6964646C6577617265732F54C0
:10C20000686972645F50617274792F4C7749502F5E
:10C210007372632F6170692F74637069702E63008D
:10C22000496E76616C6964206D626F780000000071
:10C23000417373657274696F6E20222573222066C4
:10C2400061696C6564206174206C696E6520256489
:10C2500020696E2025730A0010B5F4F743F80349EE
:10C26000C0F30D0000F54040088010BD58010020CB
:10C270002DE9F04F87B08946070005D14AA3CF22A8
:10C2800055A15BA0F5F7F0FEB9F1000F05D146A36B
:10C29000D02261A156A0F5F7E7FE788908287CD363
:10C2A000644D7C6829686869F7F794F902902088E2
:10C2B000F8F770FA00906088F8F76CFADFF878B158
:10C2C00000268246B046DBF8044032E0618A5145E0
:10C2D0002DD149462046029A00F0BEF838B3207CA2
:10C2E000400711D4B8F1000F0DD0029860B1686911
:10C2F000401C09D1D8F80010D9F80400814203D0BD
:10C300002168814200D1A046A18A009881420ED1C5
:10C31000606810B12969884209D136B1E068F060DF
:10C32000DBF80410E160CBF8044024B10BE02646B2
:10C33000E468002CCAD15FEA080404D1D9F80400EB
:10C340006969884229D108213846FAF7DDF938B100
:10C3500015A34FF4B87239A125A0F5F785FE1CE0AE
:10C3600054B1A569CDB1334B3A4610332146E0694B
:10C37000A84707B0BDE8F08F029870B9287DC0F3D8
:10C3800003100E2809D0A889083001B23846FAF700
:10C39000BBF803213846F6F793FF07B03846BDE8EF
:10C3A000F04FF9F7E5BF00002E2E2F4D6964646C45
:10C3B0006577617265732F54686972645F5061724A
:10C3C00074792F4C7749502F7372632F636F7265A6
:10C3D0002F7564702E6300007564705F696E7075F0
:10C3E000743A20696E76616C6964207062756600CB
:10C3F000417373657274696F6E2022257322206603
:10C4000061696C6564206174206C696E65202564C7
:10C4100020696E2025730A007564705F696E7075FF
:10C42000743A20696E76616C6964206E6574696621
:10C430000000000064D6002058010020706275667C
:10C440005F72656D6F76655F6865616465722066B1
:10C4500061696C65640A000070B516460D460400FB
:10C4600005D116A3872221A129A0F5F7FDFD002DF6
:10C4700005D112A3882230A125A0F5F7F5FD217A78
:10C48000374831B1426892F83020521CD2B2914202
:10C4900012D14EB174B1216861B14069421C09D01A
:10C4A000AA681140104003E024B1216811B140692D
:10C4B000814201D1012070BD002070BD2E2E2F4D74
:10C4C0006964646C6577617265732F54686972641E
:10C4D0005F50617274792F4C7749502F7372632FBC
:10C4E000636F72652F7564702E6300007564705FF2
:10C4F000696E7075745F6C6F63616C5F6D6174639E
:10C50000683A20696E76616C69642070636200002D
:10C51000417373657274696F6E20222573222066E1
:10C5200061696C6564206174206C696E65202564A6
:10C5300020696E2025730A007564705F696E7075DE
:10C54000745F6C6F63616C5F6D617463683A2069DE
:10C550006E76616C6964206E657469660000000027
:10C5600064D6002010B5002813D00268002A10D02D
:10C5700000290ED00A68002A0BD0064A526806E04D
:10C5800013680468A34201D10B681360D268002AC3
:10C59000F6D110BD58010020D0E9013201699A603E
:10C5A000D0E901235A604A68824201D182684A6018
:10C5B000002202610868401E086008687047000099
:10C5C000034B036003F15400086080201060704743
:10C5D0007801002000F108014FF0FF32C0E901129C
:10C5E000C160016100210160704700210161704755
:10C5F00030B50B685A1C02D000F1080202E0026953
:10C6000004E02246546825689D42FAD953684B607D
:10C6100099608A60516008610168491C016030BD01
:10C6200042684A6093688B609368596091600861C2
:10C630000168491C01607047502080F31188BFF3E6
:10C640004F8FBFF36F8F0A494868401C486001282C
:10C650000CD10848006810F0FF0F07D0502080F37D
:10C660001188BFF34F8FBFF36F8FFEE77047000055
:10C670009800002004ED00E00849486828B1401EF9
:10C68000486001D180F311887047502080F31188F1
:10C69000BFF34F8FBFF36F8FFEE7000098000020BD
:10C6A00070B500282AD0164DA0F1080460686969A9
:10C6B000084207D1502080F31188BFF34F8FBFF39A
:10C6C0006F8FFEE722683AB1502080F31188BFF3E4
:10C6D0004F8FBFF36F8FFEE78843606000F020F953
:10C6E00060686968084468602046FAF701FB2869B9
:10C6F000401C2861BDE8704000F056BF70BD0000CE
:10C70000780000204FF0E02000210161816105499F
:10C710004FF47A720968B1FBF2F1491E41610721B9
:10C72000016170473800002010B5F3F793FD1149FF
:10C7300010280ED300F1E02090F8F0030A78904220
:10C7400007D2502080F31188BFF34F8FBFF36F8F54
:10C75000FEE709480068896800F4E060884207D96C
:10C76000502080F31188BFF34F8FBFF36F8FFEE728
:10C7700010BD0000980000200CED00E010B5020094
:10C7800014D00F48006B38B1502080F31188BFF3EC
:10C790004F8FBFF36F8FFEE700F0C2F80021104605
:10C7A000FAF7EAF800F000FF002807D105494FF03A
:10C7B00080500860BFF34F8FBFF36F8F10BD000034
:10C7C0003C00002004ED00E002490A6A0260C968EA
:10C7D000416070473C00002001490120C86170475A
:10C7E0003C00002010B50C4650B1094909681831C9
:10C7F000FFF7FEFE2046BDE810400121FAF7BCB865
:10C80000502080F31188BFF34F8FBFF36F8FFEE787
:10C810003C00002070B5040047D0A26CA2B1606C4F
:10C82000884200D30146E06A88423ED0012A3CD1CA
:10C830001E4D2A6894420FD1502080F31188BFF317
:10C840004F8FBFF36F8FFEE7502080F31188BFF347
:10C850004F8FBFF36F8FFEE7E162A269002A02DB10
:10C86000C1F10701A161124E00EB8000616906EB86
:10C870008000814219D1201DFFF78EFE012130B9C1
:10C8800094F82C002A6901FA00F082432A61E06AD8
:10C890002A6981401143296100EB800006EB80008A
:10C8A000211DBDE87040FFF7BBBE70BD3C000020FD
:10C8B0007435002010B586B00024039405AA04A99D
:10C8C00003A80494FFF77CFEDDE903010094CDE9A1
:10C8D000011000230EA11048059A00F0ECFC0F494E
:10C8E0000028C86211D0502080F31188BFF34F8F09
:10C8F000BFF36F8F4FF0FF30886201204861CC603A
:10C9000006B0BDE8104000F041B806B010BD000010
:10C9100049444C4500000000CD6B00083C0000205D
:10C920000248016B491C0163704700003C00002075
:10C930001448016B11B10121C16170470021C1612F
:10C940000169B1FA81F1C1F11F0101EB81020E49C8
:10C9500051F822306BB101EB820101F108034A6802
:10C9600052684A609A4201D152684A60D1680160B7
:10C970007047502080F31188BFF34F8FBFF36F8F44
:10C98000FEE700003C000020743500201CB537484D
:10C990000168374A914207D1502080F31188BFF3D4
:10C9A0004F8FBFF36F8FFEE700683149491E884201
:10C9B00007D1502080F31188BFF34F8FBFF36F8FE3
:10C9C000FEE72C4908780190FF20087008788DF860
:10C9D00000009DF800009DF8002000F0F00090425B
:10C9E00007D0502080F31188BFF34F8FBFF36F8FB4
:10C9F000FEE79DF80000204C00F05000207007205A
:10CA0000A06005E09DF8002052008DF80020401E37
:10CA10009DF800201206F5D4A060032807D050200E
:10CA200080F31188BFF34F8FBFF36F8FFEE74FF492
:10CA30004070A060019808700C482030016841F4F3
:10CA400070010160016841F070410160FFF75AFE1A
:10CA500000206060F3F7C6FB0848016841F04041E0
:10CA60000160F3F7ABFB00201CBD000000ED00E00F
:10CA700071C20F4100E400E09800002034EF00E0B4
:10CA800010B502460021012000F012F80446FAF722
:10CA9000CDF8204610BD38B50B4600220090114657
:10CAA000012000F026F80446FAF7C0F8204638BD09
:10CAB000F8B517460E46050013D005FB06F04830C2
:10CAC000FAF7AAF904000AD0002084F8460004F11D
:10CAD00048023B46314628460094FAF7B2F8204611
:10CAE000F8BD502080F31188BFF34F8FBFF36F8FD5
:10CAF000FEE738B5049D18B153B1CAB181B120E049
:10CB0000502080F31188BFF34F8FBFF36F8FFEE784
:10CB1000502080F31188BFF34F8FBFF36F8FFEE774
:10CB2000502080F31188BFF34F8FBFF36F8FFEE764
:10CB300039B1502080F31188BFF34F8FBFF36F8F4F
:10CB4000FEE748241C46012384F846302B46009417
:10CB5000FAF777F8204638BD70B50D46040025D0A9
:10CB6000FFF76AFDD4E90F20216802FB0011A160E4
:10CB70000021A163216861600A46D4E90F01401ECB
:10CB800000FB0121E16021464FF0FF3001F8440F26
:10CB9000487004F110008DB1FFF71CFD04F1240072
:10CBA000FFF718FDFFF768FD012070BD502080F3EE
:10CBB0001188BFF34F8FBFF36F8FFEE72169002904
:10CBC000F0D000F0B7FC0028ECD004494FF08050C2
:10CBD0000860BFF34F8FBFF36F8FE3E704ED00E012
:10CBE0002DE9FF4782B01D468A464FF00008040039
:10CBF00003D0BAF1000F08D011E0502080F3118863
:10CC0000BFF34F8FBFF36F8FFEE7206C38B150201A
:10CC100080F31188BFF34F8FBFF36F8FFEE7022DB4
:10CC20000AD1E06B012807D0502080F31188BFF3B0
:10CC30004F8FBFF36F8FFEE700F068FB3F4F4FF061
:10CC400000094FF0805648B9049838B1502080F35D
:10CC50001188BFF34F8FBFF36F8FFEE7FFF7ECFC38
:10CC6000A06BE16B884207D3022D05D00498D0B1A8
:10CC7000B8F1000F1AD01EE02A4651462046F9F7B7
:10CC80002EFF616A19B104F1240000F053FC20B1B9
:10CC90003E60BFF34F8FBFF36F8FFFF7EDFC0120B6
:10CCA00006B0BDE8F087FFF7E7FC22E06846FFF733
:10CCB0008BFD4FF00108FFF7DFFCFFF731FEFFF7B8
:10CCC000BBFC94F94400401C01D184F8449094F9D1
:10CCD0004500401C01D184F84590FFF7CDFC04A924
:10CCE000684600F081FA30B12046FAF759F800F0B2
:10CCF0005BFC0020D4E7FFF79FFCA06BE16B884250
:10CD000013D1FFF7B9FC04F110000499FFF76AFD95
:10CD10002046FAF745F800F047FC00289ED13E6017
:10CD2000BFF34F8FBFF36F8F98E7FFF7A5FC204647
:10CD3000FAF736F800F038FC90E7000004ED00E068
:10CD40002DE9F0471F4690468946040003D0B9F10B
:10CD5000000F08D011E0502080F31188BFF34F8FEF
:10CD6000BFF36F8FFEE7206C38B1502080F311883D
:10CD7000BFF34F8FBFF36F8FFEE7022F0AD1E06B37
:10CD8000012807D0502080F31188BFF34F8FBFF3E5
:10CD90006F8FFEE7FFF7C8FC5020EFF3118680F39A
:10CDA0001188BFF34F8FBFF36F8FA06BE16B884289
:10CDB00006D3022F04D0002086F31188BDE8F08747
:10CDC00094F94550A06B3A4649462046F9F787FE4C
:10CDD000681C04D06D1C84F845500120ECE7606AA3
:10CDE0000028FAD004F1240000F0A4FB0028F4D0BD
:10CDF000B8F1000FF1D00121C8F80010EDE770B5CF
:10CE00000E46040009D0206C78B1502080F31188C0
:10CE1000BFF34F8FBFF36F8FFEE7502080F3118871
:10CE2000BFF34F8FBFF36F8FFEE7206848B9A0684C
:10CE300038B1502080F31188BFF34F8FBFF36F8F4D
:10CE4000FEE7FFF771FC5020EFF3118580F31188A6
:10CE5000BFF34F8FBFF36F8FA16BE06B884218D980
:10CE600094F94500491CA163411C04D0401C84F87E
:10CE7000450001200EE0606A0028FAD004F1240089
:10CE800000F058FB0028F4D0002EF2D001203060D2
:10CE9000EFE7002085F3118870BD00002DE9F7470A
:10CEA000002683B08A46040003D0BAF1000F08D0F0
:10CEB00011E0502080F31188BFF34F8FBFF36F8FC5
:10CEC000FEE7206C38B1502080F31188BFF34F8FFC
:10CED000BFF36F8FFEE700F019FADFF8F4804FF030
:10CEE00000094FF0805748B9059838B1502080F3B9
:10CEF0001188BFF34F8FBFF36F8FFEE7FFF79CFBE7
:10CF0000A56BC5B151462046F9F7D6FD6D1EA56348
:10CF1000206950B104F1100000F00CFB28B1C8F8F2
:10CF20000070BFF34F8FBFF36F8FFFF7A5FB01209A
:10CF300006B0BDE8F087059808B11EB106E0FFF71E
:10CF40009BFB27E06846FFF73FFC0126FFF794FBB9
:10CF5000FFF7E6FCFFF770FB94F94400401C01D199
:10CF600084F8449094F94500401C01D184F8459020
:10CF7000FFF782FB05A9684600F036F90028204635
:10CF80000AD0F9F70DFF00F00FFB2046F9F7D6FEA7
:10CF90000028B3D00020CBE7F9F7D0FE90B104F120
:10CFA00024000599FFF71EFC2046F9F7F9FE00F072
:10CFB000FBFA0028A2D1C8F80070BFF34F8FBFF36F
:10CFC0006F8F9BE72046F9F7EBFE00F0EDFA95E74F
:10CFD00004ED00E02DE9F04790468946040003D0B7
:10CFE000B9F1000F08D011E0502080F31188BFF391
:10CFF0004F8FBFF36F8FFEE7206C38B1502080F366
:10D000001188BFF34F8FBFF36F8FFEE7FFF78CFBE5
:10D010005020EFF3118680F31188BFF34F8FBFF3D9
:10D020006F8FA76BF7B194F9445049462046F9F742
:10D0300043FD7F1EA763681C04D06D1C84F8445018
:10D04000012010E020690028FAD004F1100000F05F
:10D0500071FA0028F4D0B8F1000FF1D00121C8F81E
:10D060000010EDE7002086F31188BDE8F08700008E
:10D070002DE9F343002683B00400354609D0206C27
:10D0800078B1502080F31188BFF34F8FBFF36F8FBB
:10D09000FEE7502080F31188BFF34F8FBFF36F8FEF
:10D0A000FEE700F033F9DFF83C814FF000094FF064
:10D0B000805748B9049838B1502080F31188BFF3E5
:10D0C0004F8FBFF36F8FFEE7FFF7B6FAA06BC8B1C3
:10D0D000401EA063206810B9F9F70CFFA06020691A
:10D0E00050B104F1100000F025FA28B1C8F8007022
:10D0F000BFF34F8FBFF36F8FFFF7BEFA012005B06C
:10D10000BDE8F083049808B166B10FE03DB150204E
:10D1100080F31188BFF34F8FBFF36F8FFEE7FFF7E8
:10D12000ABFA5DE06846FFF74FFB0126FFF7A4FA74
:10D13000FFF7F6FBFFF780FA94F94400401C01D199
:10D1400084F8449094F94500401C01D184F845903E
:10D15000FFF792FA04A9684600F046F80028204636
:10D1600012D0F9F71DFE00F01FFA2046F9F7E6FD90
:10D170000028A9D09DB3FFF75FFA606A50B3206B17
:10D180000068C0F1070126E0F9F7D8FDE0B120689A
:10D1900038B9FFF751FAA06800F086F90546FFF7A5
:10D1A0006BFA04F124000499FFF71CFB2046F9F701
:10D1B000F7FD00F0F9F9002886D1C8F80070BFF338
:10D1C0004F8FBFF36F8F7FE72046F9F7E9FD00F03F
:10D1D000EBF979E70021A068FFF71CFB9FE7FFE769
:10D1E00000208CE704ED00E02DE9F0410C4605003D
:10D1F00011D0C4B1FFF720FA174BDA686E682068C7
:10D20000911B471C17D02F681B6A9F4219D096426A
:10D2100017D8012410E0502080F31188BFF34F8FFE
:10D22000BFF36F8FFEE7502080F31188BFF34F8F5D
:10D23000BFF36F8FFEE70024FFF71EFA2046BDE81C
:10D24000F081884205D9401A20602846FFF7BCFAD1
:10D25000F1E700202060DCE73C0000202DE9FF5FC3
:10D260008346DDE90E87994616468A469000F9F70F
:10D27000D3FD05001CD05420F9F7CEFD040014D0D6
:10D280000020256384F85100CDE90240CDE90087F4
:10D290004B46324651465846F9F7DEFC2046F9F730
:10D2A000A3FB012004B0BDE8F09F2846FFF7F8F982
:10D2B0004FF0FF30F6E7F0B585B0DDE90B640A9D6D
:10D2C000A6B1DCB1542700972663022684F851608A
:10D2D000002604AFCDE90246CDE90057F9F7BCFCC2
:10D2E0002046F9F781FB049805B0F0BD502080F38B
:10D2F0001188BFF34F8FBFF36F8FFEE7502080F38D
:10D300001188BFF34F8FBFF36F8FFEE70548416968
:10D3100019B1006B18B1002070470120704702203E
:10D32000704700003C0000200148C06870470000C2
:10D330003C00002010B5FFF7F7F90148C06810BDA8
:10D340003C0000202DE9F0412F4C0026206B28B135
:10D35000A069401CA0613046BDE8F081E5686D1C05
:10D36000E56013D1606B006838B1502080F31188FC
:10D37000BFF34F8FBFF36F8FFEE7606BA16B6163ED
:10D38000A063206A401C2062F9F7E6FCA06ADFF87F
:10D390007C80854209D3606B0068A0B1606BC06877
:10D3A000C7687868854211D2A0622068C06A00EB25
:10D3B000800158F82100012800D90126E0690028E1
:10D3C000C9D00126C7E74FF0FF30EDE7381DFFF762
:10D3D000E3F8B86A18B107F11800FFF7DDF8F96A49
:10D3E0000120226988401043206101EB810108EB94
:10D3F0008100391DFFF714F9F86A2168C96A88426B
:10D40000C9D30126C7E700003C0000207435002086
:10D4100070B504004FF0000140D0214D28688442CF
:10D4200007D0502080F31188BFF34F8FBFF36F8F69
:10D43000FEE7A06C38B1401EA064636CE26A9A42B9
:10D440002CD040B12AE0502080F31188BFF34F8FD9
:10D45000BFF36F8FFEE7201DFFF79EF8114A0121F1
:10D4600050B9E06A00EB800352F8233023B92B69EE
:10D4700001FA00F083432B61606CE062C0F10700A9
:10D48000A061E06A2B6981401943296100EB8000AB
:10D4900002EB8000211DFFF7C3F80121084670BD93
:10D4A0003C0000207435002070B504004FF00000EF
:10D4B00034D01E4DE16A2A68D26A91422FD2A06907
:10D4C000002804DB2868C06AC0F10700A061184E7C
:10D4D00001EB8101606906EB810188421AD1201DB0
:10D4E000FFF75AF8012130B994F82C002A6901FAA3
:10D4F00000F082432A612868C06AE0622A6981409C
:10D500001143296100EB800006EB8000211DFFF72D
:10D5100087F802E02868C06AE062012070BD616C93
:10D520002A68D26A9142F8D370BD00003C00002006
:10D53000743500202DE9F041C068C468ACB104F135
:10D5400018000746FFF728F8154D286B0126A0B1F3
:10D5500039461448FFF764F8E06A2968C96A8842C6
:10D560001CD90120EE61BDE8F081502080F31188C4
:10D57000BFF34F8FBFF36F8FFEE7201DFFF70CF84F
:10D58000E16A2A6906FA01F01043286101EB810083
:10D590000449B43901EB8000211DDBE70020E2E7FC
:10D5A0003C000020283600202DE9F0472C4D0024B7
:10D5B0002746286B38B1FFF73FF8286B401E2863D9
:10D5C000286B40B146E0502080F31188BFF34F8FA5
:10D5D000BFF36F8FFEE7A968224E0120D1B3A6F1F9
:10D5E000B40980463068E8B1F068C46804F11800F6
:10D5F000FEF7D2FF201DFEF7CFFFE06A2A6908FA86
:10D6000000F11143296100EB800109EB8100211D2C
:10D61000FFF706F8E06A2968C96A8842E2D3C5F8CC
:10D620001C80DFE70CB1F9F797FBAC6944B14646C3
:10D63000FFF788FE00B1EE61641EF9D10020A861F9
:10D64000E86938B10849012738070860BFF34F8FF0
:10D65000BFF36F8FFFF710F83846BDE8F087000082
:10D660003C0000202836002004ED00E03CD80008F3
:10D67000B51D000800000000000000008000000050
:10D68000000000000000000048D80008B531000884
:10D690000000000000000000000100000000000089
:10D6A0000000000050D800087D3100080300000091
:10D6B000000000005E01000000000000000000000B
:10D6C0000000000000000000010203040607080932
:10D6D0000000000001020304FFFFFFFFFFFF000046
:10D6E00000000000200004008FFE0020C400002085
:10D6F0009C00050012FF0020C80000201C0008004C
:10D7000021020120CC0000201000100004030120A1
:10D71000D00000202000050007040120D4000020D4
:10D7200018000F00AA040120D800002010000200F9
:10D7300015060120DC000020280004003806012026
:10D74000E000002010000800DB060120E4000020BB
:10D75000100008005E070120E80000201000030010
:10D76000E1070120EC000020100010001408012047
:10D77000F00000206002100017090120F4000020D2
:10D78000E4D60008F0D60008FCD6000808D7000848
:10D7900014D7000820D700082CD7000838D7000875
:10D7A00044D7000850D700085CD7000868D70008A5
:10D7B00074D7000803060C18306078007CD8000885
:10D7C000A4D80008C4D8000884D8000870D800087D
:10D7D00058D8000864D80008B8D8000890D80008C5
:10D7E00098D80008ACD80008010203040506070712
:10D7F00007070707070000001C0100201801002090
:10D800002001002024010020FA00000051BB000884
:10D81000E803000031440008E8030000DD2D0008A3
:10D8200000000000000000000000000000000000F8
:10D830000400000000000000000000006465666154
:10D84000756C745461736B004C696E6B5468720034
:10D85000457468496600000046494E5F5741495487
:10D860005F31000046494E5F574149545F32000026
:10D8700045535441424C495348454400434C4F534F
:10D880004544000053594E5F524356440000000087
:10D89000434C4F53494E47004C4153545F41434B17
:10D8A000000000004C495354454E000054494D457A
:10D8B0005F57414954000000434C4F53455F574167
:10D8C0004954000053594E5F53454E540000000028
:10D8D0007463705F656E71756575655F666C6167B1
:10D8E000733A206E656564206569746865722054BA
:10D8F00043505F53594E206F72205443505F464946
:10D900004E20696E20666C616773202870726F67A5
:10D9100072616D6D65722076696F6C6174657320DC
:10D9200041504929000000006E657469662D3E680B
:10D9300077616464725F6C656E206D7573742062CC
:10D9400065207468652073616D652061732045549E
:10D95000485F4857414444525F4C454E20666F72C1
:10D960002065746861727021000000008CD9000885
:10D97000000000207801000014040008A4D9000869
:10D9800078010020A8320100B8200008012C3201E3
:10D990008210036124F41AAA01016D22C00B486EA3
:04D9A000194C011C01
:040000050800018965
:00000001FF
