:020000040800F2
:100000007CD501209D010008E3960108058E0108BA
:10001000E19601080D6E0108799A010800000000C0
:10002000000000000000000000000000F997010837
:100030000F6E010800000000E5960108FB9701081B
:10004000B7010008B7010008B7010008B7010008B0
:10005000B7010008B7010008116E0108B7010008D8
:10006000176E01081D6E0108236E0108B701000814
:10007000B7010008B7010008B7010008B701000880
:10008000B7010008B7010008B7010008B701000870
:10009000B7010008B7010008B7010008B701000860
:1000A000B7010008B7010008B7010008B701000850
:1000B000B7010008B7010008B7010008B701000840
:1000C000B7010008B7010008B7010008B701000830
:1000D000B7010008B7010008B7010008B701000820
:1000E000B7010008B7010008B7010008B701000810
:1000F000B7010008B7010008B7010008B701000800
:10010000B7010008B7010008B7010008B7010008EF
:10011000B7010008B701000899980108B701000865
:10012000B7010008B7010008B7010008B7010008CF
:10013000B7010008B7010008B7010008B7010008BF
:10014000B7010008B7010008B7010008B7010008AF
:10015000B7010008B7010008B7010008B70100089F
:10016000B7010008B7010008B7010008B70100088F
:10017000B7010008B7010008B7010008000000003F
:10018000B7010008B7010008DFF80CD000F004FC4C
:10019000004800470DF501087CD50120064880473E
:1001A00006480047FEE7FEE7FEE7FEE7FEE7FEE75C
:1001B000FEE7FEE7FEE7FEE78998010889010008EF
:1001C0002DE9F05F0546002092469B46884606468C
:1001D000814640241BE0284641464746224600F01F
:1001E00026FA53465A46C01A914110D31146184672
:1001F000224600F00DFA2D1A67EB01084F46224601
:100200000120002100F004FA17EB00094E41201EE6
:10021000A4F10104DFDC484631462A464346BDE8E6
:10022000F09F10B5441A0346944209D28418114431
:1002300003E011F8013D04F8013D521EF9D210BD52
:1002400040EA0104A40703D009E010C9121F10C33B
:10025000042AFAD203E011F8014B03F8014B521EB5
:10026000F9D210BDD2B201E000F8012B491EFBD239
:1002700070470022F6E710B513460A4604461946B1
:10028000FFF7F0FF204610BD421E12F8013F002B81
:10029000FBD111F8013B02F8013B002BF9D170476B
:1002A000421C10F8011B0029FBD1801A704710B5C1
:1002B000002200E0521C835C8C5CA34201D1002B25
:1002C000F8D1D8B2E1B2401A10BD30B504460020D2
:1002D000034600E05B1C934203D2E05CCD5C401B14
:1002E000F8D030BD034611F8012B00F8012B002A8D
:1002F000F9D1184670472DE9FE4F81EA030404F056
:10030000004421F0004100944FF0000B23F0004323
:1003100050EA01045ED052EA03045BD0C3F30A54EE
:10032000C1F30A552C44A4F2F3340194A0FB025407
:10033000C1F3130141F48011C3F3130343F4801399
:1003400001FB024400FB034E840A970A44EA8154ED
:1003500047EA8357A4FB076802958D0A05FB0785CA
:100360004FEA932C04FB0C542705029D4FEA0658D4
:1003700047EA1637B5EB08056EEB070C870E920EB1
:1003800047EA811742EA8312A7FB0201B6EB0B0191
:1003900064EB00042B0D43EA0C335E1844EB1C5055
:1003A000DA465146E7FB0201C5F313044FEA0B336B
:1003B00043EA14534FEA0432019C43EA0603A4F1D2
:1003C0000C040294009CCDE900B400F086F903B05F
:1003D000BDE8F08F00200146F9E72DE9F04D81EAF4
:1003E000030404F0004B21F0004514464FF0000ACE
:1003F00023F0004150EA050220D054EA01021DD04A
:10040000C5F30A570246C5F31303C1F31300C1F342
:100410000A5640F4801543F48013A7EB0608101B1E
:10042000D64608F2FD3873EB050002D308F1010847
:1004300001E092185B41B8F1000F03DA0020014699
:10044000BDE8F08D00204FF48011064684460EE092
:10045000171B73EB050705D3121B63EB050306435C
:100460004CEA010C49084FEA300092185B4150EA0F
:100470000107EDD152EA030012D082EA040083EAB8
:100480000501084305D0101BAB4106D20122002311
:1004900006E000224FF0004302E06FF0010253102B
:1004A0001AEB06004CEB085110EB0A0041EB0B0174
:1004B000BDE8F04D00F002B90EB5C10F80EAE07062
:1004C0000844CA07002140F233438DE80E000A4673
:1004D0000B4600F002F903B000BD0EB540F2334107
:1004E00002910021CDE900110A460B4600F0F5F813
:1004F00003B000BDC1F30A5210B5C1F3130140F2BD
:10050000FF3341F480119A4201DA002010BD40F21D
:1005100033439A42A2F2334203DC524200F087F89E
:1005200010BD904010BD00F0004230F000400AD0F5
:10053000C10D01F56071C0F3160042EA0151C20815
:1005400040071143704700200146704730B5041E34
:1005500071F1000404DB4FF00044404264EB010100
:10056000141E73F1000405DB1C464FF00043524299
:1005700063EB04038B4208BF824230BD30B5041EDA
:1005800071F1000404DB4FF00044404264EB0101D0
:10059000141E73F1000405DB1C464FF00043524269
:1005A00063EB0403994208BF904230BD01F0004361
:1005B00030B421F0004150EA010206D00A0DA2F544
:1005C0006072C1F31301002A02DC30BC00207047C6
:1005D000440F44EAC104C100E01830BC00EBC25033
:1005E00000F035B830B50B4601460020202201242A
:1005F00009E021FA02F59D4205D303FA02F5491BF1
:1006000004FA02F52844151EA2F10102F1DC30BD06
:10061000202A04DB203A00FA02F1002070479140C2
:10062000C2F1200320FA03F3194390407047202AB7
:1006300004DB203A21FA02F00021704721FA02F38C
:10064000D040C2F12002914008431946704700296A
:10065000A8BF7047401C490008BF20F00100704748
:1006600010B4B0FA80FC00FA0CF050EA010404BFA8
:1006700010BC704749B1CCF1200421FA04F411FAFE
:100680000CF118BF012121430843A3EB0C01CB1D42
:100690004FEA00614FEA102042BF002010BC7047B3
:1006A00000EBC35010440029A4BF10BC7047401C8D
:1006B000490008BF20F0010010BC704710B5141E9F
:1006C00073F1000408DA401C41F1000192185B410B
:1006D0001A4301D120F0010010BD2DE9F04D9246E2
:1006E0009B4611B1B1FA81F202E0B0FA80F22032F9
:1006F0009046FFF78DFF04460F4640EA0A0041EAA4
:100700000B0153465A46084313D0114653EA0100E1
:1007100019D0C8F140025046FFF789FF05460E4642
:10072000504659464246FFF773FF084305D0012063
:1007300004E020463946BDE8F08D0020054346EA36
:10074000E0762C4337430A986305E40AA0EB0800DF
:100750000022FD0A44EA47540A3002D5002001462F
:10076000E9E7010510196941DDE90845001969410A
:10077000BDE8F04DA2E72DE9FE4F804681EA030077
:10078000C00F0C46009021F0004123F00045B8EB6B
:100790000200A94105D24046214690461C460B4620
:1007A000024623F00040104347D0270DC7F30A004C
:1007B000C3F30A510290401A019040286BDAC3F348
:1007C000130040F4801B0098924620B10023D2EB26
:1007D000030A63EB0B0B01985946C0F140025046E7
:1007E000FFF716FF06460D4650465946019A00F09F
:1007F000E5F810EB08006141002487EA115284EA11
:10080000E7731A4340D0009A62B3019A012A4FEA73
:10081000075215DC001B61EB02014FF0004202EAB7
:100820000752CDE90042001C41F5801132462B46AB
:10083000FFF753FF03B0BDE8F08F40462146F9E7CC
:10084000001B61EB0201001C41F5801300185B41A5
:100850002018A2F5001747EB030140EAD570B6193E
:100860006D4111E06D084FEA360645EAC0754FEA62
:100870000752001B61EB0201001C41F58011490881
:100880004FEA30000019514132462B4603B0BDE813
:10089000F04FFFF713BF0098012240000023D0EB78
:1008A000020263EBE073009821464FEAE074B8EB74
:1008B000000061EB0401E9E783F000435BE781F0AE
:1008C000004158E72DE9F04D00231A461B1A8A41D2
:1008D00003DB00200146BDE8F08DC1F30A52C1F3ED
:1008E000130141F480154FF0000BD10702D100181D
:1008F0006D41521E0027044640F2FF11384601EBBD
:10090000620A3E468046024600204FF48011FFF7FF
:100910008EFEC2197141BB1846EB0100B4EB030C0B
:1009200075EB000C04D3E41A65EB000517460E4680
:10093000241908F101006D4180463428E3DDF919DE
:1009400046EB0600091BA84103D24FF0FF321346C5
:1009500001E0002213461BEB070046EB0A51BDE8FD
:10096000F04DFFF7ABBEC1F30A52C1F3130140F2E1
:10097000FF3341F480119A4202DA002001467047A9
:1009800040F233439A42A2F2334202DC5242FFF772
:100990004EBEFFF73DBE0000064C074D06E0E06886
:1009A00040F0010394E8070098471034AC42F6D3B6
:1009B000FFF7EEFBC4190308E4190308202A06DB3D
:1009C000CB17203A41FA02F043EAE07306E041FA1D
:1009D00002F3D040C2F1200291400843194670470B
:1009E00070B58C1810F8015B15F0070301D110F8F1
:1009F000013B2A1106D110F8012B03E010F8016B1E
:100A000001F8016B5B1EF9D12B0705D40023521EA0
:100A10000DD401F8013BFAE710F8013BCB1A921C08
:100A200003E013F8015B01F8015B521EF9D5A14206
:100A3000D8D3002070BD000070B5456882B0044670
:100A4000014628460BF010FC68B123680F2B59D0E3
:100A50000BDD282B45D0B3F5107F3CD0112B49D0AE
:100A600020460BF011FF02B070BD0B2B20D00E2BD7
:100A7000F6D1E3681A6859680D2A53D0202A31D17B
:100A8000002928464FF480717DDD0BF0CDFC28460F
:100A900002F0CAFE02AB846A43F8040D184602F065
:100AA000F7FFA207DFD5284601210DF013FADAE798
:100AB000284602F0B9FE02AD03466830019302F009
:100AC000A1FC55F8040D03216C3002F0B7FC284658
:100AD00002F0DEFFC4E7324B214628461B689847E8
:100AE000C1E7E368002BBBD128464FF480710BF0BF
:100AF000A3FBB5E72B4B1B68002BB4D0214628463F
:100B00009847B0E7284602F08FFE02AB43F8040D89
:100B1000426E1468184602F0BBFF002CA3D0284692
:100B2000A047A0E70029DDDD4FF4807128460BF0D7
:100B30007BFC284602F078FE02AC866A44F8040D7D
:100B4000204602F0A5FFB10703D5012128460DF08C
:100B5000C1F94FF4807128460BF06EFB284602F075
:100B600063FE034620461E8E9C6A019302F090FFAE
:100B7000304606F0D3FEA3077FF575AF2846022165
:100B80000DF0A8F96FE70BF057FB284602F04CFE7A
:100B900002AB846A43F8040D068E1846E6E700BFF0
:100BA000380100208CC201202DE9F043044687B0B3
:100BB000B0F90C60A569B0F90A002F4F0091B4F9A3
:100BC00010E00297B4F90E70F1184C35002610446D
:100BD0000395019673463A46B4F908500BF066FD4A
:100BE000804618B9404607B0BDE8F08302F01CFE0D
:100BF000224F0590294610223E1D0BF0ADFC0DF151
:100C000018090FCE59F804ED0EF134050FC50FCEBB
:100C10000FC596E80F0085E80F007B6BCEF86430B7
:100C2000484602F035FF7B6B40465B68984740467C
:100C3000656802F0F9FD846E049004A8059402F042
:100C400027FF2946484608F0ADFD0028CAD0059B7D
:100C50009C4209D0404602F0E7FD059A82660346B1
:100C600004A8049302F014FF40460CF09DFD40469A
:100C700007B0BDE8F08300BF390A00083801002042
:100C8000F0B5954A8168436852F8216089B00446FE
:100C9000122B3FD8DFE803F0AE3E3E3E3E0A963EC2
:100CA0003E3E3E3E3E3E3E3E3E3E4100F569002D0C
:100CB00040F0B280371F57F8040F06F0D3FD04F15F
:100CC00010000FC85B1B521B29442844013504F057
:100CD0003FF9022DEFD132696169E3690192A2699E
:100CE0002069F76800970B445B100231521B2844BF
:100CF00003F0A6FEE3696169B2690192A269206905
:100D000074690094194449100131023B521B284474
:100D100003F096FE002009B0F0BD006802F084FDEB
:100D2000856E0490002D00F0CF80A368B0F95C7050
:100D3000002B00F0C780032B14BF0023022300EB1D
:100D40008303406D1C6C06F0A1FD204606F08AFD71
:100D500008AC06A804F0B2FAB6F81CE0BDF818100A
:100D6000BDF81C20BDF81A0054F8106DBDF81E30F7
:100D70007144CEEB02020230023BADF81810ADF820
:100D80001C20B6F95E10B6F96020ADF81A0006A86E
:100D9000ADF81E3005F0CEFF204602F079FE0220AD
:100DA00006F0AAFD284602F03FFD08AC06A944F86B
:100DB0000C0D3A4603F08EFB204602F069FE00203F
:100DC00009B0F0BD006802F02FFD049020680EF01D
:100DD0004BFBA8B9049B5D6F05B9DD6E04A802F05A
:100DE00057FE0023284621681A4603F04BFA0020DC
:100DF00009B0F0BD00680DF03BFB002009B0F0BD6C
:100E0000A368002B64D1049A136F002B14BF6C23CA
:100E1000682313445D68E1E7B36803937368029342
:100E2000374600F1140157F804090EC901902069F2
:100E3000009507F0F5FF002557F8040F06F012FDA6
:100E4000F369A26921696069D21A1944284403F040
:100E5000C1FEF369A2692169E069D21A1944401BF5
:100E600003F0B8FEF369E26961692069D21A194496
:100E7000284404F0AFF8F369E2696169A069D21A05
:100E8000401B1944013504F0A5F8022DD4D1B068F7
:100E900006F0E8FCF16920696569E36942185B1AAC
:100EA000013A2944023004F0E7F8F169A269656962
:100EB000E369501A5B1A01302944023A04F0DCF865
:100EC000F56908E701233AE704A802F0E1FD21E70C
:100ED000049BDD6E82E700BF88F5020810B582B082
:100EE00018B90446204602B010BD02F09DFC02ABCA
:100EF000448E43F8040D184602F0CAFDC4F30024E2
:100F0000204602B010BD00BF054B06495A6A10B416
:100F1000054C58620C6010465DF8044B704700BFEA
:100F20003C0100206C010020700100200349044BAB
:100F30000448054A08601A60704700BF3801002065
:100F40008CC20120294F0108D94D01082DE9F04735
:100F5000466886B00546304602F066FCC36D0090D8
:100F6000D0F88840D0F88070D0F86880B0F87C90D5
:100F7000002B63D0D3F800A0684602F089FD14B9B5
:100F800009E024683CB16368284698470028F8D0F7
:100F900006B0BDE8F0872B68172B00F0A4801DDC9D
:100FA0000F2B00F08C807CDC0B2B00F0BE800D2B17
:100FB0000AD119F0080F07D1EB68DB6823B11B7A5F
:100FC00013B130460DF08CF9304629460BF04CF940
:100FD0000028DDD028460BF057FCD9E7262B74D02B
:100FE0002EDC1E2B00F0AD80202BEDD1EC68002C08
:100FF000EAD0314660680EF021FA002800F0BA808D
:10100000304602F011FCB0F87C300190190740F135
:10101000228101A802F03CFD314660680EF0FCF927
:101020000028D1D0304602F0FFFB034662680190F1
:1010300001A8C3F8802002F02BFDC5E79A469BE784
:101040002A2B65D0B3F5107FBED13046D5F80C8081
:1010500002F0EAFB06ACB0F87C7044F8140D2046B0
:1010600002F016FDEB68002B92D098F80830002BA8
:1010700000F0A580390740F1B18030460BF0D8FA76
:1010800007F48873B3F5887F82D107F080039BB2A1
:10109000002B7FF47DAF4146304605220DF0C4F8A9
:1010A00076E7112B22D0142B8ED1304601A900F007
:1010B000A7FC02AB03CBEB681860596068E7BAF194
:1010C000000F81D03046D0477EE7EB68022B7FF4DB
:1010D0005FAF06A9272241F8142DA8680396049350
:1010E0000EF056FB54E7C5F80C8051E73046EC682B
:1010F00002F09AFB01902389012B05D1B0F87C30D6
:1011000043F48073A0F87C3001A802F0C1FC5BE7D7
:10111000304602F089FBEB680090002B62D0C0F8EB
:101120008430684602F0B4FC32E7304602F07CFBC3
:1011300003467030009302F065F9684602F0A8FC9F
:1011400042E7EC68012C51D0002E3FF421AF30462D
:1011500002F06AFBB0F87C3001901C0706D523F042
:101160000803A0F87C3030460CF01EFB01A802F00A
:101170008FFC0DE7304602F057FBB0F87C30019051
:101180001A0706D523F00803A0F87C3030460CF08F
:101190000BFB01A802F07CFC314620680EF03CF904
:1011A00000283FF411AF304602F03EFB03462268B0
:1011B000019001A8C3F8802002F06AFC04E73046E1
:1011C00002F032FBB0F87C200190034622F48072DA
:1011D0002046A3F87C2002F05BFCD9E630460DF0F7
:1011E0007FF84AE7D0F88430EB609AE738460CF095
:1011F00055FDF8B138460DF073F838460CF090F90B
:1012000088B926B9002F7FF4C3AEEF60C0E6304640
:1012100002F00AFBB0F87C3001901A0723D501A830
:1012200002F036FCEEE7214638460BF0FDF8002EC2
:10123000E8D0ECE740460DF0A5F80746304602F04E
:10124000F3FA03466846C3F88070009302F020FC6E
:10125000002ED7D0DBE743F00803A0F87C303046FF
:101260000CF0A2FAD5E643F00803A0F87C30304633
:101270000CF09AFAD3E700BF2DE9F04704468CB092
:10128000B0F90C60A569B0F90A00B4F910E000915A
:10129000B4F90E70DFF81CC1CDF808C0F118603544
:1012A0004FF4805601960395104473463A46B4F8BD
:1012B00012A0B4F9085067680BF0F8F9064618B99F
:1012C00030460CB0BDE8F08702F0AEFADFF8E890E7
:1012D0000490294630224D460BF03EF90DF13008BE
:1012E0000FCD58F820ED0EF134040FC40FCD0FC40C
:1012F00095E80300149B84E803000025CEF86430D1
:10130000D9F82830CEF85C30CEF88050CEF86C504A
:10131000CEF88850AEF87CA0404602F0B9FB07A991
:10132000304600F06DFBBDF92210BDF92000BDF97B
:101330002420BDF926301E4C03955B1A121A41F287
:101340008275013201330294009601950BF0AEF9DB
:10135000D9F8283004465B6830469847304602F09A
:1013600063FA034640469C66049302F091FB3046C4
:101370000BF0D2FB304602F057FA036F059005A838
:10138000069302F085FB394606A808F00BFA002800
:1013900096D0304602F048FA069A0267034605A83E
:1013A000059302F075FB30460CF0FEF988E700BFAC
:1013B000991D00084D0F0008FC0100202DE9F041A7
:1013C000044690B0006800F0CDF9B04B6668A3F118
:1013D0002C05002808BF1D461C2E00F2F880DFE80F
:1013E00016F02200F600F600F600F6003500F600D2
:1013F000F600F600F600F6005100F600F600FB00DD
:10140000F600F600F6000F01F600F60049014B0168
:101410004D014F01F600F600F6001D006E693046E2
:1014200010B0BDE8F081206802F0FEF910ABB0F812
:101430005A2043F82C0D42F00C02A0F85A2018460E
:1014400002F026FB20680DF013F8E8E72B69019302
:10145000B4F910E0B4F91470B4F91860B4F91C4090
:10146000EB6800933246704639462346ADF820605B
:10147000ADF81CE0ADF81E70ADF82240002603F078
:10148000DFFACCE71C2320680893079002F0CCF920
:10149000036D059007A89847064605A802F0F8FADC
:1014A000012E40F32681AB6802936B6801932B6891
:1014B0006269A16920690093334607F0B1FB27698F
:1014C000A3693744C6EB0308286806F0CBF9424607
:1014D0003946606903F07EFB686806F0C3F960690D
:1014E00042460130394603F075FB6B6A022B00F36C
:1014F000F3802A6A964218DA63692069012E03F1A3
:10150000020740F32481024406EB0308013A304409
:101510004346394603F0B0FDA069821BEB69C01A4F
:1015200039464346013003F0A7FD012ED4BF66695A
:101530006369E7692868CCBFF6180236013F06F0F8
:1015400091F93A463146206903F044FD3A46314666
:10155000A06903F03FFDE769686806F083F9206938
:10156000023F3A460130314603F034FDA0693A4665
:101570000138314603F02EFDEB69022B40F38280E7
:10158000AB6AE769A868022BCCBFFF1A023F06F0DE
:1015900069F9EA69022A00F396802B6A022B00F3AC
:1015A0008880286806F05EF9A2692169E06903F085
:1015B00011FB686806F056F9A2692169E069013AF1
:1015C0000131013803F006FBAE6A022E60DC002612
:1015D000304610B0BDE8F08104F114010EC9A868CE
:1015E0002569ADF81E10ADF82020ADF82230ADF819
:1015F0001C5006F037F907A803F062FD00260EE73D
:10160000298B2269A3696669E5692068ADF81E60C7
:101610005B1A0A44ADF82030ADF81C20ADF822501A
:1016200002F002F9036F0590FBB1022006F064F9A5
:10163000059AB2F87C30C3F3C0030E3302EB830388
:10164000986806F00FF9059B586B06F01FF9059B8B
:10165000186F02F0E9F8059B0690B3F95A2007A924
:1016600002F038FF06A802F013FA05A802F010FAFB
:101670000026D4E6AE6AD2E6EE69D0E62E6ACEE661
:101680006E6ACCE62B6A022B8BDD79E768020020BC
:10169000A269E7692169A8688C1C951E06F0E2F82A
:1016A000B91B2A4620460131BB1E03F0E5FC00268B
:1016B000B5E6A269E869101A3B4631460130023AA4
:1016C00003F0DAFC6DE720690244013A02303B4640
:1016D000314603F0D1FC60E7A86806F0C3F8616901
:1016E0006B6A0B4442463846013B023103F0C4FCAE
:1016F0001BE7286806F0B6F82169EA6960690A44C0
:10170000013A03F067FAA269E9696069511A013187
:1017100003F060FA676920690137394603F0F4FB8A
:101720003946A06903F0F0FB686806F09BF8206971
:101730003946013003F0E8FBA0693946013803F06F
:10174000E3FB2769A3690237A3F10208BCE6024460
:10175000013A02303B46394603F08EFCA069B84698
:10176000821EDBE610B582B018B90446204602B0EE
:1017700010BD02F059F802ABB0F87C4043F8040DFC
:10178000184602F085F9C4F3C004204602B010BD2B
:1017900001290DD8074B30B453F8215004460FCD22
:1017A0000FC40FCD0FC495E8070084E8070030BCD4
:1017B000704700BF98F5020800B97047F0B583B0D4
:1017C00014460D4602F030F80090006F20B96846CC
:1017D00002F05EF903B0F0BD02F026F80746019072
:1017E000FEF75EFD0A4BA0420646A8BF04F1FF3695
:1017F000394632461B68284698470023AB5501A856
:1018000002F046F9684602F043F903B0F0BD00BFAC
:101810005C040020074A084B30B402F10C0110614F
:1018200003C9DC69054D18332A6083E803002046AC
:1018300030BC704728020020FC0100202402002058
:1018400000B970472DE9F04184B004460E4601F01E
:10185000EBFF458EC36D039005F02005ADB29F6888
:1018600045B1B0F954502DB9406B03F097FD039B7F
:10187000851C00E003465E6303A802F009F93B689B
:101880000121204698473B68064603212046984799
:101890003B6880460021204698470746204600F0D6
:1018A0003DFA4346324629462046009700F0BCF9EF
:1018B00020460BF079FF04B0BDE8F081012923D860
:1018C00070B404460D46114E0FCC56F825603546CF
:1018D0000FC50FCC0FC594E80700F36985E8070032
:1018E000012BDCBF0223F361336A012BDCBF02232F
:1018F0003362736A012BDCBF02237362B36A012B6C
:10190000DCBF0223B36270BC704700BF98F50208C9
:1019100000B9704730B583B00C46054601F084FF2E
:10192000B0F95A300190A34204D0A0F85A4028469A
:101930000BF03AFF01A802F0ABF803B030BD00BFD6
:1019400000B9704730B583B00C46054601F06CFF16
:1019500002AB046443F8040D4464184602F098F89E
:1019600028460BF021FF03B030BD00BF2DE9F04346
:10197000044685B020B90546284605B0BDE8F08389
:101980000E4601F051FFB0F954500390B5422AD0F1
:10199000418E01F0200189B219B15DB303462F4693
:1019A00001E003460F46DA6DA3F854609668012102
:1019B000336820469847336880460321204698477D
:1019C000336800218146204698470646204600F0AD
:1019D000A5F9204600964B464246394600F024F9C8
:1019E00020460BF0E1FE03A802F052F8284605B0AD
:1019F000BDE8F083406B03F0D1FC039B871CD2E76A
:101A00002DE9F04F89B007460D4601F00DFFC36D7B
:101A100005909C6801212368384698472368032174
:101A200080463846984723680221834638469847BF
:101A300023680021824638469847814605980DF074
:101A400009F9064605980DF00DF903460598448EF0
:101A500004F02004A4B2B4B1B0F95420B0F9584055
:101A6000002A4ED091B2C06E0C44A4B280B1039152
:101A7000029201930BF09AFA019B029A03990FFAD2
:101A800080FE80B205E021462246C06E0028EED1DD
:101A900086461FFA89FC013ECBEB060B6444013BF2
:101AA0000CF1FF3C8C44CAEB03030FFA8BFB0FFADB
:101AB00088F804446B812A80A5F802E0A5F812C0DA
:101AC000A5F808B0A5F810B0A5F80480A5F80C801A
:101AD000A5F80E90EC8005A801F0DAFF08AAB5F988
:101AE000103042F8043D3846B5F90C30069306A98B
:101AF00000F04CF8069A079BAA812B8209B0BDE83A
:101B0000F08F406B019303F049FC023081B20C442A
:101B100002B2A4B20598019BB7E700BF08B5438E97
:101B200003F020039BB24BB10246B0F9540000B160
:101B300008BD506B03F032FC023008BD184608BDEA
:101B400070B58AB00C46064601F06EFE0AABC26D57
:101B500043F8280D1846956801F09AFF0196032C6A
:101B600005D8DFE804F00F0C0902172302936B6815
:101B700001A898470AB070BD15230293F7E7162312
:101B80000293F4E718230293F1E700BF2DE9F04335
:101B900083B088460446914601F046FE034602A8FB
:101BA000DA6D40F8083D9568B3F90070B3F902604A
:101BB00001F06EFF2B68204600219847054620461D
:101BC0000BF038F960B3044607E001A801F060FFAC
:101BD00020460BF05DF9044610B3204601F024FEC8
:101BE000B0F9023001909B1B9D42EED1836A1B0627
:101BF0000BD5B0F90030D9F80020DB1B934203F17C
:101C0000FF33E2DCC9F80030DFE7B0F90430D8F880
:101C10000020DB1B9342A4BF0133C8F80030D4E797
:101C200003B0BDE8F08300BF2DE9F04F83B00E464E
:101C30009B460546144601F0F7FD0DF10808C26DFC
:101C400048F8080DD2F80890FFF768FF07464046AD
:101C500001F01EFFD9F80030012128469847D9F835
:101C600000300321824628469847D9F80030804644
:101C7000002128469847B742814644D028460BF0B9
:101C8000D9F8BE1B0546002844D00C9B0027C8EBA2
:101C90000B0BC3EB0909C4EB0A0AB8460AE0B4F51A
:101CA000007F10D001A801F0F3FE28460BF0F0F8F9
:101CB000054678B3284601F0B7FD846A019004F424
:101CC0002074802CEBD1BEB9836A1A0609D49B0517
:101CD000E8D507FB06A14A4628460CF0A7F80137CD
:101CE000E0E708FB16B14A4628460CF09FF8019B36
:101CF00008F101089B6AEAE72846324631460CF0B3
:101D000041F90198E0E7A245B8D1D845B6D10C9B7E
:101D10009842B3D103B0BDE8F08F00BF70B586B074
:101D2000064601F081FD034606A89C6E40F8183D6A
:101D3000DD6E01F0ADFE84B96DB1304601A9FFF74B
:101D40005FFEBDF90A20BDF90630BDF9081028462E
:101D5000D21A0BF0D5FF06B070BD304601A9FFF7CF
:101D60004FFEBDF90A20BDF9081020460BF0C8FF50
:101D7000BDF90A00BDF90E20BDF90C30BDF90810FF
:101D8000121A591A2046013201310CF097FB002D2E
:101D9000D7D106B070BD00BF2DE9F043456887B0CC
:101DA000044628460BF07EF8074601F03DFD034649
:101DB00006A85E6E40F8143DD3F84880D3F88090B2
:101DC00001F066FE23680E3B232B3FD8DFE803F0CB
:101DD00035463E3E3E3E12123E123E3E3E3E3E3EA8
:101DE00018243E3E2B3E3E3E3E3E3E3E3E3E3E3E66
:101DF0003E3E3E3020460AF047FD07B0BDE8F08386
:101E0000E368002BF9D0B9F1000F3BD04D4539D034
:101E100048460CF065FAF0E7214638460AF024FA05
:101E200007B0BDE8F083C4F80C8007B0BDE8F083CC
:101E30000023E36007B0BDE8F083E3685A68002A36
:101E400004DD1B68092B1DD00A2B1FD0002ED1D01A
:101E500067602046B04707B0BDE8F0836FF070437D
:101E6000984504D0404608F01BFE02F02BF8002EE7
:101E7000C3D094E80F0002AC84E80F00204603951D
:101E8000B047BAE728460CF07DFAB6E728460CF0D2
:101E9000BDFAB2E72DE9F041044686B00020E668BD
:101EA0000F46904605F0F0FC05460EB13379C3B9F4
:101EB00025F0020005F0E8FC2669CEB10123E068B8
:101EC000A1680393029363882288019000913846A9
:101ED00041463468A047284606B0BDE8F04105F009
:101EE000D3BC40F0020005F0CFFC2669002EE5D1FE
:101EF000124E134B32681B68527CE06821469847AB
:101F0000E188B0B1638822880590D4F808E0A688FB
:101F100003960124029138464146CDF810E0019421
:101F2000009407F0C1FF284606B0BDE8F04105F077
:101F3000ABBC012904BF3368986BE3E714010020B0
:101F4000080100202DE9F04F744D754E2C6817469E
:101F500040F2C32387B003FB07F30246646E02928C
:101F600086FB0360DB17BE18C3EBA01307EBD77229
:101F700007FB07F808EB620E01336468CDF814E044
:101F8000304689460493A0472B68029C5B6E494605
:101F90005B68E01B98472B68CDF80C905B6E4A4657
:101FA000BA1811465B680092204698472B68039A3E
:101FB0005B6ED11B5B6820469847049B002B40F367
:101FC000A9800124AA46B9464BE0029B039A0099D6
:101FD000E718C4EB030B131B02EB040801932A68F8
:101FE000526E3846526890472A680099526E584699
:101FF000526890472A68526E414652683046904770
:102000002A680199526E304652689047B9F1000F24
:1020100021D0DAF80020039B526EC9EB0301384649
:1020200052680F469047DAF80020526E39465846FB
:1020300052689047DAF80020029B526EC9EB030702
:102040004146526838469047DAF800200199526EAE
:10205000384652689047049B0134A3425ADB09FB7F
:1020600009F8059B04FB04884345AEDA2A68029B05
:10207000DDF80080526EE7184146526838469047B6
:102080002A68029B526EC4EB030B414652685846C5
:1020900090472A68039B526E04EB0308526841463E
:1020A000304690472A68039B526E1B1B304652688D
:1020B000019319469047B9F1000F21D0DAF80020BA
:1020C000039B526EC9EB030631465268384690476F
:1020D000DAF80020526E3146526858469047DAF8D6
:1020E0000020029B526EC9EB0306526830464146FF
:1020F0009047DAF800200199526E304652689047B6
:10210000029B09F1FF3909EB0306039B4B44009343
:10211000194664E707B0BDE8F08F00BF1401002046
:10212000D34D62102DE9F04F161A85B05D1A9E4608
:1021300056EA0503DDF838B078D086EAE67385EA1A
:10214000E574A3EBE673A4EBE5749C42074689466D
:1021500032DC1C46A6424FF0000301933AD06D4298
:1021600039464FF0FF33002D1746C6F100040A46EA
:10217000F1460393DBF8001032D1DFF80883019BAE
:10218000D8F800E00846002B00F0CF809EF81A3007
:10219000002B00F0C181002CC0F2C581B54EAA46CB
:1021A0007246013B451C032B00F23281DFE813F03D
:1021B0004A013F0156011F013B4630462E4611465B
:1021C0004F46A64299464FF00103724605468E4699
:1021D0000193C4D10123002D0393DBF80010CCD070
:1021E000DFF8A082D8F8000004EBD476827E4FEAB4
:1021F0006606B8BF7642F2B9002C14DB019B002BB7
:1022000000F05181924601E0D8F80000436E96FB41
:10221000F4F00AEB07015B6848440AF1010A9847A9
:1022200054452E44F0DA05B0BDE8F08F05B0BDE8A6
:10223000F04F00F07BB95A1C00F02D81002C53DBCD
:10224000CDF808904FF0000AC14698464144CBF8BB
:102250000010827E013A032A15D8DFE802F0574BBE
:102260002C02854B4FEAE17E83FB0132CEEBA202CA
:1022700002EB4202A1EBC2020B2A12DD22F00402A1
:10228000103A012A0DD996FBF4F1029B426E1944D3
:10229000019B002B40F0F880526838469047DBF8ED
:1022A00000100AF1010A544507F101072E4416DB1C
:1022B000D9F80000CAE76F4B4FEAE17E83FB013299
:1022C000CEEBE20202EB8202A1EB82020B2AD7DC08
:1022D0000AF1010A544507F101072E44E8DA039A8E
:1022E0000132434600F0DD80CB1ACBF8003005B058
:1022F000BDE8F08F614A0A40002AC0F2E680012A58
:10230000CCBF00220122002ACBD1BCE75C4A01F1FC
:10231000060E0EEA0202002AC0F2DC800B2ACCBFB5
:1023200000220122002ABCD1ADE79EF81A30002B12
:1023300000F0E980002CC0F2F680DDF804A04E4EDB
:102340007246013B451C032B13D8DFE803F04337EB
:10235000210286FB0031C317C3EBA10303EB430348
:10236000A0EBC3030B2B0ADD23F00403103B012B6E
:1023700005D9536E49465B6807EB0A0098470AF196
:10238000010A544514DBD8F800202846937ED8E78C
:10239000384B83FB0031C317C3EBE10303EB83032B
:1023A000A0EB83030B2BE1DC0AF1010A5445EADAC6
:1023B000691ECBF8001005B0BDE8F08F2F4B03402D
:1023C000002BC0F29680012BCCBF00230123002BF1
:1023D000D5D1CEE72A4B691D0B40002BC0F28E8071
:1023E0000B2BCCBF00230123002BC8D1C1E7224B0C
:1023F00083FB0031C317C3EBA10303EB4303A0EB43
:10240000C3030B2B0ADD23F00403103B012B05D97A
:10241000536E0AEB07015B68484698470AF1010AC8
:102420005445C5DBD8F800202846937EB9E6134B07
:102430000340002B53DB012BCCBF00230123002BD7
:10244000ECD1E5E70E4B691D0B40002B4CDB0B2B51
:10245000CCBF00230123002BE0D1D9E786FB00315C
:10246000C317C3EBE10303EB8303A0EB83030B2B45
:10247000CBDCD3E767666666ABAAAA2A03000080B6
:102480000F0000801401002008465268394690472A
:10249000DBF8001005E72144002CCBF80010BFF654
:1024A000CFAE214420E79A4601E0D8F80000436E01
:1024B00096FBF4F10AEB07005B6849440AF1010A54
:1024C000984754452E44F0DAADE6013A62F0030233
:1024D000013214E7013A62F00F0201321EE7013BBC
:1024E00063F003030133A6E7013B63F00F030133FD
:1024F000ADE7013B63F00303013364E7013B63F0A5
:102500000F0301336CE7DEF864301B684946384638
:1025100005B0BDE8F04F18473946484605B0BDE85C
:10252000F04F07F0A7BE0D4642E700BF064B1B6801
:102530001A7E012A05D0013A02EBD272521000F045
:1025400005B85B6E5B681847140100202DE9F04F59
:10255000DFF8DCB0354EDBF80040154640F2C32210
:1025600002FB05F2034685B086FB0209606E02930A
:10257000D217C2EBA919EF18C5EB030805EBD57EFE
:1025800005FB05F6046806EB6E0309F101093A46FE
:10259000404601938A46A047B9F1000F42DD029AF6
:1025A000012413190293531E0393334616461AE06F
:1025B000013DAF19C5EB0608DBF800305B6E0AEB96
:1025C00004013A461B6840469847DBF800305B6ED2
:1025D000C4EB0A013A461B68404601349847A145BE
:1025E00020DB05FB05F3019A04FB04339A42E3DA8E
:1025F000A945DDDA029ADBF80030171B039A5B6EFF
:1026000002EB0408384642460AEB05011B6898476E
:10261000DBF800305B6E424638461B68C5EB0A01AA
:102620009847C5E705B0BDE8F08F00BFD34D6210F5
:10263000140100202DE9F04F002987B01F4C40F312
:10264000D5822746054600EB810E43F6FF74B5F9A7
:102650000260B44205F10405A8BF3446B742B8BFD2
:102660003746AE45F3D10497154D2D686D696DB1B0
:10267000B5F90660049FB5F90250F61AED1AB74293
:10268000A8BF3746AC420497B8BF2C46049DAC4265
:1026900000F38E81DFF82C800593934606464D1E8D
:1026A0008A460020074B8245186040F37C81059BD9
:1026B000CDF80CB02344029319E000BF01C0FFFF26
:1026C0001401002000C40120A6450CD0C0F2738183
:1026D000A44500F38581F44540F37881A64502DCEA
:1026E000A44580F28281BA45384640F3EC8006EB7F
:1026F0008001A84200F10107ACBF0023BB00B1F983
:1027000002C03344A4450246B3F902E0DCD1A64539
:1027100000F03E82002DC8BF0021E4DD5AB1013A2D
:1027200006EB82030131B3F90230A3420BD1A94277
:10273000D9D0002AF3D12A4606EB82030131B3F93E
:102740000230A342F3D01B1BC4EB0E0E93EA0E0F14
:1027500036F9202040F112829F4B1B680B2BC2DC04
:10276000002B40F32B82581E410008EB010CBCF9F2
:1027700004E0724500F3318208EB4309A9F804E054
:10278000002800F01B82981E4FEA400908EB090E52
:10279000BEF904B05A4500F38D80ACF804B00028AF
:1027A00000F00C82D81E410008EB010CBCF904C0FB
:1027B000624500F31482AEF804C0002800F0FE81E8
:1027C000A3F1040984484FEA490B00EB0B0EBEF954
:1027D00004C062456EDC4144A1F804C0B9F1000FA9
:1027E00000F0EC81581F410008EB010CBCF904908B
:1027F0004A4500F3E781AEF80490002800F0DE813E
:10280000981F4FEA400B08EB0B0EBEF904904A45A7
:1028100050DCACF80490002800F0D081D81F4100B3
:1028200008EB0109B9F904C0624500F3CB81AEF8A9
:1028300004C0002800F0C281A3F1080C4FEA4C0E3E
:1028400008EB0E00B0F90400824233DCA9F8040062
:10285000BCF1000F00F0B281A3F10900410001902A
:102860005D4800EB0109B9F904B05A4500F3BB819A
:10287000C6440198AEF804B0002800F09F81A3F18F
:102880000A004FEA400C08EB0C0EBEF904B05A45A2
:1028900010DCA9F804B0002800F09081A3F10B012E
:1028A000490008EB0100B0F90400824200F399816D
:1028B000AEF80400484801440133BA4503608A80F9
:1028C00038463FF714AF444BDDF80CB01B68002BC3
:1028D00069DD012BB8F9040065D0404BB8F906203A
:1028E0001B68029F5B6E58441B685A4439469847E0
:1028F000D8F80030022B56DD032BB8F9080052D06F
:10290000364BB8F90A201B685B6E58441B685A4462
:1029100039469847D8F80030042B44DD052BB8F928
:102920000C0040D02D4BB8F90E201B685B6E58444C
:102930001B685A4439469847D8F80030062B32DDD8
:10294000072BB8F910002ED0244BB8F912201B68C1
:102950005B6E58441B685A4439469847D8F8003093
:10296000082B20DD1C4A092BB2F914001BD01B4B8D
:10297000B8F916201B685B6E58441B685A443946E8
:102980009847D8F800300A2B0DDD0B2BB8F918004A
:1029900009D0124BB8F91A201B685B6E39465844AF
:1029A0001B685A449847049B0134A342BFF679AE92
:1029B00007B0BDE8F08FA445FFF695AEF44514DCF2
:1029C000A4453FF790AEA645FFF68DAE36F9202020
:1029D000B3F9003010E000BF00C401201401002052
:1029E000A6453FF780AEF445EADD6146B3F9002025
:1029F00036F92030F4468E46991ACCEB040303FBDB
:102A000001F3002BCCEB0E0EDBBF4FEA6E0101F1A0
:102A1000FF3103EB6E01591A764B1B680B2B3FF706
:102A200062AE91FBFEF1002B0A44019240F3C48098
:102A3000581E1146420008EB020EBEF904C0614563
:102A400000F3C28008EB4309A9F804C0002800F095
:102A5000B380981E4FEA400B08EB0B0CBCF90490B6
:102A6000494500F38380AEF80490002800F0A4806C
:102A7000D81E420008EB0209B9F904E0714500F3E1
:102A80009F80ACF804E0002800F09680A3F1040CCD
:102A90004FEA4C0E08EB0E00B0F90400814265DCF1
:102AA000A9F80400BCF1000F00F086805149581FBE
:102AB000420001EB02090199B9F904B0594500F34C
:102AC0008780C644AEF804B0002875D0981F4FEA3E
:102AD000400B08EB0B0EBEF904C0614546DCA9F8BB
:102AE00004C0002868D0D81F420008EB020CBCF9D3
:102AF0000490494564DCAEF8049000285CD0A3F152
:102B000008004FEA400908EB090EBEF904B0594528
:102B10002CDCACF804B000284ED0A3F10900420030
:102B200008EB020CBCF904C0614554DCAEF804C0EB
:102B3000002841D02F49A3F10A004FEA400C01EBD5
:102B40000C0E0199BEF9049049450FDC4244A2F8ED
:102B50000490002830D0A3F10B00420008EB0200E3
:102B6000B0F90400814231DCAEF804002148BDF820
:102B700004100244013391800360B4E51E4B0399B5
:102B80001B685B6E0A441B68029910469847AAE5C9
:102B900036F92010B3F900300398014402461818A2
:102BA000154B1B685B6E8142B6BF02460A4608465B
:102BB0001B680299984796E50022D7E7002179E63D
:102BC0005A46D3E7594675E65A00CFE76246CDE745
:102BD0004FEA4C02CAE74A46C8E759006AE6494646
:102BE00068E6614666E64FEA4C0163E6049443F604
:102BF000FF7439E500C40120140100200C4B10B50E
:102C000018680C4C07F04CFF0B4B186807F082FF5C
:102C10002368012200201A769885588507F092FFD4
:102C2000064A2368126802B1DA6100229A7610BD62
:102C3000CCC0012014010020100100200C01002054
:102C40002DE9F04F4F4E3368DA69B3F92250D46959
:102C5000B4F80CB083458BB07DD8E18981427AD33A
:102C6000216808914FF0FF31CBEB000B0791BBF1CE
:102C7000FF3F6AD0177EB3F92A80A27CB3F9249073
:102C800094F810A017FB02F34046069307F05AFF92
:102C90003368069A0899099002FB0B109A6BDB695E
:102CA00004900592A27C03924FF0010BCDF808B07E
:102CB000DA7E01929B7E009328463B465246494667
:102CC00007F0F2F8079801301CD048F0020007F036
:102CD00039FF2C4A079812680899069B03FB0013DA
:102CE000916BD26905910493A37C0393CDF808B04E
:102CF000D37E0193937E009352463B464946284635
:102D000007F0D2F833681F4FDB695A7E1B7E9A4268
:102D100014D9B8F1020F11D088F0040007F012FFA7
:102D20003B68DB69187ED97E9A7E5B7E00FB019151
:102D30000AFB02524B44284607F0C6FA9DF82400CD
:102D400007F000FF3368B3F92250627C15445D84BC
:102D50000BB0BDE8F08FA1680029F6D00F88B8420B
:102D6000F3D3B1F802E08645EFD34968C01B80B2C7
:102D70006768089701EB800731F920B0B7F90210B6
:102D8000079174E714010020044B1B68DB69DB69C1
:102D900009B11A7C0A60587C704700BF14010020FA
:102DA00002230B80704700BFC3699A898A4202D808
:102DB000DA898A4211D2986818B10388994201D2FF
:102DC0000020704742888A42FAD3C91A436833F810
:102DD0002100C043C0F3C03070470120704700BFDE
:102DE0002DE9F043304F3B68DA69B3F92A5087B0D8
:102DF00004460146D06900F0E1F900283DD003887F
:102E0000D0F80480E41A04EB4404A400284618F81F
:102E1000046007F097FE254B18F80420D3F800E073
:102E20003B6801367610814608EB0405BEF1000FC1
:102E300026D0B3F9244095F90310B3F922C095F9CF
:102E400002006B784FF00008CDF814802144AC6884
:102E500004944FF0040801240396CDF808800194EF
:102E600000946044DEF80040A047484607F06AFE40
:102E70003A682979538C0B44538407B0BDE8F0833A
:102E8000B3F924E0B3F9224095F9031095F9020053
:102E900095F801C0AB6801937144204463460096E5
:102EA00000F0D0F9E1E700BF1401002034C5012093
:102EB0002DE9F04F3E4D2B68DA69B3F92A60D369EA
:102EC00089B043B11A88904202D35988814205D211
:102ED0009B68002BF6D109B0BDE8F08FD3F80480D1
:102EE000DFF8CC90841A08EBC407304697F802B09C
:102EF00007F028FE8246286818F83420D0F81CE035
:102F0000D0F838C09EF81830B0F92410B0F922007B
:102F1000CDF814C006934FF0010C7B680493CDF8F4
:102F20000CB0CDF808C09EF81BC0CDF804C09EF8C8
:102F30001AE0069BCDF800E006F0B6FF2B68DA69D0
:102F4000537E92F818B05B4523D9022E069320D009
:102F5000D17E079102F0B6F9064602F097F904F027
:102F600081FCD9F8002018F834C0D469B2F92200E5
:102F700094F81BE00799B2F92440069B0CFB0E0263
:102F800001FB034301FB0B4107F09EF9304604F0BF
:102F900069FC504607F0D6FD2B687978D8695A8CC1
:102FA000807E00FB01225A8409B0BDE8F08F00BF8B
:102FB00014010020114B70B41B68DD69EB6943B14B
:102FC0001A88904202D35C88844205D29B68002B09
:102FD000F6D1184670BC7047801A00EB40005E685E
:102FE000AC7E8200B3181B7913FB04F00029F1D0EA
:102FF000B35C14FB03F30B6070BC7047140100203A
:10300000114B1B68DB69DB69DBB110B40C461A8815
:10301000904202D35988814206D29B68002BF6D198
:1030200001205DF8044B7047821A5B6802EB420294
:1030300003EB820207CA84E8070000205DF8044B16
:1030400070470120704700BF1401002001230B804E
:10305000704700BFC06950B103888B4202D84388D3
:103060008B4203D280680028F6D170470120704758
:103070002DE9F0473A4E336884B0DB6904AF93F82A
:103080001990DB7E47F80C0D00250C4619FB03F95F
:10309000B046AA46013C384622D404F0E3FF336828
:1030A000DB6982460146D86900F088F80028F1D033
:1030B00003884168D8F80020C3EB0A0303EB4303FD
:1030C00001EB8303D26993F902101B79927E0B44C2
:1030D00002FB03F3002BC8BFED18013C3846DCD5DA
:1030E000BAF1000F03D0504606F094F90544326857
:1030F0001C49B2F92230B2F92420ADF80830501E34
:10310000013B0968ADF80A201D448144ADF80C501C
:10311000ADF80E9019B18B680BB102A8984702F078
:10312000D1F833685B8D5B07044616D402F0AEF825
:1031300004F098FBBDF90E30BDF90C20BDF90A1062
:10314000BDF9080007F0C0F8204604F08BFB064BE1
:1031500001221A7004B0BDE8F08702F0B3F8E7E787
:103160001401002034C5012024C5012070B5104D84
:103170002B68B3F92A6082B0B20701900C4612D0D6
:10318000013C09D401A804F06DFF2B68DB69013C08
:103190001B689847631CF5D12A68064B56850022A8
:1031A0001A7002B070BD044B1B689847E8E700BF77
:1031B0001401002024C501202001002040B1038813
:1031C0008B4202D843888B4202D280680028F6D115
:1031D000704700BF114B70B41B68DD69EB6943B1E8
:1031E0001A88904202D35C88844205D29B68002BE7
:1031F000F6D1184670BC70475E68AC7E821A06EB4A
:10320000C2035B7813FB04F00029F3D016F83230C8
:1032100014FB03F30B6070BC704700BF1401002067
:1032200001230B80704700BFC06950B103888B42F7
:1032300002D843888B4203D280680028F6D17047B9
:10324000012070472DE9F04F334C2468257C87B06E
:10325000AD07DDF84090DDF844A00AD52F4CCDF83D
:1032600044A0CDF840902468A44607B0BDE8F04FD4
:1032700060470593E36BDFF8B8801B680492A26B8C
:10328000039101931946D8F80430126802909942CC
:10329000104600923BD007F04FFA06460198204CAA
:1032A000204F07F049FA4FF0010B0546C8F80C60B3
:1032B0005FFA8BF23B683146284698470BF1010BC9
:1032C000BBF10F0F44F8040FF2D11748C8F848506B
:1032D00007F0F8F9019BC8F80430009BC8F80830E3
:1032E000124A0E4B1278BDF810401A721C82039AD3
:1032F000BDF8144002995C8203F11000A3F8149009
:10330000C3F818A007B0BDE8F04FFEF7C3BDD8F86A
:1033100008309842BFD1E3E714010020E803002001
:103320009CC2012070040020EC03002024C5012071
:1033300090C2012000B970470CF020BD08B90020F0
:10334000704770B506460CF019FD044638B3154DAC
:103350001549EA696B6B0132EA6113F830200132DA
:1033600003F8302003EBC00332465E680B6806F1B9
:1033700008000021984731686A6B12F83130012B40
:1033800001D9E86920B9013B02F83130204670BD0F
:103390000138013BE86102F83130204670BD002061
:1033A00070BD00BF4CC4012060040020024B21F01E
:1033B000030183E803007047B8C0012000B97047DB
:1033C00070B50A4C636BC6003344054659684868BB
:1033D0000CF026FB626B6368616A164401330020BF
:1033E0006360716002F83500656270BD4CC40120F5
:1033F00028B1034AD36B036003B15860D0637047B0
:103400004CC40120F8B50468054694B10A4E736BAC
:10341000E7003B44596848680CF002FB716B736825
:10342000726A0F440133002073607A6001F834003F
:10343000746200232B60F8BD4CC40120002929DDF3
:103440002DE9F04700258A46134F041FA94603E0E3
:10345000AA45C4F800901BD054F8046F0135002E23
:10346000F6D07B6B4FEAC6084344596848680CF0B5
:10347000D7FA796B7B687A6A88440133AA457B6006
:10348000C8F8042001F836907E62C4F80090E3D1B9
:10349000BDE8F087704700BF4CC40120F8B5894EE5
:1034A00096F828300446002B2FD00334356CF26B8D
:1034B00024F003040434A54238BF254662B152F813
:1034C000043C9D42144604D114E054F8043C9D424F
:1034D00010D02468002CF8D1F368B46B1C4454F865
:1034E000041C611A0B68002B65D14B689D426CDD92
:1034F000002408E023680BB161685960616801B17C
:103500000B60A24253D02046F8BD6F4B9A685868B2
:10351000012186F828100AB982089A605A25356276
:1035200010272022402519683764B264356580274A
:103530004FF480724FF40075B7653266B5664FF48C
:1035400080674FF400624FF48055A1F11403376790
:10355000B267C6F880504FF400574FF480424FF4E2
:1035600000450344C6F88870C6F89020C6F8985005
:103570004FF480374FF400324FF48025C6F8A07026
:10358000C6F8A820C6F8B050022201254FF4002743
:10359000B16373633261F060C6F8B8705D607562E4
:1035A00075600CF03DFA10F0DDF835637DE72368B7
:1035B000F3632046F8BD002012F0C0F954F8041C53
:1035C000611A0B68002B93D18FE7D6F8B8703D4A8B
:1035D000581B041DBB420C4472D2D2F8B070BB42DF
:1035E0006CD2D2F8A870BB4266D2D2F8A070BB42AF
:1035F00060D2D2F898709F425AD9D2F89070BB42EC
:1036000054D2D2F88870BB424ED2D2F88070BB42FE
:1036100048D2926F934243D2376F2A4ABB423DD27F
:10362000976EBB4238D2176EBB4233D2976DBB4206
:103630002ED2176DBB4229D2976CBB4224D2126C9A
:1036400093420CD2F2687369521B2B44F26073618F
:1036500010B944F8045C56E70CF0E2F9F9E70022EF
:103660003768D1F808E0FB1A3360CB68BEF1000F71
:1036700001D0CEF8043013B1C3F800E0E2E706EB66
:10368000C202C2F844E0DDE70122E9E70222E7E7EF
:103690000322E5E70422E3E70522E1E70622DFE76C
:1036A0000722DDE70822DBE70922D9E70A22D7E76C
:1036B0000B22D5E70C22D3E70D22D1E70E22CFE76C
:1036C0000F22CDE74CC40120B8C00120F8B54A4C08
:1036D00094F82830002B3DD0D4F8BC30464A3BBB90
:1036E000D2F8B43023BBD2F8AC300BBBD2F8A43044
:1036F000F3B9D2F89C30DBB9D2F89430C3B9D2F820
:103700008C30ABB9D2F8843093B9D36F83B9536F8F
:1037100073B9E36E63B9536E53B9D36D43B9536D47
:1037200033B9D36C23B9536C13B96FF00B00F8BDE8
:103730009B68002BF9D0002201E09B6843B15968D7
:103740009B689142104684BF0A461046002BF4D174
:103750000C38F8BD294B9A685868012184F8281064
:103760000AB982089A601968A1635A261022202596
:1037700026622264A564402780264FF480724FF4AD
:103780000075A1F114032765A6652266A5664FF4AE
:1037900080674FF400664FF480524FF400550344A5
:1037A0002767A667C4F88020C4F888504FF4804784
:1037B0004FF400464FF480324FF40035C4F8907057
:1037C000C4F89860C4F8A020C4F8A85002220125CB
:1037D0004FF480274FF4002663632261E060C4F851
:1037E000B070C4F8B8605D60656265600CF018F98F
:1037F0000FF0B8FF25636FE74CC40120B8C001206B
:10380000024B18680C3820EAE07070474CC4012065
:1038100030B1044B5B6B03EBC000436858680C3855
:10382000704700BF4CC40120074AD169536B013176
:10383000D16113F83020013203F8302003EBC003CC
:1038400058680830704700BF4CC4012009B90020F7
:1038500070472DE9F047064608460F460CF08EFAF1
:10386000044600285CD0002E52D02F4D2F486B6BA1
:10387000E96913F834E04FEAC60803EB08020EF1D9
:10388000010ED2F80490D9F8042003F834E003EBD9
:10389000C40E0231DEF804A0E96113F836100131DC
:1038A0000C3A03F83610BA42A8BF3A46036809F149
:1038B00008010AF108009847DAF800106B6B13F85A
:1038C0003120012A01D9E86938BB013A03F83120D7
:1038D000D9F8001013F83120012A02D9E869124FF3
:1038E000C0B9013A03F831204344002759684868B9
:1038F0000CF096F8696B6B686A6A884401336B60F8
:10390000C8F8042001F8367020466E62BDE8F087E2
:10391000BDE8F0870138F861E3E70138E861D4E7F2
:103920000020BDE8F08700BF4CC401205C040020EB
:10393000F8B5544C94F82830002B51D0D4F8BC3052
:10394000504A83BBD2F8B4306BBBD2F8AC3053BB17
:10395000D2F8A4303BBBD2F89C3023BBD2F89430D1
:103960000BBBD2F88C30F3B9D2F88430DBB9D36F0B
:10397000CBB9536FBBB9E36EABB9536E9BB9D36D83
:103980008BB9536D7BB9D36C6BB9536C5BB96FF06A
:103990000B033D49DA1781FB0313C2EB6313206A63
:1039A00000FB03F0F8BD9B68002BF8D0002201E07B
:1039B0009B6843B159689B689142104684BF0A4690
:1039C0001046002BF4D10C38B0F5800F0346E0D838
:1039D000226A2D4B02FB00F0A3FB00235809F8BD1F
:1039E0002A4B9A685868012184F828100AB982087D
:1039F0009A601968A1635A26102220252662226443
:103A0000A564402780264FF480724FF40075A1F121
:103A100014032765A6652266A5664FF480674FF4F8
:103A200000664FF480524FF4005503442767A667A1
:103A3000C4F88020C4F888504FF480474FF4004603
:103A40004FF480324FF40035C4F89070C4F8986099
:103A5000C4F8A020C4F8A850022201254FF4802702
:103A60004FF4002663632261E060C4F8B070C4F8CC
:103A7000B8605D60656265600BF0D2FF0FF072FEAA
:103A800025635BE74CC401201F85EB51B8C00120C2
:103A900030B403680A4A53F8085C0446506B10F8C7
:103AA0003530012B03D9D16909B10139D161013B0D
:103AB00000F8353000221046226030BC704700BF4D
:103AC0004CC40120034B5B6B03EBC0004068083023
:103AD000704700BF4CC4012010B582B018B904462D
:103AE000204602B010BDFFF79FFE02AB048843F8EA
:103AF000040D1846FFF7CCFF204602B010BD00BFF2
:103B000010B582B008B30C46FFF78EFE0388009014
:103B10009C4206D300246846FFF7BAFF204602B055
:103B200010BD40680028F5D0FFF77EFE02AB50F8CC
:103B3000244043F8040D1846FFF7AAFF002CE9D0F3
:103B40002046FFF771FE0446E5E70446204602B032
:103B500010BD00BF70B50D46044601F0B9FC2B4600
:103B6000C1B200222046BDE8704000F001B800BF9D
:103B7000B0F1004F2DE9F04175D000287EDB002424
:103B80000C1BE4B200210AB1013CE4B284B33F4F04
:103B900099B3651E9442DFF8F8E04FF0310CEDB2B6
:103BA00019D057F8256090FBF6F1C9B20A291FD841
:103BB00006FB11000DB90131C9B20A2901F130012A
:103BC00049D01C68661C1E6021708DB12C46651E94
:103BD0009442EDB2E5D119684E1C1E609EF800605B
:103BE0000E7057F8256090FBF6F1C9B20A29DFD9AB
:103BF0001B6800221A70BDE8F081651E9442DFF850
:103C000090C04FF03108EDB217D057F8256090FB07
:103C1000F6F1C9B20A2901F1300EE9D806FB11000C
:103C2000196811D04C1C1C6081F800E0002DDFD019
:103C30002C46651E9442EDB2E7D119684E1C1E60F9
:103C40009CF800600E70E0E74E1C25461E602C4676
:103C500081F80080EDE7196825464E1C1E602C4651
:103C600081F800C0B3E71D684C1E681C2D21186048
:103C7000E4B229706FF00040012184E71D682D2611
:103C80006C1C1C60404201242E7079E744C002087D
:103C900010C501202DE9F0470E468C003F4F82B041
:103CA0008146084601F016FBA31907EB83033A6827
:103CB000D3F80480824662B3BAF1000F34D1A5195B
:103CC00007EB850501236869C5F804902B7200286D
:103CD0005ED1B9F1000F18D0344407EB840499E8A1
:103CE0000300E368D9F8087022690125591AD21B2C
:103CF0000095334603F016FD6061304601F0EAFAA4
:103D0000002837D1237A002B3BD1404602B0BDE8D2
:103D1000F0873846224B40F82C3F01233B6005F0EA
:103D2000F3FCBAF1000FCAD0504603F07FFD054600
:103D30004FF07F4003F094FD00F0C4F800221146DC
:103D4000D9F8000000F0B4FCD9F8003034445A88A7
:103D5000198807EB8404504603F0A4FD284601258A
:103D6000C4F80490257203F061FD304601F0B2FA08
:103D70000028C7D0294603F097FD404602B0BDE8B1
:103D8000F087606903F09CFC404602B0BDE8F08714
:103D900003F000F9C5F814A09BE700BF6CC1012037
:103DA000BD4C01082DE9F0410646104614468846F0
:103DB00001F090FAC8B9A700184D3B1905EB830331
:103DC000DA68B24204D11B69434501D1BDE8F081F4
:103DD0003B1905EB83035869B0B93C4405EB8404F7
:103DE000E660C4F81080BDE8F0810C4B04EB84045D
:103DF00003EB840463689A685968C2EB0802711A7D
:103E0000BDE8F04103F04CBD5B689A685968C2EBAD
:103E10000802711A03F0E8F8DFE700BF6CC1012067
:103E200038B5114A114B1268507C00EB800403EB4B
:103E300084040125636825727BB101F04BFA38B91F
:103E4000237A03B938BD6069BDE8384003F038BC57
:103E50002946BDE8384003F027BD0146BDE838409B
:103E60000348FFF717BF00BF140100206CC10120F9
:103E7000F4080308C3B2CAB29A1A92B230B415B2A7
:103E8000002DBCBF524215B2C0F30723C1F3072275
:103E90009B1A9BB2090C1AB2C1EB1041002A89B2DD
:103EA0000CB2BCBF5B421AB2002CBCBF49420CB280
:103EB00002FB02F205FB0520A1B201FB010030BCB0
:103EC000704700BF2DE9F041002182B0084601F0A3
:103ED0007BFA042006F036FE164BDB68DD6C1C6DA9
:103EE000A5F57F57A4F57F5605F57F5504F57F545A
:103EF00080463F3F3F353F3E3F346846ADF8007057
:103F0000ADF80450ADF80260ADF806400AF0B2FE1C
:103F100048B123462A463146384606F0D5F90AF01C
:103F20003DFD0028F5D1404606F00CFE02B0BDE88C
:103F3000F08100BF080100202DE9F047044682B05F
:103F40000D461646002B38D09A46009626680B9BE5
:103F50000A9A51462046B047074618B9384602B07B
:103F6000BDE8F08708F03EFF618A8046384608F0D9
:103F70005BFA38460AF00CFB013D40460AF008FBAC
:103F8000002DC8BF4FF0000904DC1AE00AF000FB66
:103F9000013D16D054F81C6FCDF800900023204648
:103FA0001A464146B04706460028EFD1384608F089
:103FB0009BFC304602B0BDE8F08708F021FF824646
:103FC000C3E740461D210AF0DDF8BAF1FF3FC5D036
:103FD00008F03AFF40B9BA450CD038460AF0D2F999
:103FE0003846BCE70028F8D0FFF76CFD80698742AF
:103FF000F8D1B3E75046B2E7012B12DCF8B506461C
:104000001C2017460C461D46FFF748FAB8B154B1BC
:1040100004610023836085618782C660036043601A
:10402000F8BD00207047074B53F825200AB9F0E788
:104030001A461368002BFBD113690361E9E70020DE
:10404000F8BD00BF2CC50120012B3BDC2DE9F84356
:1040500081461C2090460F461E46FFF71FFA054674
:1040600000287FD0414A002F31D00023DFF804E13F
:1040700052F8264003609EF8001007618E42866168
:10408000A0F81480C0F80C904360836002DB731CBE
:104090008EF80030002C5DD021464C68002CFBD1FE
:1040A000D9F80000CB681B6883422CDD0968002921
:1040B000F8D148B92E4B16361A68284642F82650D1
:1040C000BDE8F883002070472846BDE8F88352F821
:1040D0002610002930D0084600E018460368002B5F
:1040E000FBD1DFF890E000692B6028619EF80000AA
:1040F000AE618642A5F81480C5F80C906B60AB6089
:10410000CBDB0C46C3E70AD04B6843B31D606B6042
:104110008D4214BF0B4600234D602B60C9E7B8F1F8
:10412000010FF1D104E0D9680C6884421946EBDB39
:104130000B68002BF7D1E7E7DFF838E001609EF865
:10414000003086619E42A0F81480C0F80C90416057
:104150008160D6DA42F82650D9F80000A9E742F883
:104160002650D5E70020BDE8F88300BF2CC501200C
:104170001401002026C50120FFF73AB900283CD0E1
:1041800070B48469012C03DD0123184670BC7047AC
:104190001E4B1F4D1A789442A4BF621C1A7055F82A
:1041A00024300BB92FE013465A68002AFBD1C268AD
:1041B000116802E01B68002BE6D0DA6812689142B1
:1041C000F8DB0DD05A68DAB110604260984214BF33
:1041D0001A46002258600023026070BC18467047DF
:1041E000828A012AEED104E0D3681E68B1421346E8
:1041F000E8DC1A68002AF7D1E4E701231846704783
:1042000045F82400E2E745F82400BEE726C5012072
:104210002CC501200F4A816952F8213098420AD0FA
:1042200042680AB103681360036803B15A6000234F
:10423000036043607047036842F821302BB10022CD
:104240005A604268002AEED1F0E74268002AEAD1BB
:10425000EDE700BF2CC5012001280EDC084B53F808
:10426000200058B1C3681B681BB908E0C3681B680D
:1042700023B100680028F9D17047002070477047CB
:104280002CC5012000B970472DE9F04182B01E46CF
:1042900015460C460746FFF7C7FA02AB026843F81B
:1042A000040D1846D2F80080FFF7F2FB33462A4689
:1042B00021463846C04702B0BDE8F08100B97047DA
:1042C00030B583B00446FFF7AFFA02AB026843F89B
:1042D000040D18465568FFF7DBFB2046A84703B0DE
:1042E00030BD00BF00B9704730B583B00446FFF75A
:1042F0009BFA02AB026843F8040D18469568FFF775
:10430000C7FB2046A84703B030BD00BF70B50546C7
:1043100013F088F8084E054407E000F07FFE30688F
:10432000A042A8BF204613F073F813F07BF82C1AB4
:10433000002CF2DC70BD00BF34010020F0B585B068
:1043400004AC01AD44F8105D0E4617461946002234
:104350002346FFF70DFC3A463146284600F092F816
:1043600005B0F0BD2DE9F04F454E83B0044600F096
:10437000BBFF33680746B3F9229000F0F7FF3268BD
:10438000938C1FFA80FACAEB03031BB29384217843
:1043900000294DD0BFB2B04647F6FF71204604F069
:1043A000F5FF01468346204604F0AEFF31688B8D51
:1043B00003F00303012B58D0022B5AD085B24FF0E3
:1043C000000E4A8CB1F92430ADF80230CEEB020277
:1043D00092B210B2013B05F1FF3E964448843B4443
:1043E0006A465946ADF800002046ADF80630ADF8F3
:1043F00004E004F0A3F93368BDF802209A8459461A
:10440000204603F043FE225C0A2A04EB000319D085
:104410000D2A17D0BDF80000D8F8002005445584B7
:10442000197819B159785C1C0029B5D1B2F924303A
:10443000918D9A4421F00303A2F824A0938503B040
:10444000BDE8F08F3268918D01F003010139012937
:104450008ABF118CA2F82290518419780A29E0D1E0
:10446000918C394491841978DBE71FFA80FE7546F8
:10447000A7E700EBD072C2F34F0E85B2A1E700BFF1
:1044800014010020034B1B6859849A8408B1FFF77C
:1044900069BF7047140100202DE9F0410C4C2368DE
:1044A000B3F92C30054643F002008846174603F066
:1044B00019FA23680646A3F822809F8415B128467E
:1044C000FFF750FF3046BDE8F04103F00BBA00BFE4
:1044D0001401002000B3F0B5054683B016460C4623
:1044E000C1B108460AF016F8074638B168463A46A0
:1044F000214604F0D5FF68460AF00CF83246214602
:10450000284647F6FF7304F073F938460AF002F8BC
:1045100003B0F0BD0F46F1E7704700BF08B100F0EF
:1045200001B870472DE9F04F89468BB0B9F90440C6
:10453000B1F90010B9F906500194661A9046059237
:104540000091B9F902B0039504461F4600F0CCFE75
:1045500018F00C0806F1010602901AD0A2463A465D
:1045600031465046002505F089F940B182443A466B
:1045700031465046013505F081F90028F6D1B8F1F1
:10458000080F7BD0B8F10C0F00F08280B8F1040F57
:1045900074D0BDF808A0484609F0BCFF024604905C
:1045A000A8B1009800210B4660F30F01019860F359
:1045B0000F0303986BF31F4160F31F43069106A896
:1045C0004946079304F06CFF06A809F0A3FF059B7A
:1045D00003F003080AF1FF33029343461FFA8BF5F9
:1045E000B0461E4615E0022E34D01EB9B9F8003090
:1045F000ADF820302046594608AA04F09FF820461E
:104600003A46414605F03AF9044455442378ADB2A0
:1046100073B33A464146204605F09AF9029BBDF82D
:104620000020ADF820200146EB18BDF80420ADF8BD
:10463000225083462046ADF82420ADF8263004F001
:1046400063FE012ECFD1B9F804300133181AADF84A
:104650002000CFE7B9F90010B9F904305B1A181A35
:10466000013000EBD07001EB6000ADF82000C1E735
:10467000049809F04FFF0BB0BDE8F08FBDF808A01B
:10468000039B15FB0AF501335D1B0FFA85FB82E7DF
:10469000039B0299CBEB0303013305FB113505EBBB
:1046A000D5750BEB65050FFA85FB1FFA81FA72E7EA
:1046B0002DE9F04FDFF8E8900446D9F80030008883
:1046C000DF6C1D6D638889B002EB05080F4401386B
:1046D000013B3A18434406A8ADF81870ADF81A80AB
:1046E000ADF81C20ADF81E300AF0C4FA00284ED0F8
:1046F000DFF8B0A0CB461AE040F0020003F0C4F8A7
:10470000216921B3D4F80CE0A668638822888DE87B
:1047100040400120039002900E6838464146B04761
:10472000284603F0B1F80AF039F900282FD000200C
:10473000E66803F0A9F8054616B13379002BDBD102
:1047400025F0020003F0A0F821690029DAD1D9F898
:104750000020DAF80030527CE06821469847E18872
:10476000C0B163882288A6680590A08802910121C3
:1047700003900191009138464146049605F094FB60
:10478000284603F081F80AF009F90028CFD109B0D2
:10479000BDE8F08F012904BFDBF80030986BE0E73B
:1047A0001401002008010020134BF0B51B68DD6CDC
:1047B0001C6D164605440C4483B0B1B2AAB2A3B234
:1047C000C1EB020E5F1A0A440B446846ADF800E0E4
:1047D000ADF80420ADF80270ADF806300AF04AFAE0
:1047E00040B1324621462846FDF7ACFB0AF0D6F828
:1047F0000028F6D103B0F0BD1401002070B582B0DE
:104800000A460146684604F06FFF274BBDF800409A
:104810001B68BDF80410B3F84C60B3F85050BDF8F5
:104820000220BDF80630344431442A442B44684603
:10483000ADF80040ADF80410ADF80220ADF8063038
:104840000AF018FA68B3BDF90040BDF904309C4283
:104850000EDC2046BDF9021005F0D6FC2046BDF95D
:10486000061005F0D1FCBDF9043002349C42F0DDA5
:10487000BDF90240BDF906309C420EDC2146BDF96F
:10488000000005F0C1FC2146BDF9040005F0BCFCA8
:10489000BDF9063002349C42F0DD0AF07FF80028B2
:1048A000D1D102B070BD00BF140100202DE9F04F3E
:1048B000624C2468E56C246D91B02818AA18611820
:1048C000E318064602900EA8019207910893ADF8EE
:1048D00038601446ADF83C20ADF83A10ADF83E30E3
:1048E0000AF0C8F9002800F08F801A9A9DF86C70C1
:1048F000C2F307201B9AC6EB040BC2F307261A9AD1
:104900009DF86840C2F307411B9A0BEBDB735B1009
:10491000C2F3074E1A9A0BFB04353C1B120E069489
:104920000BFB0034301A03900BFB01300BFB0233FE
:104930000D931B9B0A95C1EB0E01C2EB13630B9405
:104940000C90049105935E4600F0BCFC1A9B1B9AE8
:104950000990934268D0002E52D0029D019A954250
:104960005ADC0AAF024697E880074FF0010B06E0D9
:104970000BF1010B019B0135AB4222462FDB9AFB69
:10498000F6F399FBF6F41B0697FBF6F143EA0443B2
:1049900098FBF6F441EA042405991C43039B8A44DE
:1049A00004999844029B89440699AB4210460F44EF
:1049B000E0DA9442DCD006F0ADF8BBF1010FCBEBAE
:1049C0000500089B079905F1FF3220D005F07CFC1B
:1049D000019B0135AB424FF0010B2246CFDA204656
:1049E00006F098F8BBF1010F18D0019A089B0799BF
:1049F000CBEB0200013005F067FC099806F08AF85D
:104A000009F0CCFF00289FD111B0BDE8F08F1A4605
:104A1000681E05F02FFCADE706F07CF8089A0799B0
:104A2000019805F027FCE8E7184606F073F8089BA4
:104A3000019A0799029805F047FCDEE7140100206F
:104A40002DE9F04F624C2468E56C246D91B0281874
:104A50006118AA18E318064607900EA808920D469A
:104A600002910193ADF83860ADF83C20ADF83A10F2
:104A70001C46ADF83E300AF0FDF8002800F08F80AB
:104A80001A9A9DF86C70C2F307201B9AC2F307268E
:104A90001A9AC5EB040BC2F307411B9A9DF86840B4
:104AA0000BEBDB735B10C2F3074E1A9A0BFB04355A
:104AB0003C1B120E06940BFB0034301A03900BFBC8
:104AC00001300BFB02330D931B9B0A95C1EB0E01CA
:104AD000C2EB13630B940C90049105935E4600F0B7
:104AE000F1FB1A9B1B9A0990934267D0002E52D07B
:104AF000029D019A954259DC0AAF024697E8800769
:104B00004FF0010B06E00BF1010B019B0135AB42AD
:104B100022462FDB9AFBF6F399FBF6F41B0697FB74
:104B2000F6F143EA044398FBF6F441EA04240599BC
:104B30001C43039B8A4404999844029B8944069928
:104B4000AB4210460F44E0DA9442DCD005F0E2FFBD
:104B5000BBF1010FCBEB050105F1FF33089A079874
:104B600020D005F0B1FB019B0135AB424FF0010BAA
:104B70002246CFDA204605F0CDFFBBF1010F17D05A
:104B8000019B089A0798CBEB0301013105F09CFBD0
:104B9000099805F0BFFF09F001FF00289FD111B06F
:104BA000BDE8F08F691E05F005FBAEE705F0B2FF2A
:104BB000089A0199079805F0FDFAE9E7184605F00B
:104BC000A9FF019B089A0299079805F07DFBDFE792
:104BD00014010020F0B5114F3B681D6DDC6C83B0F3
:104BE000054466182BB214446846ADF80060ADF871
:104BF0000440ADF80230ADF806300AF03BF850B191
:104C00003B685B6E22461B6829463046984709F090
:104C1000C5FE0028F4D103B0F0BD00BF1401002090
:104C20002DE9F04FB64D2C688DB080460020E66C23
:104C3000246D894617469A460AF01CF8002800F0B1
:104C4000268104EB0A03A144C3EB090B06EB08021F
:104C5000F119CBF10008C1EB020A18EA2B0838BFA2
:104C6000D8464AEA0B07CDF814B004930391A54E39
:104C7000934604E009F092FE002800F008812B68BA
:104C80001C7E0023012C079300F03081002FF1D00F
:104C9000BAF1000F04F1FF34C0F223815046022222
:104CA000059933EA210328BF1346404580F2F2807C
:104CB00043F004030246DBB24046411001EB82227E
:104CC00092FBF0F2911106EB4100C2F3830CCCF1A0
:104CD000100EB0F92400BEF1100F0EFB00F006D04C
:104CE000884A02EB4101B1F926100CFB010010F1DA
:104CF000080148BF00F117010911580748BFC1F565
:104D00008061DA0748BFC1F500619B0748BFC1F564
:104D1000805101F50062C2F30B02B2F5006FC6BF0D
:104D2000A2F5006201200020B2F5806FC8BFC2F575
:104D3000006201F58063911102F03F02C2F140026E
:104D400092B236F811E0402A02FB0EFE08D010297C
:104D500006D00131C2F1400236F8111002FB01EE1B
:104D60000EF1200E4FEA9E1E002840F095807046FE
:104D7000C3F30B03B3F5006FC6BFA3F500630122B5
:104D80000022B3F5806FC8BFC3F5006303F03F0E88
:104D90009911CEF1400E1FFA8EFE36F81130BEF199
:104DA000400F00FB04F00EFB03F308D0102906D0DF
:104DB0000131CEF1400E36F811100EFB01332033D5
:104DC0009B0902B15B42002803FB04F467DB00F59A
:104DD0000070002C4FEAA02068DB04F50074002866
:104DE0004FEAA42469DD00F1010C002C4FEA6C0CA1
:104DF0004FEA60006CDD04F1010E4FEA6E0E6410A4
:104E00001FFA8CFC1FFA8BF21FFA8EF302EB0C0ECA
:104E1000ADF820E0BDF80CE080B2121AF444C0EB0B
:104E20000E00BDF810E0ADF82420A4B21FFA89F1FD
:104E3000CA18091BC4EB0E049E440023ADF82220BF
:104E4000ADF826101A46ADF82800042108A8ADF8E0
:104E50002CC0ADF82A40ADF82EE0FDF7EBFB2B6837
:104E60005B7E002B7FF406AF49465846FDF75EFB9C
:104E7000234B1B685B7E002B7FF4FCAE04990398E8
:104E8000FDF754FB09F08AFD00287FF4F8AE0DB061
:104E9000BDE8F08F424610E7CEF1000068E7C0F5AC
:104EA00000708012002CC0F1000096DAC4F5007486
:104EB000A4120028C4F1000495DC431E00EBD07C52
:104EC00003EBD373002C4FEA63004FEA6C0C92DCC7
:104ED000631E04EBD47E03EBD3735C104FEA6E0EBB
:104EE0008EE7CAF1000003220123D9E607AB009345
:104EF000039A049B49465846FDF714F9BAE600BFE9
:104F000014010020580A030870B5104E3368DD6C98
:104F10001C6D82B005440C442AB223B26846ADF839
:104F20000420ADF80020ADF80630ADF8023009F0ED
:104F3000A1FE48B133685B6E21465B6828469847FE
:104F400009F02CFD0028F5D102B070BD140100203D
:104F50002DE9F0431E4C25682E7E2F6DEC6C013E32
:104F600083B0B6B2251807EB010907EB0308144418
:104F7000A91B3219C6EB090368464644ADF8001078
:104F8000ADF80420ADF80230ADF8066009F072FE0D
:104F9000D8B109F1010708F1FF36224649462846F3
:104FA00005F008F922464146284605F003F9324645
:104FB0003946284605F05EF932463946204605F066
:104FC00059F909F0EBFC0028E7D103B0BDE8F08304
:104FD00014010020104B70B51B68DD6C1C6D82B095
:104FE000054466182BB214446846ADF80260ADF86B
:104FF0000640ADF80030ADF8043009F03BFE40B19A
:1050000022463146284605F035F909F0C7FC00284C
:10501000F6D102B070BD00BF140100202DE9F041AF
:10502000124F134EDFF84C8000253C681CB1A0479E
:10503000041C18BF012407F07BFD3368002818BF4B
:1050400001244BB1984738B1D8F8003013B101248E
:1050500098473CB10125E8E7D8F80030002BF7D19C
:10506000002CF7D12846BDE8F08100BF48C50120DB
:105070004CC5012044C50120F0B5104C2468E56CF6
:10508000246D83B02F18661815441C446846ADF88B
:105090000070ADF80450ADF80260ADF8064009F0BC
:1050A000E9FD48B123462A463146384605F00CF959
:1050B00009F074FC0028F5D103B0F0BD1401002004
:1050C000F0B5144BB0F900701B68B0F90450DA6CFD
:1050D000B0F902601B6DB0F9064083B01744154467
:1050E0001E441C446846ADF80070ADF80450ADF89D
:1050F0000260ADF8064009F0BDFD48B123462A46DE
:105100003146384605F0E0F809F048FC0028F5D1B2
:1051100003B0F0BD14010020002850D0C388013B2B
:1051200010B5848880681F2B47D8DFE803F016236A
:1051300046314646463C4646464646464640464634
:105140004646464646464646464646464610A3100E
:1051500002FB031150F8210010BD02FB04F200EB2A
:10516000D104C843A35C00F0070023FA00F000F06C
:10517000010010BD02FB04F200EB91046FEA410054
:10518000A35C00F0060023FA00F000F0030010BD5D
:1051900002FB04F200EB5104CB07A05C4CBF00F013
:1051A0000F00000910BD02FB0404605C10BD631019
:1051B00002FB031130F8110010BD002010BD704734
:1051C000013800B51F2853D8DFE800F01827523700
:1051D00052525244525252525252524A52525252C5
:1051E00052525252525252525252521001988910F7
:1051F00000FB013352F823005DF804FB019802EB39
:10520000D30200FB01F0DB43105C03F0070320FA3C
:1052100003F303F001005DF804FB019802EB930235
:1052200000FB01F06FEA4303105C03F0060320FA71
:1052300003F303F003005DF804FB019802EB530253
:1052400000FB01F0DB07105C4CBF00F00F00000911
:105250005DF804FB019800FB0122D05C5DF804FBC3
:105260000198491000FB013332F813005DF804FB8C
:1052700000205DF804FB00BF034B53F82000C36817
:1052800008219B6A184700BF2CC5012008B505F00E
:1052900071F8BDE8084005F04FBA00BF024B1B682B
:1052A000DB6900215B68184714010020024B1B6872
:1052B000DB695B68184700BF1401002008B107F0E4
:1052C00081BD704708B505F05DF8BDE8084005F000
:1052D00033BA00BF01289ABF024B53F820000020C8
:1052E000704700BF3CC30120024B1B68DB69587E3E
:1052F000704700BF14010020034B1B68DB69187E58
:10530000DB7E00FB03F070471401002038B50D462A
:10531000144605F0BDF810B100232B60236038BDA2
:10532000044A054BB2F90020B3F9003002600B606B
:10533000704700BF1CC501201EC5012010B50446E2
:1053400004F04EF801462046BDE8104003F0DCBFF3
:1053500012F068B8044834233521612201700271CB
:105360008370C370704700BF000100200A4B1A68A9
:10537000938D03F00C03082B05D00C2B03D0042BCA
:1053800005D000207047D369187E40087047D36964
:10539000187E0138704700BF14010020027EC07ED5
:1053A00002FB00F0704700BF024B53F820301B692E
:1053B000186870472CC50120024B53F820301B6938
:1053C000586870472CC50120024B1B68588499848B
:1053D000002070471401002090B583B000AF334A1D
:1053E000324B1B6823F001031360314B01221A601A
:1053F00000BF2F4B1B68002BFBD12E4B2E4A1A608F
:105400002C4B1B682D4A934200D0FEE703F056F95F
:105410002B4B2E221A7012F00BF82A480FF04AFA82
:1054200011F06CFC786005F09DF80346002B0CBF72
:1054300001230023DCB205F0DBF80346002B0CBF90
:1054400001230023DBB22343DBB2002B09D005F09C
:105450009FF8044605F0E2F803461946204605F099
:105460006BFB0021002002F021FA08F085F8164BB2
:105470001B68002B12D00DE0134B1B681B68002B20
:1054800003D0114B1B681B6898470F4B1B685B6868
:105490000D4A13600C4B1B68002BEDD10B4B012206
:1054A0001A707B6818460C37BD4690BD002000E09E
:1054B0000830024000300240C2A507F4CDB5E8B57F
:1054C00010C50120D0C0012048C1012025C5012000
:1054D00080EAE073A3EBE073092B02461FDD632B28
:1054E00020D9B3F57A7F20D342F20F718B421FD9B6
:1054F00017498B421FD917498B421FD916498B4236
:105500001FD916498B421FD915498B428BBF0A20E0
:10551000092009230823002AB8BF981C70470120DE
:105520000023F8E702200123F5E703200223F2E736
:1055300004200323EFE705200423ECE706200523DE
:10554000E9E707200623E6E708200723E3E700BF93
:105550009F8601003F420F007F969800FFE0F5050F
:10556000FFC99A3B10B582B028B90F4B1B68186E63
:1055700008B902B010BDFEF757F902AB446943F811
:10558000080D1846FEF784FA002CF2D02046FEF7EC
:105590004BF902AC826844F8040D936898472046A2
:1055A000FEF776FA02B010BD1401002000B9704772
:1055B000014A114600F002B801F0FFFF2DE9F04763
:1055C000064684B000200C461546DFF8E48002F061
:1055D0005BF9D8F80030814630461F6EFEF724F99B
:1055E00003680090986902F021F9304B9C42009BBF
:1055F00004BFB3F90440B3F906501A895B89ADF8CA
:105600000840013A013B22442B448246ADF80C206D
:10561000ADF80E30ADF80A5006F0BCFF6846FEF754
:1056200037FA02A809F026FB10BB504602F0FEF83C
:10563000A7B3D8F800301B6E6BBB07F01BF93846D8
:10564000FEF7F2F804ACD8F8003044F80C0D1F66F1
:105650000068FEF793FD2046FEF71AFA05F072FB8C
:1056600005F04AFA484602F00FF904B0BDE8F087A9
:105670002A462146304600F071FE09F08FF90028D5
:10568000D3D02A462146304600F068FE09F086F95C
:105690000028EDD1C9E702F0BFF8CEE702F0BCF870
:1056A000484602F0F1F804B0BDE8F08701F0FFFFD2
:1056B000140100202DE9F0431D4D1E4C2E6896F874
:1056C00011E085B054F82E4006460F4690469946A4
:1056D00001E02468DCB1E3681A68042AF9D1DB6AC6
:1056E0000121204698470546C0B12469A368984720
:1056F000013017D00C9B0093029401954B46424613
:105700003946304600F0A6FC05B0BDE8F08370468F
:10571000FEF7A2FD044608B1C368E0E7002005B02B
:10572000BDE8F0830C9B044C43F001030C93E1E7CC
:10573000140100202CC50120A0F5020830B585B069
:10574000044C054D029401248DE8300000F082FCE9
:1057500005B030BDA0F50208E4180308C0B1114B34
:1057600010B51B681B6E984282B0044616D02046C6
:10577000FEF75AF8436901905BB90068FEF7FCFC3C
:1057800001A8FEF785F92046FDF718FE02B010BD0E
:105790007047184602F08AFD0198EEE702F03CF8E7
:1057A000E5E700BF140100202DE9F04FDFF85CB100
:1057B000544CDBF800506F7CE457012C064687B050
:1057C000894692461D46384640F38A8004F0D0FE52
:1057D0000446384604F012FF0746002E7DD005A986
:1057E00004A8FFF79DFD049A0599B6F900C0B6F923
:1057F0000200B6F904E0B6F9063014440F44013C47
:105800002CEAEC72013F20EAE071029203917445A8
:10581000D4BFC2EB0402C2EB0E029F42D4BFC1EB65
:105820000701C1EB030114460F460134013705B9E6
:105830007D42002C4DDD002F4BDD109B0093224656
:105840002B4603990298FFF735FF804600284FD07A
:1058500000F068FA8742064604D0DBF80030986C06
:1058600000284BD1404600F05FFB3D4600240EE08F
:10587000AD1BACB95046C847234B1B6834440020CD
:1058800003B198474046FFF791FEA74212DDAE42B2
:10589000EEDD2946404600F02DFBAD1B002CE9D083
:1058A000039B02994046E21800F072FB4046FFF766
:1058B00059FEDFE74046FFF751FF002000F034FBC0
:1058C000B74206D0DBF80030986C10B1332109F0F4
:1058D000A1FF002007B0BDE8F08F03960296A6E76F
:1058E00004F0F0FD0446384604F016FE074674E75F
:1058F0005046C847012007B0BDE8F08F322109F0BB
:1059000089FFAFE728C50120C8C30120140100208A
:1059100070B4049C0CB970BC704770BCAFF30080CD
:105920002DE9F04FAA4C2DED048B24689BB0256D1A
:105930000F932A442A9D0A92002DD8BF5219289D00
:10594000E46C15901E46B5422B46B8BF334692B262
:10595000013B1344ADF86220299AADF8663021442A
:10596000013A0A4418A80E91ADF86010ADF8642011
:1059700009F080F9002800F0A181289B2A9AF31AE7
:1059800013939B1A1493299B5B1012931598FDF7A0
:105990004BFFB0F90880DDF838A0179008EBD873FA
:1059A0005B100B9300230290CDF84080CDF844802B
:1059B000CDF834800C93D34640460B9B299A134470
:1059C00098420B931A4640F27E810023299C00E006
:1059D0000B462244824203F10101F9D30D990B9247
:1059E0000233119A114408460D910C9919440C91F7
:1059F0000B99814203464FF0010405D313448B42B7
:105A000004F10104FAD90D932A9A0E9B1298C3EB64
:105A10000B03114603FB0102299992FBF1F20F9946
:105A2000069215464A1B149D05FB0303299893FB18
:105A3000F0F3C3EB020A0C9B013B0493289B18462E
:105A400088420A4679D040F32781C2EB0009154607
:105A50000646012708FB08F009FB090007EE900A3B
:105A6000F8EEE77A06FB08F317EE900A93FBF9F9D4
:105A7000FAF759FD41EC100B1AF012FA05FB05F587
:105A8000C8EB090000FB005007EE900AB0EE409A08
:105A9000F0EE609AF8EEE77A17EE900AFAF743FD17
:105AA00041EC100B1AF0FCF951EC100BFAF77EFDEB
:105AB00007EE909AB8EEE78A07EE908AF8EEE78A4A
:105AC00007EE900A51EC190B68EEA78AFAF76EFD03
:105AD00007EE100AC8EE877A049A07EE106AFDEE08
:105AE000E77AF8EEC76A17EE903A33441E4616443A
:105AF00007EE906AF8EEE77A86EE887AC7EE886A53
:105B0000F4EE476AF1EE10FA17D007EE902A36EE5F
:105B1000C77AF8EEE76AC6EE877AFDEEE77ACDED52
:105B2000047A27B917EE903AC3EB08030493049B59
:105B3000984508DC08F1FF330493049B9845DCBFCB
:105B400008F1FF3304935B46E318029ACDF80CB0DA
:105B50000993D3461E4BB2F90A901B68587CFFF795
:105B600023FC059048B3029B09EBD974B3F90A20D2
:105B70000A9B019364104D4600265C44A5424FF0F9
:105B8000000304D95C44AC4203F10103FAD34D4451
:105B9000F318AC4200934FF0010705D34D44A542E2
:105BA00007F10107FAD9009B934213DB009E019B8A
:105BB00001363B4496420193DFDB039B099A013394
:105BC000934203935DD0179B02931A46C2E700BF2E
:105BD000140100200298049EB0F90430B0F90620A8
:105BE000C168F31A00EB83030098821A01FB0233A9
:105BF000D3F818A0059B504698474FEA1A63FF2B2D
:105C0000064618D0DAB2D3B9069B019A079403EB83
:105C1000020807F1FF3AC24408F1FF385446C24671
:105C2000DDF80C80214632464046013C04F0FEFF80
:105C30005445F7D1079C029BB3F90A20B6E7069BAF
:105C40000199CDF82090D24303EB01087E1ED3B218
:105C5000DDF80C90CDF81CB046449B4608F1FF38A7
:105C6000314653465A464846013E03F061FD4645DB
:105C7000F6D1029BDDF81CB0DDF82090B3F90A20C4
:105C800094E79B460C9A109B93420FDD179B02935F
:105C9000B3F908800D9890E6049BDDF84C90289DA0
:105CA000C3EB08030E4604930027D3E617A8FDF7BD
:105CB000EFFE08F073FE00287FF468AE1BB0BDEC69
:105CC000048BBDE8F08F012301468AE630B583B02E
:105CD00018B90446204603B030BDFDF7A5FD0368A2
:105CE00002AD1B6945F8040D9B68984705F08AF9D9
:105CF00004462846FDF7CCFE204603B030BD00BF69
:105D000070B110B582B0FDF78FFD02AB00F1180441
:105D100043F8040D1846FDF7BBFE204602B010BD47
:105D2000704700BF10B582B060B1FDF77DFD02ABDA
:105D3000B0F90A4043F8040D1846FDF7A9FE2046C5
:105D400002B010BD044B1B68186E04460028ECD14D
:105D5000204602B010BD00BF140100202DE9F04F15
:105D6000DFF888B189B0064605273046FDF75CFDAF
:105D7000034607A8B3F90080B3F90440B3F90290D1
:105D8000B3F906500793C8EB04040134D3F824A0F8
:105D9000C9EB0505FDF77CFE002C05F1010555DD7D
:105DA000002D53DDBAF1000F55D107F029F88642D6
:105DB0007FD04A4B01934FF0010A494640462B469B
:105DC0002246CDF808B0CDF800A000F043F9804697
:105DD0003046FDF729FD0790C0F82480B8F1000F88
:105DE00060D0836ADFF8089143F48033836207A8A8
:105DF000FDF74EFE404600F097F80590504602F041
:105E0000B9FA4046FFF77CFF354A364B19781368DC
:105E100005FB04F29200344C984730462568C9F8D7
:105E2000006007F099F82060304609F0C3FB0022BB
:105E300010462560C9F8002002F09CFA059800F091
:105E400073F83046FDF73EFE406AF0B9013F8CD151
:105E500009B0BDE8F08F5046FDF7E6FC034608A800
:105E6000B3F9045040F8083DB3F90640FDF710FEC1
:105E7000A8450FD04A464146504600F089F83046C2
:105E8000FDF720FE406A0028E0D000F0B5F809B028
:105E9000BDE8F08FA145D4D04A464146504600F0B7
:105EA00077F8ECE707A8FDF7F3FD304609F082FB31
:105EB000CCE704F041FB824604F084FB544503DC4C
:105EC00085427FF776AFA2468542A8BF05462A469F
:105ED0005146304608F0F2FA54466AE7E4180308DF
:105EE000600400208C04002048C40120A0F50208B2
:105EF000F4D5012010B50C4682B060B1FDF794FCDA
:105F0000B0F90A300190A342C8BF448101A8FDF74F
:105F1000BFFD02B010BD034B1B68186E0028EDD109
:105F200002B010BD14010020F0B5134F3B6883B0E0
:105F30001E6ED8B10446B6B906F09CFC2046FDF7AB
:105F400073FC02AD3B6845F8040D1C660068FEF763
:105F500015F92846FDF79CFD04F0F4FE04F0CCFD95
:105F6000304603B0F0BD01F057FCE5E701F054FC0A
:105F7000304603B0F0BD00BF14010020024A034BBD
:105F800010601960704700BF14C5012018C50120BA
:105F900030B50C4683B0154628B9164B1B68186EF1
:105FA00008B903B030BDFDF73FFC2DB224B2C58067
:105FB0008480009004F0A0FD009B586920B96846D9
:105FC000FDF766FD03B030BDFDF72EFC009A019091
:105FD000B2F90830B2F90A20C280838013B10AB145
:105FE0000480458001A8FDF753FD6846FDF750FD8C
:105FF000E8E700BF1401002000B9704770B584B015
:106000000446FDF711FC014601A8B1F90460B1F99D
:1060100006500A894B89019132442B44013A013BD5
:10602000ADF80860ADF80C20ADF80E30ADF80A50B0
:10603000FDF72EFD02A808F01DFE40B12A463146AC
:10604000204600F06DF908F0A9FC0028F6D104B054
:1060500070BD00BF2DE9F04FDFF82C8187B0D8F874
:10606000004081468A4617461E461299637C119865
:106070000022FDF7C1FF00284DD003699B6805464B
:10608000984704F0BFFF00FB07F48346FDF750FC80
:10609000109B073413F001034FEAD4043FD0002EC5
:1060A0002CDD002B42D004FB06F01830FDF742F93E
:1060B000034668B30022029218460393FDF7B4FB2F
:1060C000024606A8029BA2F8049040F8042DA2F80C
:1060D00006A017815681D460C2F810B053611560D4
:1060E000FDF7D6FC129B2B61D8F80020039BAB6018
:1060F000527CAA61184607B0BDE8F08F002C34D15D
:10610000204676428642A8BF064693B3002ECADCDC
:106110002846FEF731F8002007B0BDE8F08F0028D0
:10612000B8BF0330801000EB4000B8E700933A4658
:1061300033465146484602F02BF8029004FB06F025
:106140001830FDF7FBF803460028B5D12846039325
:10615000FEF712F8029B002BDDD01846FDF72EF952
:10616000039B184607B0BDE8F08F1838B0FBF4F079
:10617000C7E700933A4633465146484602F008F8CE
:10618000002E0290DADCC3E7140100202DE9F04F65
:10619000604D614E2B685B7C91B056F823300890BF
:1061A00088461446D3F81090FDF73EFB034610A82E
:1061B0001A68B3F90810126940F8083D5268069150
:1061C0000792B3F90AA0FDF763FC2B685B7C56F8D5
:1061D0002300C36808219B6A9847172810D8032812
:1061E000064608BF0826D9F8043009930020D9F8DC
:1061F00000300C9302F070F820B111B0BDE8F08FC0
:106200002026F0E706992A6808EB0103B2F90C5042
:10621000013B5D1B002DC4BF0B465D1BB2F908306E
:10622000D8BF0D469845BDBFC8EB03016D1A98460F
:106230000021002DE1DD04EB0A03B2F90E00013B61
:106240001B1A002BC8BFC3EB0A0AB2F90A309C42E2
:10625000BDBF1F1BC7EB0A0A1C460027BAF1000F7F
:10626000CBDD069BCDF82C9007FB031704EB0A034C
:10627000BF000A93B24619E00423069A314630461D
:10628000D8470123002205920496039201930093BC
:106290002146CDF808A02A4640461C44069E03F03D
:1062A00003FE0A9BA34207EB8607A6D00898FFF7D8
:1062B00027FD0FAB0193079B0093C2192B46214684
:1062C000404602F069FB0646002896D0099B1A4614
:1062D000124B9A42D5D0DDF82C9052464B462946B7
:1062E00002F026F90028CCD1D9F810B0BBF1000F8C
:1062F000C2D1DDF818B00D955D46A3460C9CB146A1
:10630000D9F80000A047013D49F8040BF8D10D9DD4
:106310005C46B6E7140100202CC5012059A70008EF
:106320002DE9F04182B00F4690460646FDF77CFA13
:10633000036802ACDB6844F8040D16215B6A002098
:10634000984705462046FDF7A3FB1DB14246394656
:106350003046A84702B0BDE8F08100BF2DE9F04FFC
:10636000A1B00D9110B921B0BDE8F08F924607465B
:10637000FDF75AFA20AB446943F81C0D1846FDF7A7
:1063800087FB3846FFF7A2FC0828054602DD002CF3
:1063900000F0D98001234FF0000B38461F930A9379
:1063A000CDF878B0FDF740FA0168DFF86884096934
:1063B0000446D8F80000E3684D68B4F908100F935C
:1063C00020AE23691491407CB4F90A10099346F871
:1063D000144DD4F814901691FEF74EFFD8F8001023
:1063E0000890487CFEF7E8FF04463046FDF750FB76
:1063F000099A0A9B082A40F2A080102A13468CBFF3
:1064000004230223CDF828B00E93A54200F0AC81FE
:10641000D8F80030587CFEF7C7FF149B064698005A
:10642000FCF788FF129000289DD03846FFF768FCE3
:106430000746B9F1000F00F0F5804846FDF7F4F982
:10644000169B1C90002B40F38B8100230C930F9B19
:10645000CDF840A0FB1815931DAB11934FF0010828
:106460001946836800221D925B690C9A9847159B18
:106470000F9A9B1A0B93149B8342044600F03181C0
:10648000099B012B00F0F280002845D01AAB139332
:106490001298FDF7C9F9099B1A90082B07461D9A17
:1064A00040F2D4800E9B0B99A34602FB031A81464F
:1064B0003AF8020BA847B047BBF1010B49F8040BAF
:1064C000F6D1089B1F2B04D838461A46214601F006
:1064D00067FF0A9A059200220392089A1D98029279
:1064E0000D9A1A9B10990493104401232246CDF86B
:1064F0000480CDF8008003F0D7FC1398FDF7C8FAAC
:106500001C981D9B8268119957690C9A1C441D9414
:10651000B84704460028BBD1159A0F990C9B0A4432
:106520001592109A01321092169A01339A420C93E6
:1065300000F016811C98119993E7012A6ED11EABC9
:106540000E920A9361E73846FDF76EF920ABB0F979
:10655000088043F8100D02460168B0F90A0008905F
:1065600018460E69D2F80CB009920E93FDF790FA16
:10657000A848A94900687368407C0C9351F8201022
:106580000C6923680A93FEF777FE0828099A40D918
:1065900010288CBF2023102309938CBF4FF00409CF
:1065A0004FF00209A64200F02D82202D00F09E81BE
:1065B000102D7FF4D8AE08FB09F0FCF7BBFE10905D
:1065C00000283FF4D0AEFDF72FF91E903846FDF7B6
:1065D0002BF91C90236900F118020B92002B00F09C
:1065E00022827369002B00F01E82B0F9080080003F
:1065F000FCF7A0FE0F90002840F069821D900E98D5
:10660000FDF746FA1EA8FDF743FA1098FCF7D6FEF0
:10661000A9E6082309934FF00109C3E70E93CDF8CB
:1066200028B0F2E60A9B05930F9B03930124099B74
:1066300004900293149A169B0D980194514600946D
:1066400003F032FC1298FCF7B9FE8CE60E9B0B9916
:10665000A14602FB031B82461BF8010BA847B0476B
:10666000B9F101094AF8040BF6D12AE700283FF4F2
:1066700053AF17960C9F0A9EDDF84090DDF834A0CA
:10668000DDF844B01395DDF874E00B9D05960EF02F
:10669000070006900AEB0E00BEF1000FB8BF0EF126
:1066A000070E05EBEE0E0F9DCDF810E022460123FC
:1066B00049460395CDF80880CDF80480CDF80080D8
:1066C00004F052FB1C981D9B82681C445946536978
:1066D0001D943A46984704460028D4D1139D179E2E
:1066E0001AE71298FDF7A0F8099B1A90082B81462B
:1066F000149FDDF82CA0044629D93AF8020BA847CC
:10670000B047013F44F8040BF7D1089B1F2B04D876
:1067100048461A46149901F043FE0A9A059220ABA6
:106720001A460D9852F8183D04931446002203921D
:10673000089A0292CDF80480CDF800800123149AC3
:10674000109903F0B1FB2046FDF7A2F9E4E61AF830
:10675000010BA847B047013F44F8040BF7D1D4E739
:106760001CA8FDF795F96DE73846FFF7C9FA07460B
:10677000B9F1000F00F0A9804846FDF755F8169BC7
:106780001C90002B40F39D8000261DABCDF82CA063
:10679000DDF834A0B146012598468368CDF87490A1
:1067A0005B69324641469847149B834204462DD08C
:1067B000099B012B55D008B30B9B03EB060B0A9BDF
:1067C0001D9805930E9B0F9A039203FB0073099A81
:1067D00002920493224650440123594601950095A4
:1067E00003F062FB1C981D9B82681C444146536960
:1067F0001D943246984704460028E0D10F9B01368D
:106800001F44169BB3425CDD1C98C6E70897B3464D
:106810001F4604E0140100202CC50120A3461C984B
:1068200083680BF101045B69224641469847874221
:10683000F4D0099902910B990A9A089F0592C6EB28
:106840000B030F9A049731440F9E03920133019575
:106850000095149A504606FB0377264603F024FB66
:10686000CFE70028CAD00B9B089603EB060BDDF898
:1068700074E00A9805900EF0070006900AEB0E00EF
:10688000BEF1000FB8BF0EF1070E07EBEE0E0F9E24
:10689000CDF810E022460123594603960295019552
:1068A000009504F061FA1C981D9B82681C444146C7
:1068B00053691D94089A984704460028D7D1089E2A
:1068C0009CE71CA8FDF7E4F84DE50A9B05930F9B98
:1068D00003930124099B04900293149A169B0D982C
:1068E00001945146009403F0DFFA3CE509FB08F0FF
:1068F000FCF720FD0B9000283FF435ADFCF794FF2A
:106900001E903846FCF790FF1C90256900F118078F
:1069100045B34FEA880B012619E0B9F1040F19D0ED
:10692000B9F1010F16D000221E9909980290012397
:1069300005920392049101965146009642460D98A5
:106940009A4403F0B1FA089B013B089350D0B9F187
:10695000020FE2D138461E9925694B464246A847A8
:106960005F44E0E70C950126089C14E0B9F1040FA0
:1069700000F08D81994500F035810C9D05950395BA
:10698000099D02951E9D01960096049503F08CFAD0
:10699000013C2DD0DA460123B9F1020F514642469F
:1069A0000D980AEB030BE1D108944FEA8805012406
:1069B000DDF87890BB4646465BF8040B0A9B984787
:1069C000013E29F8020BF7D11E9B099A029204930B
:1069D00051460123059603960194009442460D9872
:1069E0009A4403F061FA089B013B2F440893DFD1DE
:1069F0000E98FDF74DF81EA8FDF74AF80B98FCF726
:106A0000DDFCB0E40124183200260492CDF80CB06D
:106A10000295089B0D9805964246514601940094B4
:106A200003F042FA9FE400250126089C16E0B9F124
:106A3000040F00F0FC80994500F0A4801E9F089789
:106A4000099F0297089F0595039501960096049764
:106A500003F02AFA013C3FF4D2ADDA460123B9F142
:106A6000020F514642460D980AEB030BDFD14FEA65
:106A700048060C9D08940A9F0A9601241E9EDDF884
:106A80002CB0C1463BF8020BA847B847B9F1010941
:106A900026F8020BF6D10B9E1E9A099B0293B6466E
:106AA0000A9E049201235146B644CDF81490CDF8C5
:106AB0000C900194009442460D98CDF82CE09A4435
:106AC00003F0F2F9089B013B0893D7D197E5FCF757
:106AD000ABFE1D9000283FF492AD4FEA48033746C5
:106AE0000A9301250C940B9E19E0B9F1040F30D0E4
:106AF000B9F1010F28D000221E99099802900123B4
:106B000005920392049101955146009542460D98D5
:106B10009A4403F0C9F9089B013B08932BD0B9F1C3
:106B2000020FE2D1DDF878B01D994B46424630465F
:106B30007C69A0470A9C1D9826440C9C59464B46EC
:106B400042462469A047D6E7DDF878B01D990223B4
:106B5000ECE730461D997C69DDF878B002234246A7
:106B6000A0470C9C1D9824694B4659464246A047B5
:106B70000A9B1E44BFE71DA8FCF78AFF0F98FCF78D
:106B80001DFC3CE508FA03F60C9D08940A9F0A9642
:106B90004C461E9EDDF82CB0C1463BF8020BA847C0
:106BA000B847B9F1010906F8010BF6D10B9E1E9A00
:106BB000099B0293B6460A9E049201235146B644AD
:106BC000CDF81490CDF80C900194009442460D98A5
:106BD000CDF82CE09A4403F067F9089B013B089339
:106BE000D7D10CE508944FEA88054C46DDF878903B
:106BF000BB4646465BF8040B0A9B9847013E09F8E2
:106C0000010BF7D11E9B099A02920493514601236E
:106C1000059603960194009442460D989A4403F019
:106C200043F9089B013B2F440893DFD1E0E64FEA8C
:106C300048060C9D08940A9F0A9601241E9EDDF8C2
:106C40002CB0C1463BF8020BA847B847B9F101097F
:106C500046F8040BF6D10B9E1E9A099B0293B6468A
:106C60000A9E049201235146B644CDF81490CDF803
:106C70000C900194009442460D98CDF82CE09A4473
:106C800003F012F9089B013B0893D7D1B7E40894AD
:106C90004FEA88050124DDF87890BB4646465BF84C
:106CA000040B0A9B9847013E49F8040BF7D11E9B41
:106CB000099A029204935146012305960396019482
:106CC000009442460D989A4403F0EEF8089B013B6D
:106CD0002F440893DFD18BE620B321B322B3B2F95E
:106CE00000C0B1F90630F0B5B1F90050B2F902E0D8
:106CF000B1F90240B2F90470B2F90660B1F90420AA
:106D00006545A8BF6546A6457146A8BF2146BA425B
:106D1000B8BF3A46B342B8BF33460580418082804F
:106D2000C380F0BD704711460B684A68426003603B
:106D3000704700BF78B170B4068844888588C388DE
:106D400089B292B20E44144429440680448070BC37
:106D50001A448180C280704770B4104D2B686A68F5
:106D6000934204460FD093E807000D4E84E80700D5
:106D7000B34214BF0C333C3B2B60207A003018BF69
:106D8000012070BC7047074A934206BF3C3393E82A
:106D9000070013E9070084E80700EEE7240100205C
:106DA000F4C10120B8C10120034B09CBC01AB0FACD
:106DB00080F04009704700BF24010020F0B5374E35
:106DC000336D85B00446002B55D094E80700344C51
:106DD000344DF36C256001AD85E807000BB1284602
:106DE0009847314FD7F800E07B689E4538D0B342D2
:106DF0002A4C9DF80C2035D013F8041C914212D077
:106E00003C3495E80700A34283E807001BD00C330D
:106E10009E457B601BD0B36C0BB12846984700F0B1
:106E200075FD05B0F0BDA3F10C018E45E8D0A1427F
:106E30002ED03C340C39097A9142E2D1B34214BFCE
:106E40000C3B2346DDE7154B7B609E45E3D1174B9A
:106E50009E4514BF0EF10C03AEF13C033B60DAE734
:106E6000124CCEE796F8441091420BD095E80700FB
:106E700086E80700CBE730460D4B40F8503F02F064
:106E800043FCA2E706F13C04A645EFD02146D1E73A
:106E900001F13C0403F13001CDE700BFB8C101208E
:106EA00000D60120D9CF000824010020F4C1012020
:106EB000D54C0108094A136851688B420CD010B5B3
:106EC000074CA34293E8030014BF0833503B136000
:106ED00007F014F8012010BD002070474C0400207A
:106EE00030C30120F0B5164C059E2568069CB5F907
:106EF00008E0B5F90C707045B8BF7046BA42A8BF3B
:106F00003A4690421ADCB5F90A70B5F90E50B9420A
:106F1000B8BF3946AB42A8BF2B468B4203DAF0BD5F
:106F200025682DB12C46E5682D6835F00405F7D1AC
:106F300006940596BDE8F04003F096BCF0BD00BF96
:106F400014010020B0F90220B1F906309A4214DC95
:106F5000B1F90220B0F906309A420EDCB0F90020F7
:106F6000B1F904309A4208DCB0F90400B1F90030FC
:106F70008342CCBF0020012070470020704700BF33
:106F800008B5034B014674221868F9F74AF908BDA1
:106F90001401002000B9704730B5044683B00FF0EB
:106FA000AFFB2046FCF740FC02AD45F8040D00683D
:106FB000FDF730F92846FCF76BFD2046FCF734FC62
:106FC00001900068FCF714FA019BD868FCF7F6F909
:106FD000019BD869FCF7F2F92846FCF759FD2046D9
:106FE000FCF7ECF903B030BD00B970472DE9F04F64
:106FF000ABB00D4616461C921B91FCF715FCB0F980
:107000000430046827909D42109400F07D81002098
:10701000FEF78AFF9C4B109A1B689269597C1F905F
:107020000846279D2091824218BF5A74B5F9043052
:1070300005931846B5F90810B5F906301692B5F95A
:107040000A2012931C46091A121B0E460B91199224
:1070500021461446324601322B8A1A9222460132C8
:107060009B071D9240F133811B9B6A6902921B1A98
:107070001C9A1393002BA2EB010440F3E4810893C4
:107080001A9B049300234FF0010B1193002C40F343
:10709000CE811D9B15930123179414934FF0000A82
:1070A000109E7A4BB0691B56012B40F3B881002328
:1070B000ADF8A230ADF8A03003F05AFA431EB06923
:1070C000ADF8A43003F09AFA0138ADF8A60027987D
:1070D0005A4600F1140109F0D5F92190002800F07A
:1070E000F58027985A4600F1140109F0CBF9249055
:1070F000002800F0E680279BD868002840F0B48183
:10710000159A524500F0D9801A9B119922909A0045
:107110000AFB031305EB83030E93C4EB0A030C93E2
:10712000129B1499234401FB02F218934FEA8B033C
:107130001E920693D146179B4B4500F30F81199B76
:107140004B45B4BF002301230F93129B119C4B446A
:107150000D93189B4B440793049B1A46A24200F0E0
:107160009D801398059BDDF83880CDF80C90034482
:10717000C0EB040A099351E00B9AA2425EDB0F9A1E
:10718000002A5BD0BDF9A010A94240F390824FF0D5
:107190000009BAF1000F0A930CDB0C9B002B09DBF2
:1071A0001A4651460298FDF7B7FF000EFF280A9BCA
:1071B00000F0D780BDF9A020954226DBBDF9A230B2
:1071C00007998B4221DCBDF9A430AB421DDBBDF930
:1071D000A6308B4219DB002F00F0168122992C4B30
:1071E000FF221B6821F07F4130469847169A294BB1
:1071F00053F822301B691B6898470246219B009375
:107200002846109B07990EF0C5FEC8F82090069BF3
:107210009844049B5C44A342DA443DD0039A02980C
:107220002146FDF779FF070EFF2F0646EFD0099A9A
:10723000059B1519089AA24223449DDDBDF9A020A3
:10724000AA42114666DCBDF9A2200798824200F3EB
:10725000828000220A92BDF9A420AA4204DBBDF973
:10726000A62007998A427FDA4FF000090A9A002A7D
:107270008FD1BDF9A0100A4693429DDBBDF9A21043
:107280000D98814298DC4EE01401002028C50120B1
:10729000540400202CC50120DDF80C900E9B1E9993
:1072A000149A0B440E930C9B1946159B9144114460
:1072B0004B450C917FF43FAF279B186824990EF043
:1072C000F7FA279B219918680EF0F2FA279D1B9B6D
:1072D0001A9A1C99AB801D98E9801344013B4A1E01
:1072E00002442B81169B6A81209A1946914202D052
:1072F0005B4B1B685A741F98FEF716FE27A8FCF715
:10730000C7FB2BB0BDE8F08FB0F906309E427FF48A
:107310007EAEF3E793421BDBBDF9A2100D988842C5
:1073200016DB4FF00009BDF9A4109942FFF644AFF7
:10733000BDF9A6100D988142FFF63EAF2499D8F80A
:107340002020009118460D99109B0EF023FE31E786
:107350004FF0000959E74FF000098CE700230F9325
:10736000F3E6BDF9A02087E7DDF89C90B9F9042089
:10737000AA423ADCB9F90810A94236DBB9F906E0AD
:1073800007998E4531DCB9F90A0088422DDBD9F81E
:10739000140050B32593AB1A19462293079BCEEBEA
:1073A00003031A462393FDF7B7FE000EFF28259B23
:1073B0001BD0B9F90410B9F90820521A239902FB1D
:1073C000011222990A4409EB8209D9F8202022F0FF
:1073D0007F4091462393169A224B53F8222012693C
:1073E00052689047239B229040E7109A1068E0B1C2
:1073F000C2682293D2F81490079A2946C847229B64
:10740000814620F07F40E5E7169A164B53F822306C
:107410001B6926F07F405B6898470246EEE6F368FA
:10742000304628A91B6B984751E68146D2E74FF0BA
:10743000FF33199A1593149300231793134623448B
:10744000924619932CE600224FF0FF330892139ACC
:1074500004939B463346134411960B9316E600BFE4
:10746000140100202CC50120FCF7DEF9159B2690A5
:10747000534500F0A9801A9B1199DDF810809A00FD
:107480000AFB031305EB83030C93C4EB0A03149963
:107490000A93129B01FB02F223440F921893059A60
:1074A000139B4FEA8B091344CDF80C900993D146F6
:1074B000DA46179B4B4500F3AA80199B4B45B4BF96
:1074C000002301230E93129B4B440D93189B4B44B6
:1074D0000793119B984569D0139A0C9D1C46C2EBEB
:1074E000030B4A4621460298FDF716FE0646002881
:1074F00056D0059BE3180693099B1F19089BA342CE
:1075000067DC0B9BA34264DB0E9B002B61D0BDF9B3
:10751000A030BB42D8BF012300F3C680BDF9A22032
:1075200007998A4207DCBDF9A420BA4203DBBDF902
:10753000A6208A4278DA0022049263B1BBF1000FE0
:107540005DDB0A9B002B5ADB1A4659460298FDF771
:10755000E3FD002853D1BDF9A030069A9A420EDB14
:10756000BDF9A2200D998A4209DCBDF9A420069933
:107570008A4204DBBDF9A6200D998A4238DA9F427F
:107580000CDBBDF9A23007998B4207DCBDF9A430B2
:10759000BB4203DBBDF9A6308B423BDA049B2B6276
:1075A0005444039B44451D44D3449AD10C9B0F99EA
:1075B000149A0B440C930A9B1946159B9144114451
:1075C00099450A917FF475AF26A8FCF761FA279BCD
:1075D00073E6BDF9A030BB4217DD069A934211DC79
:1075E000BDF9A2200D9991420CDB00220492BCE768
:1075F000249B2A6A06980093109B0EF0CBFCBDF9E1
:10760000A030BCE700230493C8E7002386E70023EB
:107610000E9358E7269B53F82620219B009338466B
:10762000109B0EF0B7FCB9E7279A0492B2F9042038
:10763000BA420DDC0498B0F90810B94208DBB0F981
:1076400006E007998E4503DCB0F90A0088420DDA9E
:10765000109A106800283FF46EAFC2681E93394636
:107660005369079A98471E9B049066E72393BB1AB9
:107670001E93CEEB01021946049B22925869FDF736
:107680004BFD239B0028E3D00498B0F90410B0F917
:107690000820521A229902FB01121E990A4400EB9B
:1076A0008202126A049248E70023049346E7BDF978
:1076B000A22007998A423FF76AAD01220A92CAE5E1
:1076C00000B9704730B583B00446FCF7ADF8038AC3
:1076D00000909B0705D56D462846FCF7D9F903B005
:1076E00030BD2046FCF7A0F802AD0346006845F81F
:1076F000043DFCF743FD2846FCF7CAF96846FCF751
:10770000C7F920460EF00CFE2046FCF78DF8038AE0
:10771000009043F002036D4603822846FCF7B8F957
:1077200003B030BD2DE9F043048883B0BDF8286074
:10773000002C5BD04488002C51D0C468002C52D05F
:10774000A468002C52D017468846054606F0010270
:1077500000212B48FCF750FC814600283FD02888A8
:107760006B8803FB00F080002030FBF7E7FD044648
:1077700000283FD0C9F80800FCF756F829886A8825
:107780000346013902A8013A41443A4440F8083D11
:107790001E825D61A3F80480DF8019815A81C3F8DD
:1077A0000090FCF775F9EB682BB105F10C01204650
:1077B00008F010FF98B9B307204611D5FCF734F84C
:1077C00002AD0346006845F8043DFCF7D7FC2846A7
:1077D000FCF75EF920460EF0A3FD204600E00020F5
:1077E00003B0BDE8F083C588202DACD0204603B09F
:1077F000BDE8F0834846FCF7BFFC2046F0E700BF39
:10780000A00A030808B5034B74221968F8F709FDAC
:1078100008BD00BF1401002008B503F01FF903F0F4
:1078200091FABDE8084004F0B5BE00BF70B50A4D3E
:107830002A680128567C01D9304670BD0446FCF701
:107840000BFD0028F8D02B685C74FFF7E5FF034BB5
:1078500030461C6070BD00BF1401002098D5012087
:1078600003F01EB903F056B9034B1B686FF070426A
:107870001A6303F055B900BF14010020014B586092
:10788000704700BF0801002003F05CB9034B1B6880
:107890000246D86902B1DA61704700BF14010020C6
:1078A00003F0EAB903F002BA03F034BA70B4094A3B
:1078B000094B1268094E527C094D53F82230308032
:1078C000DC68246A0A462A8001461846234670BCB2
:1078D000184700BF140100202CC501201CC5012041
:1078E0001EC50120034B1B68B3F92C209885104658
:1078F000704700BF14010020034B1B68B3F92A2016
:1079000058851046704700BF14010020024B1B68C9
:1079100003B11847704700BF74C30120024B1A68B7
:1079200002B91860FFF7F2BFDCC2012000B970474E
:107930002DE9F041DFF8B480D8F80040A04282B0D1
:10794000054640D06F461CB917E0FCF7A1F8A4B17A
:107950002046FBF769FF84680090A5423846F4D1C1
:107960002846FBF761FF009B8268019001A89A609E
:10797000FCF78EF83846FCF78BF82846FBF754FFE7
:10798000D8F804400090A542184B29D001AE1CB98C
:1079900010E0FCF77DF86CB12046FBF745FF44682A
:1079A0000190A54203463046F3D1009A52685A60CE
:1079B000FCF76EF83846FCF76BF82846FBF7FEFC40
:1079C00002B0BDE8F081FBF72FFF02AE836846F8F6
:1079D000040D3046C8F800306F46FCF759F8CCE784
:1079E00042685A603846FCF753F8E6E71CC40120A9
:1079F00010B582B018B90124204602B010BD0C4663
:107A0000FBF712FF02AB828943F8040D22421846AD
:107A100014BF01240024FCF73BF8204602B010BD3F
:107A200030B50A4B1C68002383B003605CB1054687
:107A30002046FBF7F9FE02AB026943F8040D2A6009
:107A40001846FCF725F8204603B030BD1CC40120C1
:107A500070B5002382B00B6018B90446204602B00E
:107A600070BD0D46FBF7E0FE8468019001AE2CB9B5
:107A70003046FCF70DF8204602B070BD3046FCF7EA
:107A800007F82046FBF7D0FE036901902B60EFE773
:107A9000F0B52DED048BC94C8DB000260228169D43
:107AA000266000F00A8140F30381032800F048813A
:107AB0000996069600960A960B96079608960496DF
:107AC000059601960296DDED0B3ADDED0A5A9DED25
:107AD000083A9DED075ADDED052A9DED041A9DED4E
:107AE000022ADDED011ADDED000A9DED064ADDED0D
:107AF000094A043D0439043A03EB800655F8047F33
:107B0000B3EC017A07EE907A51F8047F06EE107A12
:107B100052F8047F06EE907AB8EEC77AF8EEE77A6C
:107B2000B8EEC66AF8EEE66AB34232EE072AE7EE2E
:107B3000070AE7EE271A72EEA72AA7EEA71AA7EE02
:107B4000064A33EE063AA7EE865AE7EE264A73EE69
:107B5000A63AE7EEA65AD1D107EE900AF8EEE77AF8
:107B6000B7EE006A86EE020A86EE227AC6EE276A31
:107B700024EE004A64EE804A26EE833A66EEA33A8B
:107B800027EE055A67EE255A60EE800A27EE011AA5
:107B900021EE800A26EE822A67EE211A66EEA22ADC
:107BA0008DED083ACDED0B3A8DED064ACDED094A43
:107BB0008DED075ACDED0A5A72EEC06A31EEC27AE7
:107BC00030EEC24A27EE267A31EE623AA4EE037A0C
:107BD000B5EE407AF1EE10FA6AD09DED068ADDED41
:107BE000094ADDED088A9DED0B5ADDED073AF7EE07
:107BF000007AC7EE875A0123236022EE486A22EEFC
:107C0000647ADDED0A7AA5EE207A21EEC59AA8EE17
:107C1000A06A61EEE89AA7EE829AE3EE829A26EED7
:107C2000016A27EE017A20EEE31A60EEE70AA8EE79
:107C3000211AE4EEA10A73EEE83AA9EE806AA9EEF1
:107C4000007A74EEC54A38EE688A37EEC55A72EE8D
:107C5000617A66EEA31A28EE272A66EE856A67EE39
:107C6000A47AA1EE226AA0EEA27AF0EE612AE3EEF7
:107C7000246AE4EE057AE3EE082AA4EE232A26EE2F
:107C8000256A27EE257A62EEA54A22EE255A66EE8F
:107C9000A56A67EEA57A84ED036A84ED067AC4EDE1
:107CA000014A84ED025AC4ED046AC4ED057A3EE04F
:107CB00001200DB0BDEC048BF0BD93E841004F688E
:107CC000D1F800E02B686968361A24CA07EE906A7A
:107CD000CEEB0707F8EEE76A07EE907AC91AAD1AFD
:107CE000B8EEE76A07EE105A07EE901AB8EEC77AB8
:107CF000F8EEE77AC6EE265A01222260C7EE276A1E
:107D000007EE900AB8EEE77A07EE903AF8EEE77AD7
:107D100025EEC77A66EEE77A0023C4ED015A84EDBA
:107D2000037AC4ED056AC4ED067AA3602361179B4C
:107D3000E361189B236200200DB0BDEC048BF0BD05
:107D400091ED004AD2ED004A91ED015AD1ED025A6F
:107D500092ED016AD2ED026AD3ED000A95ED000AB8
:107D6000D3ED011A93ED022A95ED011AD5ED022A01
:107D7000B8EEC44AF8EEE44AB8EEC55AF8EEE55A51
:107D8000B8EEC66AF8EEE66A8DED064ACDED094A10
:107D90008DED075ACDED085A8DED0A6ACDED0B6ACF
:107DA000F8EEE00AB8EEC00AF8EEE11AB8EEC22A20
:107DB000B8EEC11AF8EEE22AFEE600BF44C3012085
:107DC000012801D90120704730B52A4C85B02568BB
:107DD00022D0E16005F006010629226141D005F0BC
:107DE0000505012D3DD06361089BA36194F82C30FB
:107DF00043FA00F2D20758BF5AB24FF0010348BF0E
:107E0000002203FA00F01043C0B2032884F82C00CB
:107E100010D0002005B030BDE16105F00501052955
:107E2000226222D005F00605022D1ED06362089B57
:107E3000A362DBE7104C2368587C02F099FB2368AF
:107E40000546587C02F0DAFB0C4902908DE82200CE
:107E5000A1F11003A1F1080202201839FFF718FE62
:107E6000D8E7089A6261A361C0E7089A6262A362D8
:107E7000BCE700BF20C201201401002044C2012041
:107E8000254B1A68DAB901220068002814DB09685A
:107E9000002911DBDB69984210B41F4C07DA236A12
:107EA0005DF8044B9942A8BF012210467047012299
:107EB00010465DF8044B7047012210467047D1ED23
:107EC000006A93ED037AD3ED067A93ED024AD3ED7F
:107ED000054A93ED015AD3ED045AB6EE006AF8EE66
:107EE000E66A37EE067A77EE867AA4EE267A0022E4
:107EF000E6EEA47AD0ED006AF8EEE66AA5EE267A00
:107F0000E6EEA57ABDEEC77AFDEEE77A80ED007A5F
:107F1000C1ED007AB8E700BF44C30120F0B52C4C96
:107F200094F82D3087B0002B39D00FF025FA60601F
:107F30000FF01FFA6268A3680192029300F04CF8F8
:107F400002A98DF8150001A8FFF79AFF38B194F83F
:107F50002E3083BB002384F82D3007B0F0BD1D49BF
:107F600094F82E00019E029D91E80C0050B1B21AC7
:107F7000EB1A002AB8BF5242002BB8BF5B42134431
:107F8000022BE7DD012703A80E6003964D600495E0
:107F90008DF8147000F03CF884F82E70DAE70FF0DA
:107FA0000BFAA0600FF0E6F994F82D30013384F855
:107FB0002D3007B0F0BD074B0CCB002503A8039272
:107FC00004938DF8145000F023F884F82E50C1E784
:107FD00020C201202C010020014B587A704700BFBD
:107FE00068C3012010B4064B044693E8070084E8F8
:107FF0000700187A5DF8044B003018BF0120704765
:1080000010C20120014B1860704700BF20C2012040
:1080100030B5134C85B00C2221460546F8F755F9CA
:1080200078B1E368A3B195E8070001AD85E80700E2
:1080300002A928469847034695E8070084E8070008
:108040000BB105B030BD2846FEF7B8FE05B030BD17
:108050002846FEF7B3FE95E8070084E80700F0E73E
:1080600010C20120F8B5084E0468336805461B6845
:1080700020469847336807465B6820469847204467
:1080800028603846F8BD00BF38C50120F8B569B191
:10809000074F05460C4600263B6828465B68984714
:1080A000013C05440644F7D13046F8BD0E46FBE7D7
:1080B00038C501202DE9F843089C054689469846B5
:1080C000AB6849465F6828464346561CB847013CA2
:1080D0003246F5D1BDE8F883F8B5B0F90040B0F903
:1080E00004500C1BAC422BDAB0F902100569234492
:1080F000013B521AE61005FB0265DF4307F0070754
:10810000FF21143504F0070401FA07F241FA04F4E0
:10811000D6EBE306D7B2E4B200EB0502435D10D024
:10812000013E1C43002E02F10103445505DD1846B3
:108130003246F8F7A0F8034633441C783C431C70E1
:10814000F8BD3C401C434455F8BD00BF70B4B0F9C5
:1081500002600369B0F90040921B03FB02F2091BA5
:10816000143202EBE1028025835C01F0070145FA3D
:1081700001F11943815470BC704700BF03460021D0
:10818000B3F906201B69143003FB02F2F8F773B849
:108190002DE9F04302F10F04241164001D4603FB96
:1081A00004F383B0804603F1140016468946FBF7BA
:1081B000C5F8074690B1FBF737FB014602A8094A0C
:1081C00040F8041D01238E80CD800C61A1F8008051
:1081D000A1F802908A608B81FBF75AFC384603B005
:1081E000BDE8F08358190308B0F9063093423CDD2E
:1081F000F0B50D68B0F90470BD4234DA06694FEA93
:10820000E50E06FB02E6143605F00703845D04FA6A
:1082100003F3013F013613F0FF03CEEBE7023044D6
:1082200008D122B310F8013B083525F00705013AC3
:10823000002BF6D01E0634D45B00DBB21C0605F121
:108240000105F9D55F062C4605D55B00DBB25E065D
:1082500004F10104F9D404F00703072B09D0621BD1
:10826000501C0D60F0BD0020F0BD0020704710468E
:10827000F0BD002AF3DD0678FF2E00F101070DD1D5
:10828000831803E017F8016BFF2E07D1BB4204F1FE
:108290000804F7D1E3E77600F6B201343306FAD4E6
:1082A000DDE7FF2B08BFEC1DD5D0CBE730B583B0A1
:1082B0000546FBF7B9FA02AB848943F8040D013C8B
:1082C00024B284811846FBF7E3FB14B92846FBF778
:1082D00075F803B030BD00BFF0B583B0C0B9224C13
:1082E00023690546CBB1E0681F4E18B91F4B1868CB
:1082F000F060D8B123681C4F002623B363681A4F7F
:10830000C3B115B1A368184C2BB3304603B0F0BD10
:10831000154C236901AD002BE5D12046144B40F8E4
:10832000143F0123236101F0EFF9DCE702F0DAF8F2
:10833000F060DFE7F8688000FBF7B0F8002808BFBE
:1083400001267860DDE78000FBF7A8F8B0FA80F638
:1083500038607609D2E7E0688000FBF79FF80028D4
:1083600008BF0126A060D0E77CC3012020C5012002
:10837000954D010810B5094B1C7838B902466FF0CD
:108380007F401A7001F07AFD204610BD01224FF0A7
:10839000FF301A7001F072FD204610BD27C5012084
:1083A000082A10B40EDD102A1CDC00EB4101034644
:1083B00050F8042B23F8022B9942F9D101205DF8E3
:1083C000044B7047022A11D0042A00F09080012A41
:1083D0003CD00144034650F8042B03F8012B99428A
:1083E000F9D1EBE700205DF8044B704700F1100273
:1083F00052F8103C01294FEA8313DBB223D052F824
:108400000C4C240104F03004022943EA04031AD07E
:1084100052F8084CA40004F00C04032943EA0403B6
:1084200011D052F8044C04F003042343043900F83B
:10843000013B02F11002C1D052F8103C01294FEA71
:108440008313DBB2DBD103700120B8E700F1200217
:1084500052F8203C01294FEAC313DBB2F3D052F8A3
:108460001C4CA40104F04004022943EA0403EAD0AE
:1084700052F8184C640104F02004032943EA040371
:10848000E1D052F8144C240104F01004042943EA0A
:108490000403D8D052F8104CE40004F00804052975
:1084A00043EA0403CFD052F80C4CA40004F00404B7
:1084B000062943EA0403C6D052F8084C640004F0CD
:1084C0000204073943EA040302F12002BBD052F848
:1084D000244C04F00104234300F8013B52F8203CF3
:1084E00001294FEAC313DBB2B9D10370ACE700F145
:1084F000080454F8083C01294FEA0313DBB212D0F8
:1085000054F8042C02F00F021343023900F8013B27
:1085100004F108043FF452AF54F8083C01294FEA33
:108520000313DBB2ECD103705DF8044B08467047CF
:10853000082A2DE9F0410C461F6805460CDD102A7B
:1085400021DC1E69002E00F091802246294602237C
:10855000B0470120BDE8F081013A072A10D8DFE8D2
:1085600002F004510F770F0F0F9A00F1200858F80E
:10857000200CB847012C4FEAC010C6B206D12E70AD
:108580000120BDE8F0810020BDE8F08158F81C0C06
:10859000B847022C46EA8010C6B2F0D058F8180C42
:1085A000B847032C46EA4010C6B2E8D058F8140C7D
:1085B000B847042C46EA0010C6B2E0D058F8100CB8
:1085C000B847052C46EAC000C6B2D8D058F80C0C03
:1085D000B847062C46EA8000C6B2D0D058F8080C3E
:1085E000B847072C46EA4000C6B2C8D058F8040C79
:1085F000B847083C40EA060005F8010B08F12008DE
:10860000B5D1BDE700F1100858F8100CB847012C9F
:108610004FEA8010C6B2B2D058F80C0CB847022C02
:1086200046EA0010C6B2AAD058F8080CB847032C86
:1086300046EA8000C6B2A2D058F8040CB847043C01
:1086400040EA060005F8010B08F11008DCD197E7B5
:1086500000F1080858F8080CB847012C4FEA001040
:10866000C6B20CD12E702046BDE8F081861E55F8AA
:10867000040BB847013C26F8020FF8D180E758F800
:10868000040CB847023C40EA060005F8010B08F16B
:108690000808DFD174E71E693EB12846224601234F
:1086A0002946B0470120BDE8F0816E1E55F8040B45
:1086B000B847013C06F8010FF8D161E730B51B4D12
:1086C000D5F8803085B00BB105B030BD184B0FCB5D
:1086D0006C4607C404A924F8023B1B0C237011F854
:1086E000102D0123C5F8803005F1840404F8012B16
:1086F00011F8012F002AF9D1FCF72CFE234610F8BF
:10870000012B194603F8012B0278002AF7D14A7091
:108710000EF06CFE10F05EFD064B0748C5F8983071
:1087200005B0BDE8304000F0EFBF00BFCCC0012075
:1087300084C00208754C010864C10120F0B52A4BC1
:108740001B6883B004460D467BB1002006F092FA08
:1087500048B16E4632462946204607F0EDFE06F047
:108760001DF90028F6D103B0F0BD106851681F4F05
:108770006B4603C33B68BDF80000B3F84CE0B3F8A8
:108780005060BDF80410BDF80220BDF806307044FA
:10879000324433447144ADF8000068466E46ADF88B
:1087A0000410ADF80220ADF8063006F063FA50B9B7
:1087B0003B68598C9A8CDC6C186D091B121A598411
:1087C0009A8403B0F0BD3B68BDF80010BDF80220EC
:1087D00059849A8429463246204607F0ADFE06F0B9
:1087E000DDF80028EFD1E3E734C5012014010020B3
:1087F0002DE9F04F87B00C46019017461D46FCF757
:1088000073FDDDF804B08146002C00F0A5802068DF
:10881000616804AB03C317F00C0A60D1BDF91260A4
:10882000CDF804B0002D57D00DF1040809F1FF393F
:10883000DFF848A11FFA89F907F00307584600241A
:108840002DE0022F3DD00FB9BDF91040DAF800201D
:1088500001980FFA86FE21B2013B09EB060C234476
:10886000A2F824E05184ADF8081002AA5946ADF8E8
:108870000C30ADF80AE0ADF80EC0FFF75FFF5946C7
:108880000198FFF703FC019B18440190FCF72CFDB5
:108890000644404600F0CEFDF0B9EDB101982946FE
:1088A00000F074FD83460146019800F02DFD012F74
:1088B000CBEB05050346C4D1BDF91440241A01349D
:1088C000C4E7BDF91040BDF91420121B121A02EBC7
:1088D000D27204EB6204B9E707B0BDE8F08F002D57
:1088E0003ED02C4600260DF1040800E094B121464C
:1088F000019800F04BFD034601460198E41AFFF78A
:10890000C5FB019B034440460136019300F092FDF4
:108910000028EBD0BAF1080F09D0BAF10C0F0DD036
:10892000BAF1040F03D0CDF804B000267EE706FBB1
:1089300009F6BDF916309E1B013671E706FB09F6F4
:10894000BDF91220BDF916309B1A01339B1B03EBB6
:10895000D37302EB630663E704A8FCF7AFFC5AE7A6
:10896000BAF1080F05D0BAF10C0F04D0BAF1040F18
:10897000B2D10026DDE72E46E2E700BF1401002059
:1089800041B10028B4BFA0EB610000EB610090FB97
:10899000F1F07047084670472DE9F04F984C8FB0C2
:1089A0001D462469199B04900026069193461E607B
:1089B000002C00F0F580924BDE681C462EB9914BDE
:1089C0001E68E660002E00F0F5808D4B8C4F1B6812
:1089D0000393002B00F00481894B894C5B68029360
:1089E000002B00F0EF80884A884B1268507C53F8C7
:1089F000203008931B690D93FCF73EFC824B0590D9
:108A00001B68587CFCF7D8FC814B0B90AE42A8BF8A
:108A10002E46984200F0D3807E4BC31A18BF012324
:108A20000A93049B33440C930025013B09932C4685
:108A3000B246D846189B58F8040B98475FEA10696D
:108A4000074648D0002C2CD16F4B049A1B68B3F911
:108A500008305619B3425CDD9A1B079214461E4635
:108A6000039B0699099A2C4403EB8404089B019309
:108A700000940B463046FEF735FA059B172B40F362
:108A800085800A9B002B46D00C9B07959E1B354684
:108A90000B9E2068B047013D44F8040BF9D1079DB7
:108AA0000124574BDB69002B3AD1B9F1FF0F5FFA74
:108AB00089F21AD1039B029A53F8253042F82530E7
:108AC000BAF1010A05F10105C346B2D1029C204664
:108AD0000FB0BDE8F08F199B029A1B6842F8250081
:108AE000199A43F001031360EAE703994A4B51F8DE
:108AF00025101B68D243D2B227F07F409847199BBC
:108B0000029A1B6842F82500199A43F0010313608A
:108B1000D6E70794A4E73A4BDB690124002BC4D0C5
:108B20001F46039BAD002B441C46029B1D4421465F
:108B30002A4653465846B8475646ABF104010BE067
:108B400003F07F43B3F17F4F08BF2A60013E04F179
:108B5000040405F104050ED051F8042F02F07F4300
:108B6000B3F17F4F2368EBD1013E2B6004F1040485
:108B700005F10405F0D1199B029C1B68199A43F07A
:108B80000103204613600FB0BDE8F08F1A46079B23
:108B90002046C3EB0A010D9B00F086FA012480E712
:108BA00017481E4B164A40F8143F0123136100F08A
:108BB000ABFD00E701F096FC0646E06005E7002308
:108BC0000A932EE7E0688000FAF768FC0290606084
:108BD00000287FF408AF002420460FB0BDE8F08FD6
:108BE000B000FAF75BFC386008B10390F4E67C68EB
:108BF000002CF0D1F8688000FAF750FC786066E746
:108C00007CC3012020C50120140100202CC50120B7
:108C100059A7000855A7000854040020954D0108E5
:108C20002DE9F04F7D4C25688DB02C6DED6C0293D5
:108C30005F1E1E462B18144404931A466B181946DF
:108C400005930AA8E319ADF82A40ADF82820ADF83D
:108C50002C10ADF82E3006F00DF800285AD007FB86
:108C600007F306FB06FAC3EB0A020193B31E039354
:108C7000F31E0993A3190693A31C07920893029B62
:108C8000002B43DD1698FEF7EDFD002F45D0069B27
:108C90000798DE1B089B9B1B009300F09FFE049B24
:108CA000029A1946059B01EB020919460546C2EBDB
:108CB00001083C464FF0000BCBEB09023146013A6C
:108CC000C5EB090001F076FA0BEB080001303146E4
:108CD00005EB080201F06EFA013C009B04FB04FB6B
:108CE000CBEB0A001E4418D000F078FEA7420546E0
:108CF00002DC4FF0000BDFE7019BCBEB030000F041
:108D00006DFE8346D8E7029B022B4CD105F046FE50
:108D10000028B4D10DB0BDE8F08F029B012BF5D037
:108D20001798FEF79FFD039B002BECD0029A1C4680
:108D3000069BC2F102061E44049B194601EB020980
:108D40001346059A1146C3EB010815E02B46C5EB07
:108D500009023146C3EB0900013A03EB080B01F0AD
:108D600029FA05EB080031465A46013001F022FA93
:108D7000013C06F10106C6D004FB04FBCBEB0A0064
:108D800000F02CFEA7424FF00005DFDD019BCBEB8E
:108D9000030000F023FE039AA242034601DD451EB4
:108DA000D5E70025D3E71898FEF75CFD099C002C59
:108DB000ACD0049B029A194601EB020805998E1A61
:108DC000731C0093069BC2F1030508F1FF3B1D4491
:108DD00011E00020294600EB06095A46C0EB0800C6
:108DE00001F0E8F929464A46009801F0E3F9013C10
:108DF00005F101058AD004FB04F9C9EB0A0000F073
:108E0000EDFDA742E5DD019BC9EB030000F0E6FDA7
:108E1000039BA342DDDD0138DCE700BF1401002025
:108E20002DE9F04F9F4C2568EC6C2D6D93B0201808
:108E3000A2180646EB1809906C1810A80A920B931A
:108E4000ADF84060ADF84420ADF84240ADF8463092
:108E500005F010FF00287ED01C9B1C9A013B02FBF2
:108E600002F2029303FB03F30893D31A0D931C9BA6
:108E70000392023B04931C9B033B0F931C9BE31840
:108E80000C93A31C0E931C9B002B60DD1D98FEF71A
:108E9000E9FC029B002B61D01D460C9B0D981A46E5
:108EA000C5EB02080B9B1C9A9B1A1A4606932B468D
:108EB00013440E9A0593C8EB02020792994600F0FC
:108EC0008DFD099B1C9A03EB020B0A9B0646C2EB25
:108ED000030A0020C0EB0B07C6EB0B03013F504415
:108EE000441C414618463A465644019301F062F943
:108EF00041462046324601F05DF9019B494618463D
:108F00003A4601F057F920463246494601F052F9F7
:108F1000049A069B1344059A9B1A013D039A9944AF
:108F2000079B05FB05F4A2EB0400984416D000F063
:108F300055FD029BAB42064601DC0020CAE7089BB8
:108F4000181B00F04BFDC5E71C9B022B5DD105F003
:108F500025FD002897D113B0BDE8F08F1C9B012B95
:108F6000F5D01E98FEF77EFC049B002BECD01D462E
:108F70001C9B1C9AC3F102080C9B98440B9B9B1AE8
:108F80000593099B03EB020B0A9BC2EB030A23E048
:108F90002046C4EB0B07C0EB0B03013F544400EB2E
:108FA0000A064146184601343A46019301F002F997
:108FB00041463246204601F0FDF8019B3A461846EC
:108FC000494601F0F7F832464946204601F0F2F8EA
:108FD000013D08F10108B7D0039B05FB05F6981B7E
:108FE000059B05EB030900F0F9FC029BAB424FF037
:108FF0000004CDDD089B981B00F0F0FC049BAB4205
:1090000001DD441EC5E70024C3E71F98FEF72AFCD4
:109010000F9B002B9BD01C99099A02EB010B0A9A1B
:10902000521A059202F101080C9AC1F10306164486
:109030000B9A521A0BF1FF3901921C461DE00025D4
:10904000059BC5EB0B0A31461D4450464A4601F0CC
:10905000B1F831462A46404601F0ACF84A46394656
:10906000504601F0A7F82A463946404601F0A2F8DA
:10907000013C06F101063FF46AAF039B04FB04F5D3
:10908000581B019B1F1900F0A9FC029BA342D6DDCF
:10909000089B581B00F0A2FC049BA342CFDD451E99
:1090A000CEE700BF1401002000292ADD082A2DE99F
:1090B000F04704465E6803DD102A0CDDBDE8F0874A
:1090C000531E072B05D8DFE803F02A53047C040461
:1090D000041DBDE8F0875D6935B10A46AC462146FE
:1090E0000223BDE8F047604749000C446518671A41
:1090F00034F8020DB047BC4245F8040DF8D1BDE884
:10910000F087704765186F1A04EB810415F8010D9C
:10911000B047BD4244F8040DF8D1BDE8F0874F1EBA
:10912000FB1001F1804107F0070A4FF08008013978
:109130005A1E48FA0AF814F8039004EB81055FFA06
:1091400088F81444CAF1070308EA09001841B04737
:1091500045F80409BAF1000F5FD194F800904FF080
:109160000108013C4FF0070A002FB2D0013FE9E7A8
:109170004F1E07F00309BB1001F180414FEA49007F
:10918000C025013905415A1E14F8038004EB810AF9
:10919000EDB2144405EA0803C0F1060043FA00F0FA
:1091A000B0474AF80409B9F1000F44D1032594F8F7
:1091B0000080A946013C002F8BD0013F4FEA4900B7
:1091C000E8E74F1E07F001087A1001F180414FEAED
:1091D0008800F0230139034102F1FF3EA55C04EB56
:1091E00081095FFA83FA74440AEA0503C0F10400B6
:1091F00043FA00F0B04749F80409B8F1000F13D161
:1092000025784FF00F0A013C4FF00108002F3FF482
:1092100060AF013F4FEA8800E6E74FEA48085FFA8F
:1092200088F80AF1FF3A9FE74FEA0A135FFA83FAD8
:109230004FF00008EAE7AD00EDB209F1FF39BAE7F7
:109240002DE9F0432D4C276983B005468846164624
:1092500099461FB3E068294F18B9294B1868F86080
:1092600028B3B9F1000F01D0C9F800001DB323687D
:10927000224A0027002B36D02B60B8F1000F04D013
:1092800065681E4B1DB3C8F800501EB1A4681B4D85
:109290009CB13460384603B0BDE8F0832046194BDA
:1092A00040F8143F0123236100F02EFAD2E701F0C9
:1092B00019F9F860D5E72F46DFE7E8688000FAF78C
:1092C000EDF800280CBF01270446A860E1E7D86844
:1092D00001938000FAF7E2F8019B00280CBF0127F8
:1092E00005465860CFE780000192FAF7D7F8019A57
:1092F000B0FA80F710607F090346BDE77CC3012008
:1093000020C50120954D010870B584B004AB1D4AFD
:1093100043F8101D0190194613689847019058B3FF
:10932000194B1B68DB695B692BB11B681BB100998A
:10933000984704B070BD009B013B002B0093A8BF71
:1093400000241BDB01A8FEF78DFE0546FBF7A6FFF8
:10935000009B013B002B04440093F3DA04A9002690
:1093600041F8046D2846FBF7A1FF039B9842B8BF64
:109370001E1A301904B070BD04B070BD00252C4613
:10938000ECE700BF0C0400201401002030B583B0CE
:10939000019000B3114B1B68DB695B690D4623B17B
:1093A0005B6813B1984703B030BD002DD8BF0020D3
:1093B000F9DD002404E00A2807D00134A54207D0D3
:1093C00001A8FEF74FFE0028F5D1204603B030BDBE
:1093D000284603B030BD03B030BD00BF14010020EB
:1093E000F8B5044688B10026094D00E001362B6827
:1093F00020461B6898472B6807465B6820469847BD
:109400000444002FF2D13046F8BD06463046F8BD80
:1094100038C5012010B582B002A9002441F8044DDE
:10942000FBF744FF019B9842B4BF181A204602B0D4
:1094300010BD00BF10B5044682B002A8236840F8F2
:10944000043DFEF70FFE48B10A2802D0002002B00A
:1094500010BD019B2360002002B010BD012002B0AE
:1094600010BD00BFB1F90030B0F900209A42B8BF7A
:109470000380B0F90220B1F902309A42B8BF4380AC
:10948000B0F90420B1F904309A42C8BF8380B0F922
:109490000620B1F906309A42C8BFC380704700BFAA
:1094A000F0B5B2F900C0B1F90050B1F90240B2F91B
:1094B0000230B2F904E0B2F90670B1F90420B1F952
:1094C0000660AC456146B8BF2946A342B8BF2346F3
:1094D0007245A8BF7246B7423C46A8BF3446914287
:1094E000018043808280C48004DCA342CCBF002082
:1094F0000120F0BD0020F0BD2DE9F041394B1B6883
:109500005D7C012D82B003DD012002B0BDE8F08159
:10951000354E7368044613B1014628469847012C1E
:1095200027D0022C0FD0002CEED1AC003719DFF879
:10953000B880BB68012B3AD001202644002B18BF0D
:10954000013BB360E1E72846FAF786FE0190002868
:10955000DAD0C3680D215B6A01A898470446002849
:10956000D2D0336803B1984702210198A047002068
:10957000CBE706EB8506B7681FB1781CB0602046C4
:10958000C3E72846FAF768FE01900028BCD0C368FC
:109590000D215B6A01A8984703460028B4D02146F4
:1095A00001989847B36801333846B360ADE7284661
:1095B000FAF752FE019088B1C3680D215B6A01A8D9
:1095C0009847054650B1D8F8003003B198470021BC
:1095D0000198A847331900209B68AEE7BB680120BB
:1095E000ABE700BF140100209CC3012081F07F4144
:1095F00080F07F40F0B40B0E4FEA1064134B02FB77
:1096000004F208BF20F07F41A3FB0232D20900F030
:10961000FF160D0AC2F1FF0705F0FF1501F0FF1359
:10962000C0F3072402FB06F107FB05F044F0807449
:1096300007FB031102FB0400090A00F0FF2001F000
:10964000FF11084380F07F40F0BC7047818080802C
:109650002DE9F04F87B09246139A109B9DF85090D9
:1096600001900291002A37D0129ADFF874B0DFF827
:109670007480920002EB830304930023059203930A
:10968000129C029E019D574655F8040BDBF80030F2
:1096900056F8041B020EC2F1FF0209FB02F2A8FBFE
:1096A00002E2C2F3C71220F07F409847013C20F04D
:1096B0007F4047F8040BE7D1019A0599039B1046B8
:1096C0000844029A01908A4404990A440292139A27
:1096D00001339A420393D3D107B0BDE8F08F00BFA6
:1096E000540400208180808070B4CB880E888D88DF
:1096F0004C8892B21644AD1A14449A1A068085809A
:109700004480C28070BC704780B483B000AF786082
:10971000064B1A687B685A60044A7B68136000BF76
:109720000C37BD465DF8047B704700BF44C1012083
:109730002DE9F041184E3468B4F90A708F420DDCFF
:10974000B4F90E70B9420D4608DCB4F908708742CE
:10975000864603DCB4F90C40A04201DDBDE8F0818F
:109760001F460446904600F05BFE0C4B0146424605
:109770001B683846984700F089FB3268084B527CDA
:1097800053F82260F7682146BC6903462A463046F2
:10979000A446BDE8F04160471401002054040020B5
:1097A0002CC50120F0B5076883B005460E46CFB939
:1097B000002E58D033464FF0FF3200E0224613F817
:1097C000010B541C0028F9D13846941CFAF720F8F4
:1097D000844222D02046F9F7ADFD074668BB002041
:1097E00003B0F0BD3846FAF71FF8224B0190002E67
:1097F00014BF32461A46002808BF1846137801786D
:109800008B4206D15BB310F8011F12F8013F8B4267
:10981000F8D001A8FAF73CF9CAE73846FAF704F895
:1098200002AD154B45F8040D224631461B6898479A
:109830002846FAF72DF90120D2E7F9F7F5FF02AC37
:10984000314644F8040DF6F74DFD2046FAF720F9AD
:109850002846F9F7D7FD01202F6003B0F0BD01A81D
:10986000FAF716F9BBE73846F9F7D2FF0028B6D069
:109870003446AFE7C01903085C0400202DE9F0412D
:1098800082B0012A06460090884638D0022A174640
:109890001BD047F6FF71FFF779FD0146044600989B
:1098A000FEF7F4FB009B02AD184445F8080D28466E
:1098B000FEF7D8FB0A281AD0012F33D021463046B4
:1098C000FEF7E4FB02B0BDE8F081204B5B689847EF
:1098D000014604460098FEF7D9FB009A02AB1044FB
:1098E00043F8080D1846FEF7BDFB0A28E6D10134FF
:1098F00021463046FEF7CAFB02B0BDE8F081134BAB
:1099000001AA1B689847014604460098FEF7BEFB73
:10991000009B02AD184445F8080D2846FEF7A2FB4F
:109920000A28E4D02028C9D1FBF7B8FC0746019BE0
:109930009845284607EB0302C0DB0192FEF792FB35
:10994000202804F10104F2D0B8E700BF640400202D
:10995000012A08D0022A02D1054B5B68184747F656
:10996000FF71FFF713BD024B00221B68184700BFB1
:109970006404002070B4840702D50180013A0230EB
:1099800056080DD0032E334601EB01440DD8012BB0
:10999000046003D0022B446018BF846000EB830096
:1099A000D30748BF018070BC704700F110033546F3
:1099B000043D032D43F8104C43F80C4C43F8084C7D
:1099C00043F8044C03F11003F2DC043EB3085D1CC1
:1099D000B6EB830300EB0510D9D1E1E7B0F1804F7E
:1099E0002BBF4FF0004300234FF0804200225B0862
:1099F000801A03F18052904203F1005128BF0B46B8
:109A00004FEA530338BF002203F18061821A8A4271
:109A100003F100602CBF034600215B08501A03F1DC
:109A20008072904203F100712CBF0B4600225B084C
:109A3000811A03F58002914203F5000028BF034616
:109A40004FEA530338BF00228A1A03F580118A4275
:109A500003F500102CBF034600215B08501A03F5E4
:109A60008022904203F500212CBF0B4600225B08A8
:109A7000811A03F58032914203F5003028BF034676
:109A80004FEA530338BF00228A1A03F580418A4205
:109A900003F500402CBF034600215B08501A03F574
:109AA0008052904203F500512CBF0B4600225B0808
:109AB000811A03F58062914203F5006028BF0346D6
:109AC0004FEA530338BF00228A1A03F580718A4295
:109AD00003F500702CBF034600215B08501A03F108
:109AE0004002904203F180012CBF0B4600225B082C
:109AF000811A03F11002914203F1200028BF0346AE
:109B00004FEA530338BF00228A1A191D8A4203F113
:109B100008002CBF034600215B08521A581C991CF0
:109B2000904294BF08461846400870472DE9F04718
:109B30004368023B86B00446102B4AD8DFE813F096
:109B4000A4004900490013011100490049004900DF
:109B500049004900E2004900490049004900490024
:109B60004D000068F9F760FE06ABC56C43F80C0DBC
:109B70001846F9F78DFF2846A168F9F7C1FF049050
:109B800038B38568B0F90460076804A8F9F780FF66
:109B90002846FAF793FB80462846FAF7A3FB06F01F
:109BA0000303012B00F01E81022B00F0158100221F
:109BB00006F00C06042E636900F01F810C2E00F0E5
:109BC0001481002026692168034432442846FAF7AC
:109BD00059FB002006B0BDE8F0870068F9F724FEC5
:109BE000034606A8DD6CDA6A40F8103D1768D3F822
:109BF0003C805E6BD3F86090F9F74AFF2846A16875
:109C0000F9F77EFF054603900028E2D003A8B5F9D6
:109C100004A0F9F73DFF6369ADF812303A4604A994
:109C20002769E369ADF810700846A769ADF81630EA
:109C3000ADF81470FFF758FDA368994505F10C05C0
:109C400010D16169E2696F4B521A043A83FB021327
:109C5000BDF81410A3EBE273013B4A1EA2EB4303D1
:109C6000ADF814304046FDF7FDFD0220FDF744FE3F
:109C70003046FDF70BFE2846524604A9FAF72AFCA7
:109C8000002006B0BDE8F08700685E4DF9F7CCFD16
:109C900006AB466E43F8080D1846F9F7F9FEE2697F
:109CA00063695949A7698869D31A043B85FB032571
:109CB000A5EBE3735D1E06F10108FDF7D3FDA6EBEE
:109CC0008602E16966696B10904408FB03F3043F68
:109CD0008E1B002DC3EB6606A7EB0503FFF679AFDD
:109CE0005C1B3D465F1C2A46214630460134FAF78C
:109CF00071FFA74205F1FF354644F4D1002006B0BC
:109D0000BDE8F087404E4369C56930681D44FDF7E2
:109D1000A9FDA2692169E069FAF75CFF7068FDF7A7
:109D2000A1FDE26961692069013AFBF753F904F189
:109D3000100007C8F3680193B36800936D106B1EA1
:109D40000130FAF77DFEE3692069A269716934691F
:109D500000940191013B29460130FAF771FE002081
:109D600006B0BDE8F087284E4369C56930681D44D8
:109D7000FDF778FDE2696169A069013AFBF72AF90C
:109D8000A2692169E069FAF725FF7068FDF76AFDAD
:109D9000E26961692069013AFBF71CF904F11000DE
:109DA00007C8F3680193B36800936D106B1E013A06
:109DB0000130FAF745FEE369A269206971693469E7
:109DC00000940191013B2946013A0130FAF738FE2F
:109DD000002006B0BDE8F087C8EB070202EBD272A4
:109DE0005210E5E6C8EB0702E2E6E169C91A013163
:109DF000081A00EBD0704010E4E6E169C91A01319D
:109E0000081ADFE656555555A0020020054B0649B5
:109E10001A6910B4054C18610C6010465DF8044BCB
:109E2000704700BF98040020AC040020940200207A
:109E300008B50B0EFF2B09D00E4B02EB0212D2B26B
:109E40001B6898470C4B5968084008BD030E05D0A5
:109E5000FF2BF1D1084B5868084008BDC2EB0271D6
:109E6000054BC2EB0112FF32596840EA026008401C
:109E700008BD00BF5404002070040020024B5A6843
:109E800058601046704700BF70040020044A054B1C
:109E90001268527C53F822301B691B68184700BFB8
:109EA000140100202CC501202DE9F04FB64C91B0D3
:109EB000D4F800E01B9D1D9E1E9F1F9CDDF868A02E
:109EC0000D95DDF870C00E96079708940F900592D7
:109ED0000C93BEF1000F06D0DEF80040A44611B08E
:109EE000BDE8F04F60474AEA0503012B894600F0C0
:109EF0009280CCF1080302930C9B002B40F38880E6
:109F0000A24BCDF828E018680491F046E1460D9A7E
:109F1000049953181A460B93B0F90A30013A934248
:109F2000099268DCB0F90E308B4264DB059B002B94
:109F300061DD0F9B079F06970026354603EB0A0459
:109F40004CE0029BC9EB060648FA03F313F0FF034B
:109F500008FA09F85FFA88F802D1027C920738D42F
:109F6000D0F83CE0DEF800200392089A0AB152F8DB
:109F70002330B0F908B0B0F90CC0CEF80030621E42
:109F80005945B8BF594662451346A8BF63468B4240
:109F90001CDBB0F90A20049FB0F90EC0BA42B8BF6A
:109FA0003A46099FBC45A8BFBC4662450EDC407CD2
:109FB000774F57F82000D0F80CE0CDF800C0DEF85D
:109FC00010B0D847714B1868D0F83CE0039BCEF82E
:109FD0000030059B0135AB4254440CD0CAEB040160
:109FE000002EAED1069A029E92F8008013460133ED
:109FF00006933346A8E7079A0E990A9B0A440792EC
:10A000000B9A04920C9A01339A420A937FF47FAF21
:10A0100011B0BDE8F08F5D4B1968B1F90A20C9EBAA
:10A020000203002B40F3C2800C98C41A002CEFDD11
:10A0300006FB037307930C9BB1F90E004B44013BE5
:10A040001B1A002B02DDE41A002CE1DD0F98059DA0
:10A050004319B1F90C00013B1B1A002B01DDEB1A6F
:10A060000593B1F908000F9D854216DB0023059E7C
:10A07000002ECDDD487C464951F820000899C5687E
:10A080001E93079B1D930E9B1F911C93CDF86CC0D4
:10A090001A9433460F996C6820E7059E431BF61A05
:10A0A0000CF1FF3505961F2DE1D801A656F825F0D5
:10A0B00095A1000871A100086FA0000859A100082F
:10A0C0006FA000086FA000086FA000084DA1000855
:10A0D0006FA000086FA000086FA000086FA0000824
:10A0E0006FA000086FA000086FA000083FA1000843
:10A0F0006FA000086FA000086FA000086FA0000804
:10A100006FA000086FA000086FA0000831A1000830
:10A110006FA000086FA000086FA000086FA00008E3
:10A120006FA000086FA000086FA0000831A1000810
:10A13000079D0F9005EB83030793002397E7079D87
:10A140000F9005EB43030793002390E7079D0F90C3
:10A150001D44079500238AE7079D05EB63050795D6
:10A160000F9D23F0010005440F9503F001037EE7E6
:10A17000079D05EBA30507950F9D23F003000544FC
:10A180000F9503F0030372E734C50120140100208A
:10A190002CC50120079D05EBE30507950F9D23F0D6
:10A1A000070005440F9503F0070360E70C9C4A463F
:10A1B000234641E7124B30B41C68B4F90A308B4295
:10A1C0000FDCB4F90E3099420BDCB4F90850B4F945
:10A1D0000C30A842B8BF28469A42A8BF1A469042FF
:10A1E00001DD30BC7047074B647C53F82440E568C0
:10A1F000AD681346AC460A460146204630BC60476F
:10A20000140100202CC50120184B1B68B3F90A204B
:10A210008A421DDCB3F90E20914219DCB3F9082003
:10A22000824215DCB3F90C20904211DC30B41A7C68
:10A23000D2070ED40E4A5C7CDB6B52F824401B68BC
:10A24000E568AD690A46AC460146204630BC604729
:10A2500070475A7C064B53F82230DC68E4690A46A2
:10A2600001461846234630BC184700BF14010020A1
:10A270002CC50120124B30B41C68B4F9083083425D
:10A280000FDCB4F90C3098420BDCB4F90A50B4F985
:10A290000E30A942B8BF29469A42A8BF1A46914239
:10A2A00001DD30BC7047074B647C53F82440E568FF
:10A2B000ED681346AC460A460146204630BC60476E
:10A2C000140100202CC5012070B5154C2468B4F988
:10A2D0000860B4F90C50B042B8BF3046AA42A8BFDB
:10A2E0002A46824282B00BDBB4F90A60B4F90E5000
:10A2F000B142B8BF3146AB42A8BF2B46994201DDFF
:10A3000002B070BD657C074C54F82540E5680093A9
:10A3100013460A46014620462C69A04702B070BD8C
:10A32000140100202CC50120094B1B68587C012812
:10A3300001DD0020704710B5F9F78EFF28B1C36822
:10A3400008219B6ABDE810401847002010BD00BFDF
:10A3500014010020012801DD0020704710B5F9F735
:10A360007BFF28B1C36808219B6ABDE810401847ED
:10A37000002010BD024B1B689B6B1868704700BF24
:10A3800014010020024B1B68DB6B1868704700BF8C
:10A3900014010020094B1B68587C012801DD0020B6
:10A3A000704710B5F9F758FF28B1C36809219B6AB7
:10A3B000BDE810401847002010BD00BF1401002068
:10A3C000012801DD0020704710B5F9F745FF28B1DD
:10A3D000C36809219B6ABDE810401847002010BDE2
:10A3E00010B50020F9F738FF041C4FF0010018BF2A
:10A3F0000124F9F731FF00B10134204610BD00BF40
:10A4000010B5064B1B68587CF9F726FF28B1C368C6
:10A410000221DB6ABDE81040184710BD140100207E
:10A4200008B500F005F8BDE8084000F085B900BFA8
:10A43000F0B5154E154D33685B7C55F82330DA685E
:10A4400083B004460F461846126B69469047BDF923
:10A450000030A3420BDCBDF904309C4207DCBDF99F
:10A460000230BB4203DCBDF906309F4202DD002012
:10A4700003B0F0BD33685B7C55F82300C3683A46EF
:10A4800021465B699847F3E7140100202CC50120A1
:10A4900030B583B00C461546F9F7DEFE019070B179
:10A4A000C36804215B6A0DEB01009847034630B195
:10A4B00001982A4621469847002003B030BD01206C
:10A4C00003B030BD012801DD0020704710B5F9F759
:10A4D000C3FE28B1C36803219B6ABDE8104018473A
:10A4E000002010BD38B501252846F9F7B5FE002437
:10A4F000032178B1C3689B6A98478442B8BF044679
:10A500000DB9204638BD00252846F9F7A5FE0321E0
:10A510000028EFD1F1E700BF012801DD00207047DE
:10A5200010B5F9F799FE28B1C36804219B6ABDE80C
:10A5300010401847002010BD094B1B68587C0128AB
:10A5400001DD0020704710B5F9F786FE28B1C36819
:10A5500001219B6ABDE810401847002010BD00BFD4
:10A5600014010020014B1868704700BF50C2012041
:10A57000012801DD0020704710B5F9F76DFE28B104
:10A58000C36801219B6ABDE810401847002010BD38
:10A5900038B501252846F9F75FFE0024012178B17E
:10A5A000C3689B6A98478442B8BF04460DB92046E9
:10A5B00038BD00252846F9F74FFE01210028EFD1CC
:10A5C000F1E700BF094B1B68587C012801DD002022
:10A5D000704710B5F9F740FE28B1C36802219B6AA5
:10A5E000BDE810401847002010BD00BF1401002036
:10A5F000014B5868704700BF50C20120012801DD9F
:10A600000020704710B5F9F727FE28B1C368022172
:10A610009B6ABDE810401847002010BD38B50125E1
:10A620002846F9F719FE0024022178B1C3689B6A15
:10A6300098478442B8BF04460DB9204638BD00256E
:10A640002846F9F709FE02210028EFD1F1E700BF03
:10A650002DE9F84360B3856865B3DFF86480D8F806
:10A66000006006B30768B7F5807F1FDC124B1B68DC
:10A670009F42A8BF1F46002F81460DDD043D0024E8
:10A6800001E0D8F8006055F8040FFFF7FFFB46F82B
:10A6900024000134BC42F4D1084B1B680BB148467E
:10A6A0009847D8F800603046BDE8F8830026FAE7FE
:10A6B0000646F8E72E46F6E788040020BCC30120D2
:10A6C00050C501202DE9F84360B3856865B3DFF814
:10A6D0006480D8F8006006B30768B7F5807F1FDC98
:10A6E000124B1B689F42A8BF1F46002F81460DDDFD
:10A6F000043D002401E0D8F8006055F8040FFFF78E
:10A70000C5FB46F824000134BC42F4D1084B1B6859
:10A710000BB148469847D8F800603046BDE8F8834A
:10A720000026FAE70646F8E72E46F6E788040020FA
:10A73000BCC3012050C50120044A054B1268527C5D
:10A7400053F822301B695B68184700BF14010020D2
:10A750002CC50120704700BF704700BF10B4C0F384
:10A76000C42300F01F04074A0749D35C125D5DF85B
:10A77000044BC0F3451003EB0243085C03EB0020DD
:10A78000704700BF240E0308E40D0308C243C0F362
:10A790000741030402F07F420A4303F47F0313439B
:10A7A00000F47F401843704738B50B4D2C680CB14E
:10A7B000002038BD094B18688000F8F76FFE28604C
:10A7C00038B10748074B40F8043FFEF79DFF20468D
:10A7D00038BD012038BD00BF50C5012088040020CD
:10A7E000BCC30120BD4D01082DE9F84FFFF7F8FD6E
:10A7F000B0F100092FDD194FDFF868B000252846B9
:10A80000F9F72AFD20B33B68284693F811805D7460
:10A81000FFF7A0FD082818DC5BF82530104A1B69FB
:10A82000934212D02846FFF7CBFD061E0DDD002413
:10A830005FFA84FA5046FFF77FFF01340246514623
:10A84000284600F085F9A642F2D13B6883F81180D2
:10A850000135A945D3D1BDE8F88F00BF1401002010
:10A86000A81903082CC501202DE9F04F85B08146B9
:10A870000F9D0E9CED68D5F824806F6916460D4635
:10A880009A46B8F1000F0FD001210FA8C0478046AB
:10A8900050B10F980194CDF800A033462A4649469E
:10A8A000C04705B0BDE8F08F6B4B1B68587CFAF7CA
:10A8B000E3FC082834DC01235545F2DC022B0AD0E6
:10A8C000042B1DD0012B30D00135AA45F6DAE8E77C
:10A8D00001355545E5DCB145D8BFC846F8DC4146F1
:10A8E0002A460F98B84708F10108464524F8020B9C
:10A8F000F5DA0135AA45EEDAD3E70135AA45D0DB12
:10A90000B145D8BFC84600F3A18041462A460F98FA
:10A91000B84708F10108464544F8040BF5DAECE7BE
:10A920001128B4BF02230423C6E7431E03934FF04C
:10A930000008CDF808A0039B072B00F28180DFE818
:10A9400003F03358171704040404B145D8BFCB46AD
:10A9500009DC59462A460F98B8470BF1010B5E45B2
:10A9600004F8010BF5DA029B0135AB42E3DA98E714
:10A97000B145F8DCCA464FF00F0B51462A460F98F6
:10A98000B8474FEA88032178C3F104020BFA03F3B6
:10A9900090400B400AF1010A03435645237044449A
:10A9A00088F00108E9DADEE7DDF808B0B145DADC65
:10A9B000CA4651462A460F98B84721784FF67F720B
:10A9C000C8F1070342FA08F298400AF1010A01EAC5
:10A9D000020308F10102184322F0070856452070CF
:10A9E00042FA08F804EBE204E3DA0135AB45DDDABC
:10A9F00057E74FF63F7BB145B5DCCA4651462A467C
:10AA00000F98B8474FEA480394F800E0C3F10602F4
:10AA10004BFA03F308F1010190400EEA03030AF137
:10AA2000010A034321F003085645237041FA08F850
:10AA300004EBA104E2DA029B0135AB42DBDA30E73A
:10AA4000029B01359D427FF776AF2AE701355545D8
:10AA50007FF756AF25E700BF1401002010B50E4C5C
:10AA60000E4B2268517C53F8210038B1C36813B1F2
:10AA70001B68042B0BD000680028F7D1002102F1DD
:10AA8000080311665361BDE8104000F035B8F9F7CE
:10AA9000C1FB2268F2E700BF140100202CC5012091
:10AAA000014B1B685B6818476C040020044B1B6853
:10AAB0001A7C52074CBFDB6B9B6B1860704700BF62
:10AAC0001401002030B50A4C0A4B2268527C53F81E
:10AAD0002230DA6883B0054669461846126B904703
:10AAE00020686A4629460830FEF7DAFC03B030BD1C
:10AAF000140100202CC50120044A054B11684A7C32
:10AB000053F82200C36808311B6B1847140100205A
:10AB10002CC50120014B1B681B6818476C040020E2
:10AB2000044B1B681A7C52074CBF9B6BDB6B186095
:10AB3000704700BF14010020014B83E803007047F9
:10AB400050C20120014B1B689B6818476C04002011
:10AB500030B583B00C461546F9F77EFB019068B11D
:10AB6000C36810215B6A01A89847034630B1019879
:10AB70002A4621469847002003B030BD012003B08B
:10AB800030BD00BF002A3AD02DE9F041244F3B6888
:10AB9000B3F90A40A14230DBB3F90E40A1422CDCEC
:10ABA000B3F90840A04228DBB3F90C40A04224DCF2
:10ABB0000E2A25D8DB6B0646186814460D46FFF7AB
:10ABC000BBFD294680463046FFF72AFC154B01465F
:10ABD00022461B6840469847FFF758F93A68124BDF
:10ABE000527C53F82240E7682A46BD690346314645
:10ABF0002046AC46BDE8F0416047BDE8F0817047B3
:10AC0000094A5C7CDB6B52F824401B68E568AD693F
:10AC10000A46AC4601462046BDE8F041604700BF09
:10AC200014010020700400202CC50120104B30B40A
:10AC30001C68B4F9085085420BDCB4F90C50A842EA
:10AC400007DCB4F90A308B4203DCB4F90E309942C8
:10AC500001DD30BC7047074B647C53F82440E56845
:10AC6000AD691346AC460A460146204630BC6047F3
:10AC7000140100202CC5012030B583B00C461546C8
:10AC8000F9F7EAFA019068B1C36803215B6A01A889
:10AC90009847034630B101982A462146984700203C
:10ACA00003B030BD012003B030BD00BF30B583B06C
:10ACB0000C461546F9F7D0FA019068B1C3680B212C
:10ACC0005B6A01A89847034630B101982A4621469D
:10ACD0009847002003B030BD012003B030BD00BF55
:10ACE00030B583B00C461546F9F7B6FA019068B155
:10ACF000C3680A215B6A01A89847034630B10198EE
:10AD00002A4621469847002003B030BD012003B0F9
:10AD100030BD00BF10B582B00C46F9F79DFA019026
:10AD200060B1C36806215B6A01A89847034628B151
:10AD3000019821469847002002B010BD012002B0C2
:10AD400010BD00BF10B5074C2368186BFFF79EF8C5
:10AD5000FFF7E6FE2368586BFFF798F8BDE8104050
:10AD6000FFF7A4BE140100202DE9F04F91B0824CF2
:10AD70001B9D0E952E461D9D0C9524681E9D0695C7
:10AD80001F9D0895DDF868A0DDF870E0209D0F900C
:10AD900005920D932CB12468A44611B0BDE8F04F84
:10ADA00060474AEA0603012B894600F09180CEF104
:10ADB000080302930D9B002B40F387806F4B0A948E
:10ADC00018680491A046F1460E9A049953181A4641
:10ADD0000B93B0F90A30013A9342099268DCB0F95A
:10ADE0000E308B4264DB059B002B61DD0F9B069FC1
:10ADF00007970026354603EB0A044CE0029BC9EB9B
:10AE0000060648FA03F313F0FF0308FA09F85FFA9D
:10AE100088F802D1027C920738D4D0F83CE0DEF802
:10AE200000200392089A0AB152F82330B0F908B012
:10AE3000B0F90CC0CEF80030621E5945B8BF594673
:10AE400062451346A8BF63468B421CDBB0F90A205B
:10AE5000049FB0F90EC0BA42B8BF3A46099FBC453C
:10AE6000A8BFBC4662450EDC407C454F57F8200029
:10AE7000D0F80CE0CDF800C0DEF810B0D8473F4B5A
:10AE80001868D0F83CE0039BCEF80030059B0135F4
:10AE9000AB4254440CD0CAEB0401002EAED1079A49
:10AEA000029E92F800801346013307933346A8E7C9
:10AEB000069A0C990A9B0A4406920B9A04920D9AE0
:10AEC00001339A420A937FF47FAF11B0BDE8F08F4F
:10AED0002A4B1868B0F90A20531A002B47DD0D9948
:10AEE000CC1A002CF1DD069E0C9901FB036306933E
:10AEF0000D9BB0F90E104B44013B5B1A002B02DD99
:10AF0000E41A002CE1DD0F99059E8B19B0F90C10A5
:10AF1000013B5B1A002B01DDF31A05930F99B0F981
:10AF20000830491B99420DDA5B1A069F1D4407EB56
:10AF3000E5070697059F23F00706FB1A05F00705AE
:10AF400005933144059B002BBFDD407C0C4B089FD3
:10AF500053F82000059BC6681E95069D1D950C9D07
:10AF60001F971C95CDF86CE01A94746814E70D9C3B
:10AF70000A462346BDE700BF34C501201401002066
:10AF80002CC50120C0B130F0010316D030F003030E
:10AF900015D10220704720F47F6323F00F0343B3E1
:10AFA00020F4FF4323F07F031BB3030C1B0403B304
:10AFB000830C9B04FBB9122070470120704730F0CE
:10AFC000070301D10320704730F00F0301D10420A3
:10AFD000704730F01F0301D10520704730F0FF03A8
:10AFE00001D10820704720F4FF7323F00103002BE8
:10AFF000D1D11020704710F07F4F0CBF18202020B7
:10B00000704700BFC8B130F0010317D030F0030320
:10B0100001D10820704730F00703FAD030F00F0359
:10B02000F7D030F01F03F4D030F0FF03F1D020F45C
:10B03000FF7323F001031BB91020704701207047F4
:10B0400020F47F6323F00F03002BF5D020F4FF439F
:10B0500023F07F03002BEFD0000C000400280CBF6E
:10B0600010202020704700BF30B5456883B00446EB
:10B070000146284601F0F8F890B123680B2B11D057
:10B080000F2B1CD12846F8F7CFFB02AB43F8040D79
:10B09000426E14681846F8F7FBFC0CB12846A0472E
:10B0A00003B030BD2846F8F7BFFB02AD034645F8B4
:10B0B000043D3830F8F7A6F92846F8F7E9FC2046B1
:10B0C00001F0E2FB03B030BD2DE9F043044689B046
:10B0D000B0F90C60A569B0F90A00394F0091B4F9D4
:10B0E00010E00297B4F90E70F11840350026039570
:10B0F0000196104473463A46B4F90850678A01F045
:10B10000D5FA044618B9204609B0BDE8F0830520F9
:10B11000F8F714F980460028F5D02046F8F784FBAC
:10B12000DFF8A4900590324629464D4601F014FA06
:10B130002046244901F090F9DDF814C055F8043B8D
:10B14000CCF864300FCD0CF14C0EAEE80F0095E852
:10B150000300022364258EE803008CF86870ACF8C5
:10B160004030CCF84850CCF84460CCF838804046A9
:10B17000F8F75AFB059A0690576C936C566308A92A
:10B180007A4205FB02F541F8040DD81B95FBF0F05F
:10B19000F8F7E0FC079B2522591C07911A70079BC2
:10B1A00006A81E70F8F774FC05A8F8F771FCD9F82A
:10B1B000003020465B689847204609B0BDE8F08320
:10B1C00069B0000870190308BC020020F0B543689C
:10B1D000056A0B2B83B004464DD0122B3AD0052BB9
:10B1E00002D0002003B0F0BD2868002862D020699A
:10B1F000A7696B68544E3F1A01377F10002B40F04F
:10B200009080D6F810C072694FF0010EE16901928A
:10B210006269CDF800C0CB1A0EEB0201C2190130F1
:10B22000F9F744FB6B68002B75D1D6F818E0F2698A
:10B2300001262069E5690192A2696169CDF800E003
:10B2400038440130EB1A013A3144F9F72FFB002062
:10B2500003B0F0BD2B68002BC3D13B4BAD68586ADF
:10B26000FCF700FB0220FCF747FB284662692169D6
:10B27000F9F708F9B5E7344B186AFCF7F3FAA26955
:10B2800021696069F9F7A6FCA2692169E069F9F70B
:10B29000A1FCE26961692069013A0131F9F79AFE7E
:10B2A000E2696169A069013A0131F9F793FE002072
:10B2B00003B0F0BD6169E7696A68234E7F1A013700
:10B2C0007F10002A3AD1D6F800C073680120D4F864
:10B2D00018E001932369CDF800C0C2EB0E021844B8
:10B2E000CB190131F9F7ACFB6A680ABBD6F808E064
:10B2F000F06801266169E3690190A5692069CDF8CC
:10B3000000E0394430440131013BAA1AF9F798FBB7
:10B31000002003B0F0BDD6F808E0F2680123002653
:10B3200087E7D6F800C0726801234FF0000E6DE782
:10B33000D6F818E0F06901220026DBE7D6F810C045
:10B3400073690122C3E700BFE402002000B970471F
:10B3500030B583B014460D46F8F766FA01900DB18A
:10B36000436C2B600CB1836C236001A8F8F790FB51
:10B3700003B030BD10B582B018B90446204602B003
:10B3800010BDF8F751FA02AB446B43F8040D1846B0
:10B39000F8F77EFB204602B010BD00BF054B064902
:10B3A0005A6910B4054C58610C6010465DF8044BA6
:10B3B000704700BFC0020020BC020020D80200205D
:10B3C00000B9704730B583B00D460446F8F72CFA43
:10B3D00002ABC56443F8040D1846F8F759FB204644
:10B3E00002F0E2F903B030BD00B9704770B582B029
:10B3F00014460D460646F8F717FAAC4201900ADDEE
:10B40000836C9C4202D1436C9D4204D045648464A9
:10B41000304602F0C9F901A8F8F73AFB02B070BD56
:10B4200000B9704730B583B00D460446F8F7FCF913
:10B4300002ABA0F8405043F8040D1846F8F728FB7B
:10B44000204602F0B1F903B030BD00BF00B970472B
:10B450002DE9F04F89B00C460546F8F7E5F9416C47
:10B46000826C436B01908C42B8BF0C469442A8BFDB
:10B470001446A34200F0898090F86860F7074CD426
:10B48000A34240F38980B0F900E0B0F90470CEEB3C
:10B49000070CC76A8B42D7F800E0B8BF0B46A14241
:10B4A0000CF101078C46B8BFA446A7EB4E079A42A1
:10B4B000D4BFC1EB0203C1EB03036245D4BFC1EBB0
:10B4C000020CC1EB0C0C07FB03F3521A07FB0CF741
:10B4D00097FBF2F793FBF2F277447244ADF81070E9
:10B4E000ADF8142006F00206002240F6FF7306F0C5
:10B4F000FF01ADF81220ADF81630002E00F09F804D
:10B50000446301AE04AF3946284602F0DFF8304606
:10B51000F8F7BEFA09B0BDE8F08FB0F90660B0F9EF
:10B5200002E0C76AA342CEEB06063F6863DD8B42AA
:10B53000B8BF0B46A1428E46B8BFA6469A42D4BFBA
:10B54000931AD31A01367245A6EB4706D4BFC2EB55
:10B55000020ECEEB020E06FB03F3521A06FB0EF6AA
:10B5600096FBF2F693FBF2F23E443A44ADF81660D5
:10B57000ADF81220002240F6FF734463ADF81020AE
:10B58000ADF8143001AE04AFBDE701AE3046F8F7B8
:10B590007FFA09B0BDE8F08FB0F900C0B0F904E05F
:10B5A000C76A8B423F68CCEB0E0EB8BF0B46A14278
:10B5B0008C460EF1010EB8BFA446AEEB470E9A4280
:10B5C000D4BFC1EB0203C1EB03036245D4BFC1EB9F
:10B5D000020CC1EB0C0C0EFB03F3521A0EFB0CFE1B
:10B5E00093FBF2F39EFBF2F23B443A44ADF8103089
:10B5F000ADF8142076E78B42B8BF0B46A1428E46C9
:10B60000B8BFA6469A42D4BF931AD31A01367245E0
:10B61000A6EB4706D4BFC2EB020ECEEB020E06FB32
:10B6200003F3521A06FB0EF693FBF2F396FBF2F2CB
:10B630003B443A44ADF81630ADF812209AE7806BDF
:10B6400006910791F8F7E4F808AE042856F81C3D77
:10B6500040F3C280986BF8F7E7F8029000283FF4B7
:10B6600051AF019BD86CFCF711F9DDF804A0BAF9D1
:10B670000630BAF90220BAF90410BAF900B09A1AE1
:10B6800080460298CBEB010B02F10109F9F756FE57
:10B690000746F9F731FEBAF84020DAF82C3002F00C
:10B6A0000302012A0BF1010B1B6800F0B580022A8E
:10B6B00040F0AF80C7EB0B0B0BEBDB7B4BF34F0189
:10B6C000BFB2C0EB0902BAF83C30BAF83E9002EBC8
:10B6D000D27209EB62020B441FFA82F99BB207F1A6
:10B6E000FF3C00F1FF3E04AFCE449C44394638464F
:10B6F00006AAADF81EE0ADF81CC0ADF81A90ADF882
:10B700001830FBF7E9FA0199029A486C8B6C4C638C
:10B7100008A9241A41F8142D64221B1A02FB04F014
:10B7200090FBF3F0F8F716FA039B2522591C0391BE
:10B730001A70039B00221A70DDF804A00298BAF96F
:10B740000420BAF90630BAF90090BAF90240C9EB00
:10B7500002091C1BF9F7F2FD8346F9F7CDFDBAF893
:10B760004020DAF82C3002F00302012A09F1010925
:10B7700004F101041B6844D0022A3DD1CBEB090936
:10B7800009EBD97949F34F0E1FFA8BF1BAF83E2035
:10B79000BAF83C30241A04EBD47402EB640473440A
:10B7A0009BB2A4B2013900F1FF3E03EB010CA644A9
:10B7B00006AA39463846ADF81EE0ADF81CC0ADF813
:10B7C0001830ADF81A40FBF787FA4046FCF75EF8F0
:10B7D00002A8F8F75DF996E69F6B3046F8F758F93E
:10B7E00038460521F8F732F807462846F8F71CF8DE
:10B7F0000190876338462EE70FFA83FE1FFA8BF11C
:10B80000C4E7DB434B441FFA8BF15B1A0FFA83FE4C
:10B81000BCE719B2BFB254E7DB435B44BFB2DB1BEA
:10B8200019B24EE7806BF7F7FFBF00BF2DE9F0417B
:10B8300080461046B8F90260B8F90630B8F904201D
:10B84000B8F900509B1B551B5E1C0F46F9F776FD9F
:10B850000446F9F751FDB8F84030D8F82C2003F031
:10B860000303012B05F10105126820D0022B17D02C
:10B8700015B2A4B2B8F83E10B8F83C20331A03EB66
:10B88000D37301EB63032A449BB292B2013C0138AB
:10B8900018441444F8807B80BC803A80BDE8F08175
:10B8A0002D1B05EBD57545F34F05A4B2E2E7D24356
:10B8B0002A44A4B2121B15B2DCE700BF30B490F8E2
:10B8C0006830C26ADB07146819D5456CB0F90230DC
:10B8D000B0F90620806CA942B8BF2946D21A884226
:10B8E00002F10102A2EB4403D4BF011A411A401B2A
:10B8F00003FB01F393FBF0F0204430BC7047456C30
:10B90000B0F90030B0F90420806CD21AA94202F1DB
:10B910000102B8BF2946A2EB44038842D4BFC5EB5D
:10B920000001C5EB0101E2E72DE9F04F044689B0C3
:10B930000068F7F779FF814608A840F80C9DF8F7F2
:10B94000A7F8D4F82080B4F91060D8F80030B4F922
:10B950001470B4F91850B4F91CA0ADF81860ADF823
:10B960001A70ADF81C50ADF81EA0002B32D1664AFB
:10B97000DFF8B0B1654B61680839112926D8DFE8D6
:10B9800001F03C7C25256A2525256A6A250925259F
:10B99000252525335E48D8F804400392A0F12C01F8
:10B9A000032C14BF04460C46214606A89847D8F835
:10B9B0000030039A002B00F09280BDF91E30BDF9D3
:10B9C0001A105B1A01330E2B00F39980002009B086
:10B9D000BDE8F08F06AA1146484600F0C5FDDFF825
:10B9E00048B14C4A4C4BC6E7D8F80030002B71D018
:10B9F000A3692069181A0130E9E7454AD8F804100C
:10BA0000A2F12C04022918BF1446214606A8984723
:10BA1000D8F80030002B69D0AD1BC7EB0A07013501
:10BA200001373E4B606A2C1F83FB0423A3EBE474B5
:10BA3000FBF718FF291BA5EB6105691E4FF0FF35C9
:10BA400048467A1031442346009500F03BFD002023
:10BA500009B0BDE8F08F324CBDF91800E56CA46C5C
:10BA6000BDF91E30BDF91C20BDF91A108DE830005B
:10BA7000D847002009B0BDE8F08F254AD8F8041057
:10BA8000A2F12C0B012918BF9346594606A89847E6
:10BA9000D8F800307BB3AE1B0136C7EB0A071F4B4B
:10BAA000DBF82400341F83FB0423A3EBE474FBF7CF
:10BAB000D9FE311BA6EB6106711E0126484647FAE6
:10BAC00006F2691A2346009600F0FCFC002009B03B
:10BAD000BDE8F08FE3696069181A013077E7BDF9B6
:10BAE0001C30BDF918105B1A01336CE7C7EB0A076D
:10BAF0007D1C2F4695E7C7EB0A077E1CCFE706A8FB
:10BB000021469047002062E7352E0108FD06010816
:10BB100044030020952E01085D0701085655555530
:10BB200018030020414A0008AD480008054B0649AB
:10BB3000DA6810B4054CD8600C6010465DF8044B10
:10BB4000704700BFB8040020C80400200C03002088
:10BB5000438E1B0716D5B0F90420B0F90030B1F9B7
:10BB6000040070B4D31AB1F90040CE884D888E809D
:10BB700001339BB2E443C2430D80181970BC1344D7
:10BB8000C8804B80704700BF026A002A00F01C8109
:10BB90002DE9F047AA494368D56804460A3B01F1FC
:10BBA0002C0086B0002D14BF0D4605460A2B1FD869
:10BBB000DFE803F0061E1E1E1E4D1E1E1E892200FB
:10BBC0000121206800F0E2F990B1286AFBF74AFEF3
:10BBD00021696569A269E369ADF8101004A8002124
:10BBE000ADF81250ADF81420ADF81630F8F706FE97
:10BBF000002006B0BDE8F0871769E869002F00F063
:10BC00002181FBF72FFED4F82080D8F80460002EA5
:10BC1000EEDD0027D8F80830D8F8000003936369F8
:10BC2000A269696A00EBD07003EB6000039B511AB4
:10BC3000013E03FB07F3013193FBF6F31844F8F7D9
:10BC4000C9FFD8F804600137BE42E3DCD0E71369CE
:10BC5000002B00F0BB802769A6696B6AAA6A286975
:10BC6000F61BF31A9B1A03EBD37307EB6307D61982
:10BC700006F1FF38FBF7F6FD424639466069F8F7F2
:10BC8000A9FF6169E26938460131F9F7A3F9023E7B
:10BC900001376869FBF7E6FD32463946E069F8F797
:10BCA00099FF6169E26940460131F9F793F9A869A2
:10BCB000FBF7D8FDE369616932463846013B013143
:10BCC000F9F7DAF994E713691668002B00F0E080C1
:10BCD000A2696B6A2868C3EB020801367610FBF78D
:10BCE000C1FD08F1FF376169C6EB070A0AF10109D6
:10BCF00073184846013B3A46F8F792FFE1698B1BFF
:10BD0000013348463A46F8F78BFF5246216960698D
:10BD1000F8F760FF52462169E069F8F75BFFE269D6
:10BD200061692069F9F756F96868FBF79BFD61695D
:10BD3000A8F1020873184846013B01314246F8F762
:10BD40006FFFE1698B1B0133424648460139F8F722
:10BD500067FF21696069524601310130F8F73AFF07
:10BD60002169E069524601310138F8F733FFE26991
:10BD700061692069013A01310130F9F72BF9EB686B
:10BD80000193E36961692069AA680092023B4A460F
:10BD900002310230F8F78AFDE868FBF763FD032EF5
:10BDA0007FF726AF06F1FF380225E2696169921B31
:10BDB00031442A44491B781B013A01310135F9F716
:10BDC00009F94545F1D113E7002070476169E2693F
:10BDD0006B6AAF6A2869561AF61AF61B0B440133D0
:10BDE00006EBD67603EB6606374407F1FF38FBF720
:10BDF00039FD424631462069F9F7ECF82169A2691C
:10BE000030460131BE1E471CF8F7E4FE6869FBF7B7
:10BE100029FD32463946A069F9F7DCF82169A269A3
:10BE200040460131F8F7D6FEA869FBF71BFDA26971
:10BE3000206933463946013A0130F9F71DF9D7E652
:10BE40007C030020FBF70EFDD4F82080D8F80460B6
:10BE5000002E7FF7CDAED8F80830D8F80000039355
:10BE6000236961696A6A00EBD07003EB6000039B91
:10BE70000A44013E03FB07F3013A93FBF6F318442F
:10BE8000F9F7A8F8D8F804600137BE42E3DCAFE662
:10BE900062696B6A286802EB030801367610FBF7CB
:10BEA000E1FC08F10107226906EB070A0AF1FF39F4
:10BEB000B0184B4601383946F8F7B2FEA269901B1C
:10BEC0004B4601303946F8F7ABFE5146E26920692E
:10BED000F9F780F85146E269A069F9F77BF8A269A1
:10BEE0002169E069013A0131F8F774FE6868FBF7EF
:10BEF000B9FC226908F10208B0184B46013801323A
:10BF00004146F8F78DFEA269901B4B464146013031
:10BF1000013AF8F785FEE26920695146013A01309D
:10BF2000F9F758F8E269A0695146013A0138F9F782
:10BF300051F8A2692169E069023A02310138F8F743
:10BF400049FEEB680193E369A2692069A968009141
:10BF5000023B4946023A0230F8F772FDA868FBF747
:10BF600081FC032E7FF744AE06F1FF380225A2695B
:10BF70002169921B31442A44491B7819013A013145
:10BF80000135F8F727FE4545F1D131E610B582B00D
:10BF900018B90446204602B010BD0C46F7F744FC21
:10BFA00002AA90F8343042F8040D10461C40F7F70E
:10BFB0006FFD204602B010BD054B06495A6910B40A
:10BFC000054C58610C6010465DF8044B704700BF8B
:10BFD000D0040020E80400207003002030B545683C
:10BFE00085B004460146284600F03EF9B8B1236802
:10BFF0000F2B16D0B3F5107F40D00B2B0CD1284659
:10C00000F7F712FC04AD034645F8083D4430F7F756
:10C01000F9F92846F7F73CFD204600F035FC05B05D
:10C0200030BD2846F7F700FC0090806BFEF772FDEC
:10C03000009B586BFBF72AFC284600F00FFF40B32B
:10C04000009B5B6CABB10220FBF756FC02A800F032
:10C05000B9FE009B586CF7F7E7FB009A019092F845
:10C060004030B2F9482002A9F8F758FA01A8F7F7CA
:10C070000FFD6846F7F70CFD05B030BDE3687BB1F6
:10C080001B7A002B14BF01210221284601F022FF58
:10C09000C2E7009BD86BFEF703FDF7F713FFCFE76E
:10C0A0000321F2E72DE9F043044687B0B0F90C60B4
:10C0B000A569B4F910E0B0F90A000091B4F90E7066
:10C0C000DFF890C0CDF808C0F1182035032603959D
:10C0D0000196104473463A46B4F90860678A656869
:10C0E00000F0E4FA044600B31DB32846F4F7D8F88C
:10C0F0000130F7F723F98146E8B90DF1140820461D
:10C10000F7F792FB31460022059000F025FA104B1C
:10C11000059E0FCB06F13405C6F84490A6F848708A
:10C1200085E80F004046F7F7B3FC204607B0BDE8AE
:10C13000F083A946E1E7F7F777FB0DF118082946E8
:10C1400048F8040DF4F7CEF84046F7F7A1FCD6E71F
:10C15000D4030020DDBF000800B9704730B583B0BC
:10C160000C460546F7F760FB436B0190A34203D0F2
:10C170004463284601F018FB01A8F7F789FC03B0D7
:10C1800030BD00BF30B583B018B90124204603B0DC
:10C1900030BD0C460546F7F747FB436C00906846F8
:10C1A0000193F7F775FC214601A8FDF7FBFA00287B
:10C1B0000CBF01240024E9D02846F7F735FB019B8A
:10C1C000426C00909A4218BF43646846F7F760FCDF
:10C1D000284601F0E9FA204603B030BD00B97047A7
:10C1E00030B583B00C460546F7F71EFB836B019014
:10C1F000A34203D08463284601F0D6FA01A8F7F7DA
:10C2000047FC03B030BD00BF00B9704730B583B004
:10C210000C460546F7F708FB90F840300190A34222
:10C2200004D080F84040284601F0BEFA01A8F7F794
:10C230002FFC03B030BD00BF00B9704730B583B0EC
:10C240000C460546F7F7F0FA438E019023EA040105
:10C250008B4203D04186284601F0A6FA01A8F7F7E1
:10C2600017FC03B030BD00BF2DE9F04184B020B908
:10C270000124204604B0BDE8F0810E460746F7F7DA
:10C28000D3FA33680290162B054600F08C8026DD29
:10C290001F2B78D04DDD312B33D0B3F5407F44D107
:10C2A000F268C36A14681B68C26202A81C1BF7F715
:10C2B000EFFB3846F7F7B8FA04AD6242009445F850
:10C2C000040D2346114603F02BFB2846F7F7E0FB4D
:10C2D000384601F069FA029D00245DB9C9E7112BC7
:10C2E00057D03CDD142B11D0152B1ED1B0F93030B6
:10C2F000F360002402A8F7F7CBFB204604B0BDE8AA
:10C30000F0810024F460002DF4D1B2E7F4682146F6
:10C3100002F002FBEB6A214620461A68FDF7E4F9B9
:10C32000029D0024002DE5D1A3E70124002DE1D1D9
:10C330009FE71E2BF9D1D6F80C80B8F1010F36D14A
:10C34000438E03F01004A4B2002C4FD102A8F7F7DB
:10C350009FFB029DC6F80C80002DCBD189E70D2BE9
:10C36000E3D1F368DB68002BDFD01B7A002BDCD035
:10C3700002A8F7F78DFB384600F05AF9029D002419
:10C38000002DB7D175E7438EC3F30013F36000248B
:10C39000B0E7438EDB0604D5F36813B11B7A002B9C
:10C3A00036D10124A6E7F36803860024A2E7448E71
:10C3B0003846F7F739FA438E039024F001049C4283
:10C3C00003D04486384601F0EFF903A8F7F760FB85
:10C3D000092402A8F7F75CFB2146384601F07AFDF4
:10C3E000029D0024F460002D84D142E7384643F0DA
:10C3F0000104F7F719FA438E0390A34203D0448651
:10C40000384601F0D1F903A8F7F742FB0824E0E72A
:10C4100002A8F7F73DFB384601F062FF029D0124B8
:10C42000002D7FF467AF24E700B9704730B583B0C3
:10C430000C460546F7F7F8F9418E019034EA0103FE
:10C4400004D021434186284601F0AEF901A8F7F750
:10C450001FFB03B030BD00BF00B585B000220391C3
:10C460004FF4407369460292009301F087FE05B0D5
:10C470005DF804FB10B5044682B011B1A8B902B052
:10C4800010BD0028FBD0F7F7CFF9428E019022F0C3
:10C4900010039BB29A4203D04386204601F084F9F0
:10C4A00001A8F7F7F5FA02B010BDF7F7BDF9438E12
:10C4B0000190DA06F4D443F010034386204601F0DD
:10C4C00073F9EDE7408E2DE9F0410D460107DDF8E7
:10C4D000188011D4002B21DBD61A9C18571C224639
:10C4E000314628460136F8F775FDB74204F1FF34AE
:10C4F0004544F4D1BDE8F081002BFBDBD61A9C1833
:10C50000571C2246314628460136F8F763FBBE42E7
:10C5100004F1FF344544F4D1BDE8F081BDE8F08179
:10C5200010B5438E1B0782B00C4604D4084600F0B9
:10C5300049FC02B010BD684600F044FCBDF80200A2
:10C54000BDF80610BDF80020BDF804302080A180A1
:10C550006280E38002B010BD024B42861B680186F8
:10C56000C3627047E4030020B0F9003070B4B0F942
:10C5700004405688D088B2F90050B2F90420CA802D
:10C58000E31A9BB2181A9B1B4D8008808B8070BCED
:10C59000704700BF024B1B68012283F8542070478C
:10C5A0001401002000B970472DE9F04387B004461C
:10C5B000F7F73AF9034603C804AD85E8030001A87C
:10C5C00001931F6AD3F82880F7F762FA204602F039
:10C5D0000BFB064618B32046F7F774FA18F0020F63
:10C5E000D0F818901ED12046F7F71EF90190484662
:10C5F000F7F71AF903903046F7F716F9039A0199FD
:10C60000D569076203460D6201A8D4610293F7F76A
:10C610003FFA03A8F7F73CFA02A8F7F739FA07B090
:10C62000BDE8F08328463A46494602F08FFEDAE735
:10C6300000B9704730B583B00446F7F7F5F8036AE0
:10C64000009033B3826A120715D503469D69684688
:10C65000F7F71EFA204603F079F82946204602F043
:10C66000D5FB204601F0A0F8204600220E4900F03C
:10C67000A1FB03B030BD1846F7F7D6F8836A0190E6
:10C680001B070BD56846F7F703FA01A8F7F700FA7E
:10C69000EFE76846F7F7FCF903B030BD01A8F7F7FC
:10C6A000F7F9009BD2E700BF896C01082DE9F04F34
:10C6B00087B0694C109FD4F800A0139C804689462F
:10C6C00015461E466FB9654B1B88002B6CD104F1D3
:10C6D0002C00F6F733FE044618BB204607B0BDE831
:10C6E000F08F7B1C6BD03846F7F79EF8B0F900202E
:10C6F000B0F902300190904499441DB9B0F904504A
:10C70000AD1A01351EB9B0F90660F61A013601A856
:10C71000F7F7BEF904F12C00F6F710FE04460028E6
:10C72000DBD04E4A138801331380F7F77DF8119957
:10C730004B4B826A0DF1180B4AEA010A4BF8180DAF
:10C7400045444E440AEA03031343013D129A8362AF
:10C75000013E8580C6800261A0F80080A0F80290AA
:10C760005846F7F795F93F4B1868002855D11C60DB
:10C770003946204602F04AFB1AF0200F2DD11AF05C
:10C78000010F1ED11AF0400F23D11AF0020F52D11F
:10C7900006A90123204641F8103D039402F0F8FF5A
:10C7A000204607B0BDE8F08F2F4A304B1268527C0C
:10C7B00053F822305A1C012A89D91F4693E70027D3
:10C7C00085E72B4A13681AF0400F03F10103136049
:10C7D000DBD02046FFF7E6FED7E7234E3368254639
:10C7E0009C6400E005462846F7F76CF9806900284C
:10C7F000F8D11E4B1A6895421AD05B689D4216D03C
:10C80000FEF77AF92046F7F75DF93368B0F90010C2
:10C81000B0F902201A65D964B1E7F7F753F9054674
:10C820002046F7F74FF96B6943616C61A0E701207F
:10C83000FAF7FCFFE4E72046F6F7F6FF0346584612
:10C840009A6A009342F002029A62F7F721F90021F6
:10C85000204600F03FFF9BE784D5012092D50120C0
:10C860009F3F3F0088D5012014010020E0D5012022
:10C870009CD50120034B1B68002283F85420FEF74F
:10C880003BB900BF1401002003680E3B10B50446FD
:10C8900040681A2B12D8DFE803F01B111111111197
:10C8A0000E1111201111111111111111111122115B
:10C8B000111111111400E16802F01AF80023E3606D
:10C8C00010BD0028FCD00021BDE8104000F002BFE0
:10C8D0002146BDE8104001F057BCE06010BD6FF08C
:10C8E0007043E36010BD00BF08B100F001B87047AD
:10C8F0002DE9F0477D4E336886B05BB18342044634
:10C9000002D10AE09C4208D01846F7F7DBF84369E9
:10C91000002BF7D106B0BDE8F087254600E01D46A4
:10C920002846F7F7CFF88369002BF8D1704F3A68A3
:10C93000954200F0D2807B689D4214BF4FF0FF35D6
:10C9400001250DF118080B2348F8103D20464146FB
:10C95000039402F01DFF204601F0E6FE2046F6F7A4
:10C9600063FF0190406A002840F09B80614B624A5F
:10C970001B6862480021816052F82300844208BF8E
:10C9800042F823105E4A52F823108C4204BF002163
:10C9900042F823105B4B1B68002133B15A68944264
:10C9A00008BF59601B68002BF8D12046072101F011
:10C9B00091FADDF80490D9F81C00002857D12046E0
:10C9C000F6F732FF8169029000295CD14046F7F703
:10C9D0005FF8306858B1F7F775F8804640698442CF
:10C9E000F8D12046F7F76EF84369C8F81430019B78
:10C9F0009B6AD90703D544490A68013A0A609A0636
:10CA00003CD401A8F7F744F8404A13882046013B7C
:10CA10001380F6F7D3FC6B1C3FF47CAFDFF8F48097
:10CA200057F82550D8F8003005B935689D642C4674
:10CA300000E01C462046F7F745F88369002BF8D143
:10CA400039682B4A8C424AD053689C424BD0FEF73F
:10CA500053F82846F7F736F8D8F80030B0F9001048
:10CA6000B0F902201A65D96406B0BDE8F087FFF777
:10CA70003FFFD9F81C0000289FD1A0E7244A138863
:10CA8000013B1380BDE7026A202302F0F7FB20463A
:10CA9000F7F718F88146806930B9029B00229A6145
:10CAA00094E7F8F75BFE61E7F7F70CF8C3699C427F
:10CAB00082460BD0002BF0D01846F7F703F8036A34
:10CAC0009C42F7D1D9F820300362E6E72046F6F71A
:10CAD000F9FF036ACAF81C30DFE71D4631E7184644
:10CAE000FAF7A4FEB3E70120FAE700BF88D50120DA
:10CAF000E0D5012098D50120E8D501205CC20120B5
:10CB0000D8D50120FCD501209CD5012092D501204B
:10CB100090D501201401002000B9704708B5F6F740
:10CB2000D1FF836A23F4005323F00403836208BD1A
:10CB30002DE9F04F964B1B68ABB003B1984700232B
:10CB40001C4600E0012406F075FE0028FAD1DFF84B
:10CB50005CB20694DBF8003093F85430002B4DD0D3
:10CB6000DFF84C92B9F80020002A53D0894B1B689B
:10CB7000002B47D01B689847DBF80030012293F860
:10CB800054300792DFF81CA2002B2BD0B9F80030EC
:10CB900043B3814B9E68002E3ED10DAA7F4B059278
:10CBA00010461E68FAF72EFEDBF800301A6B5B6B3E
:10CBB00003920493002E3AD1774B03989E60FAF7C4
:10CBC00051FE0498FAF74CFE0598FAF7D9F9B9F82E
:10CBD00000303BB1DBF8003093F85430012206926C
:10CBE000002BD3D1079B4BB16A4B1868002800F08B
:10CBF000C880436898476A4B00221A6006982BB099
:10CC0000BDE8F08F0120FCF777FCDBF8003093F8EB
:10CC1000543001220792B5E70DAB18460593FAF799
:10CC2000F1FDDBF800301A6B5B6B039204930BADE4
:10CC300030460896F6F7F8FD00F10802034692E840
:10CC400003009A6A099385E8030009A81746D3F8F8
:10CC500018801C690292F6F71BFF44F220033B4048
:10CC6000002B37D0D4B1089C09E0FCF7FBFB0A9BF2
:10CC70009F690AA8002F34D0F6F70AFF3C462046E9
:10CC8000F6F7D2FD034601469F6A0A9317F00207A2
:10CC90002846EAD10AA8F6F7FBFE3C460898F6F7C4
:10CCA000C3FD826A099022F4804323F0200392049A
:10CCB00048BF43F00403836209A8F6F7E9FEB9F818
:10CCC0000030013BA9F8003024B13046F6F7FAFEF7
:10CCD000466971E73046F6F7F5FE4669002EA7D1A2
:10CCE0006AE7F6F7D5FEDAF80020A24205D02D4B10
:10CCF0005A68944201D00024D0E7089CDBF8003049
:10CD00000CB9264A14689C64274600E01F46384642
:10CD1000F6F7D8FE8369002BF8D1DAF80010B94293
:10CD20002DD0DAF80430BB4225D0FDF7E5FE2046D1
:10CD3000F6F7C8FEDBF80030B0F90220B0F90010B9
:10CD40001A65029AD964510710D5B8F1000F0BD0BB
:10CD500002F0010383F00103009308AA00231249A3
:10CD60002846F8F721FDC6E70123F5E7089802F009
:10CD70007DFC012492E70120FAF758FDD5E718461B
:10CD8000FAE7FCF7B9FB06982BB0BDE8F08F00BFBF
:10CD9000F8D501207CD501205CC2012088D5012076
:10CDA0008CD50120E0D501208D6C010814010020F4
:10CDB00090D5012001F0EEBC014B1B68986C7047C8
:10CDC00014010020044B1B68014613B9034B1B6878
:10CDD0009B6C184601F08CBDF0D501201401002099
:10CDE00001F086BD00B585B004A9172341F8103DB8
:10CDF0000023039301F0C2F9039805B05DF804FB2A
:10CE0000034A044B1268527C53F82200704700BF5B
:10CE100014010020E0D5012001289ABF024B53F8ED
:10CE200020000020704700BFE0D5012000B9704706
:10CE300009F07ABE08B510B90346184608BDF6F7E2
:10CE400041FEC369184608BD024A034B126853F8F5
:10CE50002200704798D50120E8D5012008B500B917
:10CE600008BDF6F72FFE806A00F0010008BD00BF84
:10CE700000B585B000231522694601930293039300
:10CE8000009201F07BF9039805B05DF804FB00BF48
:10CE900008B510B90346184608BDF6F713FE036A35
:10CEA000184608BD08B510B90346184608BDF6F780
:10CEB00009FE8369184608BDF0B5044685B010B96F
:10CEC000204605B0F0BD0746F6F7FCFDC46994B1F5
:10CED0000025152620466946019502950395009682
:10CEE00001F04CF9039BFF2B2046E9D0F6F7EAFD51
:10CEF000046A002CEED13846FF2107F023FA0446DD
:10CF0000204605B0F0BD00BFF0B5044685B010B9AD
:10CF1000204605B0F0BD0746F6F7D4FDC46994B1CC
:10CF20000025152620466946019502950395009631
:10CF300001F024F9039BFE2B2046E9D0F6F7C2FD51
:10CF4000046A002CEED13846FE2107F0FBF90446B6
:10CF5000204605B0F0BD00BF08B500B908BDF6F722
:10CF6000B1FDB0F9000008BD48B141B110B50C46A3
:10CF7000F6F7A8FD034603CB2060616010BD704743
:10CF800010B582B008B9FFF717FFF6F74DFC02AAFB
:10CF9000B0F9004042F8040DB0F9043010461C1BF3
:10CFA000F6F776FD0134204602B010BD10B582B010
:10CFB00008B9FFF701FFF6F737FC02AAB0F9024003
:10CFC00042F8040DB0F9063010461C1BF6F760FD60
:10CFD0000134204602B010BD2DE9F04F99B008ACE5
:10CFE000002363600893A360F9F7DEFE18B1002008
:10CFF00019B0BDE8F08F0BAE3046F9F7ADFE0B9BD4
:10D000005A1C00F05681002BC0F26E810C9A002A47
:10D01000C0F26A81B948BA49B0F90000B1F900100C
:10D02000B84D03440A440B930C929DF83500012837
:10D030008CBF28682860F7F70FF90028D7D004AA1A
:10D0400003A92868B04FF8F761F906A801F064FB5E
:10D050002B6803980C9A049903EB430E07EB8E0E92
:10D060000B9B181ADEF810300B90511A98420C9155
:10D0700000F0F9809DF83520F6F794FE3B6813B177
:10D08000002130469847A14B2A6853F82200002817
:10D0900000F025817B68079013B1079930469847C7
:10D0A0002B68DFF87482DFF85C92DB0008EB030189
:10D0B0004A680798002A42D0824240D0D1F804A0A2
:10D0C000BAF1000F3BD0924A1268002A09DB914B5B
:10D0D000504653F8221002F09FF980B3D9F800307F
:10D0E000DB00DFF838924B445046596802F094F95F
:10D0F0002B68DB009944D9F80420D9F8041012B148
:10D1000008B98A451BD14344DFF80C92586802F0F5
:10D11000ABF9A0B12B68179496E8070009EBC3039D
:10D1200084E80700D3F804E014A91223704614938E
:10D1300002F0B8FB2B6809EBC30300225A60DDF84C
:10D140001C90B9F1000F00F09C80714B1B68002B04
:10D1500008DB704A484652F8231002F05DF90028B7
:10D1600000F08F802B68DFF8B4A10AEBC3034846B8
:10D17000596802F051F9D5F800E04FEACE0CE244CC
:10D18000DAF80430DAF8042013B108B991457AD1FD
:10D190004FEA4E0303EB0E0207EB8202C4449DF8F4
:10D1A000349092F81880079ACCF80420C845DFF82C
:10D1B00058A103D0079A002A40F0B48058EA090821
:10D1C00000F09480DFF858814FEACE0C08EB0C0297
:10D1D0004FF4107A50680799CDF850A0884222D0B9
:10D1E000526802B3B9F1000F40F03B81734407EB82
:10D1F00083038DF828901A695B6909930892234686
:10D20000C44414A9DCF80400179302F04BFBD5F8D2
:10D2100000E09DF834904FEACE0C08EB0C0300229E
:10D220005A604FEA4E0303EB0E0207EB82020799A6
:10D2300082F8189000295FD096E8070084E807007C
:10D24000B9F1000F00F0EB80E044079BC8F8043010
:10D250000798179414A902F025FBD5F800E00124E3
:10D260000EFA04F312E0DEF8143099427FF402AFB4
:10D270009EF818209DF834309A427FF4FBAE0024CB
:10D2800010E0D5F800E000244FEA4E0396E80700CE
:10D29000734407EB8307103787E807007146304671
:10D2A00000F04AFE06A802F031FA204619B0BDE8A7
:10D2B000F08F0C9B134D01337FF4B7AE2B68124AED
:10D2C0009DF8341003EB430302EB83031A7E8A427A
:10D2D0003FF48DAE1A695B690B920C93A5E60C992D
:10D2E0000B9800F0D7FED5E6064D9EE6079800287D
:10D2F00040F08A800446C9E70124C7E71CC5012025
:10D300001EC5012098D50120D0C30120D8D5012009
:10D3100090040020E0D50120C8D50120B8D5012017
:10D32000A8D501200798DFF8D0B1F6F77DFA2B6871
:10D330009DF834208DF84C2003EB43030AEB830364
:10D340000B9A1B7E8DF84D30B0F900E0B0F9021059
:10D350000C9B0590CEEB02025B1A05A8119212936A
:10D36000F6F796FBD5F800E09DF834C00EEB4E03BF
:10D370000AEB830303F1100207CA0DF1380983F8A1
:10D3800018C09DF8283089E8070011A911221791CB
:10D390001492002B4CD0DFF8648108EBCE0E14A958
:10D3A000DEF804A0079BCEF80430DEF804300798BE
:10D3B000009302F00BFADBF800E0009B4FEACE0C82
:10D3C00008EB0C025268934203D0C444DCF80430EA
:10D3D000079399E807000EEB4E0307EB8303103326
:10D3E00083E80700DFF818B1BAF1000F3BD1D5F898
:10D3F00000E09DF834904FEA4E0303EB0E020BEB76
:10D40000820292F81880D9E6079802F02DF80028D9
:10D410003AD1D5F800E004464FEA4E0336E7354BE3
:10D420001B78002B43D1E0440023C8F804300FE7F9
:10D43000DFF8C880019308EBCE0E14A9DEF80420B3
:10D440000798009202F0C2F9DBF800E0009A019B15
:10D450004FEACE0C08EB0C0149688A4239D09A4653
:10D46000B3E70023CCE6504600F018FCD5F800E006
:10D470009DF834904FEA4E0300BB03EB0E020BEB1A
:10D48000820292F8188099E696E80700DDF81CE021
:10D49000179484E807001023704614A9149302F02F
:10D4A00001FAD5F800E044464FEA4E03EEE600F0FC
:10D4B00051FDD5F800E04FEACE0CB4E708EBCE08FA
:10D4C00003EB0E020BEB8202C8F804A092F818805E
:10D4D00074E699E807004FEA4E0303EB0E0C0AEBE3
:10D4E0008C0A0AF1100C8CE807009DF834909AF829
:10D4F000188063E680D5012098D50120A8D50120A9
:10D50000D0C30120044A054B126853F82230181A80
:10D51000B0FA80F04009704798D50120D8D5012095
:10D52000044A054B126853F82230181AB0FA80F0FA
:10D530004009704798D50120E8D5012000B970470F
:10D5400000B583B0F6F770F9826A0190910705D4AF
:10D5500001A8F6F79DFA03B05DF804FB22F0020281
:10D5600081698262026A01F0F1FE01A8F6F790FA81
:10D5700003B05DF804FB00BF2DE9F04F434D2B785D
:10D5800085B0002B76D1424FDFF838913868414999
:10D59000414ADFF82481DFF830A1404EAB6043649C
:10D5A0001C46C9F800300B8013809B462046F6F7D6
:10D5B00053FE43F6FF7300214FF0020C4FF0FF3E85
:10D5C0001A4690B1CDF80CB0CDF808A0CDF804C043
:10D5D000CDF800E00846FFF769F86FF0704248F8B0
:10D5E000240046F8242000284BD10134022CDDD140
:10D5F0002B4801F091F82B4801F08EF82A4801F0F1
:10D600008BF82A4801F088F8294801F085F8294864
:10D6100001F082F8D8F800603B680EB9D9F80060D4
:10D620009E64344600E004462046F6F74BFA8069D3
:10D630000028F8D1D8F800301F4A9C421ED0536809
:10D640009C421AD0FDF758FA3046F6F73BFA3B6891
:10D65000B0F90020B0F90210DA640122196583F8EC
:10D6600054201648164B2A706B6205B0BDE8F04F87
:10D67000FCF74AB805B0BDE8F08F0120FAF7D6F8FC
:10D68000E0E7002100F026F8AFE700BF5CC2012010
:10D690001401002090D5012092D50120A0D50120B1
:10D6A000B8D50120A8D50120C8D50120C0D50120BA
:10D6B000B0D50120D0D50120E0D5012080C20120C5
:10D6C000ED4C010888D50120D96B010800B97047DD
:10D6D000AFF300802DE9F04186B00C468046F6F7A6
:10D6E000A3F8876A0090B9072ED503C804AEFA03E1
:10D6F00086E8030047D47CB120686168009C02ABD7
:10D7000003C3B4F90220B4F9001002A8F9F712FB20
:10D7100002A93046FBF7A6FE454608E0FBF7A2FE4D
:10D72000019B9C6901A8ACB1F6F7B2F925462846E1
:10D73000F6F77AF8034601939A6A93070146304652
:10D74000ECD401A8F6F7A4F96846F6F7A1F906B0FB
:10D75000BDE8F081F6F79CF9124B1A68AA4202D094
:10D760005B689D42F0D140F601033B40012B10D095
:10D7700031464046202207F0DFF86846F6F788F980
:10D7800006B0BDE8F081404601F0AEFB002CB3D1FD
:10D79000C2E7009B30461A6A9969202301F06EFDAA
:10D7A000D2E700BFE0D5012000B970472DE9F04174
:10D7B00084B00746F6F738F8D0F82880009018F0C3
:10D7C000020F1ED003C802AE18F4803F86E80300A3
:10D7D0001DD13D4608E0FBF745FE019B9C6901A871
:10D7E000CCB1F6F755F925462846F6F71DF803465D
:10D7F00001939A6A930701463046ECD401A8F6F7E4
:10D8000047F96846F6F744F904B0BDE8F0813846B8
:10D8100001F06AFBDDE7F6F73BF90D4B1A6895421C
:10D8200002D05B689D42ECD140F6010308EA030395
:10D83000012B05D031463846202207F07DF8E0E77D
:10D84000009B30461A6A9969202301F017FDD8E73A
:10D85000E0D501202DE9F0410446FFF7A5FF0CB902
:10D86000BDE8F0812046F6F72DF9D0F81C80B8F11C
:10D87000000FF5D04046FFF797FF4046F6F722F934
:10D88000C769002F32D03846FFF78EFF3846F6F7CB
:10D8900019F9C66926B33046FFF786FF3046F6F71A
:10D8A00011F9C569B5B12846FFF77EFF2846F6F79E
:10D8B00009F9C46944B12046FFF7CCFF2046F6F7CA
:10D8C00001F9046A002CF6D12846F6F7FBF8056A40
:10D8D000002DE8D13046F6F7F5F8066A002EDAD1C9
:10D8E0003846F6F7EFF8076A002FCCD14046F6F736
:10D8F000E9F8D0F82080B8F1000FBBD1BDE8F08185
:10D9000000B970472DE9F04FA1B0044601920D46D1
:10D91000F5F78AFF836A05909A0740F1568102461F
:10D9200029460EA8FBF7BCFD002800F04E8105A893
:10D93000F6F7AEF82046019A0EA906F0FDFF204644
:10D94000FFF778FA0446002800F042812046F5F7F8
:10D950006BFF836A06909B0740F13D8102460EA94A
:10D9600010A8FBF79DFD002800F0358106A8F6F70A
:10D970008FF8019A10A9204606F0DEFF2046FFF737
:10D9800059FA0546002800F0188102942846F5F758
:10D990004BFF836A07909F0740F12181024610A93F
:10D9A00012A8FBF77DFD002800F0198107A8F6F703
:10D9B0006FF8DDF804A02846524612A906F0BCFF15
:10D9C0002846FFF737FA002800F0EF800395054658
:10D9D0002846F5F729FF836A08909E0740F10381E6
:10D9E000024612A914A8FBF75BFD002800F0FB809B
:10D9F00008A8F6F74DF82846524614A906F09CFFF1
:10DA00002846FFF717FA002800F0C780AB4680468B
:10DA10004046F5F709FF836A09909D0740F1E780CA
:10DA2000024614A916A8FBF73BFD002800F0DF8092
:10DA300009A8F6F72DF84046524616A906F07CFFD5
:10DA40004046FFF7F7F9002800F09D8081464846E0
:10DA5000F5F7EAFE836A0A909C0740F1D5800246FA
:10DA600016A918A8FBF71CFD002800F0CD800AA815
:10DA7000F6F70EF8524618A9484606F05DFF4846EC
:10DA8000FFF7D8F90546002874D02846F5F7CCFEF4
:10DA9000836A0B90990740F1C480024618A91AA81E
:10DAA000FBF7FEFC002800F0BC800BA8F5F7F0FFA8
:10DAB00052461AA9284606F03FFF2846FFF7BAF952
:10DAC0000646002850D03046F5F7AEFE836A0C902B
:10DAD0009A0740F1B18002461AA91CA8FBF7E0FCA6
:10DAE000002800F0A9800CA8F5F7D2FF52461CA927
:10DAF000304606F021FF3046FFF79CF9074668B331
:10DB00003846F5F791FE836A0D909B0740F19F80A0
:10DB100002461CA91EA8FBF7C3FC002800F0978052
:10DB20000DA8F5F7B5FF52461EA9384606F004FFCA
:10DB30003846FFF77FF9044650B1204652461EA9E9
:10DB4000FFF7DEFE2046F5F7BDFF046A002CF4D196
:10DB50003846F5F7B7FF076A002FD1D13046F5F701
:10DB6000B1FF066A002EAED12846F5F7ABFF056A75
:10DB7000002D8AD14846F5F7A5FFD0F82090B9F1DD
:10DB8000000F7FF464AF4046F5F79CFFD0F820808B
:10DB9000B8F1000F7FF43CAF5D462846F5F792FFE1
:10DBA000056A002D7FF414AF039D2846F5F78AFF20
:10DBB000056A002D7FF4EAAE029C2046F5F782FF4D
:10DBC000046A002C7FF4C2AE02E005A8F5F760FFFE
:10DBD00021B0BDE8F08F06A8F5F75AFFEDE707A8DA
:10DBE000F5F756FFE1E708A8F5F752FFD5E709A8D2
:10DBF000F5F74EFF4046F5F765FFD0F82080B8F105
:10DC0000000F7FF405AFC7E70AA8F5F741FF4846C4
:10DC1000F5F758FFD0F82090B9F1000F7FF417AF57
:10DC2000B1E70BA8F5F734FF2846F5F74BFF056A77
:10DC3000002D7FF42AAF9DE70CA8F5F729FF3046A9
:10DC4000F5F740FF066A002E7FF43DAF8CE70DA884
:10DC5000F5F71EFF3846F5F735FF076A002F7FF40A
:10DC60004FAF7BE708B90020704710B584B0044679
:10DC7000F5F728FF836A9A0702D513F0100302D044
:10DC8000002004B010BD04A91F22204641F8102D29
:10DC9000039300F073FA0398F3E700BF01F01EBC92
:10DCA00070B5144D144C84B0064600F053F92B683F
:10DCB000124ADB001A44234456605A680AB904B079
:10DCC00070BD586801F0DAFB06460028F7D12B68D2
:10DCD000019604EBC3036946586802964FF410732B
:10DCE0000093039601F0B6FD2B6804EBC304666055
:10DCF00004B070BD98D50120A8D50120B8D5012069
:10DD000070B3F0B583B0064615460C46F5F7DAFE5B
:10DD1000806908B903B0F0BDF5F786FD0090304684
:10DD2000F5F782FD074602A8B7F9023050F8082D32
:10DD3000B7F90010B2F900E0B2F902200197CEEB7A
:10DD400001019A1A641AAD1AF5F7A2FE01A8F5F7B7
:10DD50009FFE2A462146304601F0D8FB03B0F0BDB5
:10DD6000704700BF00B970472DE9F0438BB01546EE
:10DD70000C460646F5F758FD0AABB0F9001043F81B
:10DD8000280DB0F902201846641AAD1AF5F780FE86
:10DD9000002307930693089309930CB9002D37D0FD
:10DDA0003046F5F741FD034603C80DF1080888E841
:10DDB00003002A46184621460193F8F7BBFF019855
:10DDC0000AAF2A4621460830F8F7B4FF57F8243D39
:10DDD000D3F81C903846F5F75BFE2A4621464846A4
:10DDE00006F022FE3046F5F71FFD826A0190920789
:10DDF00001D5816979B93846F5F74AFE032204ABAB
:10DE000006A93046049405950692099301F0C0FCDA
:10DE10000BB0BDE8F083026A01F0B8F9019B4046FF
:10DE20001A6A996901F0B2F9E5E700BF2DE9F043FC
:10DE30008BB00023079306930893099300283CD0E6
:10DE400009B9002A39D00C4617460646F5F7ECFC0E
:10DE5000034603C80DF1080888E803003A4618464F
:10DE600021460193F8F766FF01980AAD3A4621462C
:10DE70000830F8F75FFF55F8243DD3F81C9028468A
:10DE8000F5F706FE3A462146484606F0CDFD3046F7
:10DE9000F5F7CAFC826A0190920701D5816979B9C8
:10DEA0002846F5F7F5FD032204AB06A93046049495
:10DEB00005970692099301F06BFC0BB0BDE8F08367
:10DEC000026A01F063F9019B40461A6A996901F000
:10DED0005DF9E5E710B584B026230391009308B9F6
:10DEE00004B010BD0446F5F7EDFD80690028F7D0B9
:10DEF0006946029401F04CFC04B010BD0C4A0D4B75
:10DF0000126853F822300BB91846704710B586B026
:10DF10000A46044602A918460E2300940192029371
:10DF2000CDF814D001F034FC012006B010BD00BFC4
:10DF300098D50120E8D5012010B401EB410407C8B1
:10DF4000034B03EB840383E807005DF8044B704741
:10DF500030C4012030B5094D094C2B6854F823001A
:10DF600085B048B104A9182341F8103D01F010FC18
:10DF70002B68002244F8232005B030BD98D501203D
:10DF8000D8D5012000B551EA020E00D008B95DF8DD
:10DF900004FB5DF804EB00F001B800BF2DE9F0418F
:10DFA0008AB0884617460646F5F73EFC034603C886
:10DFB00004AC06AD84E80300039385E80300B8F1E0
:10DFC000000F09D09A6A02F42072802A55D0BDF859
:10DFD0001C209044ADF81C8057B19A6A02F4A062EC
:10DFE000B2F5807F50D0BDF81E201744ADF81E70EA
:10DFF0009A6AD1033BD495E80300920783E80300B3
:10E000000BD52A46214608A8F8F766FE039B08A808
:10E010001A6A996901F09AF9039BBDF91E00BDF9CE
:10E020001640BDF91CC0BDF914E0BDF91A70BDF968
:10E030001220BDF91850BDF91010041B00940AAC51
:10E04000BA1A1846691ACEEB0C0301F069FC54F8B1
:10E050001C1D01F10800FBF705FA3046052101F00F
:10E06000EDFB2046F5F714FD0AB0BDE8F08130461F
:10E0700000F03AFF039B9A6ABDE7BDF81820C8EB91
:10E080000208ADF81880A7E7BDF81A20D71BADF835
:10E090001A70ADE7F0B51F4B83B0064618680F46FF
:10E0A000FEF7BAFE054608B903B0F0BDF5F7BCFBB4
:10E0B000836A01909B0726D5B0F900309E4222DB8F
:10E0C000B0F904309E421EDCB0F902309F421ADBE8
:10E0D000B0F906309F4216DCC46974B13B46324643
:10E0E0000021204607F002FD002818BF0546204603
:10E0F000F5F7E8FC046A002CF0D101A8F5F7C8FC9C
:10E10000284603B0F0BD01A8F5F7C2FC002003B01B
:10E11000F0BD00BF98D50120F8B5154E33689F6C4F
:10E1200020BB144A15689D642C4600E00446204636
:10E13000F5F7C8FC80690028F8D10F4B1A689442A3
:10E1400011D05B689C420DD0FCF7D6FC2846F5F751
:10E15000B9FC3368B0F90010B0F902201A65D9642F
:10E160003846F8BD0120F9F761FBEDE70546DAE72F
:10E170001401002088D50120E0D5012000B97047A6
:10E1800001F006BB01F046BB79B138B500B938BD26
:10E190000C460546F5F796FC80690028F7D0A56087
:10E1A0002146BDE8384001F0F3BA704770B582B03F
:10E1B00088B10D460446F5F737FB02AA066942F816
:10E1C000040D05611046F5F763FC2046FFF7ECFAF5
:10E1D000304602B070BD0646304602B070BD00BF8A
:10E1E000F0B50E4E0E4C336854F82320824285B0B1
:10E1F00005460F4600D02AB90A4A44F82350177042
:10E2000005B0F0BD04A9182341F8103D104601F0F7
:10E21000BFFA3368002244F82320EDE798D50120A7
:10E22000D8D5012080D501202DE9F04385B00E46D8
:10E23000904699460746FFF765F9002842D0274BDC
:10E240003468B3F900207568B3F90230A41AED1AE6
:10E25000B8F1000F2DD1B9F1000F22D06946384630
:10E260006E46FEF781FEBDF80230013B9944ADF8E1
:10E2700006903846FEF716FE02A9FEF775FE2A46FE
:10E2800021463046F8F756FD02A908464246FBF7FC
:10E290002BFA02A93046F8F755FE10B905B0BDE8D3
:10E2A000F0832A4621463846FFF7C0FD05B0BDE899
:10E2B000F083694638466E46FEF756FEB9F1000F08
:10E2C000D7D0D0E738460121FFF78AFF96E806004D
:10E2D000024B19805A8005B0BDE8F083CCC3012001
:10E2E000F0B587B0002303930493059300283DD035
:10E2F000224D234F2B68044657F82300844235D023
:10E300001E238DE811000293002833D1012302A9B6
:10E310002046059301F03CFA059E46BB2B6820255C
:10E3200047F8234004E00295CDF814D001F030FA0C
:10E330002046F5F7C7FB846902A92046002CF2D1DC
:10E34000009C204601F0CAF888B184B1202504E081
:10E350000295CDF814D001F01BFA2046F5F7B2FB78
:10E36000846902A92046002CF2D100E00126304643
:10E3700007B0F0BD02A901F00BFAC7E798D501205C
:10E38000E8D5012070B510B90024204670BD0646BE
:10E3900000F0D0FA0446002830D13046F5F792FB61
:10E3A000C569AC4208BF00252C4610E02046002C71
:10E3B000EAD0F5F787FB036A1BB93046F5F782FB15
:10E3C000C3699C4214BF1C460024A54204D02046C9
:10E3D000FFF748FC0028E9D0002CD5D00A4D204694
:10E3E0002E6800F01DFC421C0346CED020462B6058
:10E3F000FFF776FF2E600028C6D1C6E7F5F762FB6F
:10E40000056A002DCDD1C8E798D5012038B510B9DF
:10E410000024204638BD00F08DFA044610BB20468B
:10E4200000F0AEFA0546AC4208BF00252C460DE0D0
:10E43000204684B100F0D8FB10B9204600F0A0FAC5
:10E44000844214BF04460024A54204D02046FFF7AE
:10E4500009FC0028ECD02046FFF742FF0028D7D166
:10E46000204638BD00F0C0FB05460028DBD1D6E7CA
:10E4700000B9704730B583B00446F5F7D5F9836A23
:10E480000190DB0704D501A8F5F702FB03B030BD0E
:10E49000204600F093F8019D0749AA6A0B6842F0F4
:10E4A000010201332046AA620B60FFF77DF901A843
:10E4B000F5F7EEFA03B030BD9CD5012000B97047E6
:10E4C0002DE9F04383B0904689460746F5F7ACF94D
:10E4D000064602A8B6F90010B6F90640B6F90230B1
:10E4E000B6F9045040F8046D6D1AE31A01336C1C40
:10E4F000C4EB0904C3EB0805F5F7CAFA54EA0503AF
:10E5000004D02A4621463846FFF748FD03B0BDE84F
:10E51000F08300BF044B10B51B685C6C586400F0BE
:10E5200067F8204610BD00BF140100202DE9F0411E
:10E530000D4682B01646074638B932462946384657
:10E54000FFF710FC02B0BDE8F0819846F5F76CF9D2
:10E550000DF1080EB0F90440B0F90010B0F9062032
:10E560004EF8040DB0F90200089B611A121A01312D
:10E570000132C1EB08089C1A7046F5F789FA58EA8F
:10E580000403DAD0224641463846FFF707FDD4E7B8
:10E5900000B9704710B582B00446F5F745F9836AB3
:10E5A00001909A0705D443F0020383622046FFF7E7
:10E5B00051F901A8F5F76CFA02B010BD00B9704727
:10E5C00000B583B0F5F730F9836A01909A0606D555
:10E5D00006490A8823F02003013A83620A8001A8D1
:10E5E000F5F756FA03B05DF804FB00BF90D50120A3
:10E5F0002DE9F041454F3B6893F8542086B0002A3E
:10E6000039D1986CDFF80881F5F70EF9034603C895
:10E6100002AE86E8030068460093F5F739FAD8F8A9
:10E620000040002C4ED13C68636C002B65D018680C
:10E630005968D8F8002004AD2B4603C3CAB1104670
:10E64000F5F7F2F806ACB0F9022044F8140DB0F971
:10E6500000102846F8F76EFB2046F5F719FA284611
:10E660003146FAF7FFFE2846FCF72CFA06B0BDE863
:10E67000F081A26CE3E75A6C002A42D0244C106867
:10E680005168246804AD2A4603C2CCB12046F5F790
:10E69000CBF806ACB0F9022044F8100DB0F9001028
:10E6A0002846F8F747FB2046F5F7F2F919492846BE
:10E6B000FAF7D8FE2846FCF705FA06B0BDE8F08167
:10E6C0009C6CE3E704AD07E0FAF7CCFE049B9C6981
:10E6D00028467CB1F5F7DCF92046F5F7A5F80346A6
:10E6E00001469A6A049393073046EDD42846F5F71D
:10E6F000CFF998E7F5F7CCF995E73046FCF7E2F962
:10E70000B4E70448FCF7DEF9B0E700BF14010020CD
:10E71000F0D5012070C20120024B1A680260186017
:10E72000704700BFFCD5012070B582B00546684631
:10E73000F9F776F970B1044601212046F9F758F946
:10E74000009B03B140B920466946F9F781F90446B8
:10E75000002CF1D102B070BD1846F5F7B3F943684B
:10E76000AB4269462046F0D1009EF9F771F90446A4
:10E77000002EEDD03046F5F757F801900068F9F714
:10E78000D5F801A8F5F784F93046F4F717FE002C08
:10E79000D2D1DFE72DE9F04F85B00D461446F5F7ED
:10E7A00091F9C3690293002B00F09E80029E2146DE
:10E7B0003046A8473046F5F785F9C3690393002B27
:10E7C00000F08A80039E21463046A8473046F5F780
:10E7D00079F9D0F81C80B8F1000F75D02146404679
:10E7E000A8474046F5F76EF9D0F81C90B9F1000F34
:10E7F00062D021464846A8474846F5F763F9D0F865
:10E800001CA0BAF1000F4FD021465046A8475046F1
:10E81000F5F758F9D0F81CB0BBF1000F3CD02146F9
:10E820005846A8475846F5F74DF9C36901935BB3BD
:10E83000019E21463046A8473046F5F743F9C669A0
:10E84000DEB121463046A8473046F5F73BF9C769A7
:10E850006FB138462146A847384622462946FFF779
:10E8600099FF3846F5F72EF9076A002FF1D13046A7
:10E87000F5F728F9066A002EE3D10198F5F722F999
:10E88000036A0193002BD3D15846F5F71BF9D0F852
:10E8900020B0BBF1000FC2D15046F5F713F9D0F804
:10E8A00020A0BAF1000FAFD14846F5F70BF9D0F828
:10E8B0002090B9F1000F9CD14046F5F703F9D0F84C
:10E8C0002080B8F1000F89D10398F5F7FBF8036AAF
:10E8D0000393002B7FF476AF0298F5F7F3F8036A01
:10E8E0000293002B7FF462AF05B0BDE8F08F00BF4C
:10E8F00080B179B130B583B00C46F4F795FF02AD25
:10E90000214645F8040D00F007F82846F5F7C0F851
:10E9100003B030BD704700BF30B400230B804B8084
:10E92000058844888288C388521B1B1B8A80CB8041
:10E9300030BC7047F0B5104E104D336855F8233099
:10E9400083B013B9002003B0F0BD07461846F4F7B2
:10E950006BFF0446019050B1846901A8F5F798F85F
:10E96000A742EFD1336855F8230003B0F0BD01A8EA
:10E97000F5F78EF82046E6E798D50120E8D5012086
:10E9800010B5044608B906E01C462046F5F79AF88B
:10E99000036A002BF8D1204610BD00BF2DE9F043DB
:10E9A000DFF84082D8F8003093F8540087B030B1D7
:10E9B0008B4E336A012B05DD013B3362002007B02B
:10E9C000BDE8F08306F11407F36997E8030002AD90
:10E9D000013385E80300F36153B9F3680293B6F994
:10E9E0000E30B6F912207E4C9A4217DA336AE3E70A
:10E9F000328BB6F91010B6F91630ADF80A30013284
:10EA000012B29142ADF80820EBDA738BB289ADF8FF
:10EA1000082001331BB2ADF80A30E2E7D8F8003025
:10EA2000DFF8C091986CF4F7FFFEBDF90830B4F937
:10EA30000C1000909942024600F0B980D8F80020EE
:10EA4000ADF80C30906C10B90DE0A06958B1F5F735
:10EA500039F829460446006A05F064FA0028F4D023
:10EA6000BDF90830EAE7009B2946D86905F05AFA53
:10EA70000028F5D1B6F91030BDF90820ADF80C30FA
:10EA80009A4200F38C80D8F80030986C0DF1100891
:10EA900068B3F5F717F8046A81466CB923E0E1071B
:10EAA0004BD4BDF810300198013BADF80C30046A2E
:10EAB00001A8F4F7EDFFB4B12046F4F7B5FE846A7F
:10EAC0000190A307F3D503C888E803004146284610
:10EAD000F8F738FA0028E2D10198046A01A8F4F79F
:10EAE000D7FF002CE8D1D9F818000028D1D1009B1D
:10EAF000DC690DF1100874B940E0E3072ED4BDF8CD
:10EB000010300198013BADF80C30046A01A8F4F70D
:10EB1000BFFF002C32D02046F4F786FE846A0190B5
:10EB2000A207F2D503C888E8030041462846F8F753
:10EB300009FA0028E1D10198E7E70198C469002C9F
:10EB4000B5D020464246294605F032FA2046F4F771
:10EB5000B9FF046A002CF4D10198BEE70198C4699A
:10EB6000002CD2D020464246294605F021FA204604
:10EB7000F4F7A8FF046A002CF4D1DCE76846F4F748
:10EB800087FFF26944F620639A423FF72FAF95E87A
:10EB9000030087E80300FFF72BFD01200FE795E84E
:10EBA000030087E803006846F4F772FF2DE7D9F801
:10EBB00000102369886C039350B1F4F783FF044677
:10EBC0002946006A05F0A4FAA0690028F5D1009A48
:10EBD000D069294605F09CFABDF908302EE700BF40
:10EBE0005CC201201401002038B50546FEF75AF931
:10EBF00010B90024204638BDF4F764FFC469002C26
:10EC0000F7D0A54203D1F4E71C46002BF1D02046F3
:10EC1000F4F758FF036A9D42F6D1204638BD00BF85
:10EC200010B5044600E01C462046F4F74BFF83690C
:10EC3000002BF8D1064A11688C4206D053689C42DA
:10EC40000CBF01204FF0FF3010BD184610BD00BFB3
:10EC5000E0D50120B0F90430B0F90000181A0130F5
:10EC6000704700BFB0F90630B0F90200181A013041
:10EC7000704700BF2DE9F0435E4C226892F8543093
:10EC800089B04BB15C4D2B6A0133012B2B6209DD3E
:10EC9000012009B0BDE8F083FFF7AAFC012009B00C
:10ECA000BDE8F0830746906CF4F7BEFD534B01902E
:10ECB0001B784FF0FF32EA61002B61D0083003C8A7
:10ECC00004AE86E803001FB139463046FAF7CAFBA6
:10ECD00023685B6C002B00F08780494F18685968E7
:10ECE0003A6806AB03C3019802900DF10808002AA8
:10ECF00060D1B0F90220B0F9001006A8F8F71AF8B0
:10ED0000304606A9FAF7AEFB4046F4F7C1FED7F845
:10ED100000900DF10C08B9F1000F26D123689F6C0B
:10ED200008E0FAF79FFB039B9C6940468CB3F4F71D
:10ED3000AFFE27463846F4F777FD034601469A6A48
:10ED4000039393073046ECD44046F4F7A1FE2B6AB8
:10ED5000013B2B6200209CE7FAF784FB039B9F6931
:10ED600040467FB3F4F794FEB9464846F4F75CFD9D
:10ED7000034601469A6A039392073046E4D5EBE7CF
:10ED8000836A13F0020627D003C804AE86E80300A6
:10ED900099E7F4F77DFE1B4B1A68974202D05B6837
:10EDA0009F42D4D196E80300174B83E80300FFF796
:10EDB000F5FD6EE74046F4F76BFE3868F4F734FD76
:10EDC000029096E7F4F764FE0E4B1A689145A5D0C1
:10EDD0005B689945A2D0BAE72B6A01A8013B2B6278
:10EDE000F4F756FE304654E701A8F4F751FE044FFD
:10EDF0008DE700BF140100205CC2012094D50120E2
:10EE0000F0D50120E0D5012068C2012001B970478A
:10EE100070B584B00C460546F4F706FD03460022A3
:10EE2000846120461A620193F4F7FEFCC4690290E3
:10EE3000002C2CD0019B20469E6AF4F7F5FC06F0CE
:10EE400008060390002E2BD1836A1A073DD402A82E
:10EE5000F4F71EFE03A8F4F71BFE2046F4F732FE7B
:10EE6000046A039024B92EE0046A0390002C2AD08F
:10EE70002046F4F727FE836A1B07F5D5039A019B0A
:10EE800015621C6201A8F4F703FE04B070BDC561F1
:10EE900001A8F4F7FDFD02A8F4F7FAFD04B070BD77
:10EEA00002A8F4F7F5FD03A8F4F7F2FD2046F4F705
:10EEB00009FE026A039032B11046F4F703FE026ABB
:10EEC0000390002AF8D10562DCE7019A029B1462E4
:10EED00001A8DD61F4F7DCFD02A8F4F7D9FD03A871
:10EEE000F4F7D6FDDAE700BF00B970472DE9F04F1F
:10EEF0008FB00446F4F798FC836A05909A0740F1B6
:10EF00003C81406A40B1A04B1B689C4204D0F6F79C
:10EF100025FC059B00225A622046FDF78BFF0390DB
:10EF2000002800F02A81DFF860820398F4F77CFC67
:10EF3000836A06909B0740F11581406A48B1D8F872
:10EF40000030039A934204D0F6F708FC069B002297
:10EF50005A620398FDF76EFF0290002800F00281CC
:10EF60000298F4F761FC836A07909F0740F1EF80F5
:10EF7000406A48B1D8F80030029A934204D0F6F7BC
:10EF8000EDFB079B00225A620298FDF753FF834670
:10EF9000002800F0DC805846F4F746FC836A0890AD
:10EFA0009E0740F1C880406A40B1D8F800305B4508
:10EFB00004D0F6F7D3FB089B00225A625846FDF7AF
:10EFC00039FF8246002800F0B6805046F4F72CFC4A
:10EFD000836A09909D0740F1A280406A40B1D8F849
:10EFE0000030534504D0F6F7B9FB099B00225A6262
:10EFF0005046FDF71FFF0190002800F09080019817
:10F00000F4F712FC836A0A909C077DD5406A48B1E8
:10F01000D8F80030019A934204D0F6F79FFB0A9B80
:10F0200000225A620198FDF705FF064600286BD0C2
:10F030003046F4F7F9FB836A0B9099075BD5406A79
:10F0400040B1D8F80030B34204D0F6F787FB0B9BF1
:10F0500000225A623046FDF7EDFE054600284AD0F0
:10F060002846F4F7E1FB836A0C909A073AD5406A88
:10F0700040B1D8F80030AB4204D0F6F76FFB0C9BE0
:10F0800000225A622846FDF7D5FE4FF000090446DB
:10F0900040B32046F4F7C8FB836A0D909B0718D550
:10F0A000406A40B1D8F80030A34204D0F6F756FBCE
:10F0B0000D9BC3F824902046FDF7BCFE074640B1E7
:10F0C0003846FFF711FF3846F4F7FCFC076A002FBB
:10F0D000F6D10DA8F4F7DCFC2046F4F7F3FC046A43
:10F0E000002CD6D10CA8F4F7D3FC2846F4F7EAFCA0
:10F0F000056A002DB4D10BA8F4F7CAFC3046F4F72A
:10F10000E1FC066A002E93D10AA8F4F7C1FC01982D
:10F11000F4F7D8FC036A0193002B7FF470AF09A8C1
:10F12000F4F7B6FC5046F4F7CDFCD0F820A0BAF1C5
:10F13000000F7FF44AAF08A8F4F7AAFC5846F4F78A
:10F14000C1FCD0F820B0BBF1000F7FF424AF07A8BA
:10F15000F4F79EFC0298F4F7B5FC036A0293002BC7
:10F160007FF4FEAE06A8F4F793FC0398F4F7AAFC2C
:10F17000036A0393002B7FF4D8AE05A8F4F788FC4C
:10F180000FB0BDE8F08F00BFF4D501202DE9F041AC
:10F19000054686B008460C461746F4F793FC836A8A
:10F1A00013F4803F14BF4FF48046202614B906B0F4
:10F1B000BDE8F0812046F4F737FBD0F828800090B6
:10F1C00018F0020F41D00246294602A8FAF768F962
:10F1D00000283AD040F6010308EA0303012B44D08B
:10F1E0002046324602A905F0A7FB009BDC6964B308
:10F1F000A7422AD02046F4F717FB836A01909B07A9
:10F2000029D5024602A904A8FAF74AF918B301A8B9
:10F21000F4F73EFC324604A9204605F08DFB20465B
:10F22000FDF708FE054650B12846324604A9FEF710
:10F2300067FB2846F4F746FC056A002DF4D120460A
:10F24000F4F740FC046A002CD2D16846F4F720FCA5
:10F2500006B0BDE8F08101A8F4F71AFC2046F4F7E7
:10F2600031FC046A002CC3D1EFE7009933460A6AE7
:10F27000896902A800F002F8B7E700BF01B970473A
:10F280002DE9F041054686B008460C461E46174655
:10F29000F4F7CAFAD0F82880009018F0020F42D094
:10F2A0000246294602A8FAF7FBF800283BD040F6B0
:10F2B000010308EA0303012B3FD02046324602A98E
:10F2C00005F03AFB009BDC696CB3BC422BD02046B6
:10F2D000F4F7AAFA836A01909B072AD5024602A98D
:10F2E00004A8FAF7DDF820B301A8F4F7D1FB324601
:10F2F00004A9204605F020FB2046FDF79BFD0546AE
:10F3000050B12846324604A9FEF7FAFA2846F4F727
:10F31000D9FB056A002DF4D12046F4F7D3FB046A2B
:10F320000CB1A742D3D16846F4F7B2FB06B0BDE8F2
:10F33000F08101A8F4F7ACFBEEE7009933460A6AC6
:10F34000896902A8FFF79AFFBCE700BF01B97047BF
:10F35000F0B5054687B0084616460C46F4F764FA41
:10F36000876A0090BA0740D50246294602A8FAF7F4
:10F3700097F8002839D040F601033B40012B43D0D9
:10F380002046202202A905F0D7FA009BDC6964B36D
:10F39000A6422AD02046F4F747FA836A01909B07D9
:10F3A00028D5024602A904A8FAF77AF810B301A8F2
:10F3B000F4F76EFB202204A9204605F0BDFA204692
:10F3C000FDF738FD054650B12846202204A9FEF776
:10F3D00097FA2846F4F776FB056A002DF4D120460B
:10F3E000F4F770FB046A002CD2D16846F4F750FBA6
:10F3F00007B0F0BD01A8F4F74BFB2046F4F762FB21
:10F40000046A002CC4D1F0E7009920230A6A8969B4
:10F4100002A8FFF733FFB8E758B110B50C4631B179
:10F42000F4F750FB8069844205D00028F8D1002011
:10F4300010BD00207047012010BD00BF884210D0D1
:10F4400020B110B50C4629B9002010BD002070472E
:10F450000028F9D0F4F736FB80698442F8D1012006
:10F4600010BD0120704700BF08B5F4F72BFB806A80
:10F4700080F01000C0F3001008BD00BF10B3134BA4
:10F480001B68002B70B5054605DB114A52F82310A6
:10F49000FFF7C2FFC0B10F4E0F4C336804EBC3033C
:10F4A00028465968FFF7B8FF336804EBC304636864
:10F4B00062682BB120B9A81AB0FA80F0400970BD7B
:10F4C000012070BD00207047002070BD9004002016
:10F4D000E0D5012098D50120B8D501200A4B1B6842
:10F4E00083B1834210B5044602D109E09C4207D0A3
:10F4F0001846F4F7E7FA4369002BF7D1002010BD56
:10F50000012010BD0020704788D501202DE9F0436F
:10F510008BB00023079306930893099300283CD0EF
:10F5200009B9002A39D00C4617460646F4F77CF98B
:10F53000034603C80DF1080888E803003A46184658
:10F5400021460193F7F7F6FB01980AAD3A462146AA
:10F550000830F7F7EFFB55F8243DD3F81C90284608
:10F56000F4F796FA3A462146484605F05DFA3046E9
:10F57000F4F75AF9826A0190920701D5816979B945
:10F580002846F4F785FA032204AB06A93046049412
:10F5900005970692099300F0FBF80BB0BDE8F083E5
:10F5A000026AFFF7F3FD019B40461A6A9969FFF76B
:10F5B000EDFDE5E72DE9F04389B00646F4F734F9AF
:10F5C00000F10802034692E8030002AC1F690193B0
:10F5D00084E8030001A89D6AF4F75AFA0FB1AB075B
:10F5E00002D409B0BDE8F0831E4F2E213046FEF74D
:10F5F000C9FD3B7815F4805503F101033B7019D127
:10F600002046FFF737FB18B3DFF85C904FF00F0888
:10F610000596CDF810800794F3F7F0FAD9F800308A
:10F6200004A95D64304600F0B3F8FFF7B7F900288D
:10F63000EED10DE00F23049305960794F3F7DEFA5D
:10F64000094B1B6800225A6404A9304600F0A0F858
:10F650003B783046013B2F213B70FEF793FD09B00C
:10F66000BDE8F08394D501201401002030B583B0AB
:10F670000446F4F7D9F8826A019040F6010313407A
:10F68000012B0ED001A8F4F703FA2046F4F71AFA7A
:10F69000816A1B4A1B4B11F4803F08BF134620466A
:10F6A0009847194B1B680BB903B030BD204606F0D4
:10F6B00093F82046F4F706FA8569046A002DF3D022
:10F6C00084B12046F4F7FEF9836A03F00303032BA9
:10F6D00011D0204606F080F82046F4F7F3F9046ACA
:10F6E000002CEED12846F4F7EDF98569046A002D67
:10F6F000E6D103B030BD204606F010F8E9E700BFC0
:10F70000B5F500085D5D00089CD5012010B40E4CD5
:10F71000216859B1814212D00B680BB906E013463B
:10F72000984206D01A681946002AF8D15DF8044BB1
:10F73000704729B103680B605DF8044B70470B46B6
:10F740001B682360F2E700BFFCD5012070B50446BA
:10F75000F4F7B8F90546806900B970BDF4F7B2F95D
:10F76000C3699C4206460CD013B910E0002BF4D0BC
:10F770001846F4F7A7F9036A9C42F7D12B6A036293
:10F7800070BD2046F4F79EF9036AF36170BD70BD49
:10F7900070B50D4C2268132A00DD70BD06460D467B
:10F7A000F4F790F902696E6042B12368284601338C
:10F7B000236090472368013B236070BD2846BDE865
:10F7C0007040FDF761B800BFF8C3012070B50E4668
:10F7D0000546F4F777F9836ADB0603D40C4C2368FB
:10F7E000132B00DD70BD2846F4F76CF902697560D3
:10F7F00042B1236830460133236090472368013BC0
:10F80000236070BD3046BDE87040FDF73DB800BFD5
:10F81000F8C3012030B585B0002301930093029313
:10F8200003930C460546F4F74DF903691BB18DE8C7
:10F8300030006846984705B030BD00BF00B585B0C0
:10F8400004AB019043F8101D1946FFF7A1FF05B066
:10F850005DF804FBF0B507460D460FC985B04FF0C3
:10F860000D0E8DE80F006E463C460297CDF800E085
:10F870002046FEF713FA70B12046FDF713FB04464D
:10F880000028F5D031460395FFF7A0FF2046FEF78C
:10F8900005FA0028F0D129463846FFF797FF05B052
:10F8A000F0BD00BFF0B5CC6887B00D46074694B1F7
:10F8B000F3F7BAFF06AAB0F900E0B0F902602168D8
:10F8C000636842F8140DCEEB01019B1B21601046CA
:10F8D0006360F4F7DDF895E80F0002AE4FF00D0E0F
:10F8E00086E80F003C460497CDF808E02046FEF776
:10F8F000D5F970B12046FDF7D5FA04460028F5D0B9
:10F9000031460595FFF762FF2046FEF7C7F900284C
:10F91000F0D129463846FFF759FF07B0F0BD00BFC8
:10F920002DE9F04FD0F81CB08BB0BBF1000F74D0B4
:10F9300007939BB203938BB20493BDF850300292AD
:10F940000691059339E006990AEB0106079902F43E
:10F95000A06208EB0104B2F5807F36B224B24CD02D
:10F96000B2F5A06F50D1029A9F18149A09EB0205C4
:10F970003FB22DB2B6EB0A01A7EB030200D122B1D0
:10F9800058460193FEF752FA019BA41BCAEB0808E4
:10F99000ED1BC3EB0909B4EB0801C9EB050200D16B
:10F9A00012B15846FEF7EEFA099BD3F820B009A829
:10F9B000F4F76EF8BBF1000F2FD05846F3F734FF81
:10F9C000826A099002F420718029B0F900A0B0F990
:10F9D0000230B0F90480B0F906901CD0B1F5207F58
:10F9E000B1D0049802F4A06200EB0A0600EB080410
:10F9F000B2F5807F36B224B2B2D1059AD71802EBA5
:10FA000009053FB22DB2B5E7BDF80810CF1849443B
:10FA10003FB20DB2AEE70398E4E70BB0BDE8F08F5C
:10FA2000C04BDA68F0B59C6B013A22440D18AA422B
:10FA300003D30A58002A00F0A1808C4205D251F865
:10FA4000042C8A1A1468002C4AD0D3F8B840B54A5E
:10FA5000A04280F01E81D2F8B040A04280F01B810D
:10FA6000D2F8A840A04280F01881D2F8A040A0426D
:10FA700080F01581D2F89840A04280F01281D2F82F
:10FA80009040A04280F00F81D2F88840A04280F0E0
:10FA90000C81D2F88040A04280F00981946FA0428E
:10FAA00080F00781126F904280F005819C6E9D4A24
:10FAB000A04280F00281146EA04280F00081946D1B
:10FAC000A04280F0FE80146DA04280F0FC80946C17
:10FAD000A04280F0FA80126C904280F0A680F0BDC7
:10FAE0005168D3F8B8508F4CA942084480F0F9808F
:10FAF000D4F8B050A94280F00681D4F8A850A942A9
:10FB000080F0FF80D4F8A050A94280F0F880D4F8AB
:10FB10009850A94280F0FC80D4F89050A94280F01F
:10FB2000FF80D4F88850A94280F0F880D4F8804053
:10FB3000A14280F0F1809D6F7A4CA94280F0EA806A
:10FB4000256FA94280F01381A56EA94280F00D8136
:10FB5000256EA94280F00781A56DA94280F0018140
:10FB6000256DA94280F0FB80A56CA94280F004813C
:10FB7000246CA14280F08180114666E76A68D3F860
:10FB8000B860B242104480F0AE80D3F8B060B242A8
:10FB900080F0B280D3F8A860B24280F0AA80D3F897
:10FBA000A060B24280F0A280D3F89860B24280F0A8
:10FBB000AC80D3F89060B24280F0BF80D3F8886008
:10FBC000B24280F0B780D3F88060B24280F0AF805C
:10FBD0009F6FBA4280F0A8801F6FBA4280F0B98050
:10FBE0009F6EBA4280F0B2801F6EBA4280F0AB8046
:10FBF0009F6DBA4280F0A4801F6DBA4280F0AC8045
:10FC00009F6CBA4280F0B5801E6CB242FFF415AF13
:10FC10004FF0000E1E68AF68ED68B21A1A6007B1A7
:10FC20007D60002D58D02F6007E70022083203EBDB
:10FC3000C2040D1864688C6000260E60486009617B
:10FC400001F1080645F8040C04B1666000258C60DB
:10FC5000CD60196893F82950324C03EBC20201447D
:10FC600056601960002D7FF43AAFE368A268591A14
:10FC700091427FF634AFA160F0BD00271C68956803
:10FC8000D668611A196005B16E6006B33560114619
:10FC9000DBE60F22CAE70E22C8E70D22C6E70C22D8
:10FCA000C4E70B22C2E70A22C0E70922BEE7082206
:10FCB000BCE70722BAE70622B8E70522B6E7042226
:10FCC000B4E70322B2E70222B0E70122AEE703EB7A
:10FCD000C70711467D64B8E603EBCE0ECEF844703C
:10FCE000ABE60F27CAE74FF00F0E93E74FF00C0E6D
:10FCF00090E74FF00D0E8DE74FF00E0E8AE70C27C0
:10FD0000BCE70D27BAE70E27B8E74FF00B0E81E7E7
:10FD10000B27B3E70727B1E70827AFE70927ADE7C8
:10FD20000A27ABE74CC401204FF0070E72E74FF0F3
:10FD3000080E6FE74FF0090E6CE74FF00A0E69E707
:10FD40004FF0030E66E74FF0040E63E74FF0050E29
:10FD500060E74FF0060E5DE74FF0020E5AE702270C
:10FD60008CE703278AE7042788E7052786E7062725
:10FD700084E74FF0010E4DE701277FE72DE9F041C1
:10FD8000C04C94F828300546002B00F0F880206C19
:10FD90002368854224BFE81C20F0030000F10C0614
:10FDA000B342B84D02D20020BDE8F0816B682A6BE7
:10FDB000934240F25481656A626B4FEAC508013B89
:10FDC00002EB080163604B686362012302F835307F
:10FDD000002DE8D0AB4FD4F8B8E0764580F0218113
:10FDE000D7F8B0309E4280F01E81D7F8A8309E42EE
:10FDF00080F01B81D7F8A0309E4280F01A81D7F89E
:10FE000098309E4280F01381D7F890309E4280F067
:10FE10001481D7F888309E4280F00D81D7F8803069
:10FE20009E4280F00E81BB6F9E4280F008813B6F46
:10FE30009E4280F00A81A36E9E4280F004813B6E58
:10FE40009E4280F00481BB6D9E4280F002813B6D3A
:10FE50009E4280F00281BB6C9E4280F0FC803B6C35
:10FE60009E424FF0FF3328BF00230F2B12D80021F2
:10FE700004EBC100436C2BB907E05A6896421DD9C8
:10FE80009B6813B19B68002BF7D10131102900F159
:10FE90000800EFD1304605F051FD00289BD0626B81
:10FEA0006368616A9044002601336360C8F80410F7
:10FEB00002F8356030466562BDE8F081216C971B21
:10FEC00001F10C0087422CBF30461046964540F2A7
:10FED000F580D4F8B0706B4EBA4280F0F180D6F85D
:10FEE000A870BA4280F0E880D6F8A070BA4280F0DC
:10FEF000CD80D6F89870BA4280F0D880D6F890704D
:10FF0000974240F2DF80D6F88870974240F2DE8058
:10FF1000D6F88070974240F2D780B76F974240F290
:10FF2000E580366F964240F2DF80A66E554F9642CE
:10FF300040F2D8803E6E964240F2D280BE6DB24210
:10FF400080F0CC803E6D964240F2C680BE6CB242DC
:10FF500080F0C080914240F2BB80646B1918A044CD
:10FF600090424FF00004C8F804301D6058601B61D7
:10FF70009C6041F8040C7EDB2846BDE8F081424BD2
:10FF80009A685868012184F828100AB982089A6092
:10FF90005A26266210272022402619682764A26468
:10FFA000266580274FF480724FF40076A76522669D
:10FFB000A6664FF480674FF400624FF48056A1F1BB
:10FFC00014032767A267C4F880604FF400574FF40A
:10FFD00080424FF400460344C4F88870C4F890206F
:10FFE000C4F898604FF480374FF400324FF4802605
:10FFF000C4F8A070C4F8A820C4F8B060022201269A
:020000040801F1
:100000004FF40027A16363632261E060C4F8B87015
:100010005E6066626660FFF703FD03F0A3FB266384
:10002000B5E60F2124E70E2122E70D2120E70B2161
:100030001EE70C211CE709211AE70A2118E707210E
:1000400016E7082114E7052112E7062110E704212D
:100050000EE703210CE701210AE7022108E7013A34
:100060002A6303F07FFB2B6B01332B6300287FF4A3
:100070009AAE6B689FE6101AFFF7D2FC2846BDE8DF
:10008000F08100BF4CC40120B8C001200C212668BB
:100090009F68D3F80CE0B61A26600FB1C7F804E0E9
:1000A000BEF1000F04D0CEF8007056E70B21EEE74A
:1000B00004EBC1014F6450E70D21E8E70F21E6E7AB
:1000C0000E21E4E70A21E2E70821E0E70921DEE763
:1000D0000021DCE70121DAE70221D8E70321D6E796
:1000E0000421D4E70521D2E70621D0E70721CEE796
:1000F0002DE9F04790B00C460646F3F795FB054610
:1001000003C803AF6B8E009587E8030003F0080374
:100110009BB2BDF90C80BDF90E90002B6FD0BDF9DC
:100120001220BDF910C09646003318BF01231920D4
:1001300001A90193A2612B6C07960890CDF82C8041
:10014000CDF83090CDF834C0CDF838E00F9107A845
:100150009847009AB2F93030FF2B064655D0FE2B57
:100160005CD0C9F10002C8F100013846F6F7E2FDA3
:1001700039460098FBF7ECFCBDF90C20BDF9108066
:10018000009BC2EB0808D3F84CA0586D08F101059C
:10019000A5EB4605514600FB05F0F8F7F1FB324BA5
:1001A000C4F81480B3F900305A1C90420DF1400994
:1001B000D8BF981CA84259F8403DBDF90C20596D94
:1001C000A8BF28460746186D2260C7EB0508731EB6
:1001D0003544C1EB0A01636000FB08F02561F8F7C4
:1001E000CFFB3044C219013AA060E260C4F81C8021
:1001F00048462762F3F74CFC10B0BDE8F087BDF924
:100200001020BDF912E094468EE79069FCF77CFE61
:10021000C0B9009AB2F93030FE2BA2D19069FCF738
:100220004BFE00289DD005A9FCF79EFEBDF91220CB
:10023000BDF91A309A4294D1BDF81630013BADF8A1
:1002400012308EE705A9FCF78FFEBDF91020BDF92D
:1002500018309A42DDD1BDF81410009A0139B2F974
:100260003030ADF810107AE7CC0400200120704740
:10027000F0B5134CD4F800E0BEF1000F03D0F44603
:10028000BDE8F04060470646DFF83CC00D480C462C
:1002900015461F4656F8043BC3F307425FFA83FE38
:1002A000C3F30721825C10F80E301CF8011002EB3A
:1002B000C32303EB4113013D23803C44EAD1F0BD4D
:1002C000B0C00120E40B0308E40A030810B450F89E
:1002D000044B0C60013A1944F9D15DF8044B7047A6
:1002E0002DE9F8430646FAF755F80746FAF788F875
:1002F00058B1A0F104084346002002E001308742D3
:1003000005DD53F8042FB242F8D1BDE8F88300248C
:1003100025466FF07F4958F8041F3046F3F7AAFDD1
:10032000814588BF2C4605F1010588BF8146AF4253
:10033000F1DC2046BDE8F883704700BF10B4C0F37D
:100340000743C4B2064A0749D35C125D5DF8044B0B
:10035000C0F3072003EBC223085C03EB4010704797
:10036000E40B0308E40A030830B58BB0002104460F
:10037000242201A8EFF77FFF2046F3F755FA0AABD6
:10038000426E43F8280D95681846F3F781FB00226A
:100390002B680194029201A898470BB030BD00BFB2
:1003A00030B58BB00546F3F73FFA0AABC26D43F8A0
:1003B000280D18469468F3F76BFB0AA800226368BF
:1003C00040F8245D029298470BB030BD30B58BB039
:1003D0000546F3F729FA0AAB826C43F8280D184654
:1003E0009468F3F755FB0AA80022236840F8245DBF
:1003F000029298470BB030BD30B58BB00546F3F78D
:1004000013FA0AAB426E43F8280D18469468F3F7C6
:100410003FFB0AA80022236840F8245D0292984717
:100420000BB030BD30B58DB00546F3F7FDF9428E07
:10043000094981640346C2F3C00268461C6C0093FC
:100440000192F3F725FB002201AB039504920B9375
:1004500003A8A0470DB030BDF100010830B58BB046
:100460000546F3F7E1F90AAB846C43F8280D18460A
:10047000F3F70EFB002301950293099301A8A0470F
:100480000BB030BD0B682DE9F041804618880D3067
:1004900080000D461646F2F74DFF00283DD0074676
:1004A000F3F7C2F9D8F8003004469869F3F7D4FEA0
:1004B000002832D0C36808219B6A9847022822DCB2
:1004C000A06101222B6822611B88E36103FB02F318
:1004D0006361F3F7FBF86369A7609842B8BF606196
:1004E00004F134020023012E84F830602260E360BE
:1004F00018D0E36903F18043013B02EB830363609F
:100500002046BDE8F08104280ADD08280EDD102809
:100510000EDD2023A3610422D4E70020BDE8F08192
:100520000420CDE762602046BDE8F0810820C7E7DF
:100530001023A3610222C5E770B582B002AB214D42
:1005400043F8081D204C019019462B681546984722
:1005500023680190586918B12946F6F7F3FCA8B151
:100560000120F8F7C9FF2268D3695B69ABB1174C6A
:10057000216869B1B2F922509B68019800999847A7
:100580002846236898470020F8F7B6FF02B070BDF0
:100590009B68009901989847F5E70D4D009B013B3A
:1005A000002B01A80093EEDBF7F75CFD2368DB6905
:1005B0001B68064698472B68002BEFD030469847BB
:1005C000ECE700BF0C040020140100203CC5012012
:1005D00040C501202DE9F04F83B00E468246F3F767
:1005E00023F90DF10808036848F8080DC4689F69ED
:1005F0004046F3F74DFA002C35D133681868800077
:10060000F2F79CFE814618B9012003B0BDE8F08FD7
:10061000F3F70AF9336801901A68002A054611DDDC
:10062000DFF84CB000245BF827209968136951F873
:1006300024001B689847336845F8040B1A68013496
:100640009442F0DB01A8F3F723FA5046F3F7ECF8F5
:1006500003464046C3F80C900093F3F719FA0020C4
:1006600003B0BDE8F08F2046F2F7A8FEC5E700BF53
:100670002CC5012070B5204D88B0044607AE04306B
:100680000FC88DE86000F8F787F9079A2060D30754
:1006900010D5626982B922690346A1686068A569BC
:1006A000049300240123029505940394019300937D
:1006B000F9F7FAFB08B070BDE369A2692169F7F7A1
:1006C00037FF40B9E36925681E6946B104232269F2
:1006D00029462846B04722692368DEE7E36928688F
:1006E0001B689847226945F8040B013A2261002AE9
:1006F000F4D12368D1E700BF59A70008F0B504463C
:1007000083B00D4602F01CFBB4F90210B4F90630B8
:10071000B4F90420B4F90000EE682F6901970B4486
:1007200000965B100231023A0230F4F789F9B4F90D
:100730000630B4F90210B4F90420B4F90000AE692F
:100740006C6900941944491001960131023B023A48
:100750000230F4F775F903B0F0BD00BFF0B5044600
:1007600083B00D4602F0ECFAB4F90000B4F90420AD
:10077000B4F90630B4F90210EE682F69019702440B
:10078000009652100230023B0231F4F78FF8B4F9B0
:100790000420B4F90000B4F90630B4F90210AE69CF
:1007A0006C6900941044401001960130023A023BFB
:1007B0000231F4F77BF803B0F0BD00BF2DE9F04F34
:1007C00097B0219F0997229F249D259E13970D91F5
:1007D0000C920893209C239F1290F4F773FDB44B66
:1007E000099A1B681399159005EB4605587C5FFA2A
:1007F00085FB42EA0105F4F7D7FD012D0B9000F0CF
:100800009D80089B002B7ADD0C9BAA4D0F949B00CA
:1008100014936FF0704A002310935646CDF838B009
:10082000A34B0D9813991B6802460A441146119276
:10083000B3F90A2001F1FF3A524554DCB3F90E3006
:10084000984250DC0C9B002B4DDD129B099A03EB68
:1008500002080F9B0A9300230B9331465746134619
:10086000C3EB080B0A9B53F8046B0A930E9B022BF5
:1008700059D0032B49D0012B07D106F0FF233206B4
:1008800043EA1223C6F307461E438E424FEA16641C
:1008900002D03046FAF73EF9FF2C19D0E3B2002C13
:1008A00044D0DB43DDF834905FFA83FAD8450BDDA2
:1008B0005C460797204633465246494601342F6826
:1008C000B847A045F6D1079F09F10109B945EDDD0B
:1008D000099A0B9B90440C9A013393420B9302D0DC
:1008E0003146099BBCE70F9A1499109B0A440F925A
:1008F000119A0D92089A01339342109390D1159852
:1009000017B0BDE8F04FF6F7ADBFC6F307433006AA
:1009100043EA102006F47F42F34303F07F4340EAAA
:1009200002061E43B1E786F07F46AEE758463B46D7
:1009300008F1FF320D99F9F7C7FCC9E75C4B1B685A
:10094000587C0C9B9B000993F4F736FD874200F01E
:10095000CE80574B0D9A1968B1F90AA0924500F361
:100960008C80089B0794924618460244B1F90E0009
:10097000013A121A002AC8BF9B1A002B40F3A98122
:100980000C98129CB1F90C9002462244013AC9EB32
:100990000209B9F1000FC4BF0246C9EB0209B1F95F
:1009A00008200A92D8BF8146A24240F39A80121BC7
:1009B0000799C2EB0909B9F1000F01EB8202079216
:1009C00040F3878153440C936FF0704308930A9E61
:1009D000DDF81C8000251AE0270EFF2F12D0089B9F
:1009E000A34202D02046FAF795F8FBB2002F4FD071
:1009F000DA43304B08941F68D2B224F07F4351464B
:100A00003046B8470135A94506F101062BDDBBF19B
:100A1000020F58F8044B61D0BBF1030F50D0BBF16B
:100A2000010F07D104F0FF23220643EA1223C4F387
:100A300007441C43204B1B78002BCDD020460B9B3A
:100A400098471B4B1D4A1B685B7C52F82320D168DA
:100A500003468C691046314652460135A047A945E8
:100A600006F10106D3DC079B099A134407930C9BFC
:100A70000AF1010A9A45AAD141E7C2EB0A03099A91
:100A8000089802FB03420792089AD31A0D9A6CE762
:100A9000074B0A491B685A7CDB6B51F822001B6824
:100AA000C268314697695246B8470894AAE700BF22
:100AB000140100201801002027C501202CC50120A9
:100AC000C4F30743210643EA112104F47F42E343C0
:100AD00003F07F4341EA02041C43ABE784F07F4408
:100AE000A8E7B9F1000F40F3F4800A946AE70BF02D
:100AF00002086FF070430D990A945FFA88F81F4658
:100B0000754B08981A68B2F90AA0C1EB0A03834230
:100B10003FF7F5AE002B40F3C180C11A0C98089145
:100B200000FB03F30A98002900EB83030A937FF785
:100B3000E6AEB2F90E105145FFF6E1AE08980AEBA9
:100B40000003013B5B1A002B01DDC31A0893B2F9C5
:100B50000860129BF41A002C40F3A2800A9B03EB5E
:100B600084050C9B1C1BB2F90C309E423FF7C7AEAC
:100B7000A219013A9342BCBF9B1B5C1C002C7FF75F
:100B8000BEAE564B1B78002B40F08E800B93B8F115
:100B9000000F4FD02A464FF0000903E009F1010988
:100BA0004C4506D052F8043B03F07F43B3F17F4F2E
:100BB000F4D0B9F1000F4CD1BBF1020F05F10409DB
:100BC0002D6868D0BBF1030F57D0BBF1010F07D1DF
:100BD00005F0FF232A0643EA1223C5F307451D4308
:100BE0002A0EFF2A10D0AF4204D028460792F9F708
:100BF00091FF079A3A4BD2431F68D2B225F07F4348
:100C000051463046B8472F460136013C4D46002C30
:100C1000BDDC0A9B099A13440A93089B013B0AF125
:100C2000010108937FF46CAF159817B0BDE8F04F41
:100C3000F6F718BE2B46C14603E009F101094C4501
:100C4000B7D053F8042B12F07F4FF6D0B9F1000F54
:100C5000B2D00B9A0592099A03920123202204959F
:100C6000029230464A46019300935146A41A05EB7E
:100C70008905F9F719F94E44C9E7C5F30743290671
:100C800043EA112105F47F42EB4303F07F4341EA3D
:100C900002051D43A4E785F07F45A1E78A4648E7A2
:100CA0001E460A9D0C9C5EE7099B2393089B249596
:100CB0004FF0000E01252027224651463046CDF840
:100CC00094E022972195209517B0BDE8F04FF9F7F1
:100CD000EBB817B0BDE8F08F1401002027C5012044
:100CE000180100202DE9F04FA74C246895B08346E9
:100CF000206E0A921F9DDDF88CA009930C46F2F736
:100D000093FD42691190002A40F0AE800346DB68F3
:100D1000069311A81292F2F7BBFE229B1298E318D9
:100D20000893994B1B6820B11A7C974C910700F0EF
:100D3000CF80186EF2F778FD04460A99B4F90620C0
:100D4000E368B4F904908A1A03FB02F3089A14A822
:100D5000C9EB0209183303EB4903E31840F8044DCB
:100D60000293F2F795FE102D00F08480172D41DDDF
:100D70001E9B002B40F3B984DDF82890129E4B4453
:100D80000393219BA3F1040A1AF1040F20D0029FC0
:100D9000F7B1002E5AD0B268099D546808992B46C5
:100DA0004A463046A047089CD046DBF8103058F839
:100DB000040F1B689847B36827F8020B21461B688D
:100DC0004A4630469847013D04F10104EDD1129E98
:100DD000029B069A13440293209B9A44039B09F1B9
:100DE00001099945D0D116B112A8F2F751FE15B0FC
:100DF000BDE8F08F082D74D0644BBAF1000F08BF26
:100E00009A461E9B002B40F32B811C46229B069882
:100E1000029A209E21999B000393229B5B000793DB
:100E20000023022D00F02381042D00F0F881012D14
:100E300000F0378301339C4231440244F1DCDDF899
:100E400048B0DE46BEF1000FCED1D0E7099C3D464A
:100E50005646DBF8103056F8040F1B689847013CE3
:100E600025F8020BF5D1B2E71046F2F7DDFC119B35
:100E700002464CE7129F002F00F029841E9B002B96
:100E8000B2DD099B424EDDF878A0DDF880B05D0050
:100E90000024A046A946219C029D21464A46284698
:100EA00064B15DB1336898473FB1BB680A9A08994D
:100EB000384642445F68099BB847129F069B08F179
:100EC0000108C2455C441D44E7DC002F8CD18EE74D
:100ED0001E9B00930A9A099B0899F7F7EBF8236881
:100EE00027E71E9B002B40F30984DDF82890DDF8EE
:100EF00048B0099A4B440493219B013B0393029B06
:100F0000584603EB42065746039B591C1E4B1B6871
:100F10001B7C002F49D013F003033BD0022B1FD1C1
:100F2000BBF1000F64D0DDF80CA0DDF80880099D4E
:100F3000089C1AF8013F21464A460134584643B1FD
:100F4000DBF808E057F82330A8F80030DEF800306E
:100F50009847013D08F10208EBD1DDF848B058464A
:100F6000029B069A19461144039B029120990B4457
:100F70000393049B09F101094B451644C4D1002891
:100F80007FF432AF33E700BF1401002048F50208B8
:100F90005C040020039A029B12F8011F57F82110ED
:100FA00023F8021BB342F7D1DAE713F0030300F092
:100FB0006A83022BD4D1BBF1000F00F07E83DDF8F1
:100FC0000CA0DDF80880099D089C1AF8013F214615
:100FD0004A460134584633B1DBF808E0A8F800303F
:100FE000DEF800309847013D08F10208EDD1B4E782
:100FF0000399029B11F8012F12B157F822201A8091
:1010000002339E42F6D1AAE7039B4A4614F0010F31
:101010004FEA540403D019888AEA01011980013A81
:1010200003F10203F2D1039B03EB49030393BBF1EA
:10103000000F40F0C682DDF88CA00B9B069A0133AE
:101040001C460B93029B13440293209A0C9B11A8FD
:1010500013440C93F2F71CFD1E9A9442C0F22D82A9
:10106000DDF848E0BEF1000F7FF4BEAEBFE60B93A3
:10107000229BDDF848B00292C3F10403DBB20C936B
:101080005B462191D3469A46D6465746A44B219AB1
:101090001B6814781B7C079A03F003039440012B10
:1010A000E4B200F09D807BD3022B66D1099B0393B1
:1010B000219B0593089B04930B9A0A9BDDF83090C3
:1010C000029D03EB020A039A039B9145C8BF5FFA96
:1010D00082F9C9EB030309F1FF3903935FFA89F938
:1010E00047B309F10108049E05EB480814F0C00F4E
:1010F00031464FEA941306F101065246384607D0AE
:10110000D7F808E05BF823302B80DEF800309847F2
:101110000235A4004545E4B2E8D1049B01334B44B9
:101120000493039BC3B1059B13F8014F05934FF044
:101130000409C8E709F1010105EB4101A20914F016
:10114000C00F4FEA8403DCB21CBF5BF822302B8057
:101150000235A942F2D1E0E7129FBE46219A2099BA
:101160000B9B0A4421920699029A0A4402921E9A03
:1011700001339A420B9389DC64E6219A20990B9BF8
:101180000A4421920699029A0A4402921E9A013355
:101190009A42BA460B933FF777AFD346DE4651E605
:1011A0000C9B029E099DDDF884C0AB42C8BFEBB228
:1011B000581EC0B2ED1A06EB4001B31EA209A400EE
:1011C0005BF8222023F8022F8B42E4B2F6D10130E3
:1011D00006EB4006002DC1D01CF8014F0423E4E7C4
:1011E0000C9A029B0998219D8242C8BFC2B2511E2F
:1011F000C9B20131801A03EB4101A20014F0C00F03
:10120000D4B203D01A8882F0FF021A8002338B42D4
:10121000F3D10028A2D015F8014F0422E4E7219170
:101220002299DDF848B00B93C1F10203D9B2DDF881
:101230008490079113465A46D3469246023302934E
:10124000D646374B03991B6899F800201B7C8A40CF
:1012500003F003030299012BD4B2A1F1020800F0BC
:10126000D280C0F09D80022B40F08C800A990B9BAD
:101270000B4419460593229B002B00F0E88012F0E6
:10128000F00F40F00982089BDDF8088099F80140D2
:10129000591C099B09F101065F1E012F51DDBB1E80
:1012A0000493BAF1000F00F0D6805B088A1C0C93FF
:1012B0005B000D93D31808F10407CDF83C80CDF8FE
:1012C00084900E920D46DDF8148099461DE0DAF800
:1012D00008E05BF8233027F8043CDEF8003098473C
:1012E00014F00F040AD05BF8243027F8023CDAF837
:1012F000083042461B68691C504698470235A9458C
:1013000007F1040716F8014F0CD014F0F00F4FEA64
:101310001413294642465046D9D1002CEED0E2E7BC
:10132000140100200C9A0E980D99DDF83C80DDF830
:1013300084901346014404980133A0EB420708EB64
:10134000830877B124090CD05BF82430A8F800306A
:10135000BAF1000F05D0DAF80830059A1B6850463C
:101360009847DDF848A0D646209A06990B9B9144F1
:10137000029A0A4402921E9A01339A420B933FF753
:1013800060AF5FE50B9B1E9901331A460B93209BC0
:101390009944069B914243443FF750AFD346FDE644
:1013A000229B002B50D02409099B5D1E5BF8243042
:1013B000A8F8003099F80140DDF8088009F1010231
:1013C000012D18DD6E10901905F0010508F10403D8
:1013D000210904F00F045BF821705BF8241023F856
:1013E000021C23F8047C12F8014F824203F104032B
:1013F000EED108EB8608002DB6D024095BF8243026
:10140000A8F80030B0E7079B099948468B42C8BF4F
:10141000CBB25A1ED2B20132C91A08EB42022301E2
:1014200014F0C00FDCB205D0B8F8003083F0FF0331
:10143000A8F8003008F102089045F0D1002993D0B7
:1014400010F8014F0223E1E7099D4A46B8E7099FDA
:1014500008994E4621E75F0807F1010E06EB0E00E2
:1014600008F1040314F0F00F4FEA141203D05BF8F4
:10147000222023F8042C14F00F0403D05BF824205E
:1014800023F8022C16F8014FB04203F10403E9D10E
:10149000049B023101EB470108EB8E08A3EB4707E1
:1014A0004FE70B930B4601330C93229B0292C3F13F
:1014B000080321910D93CDF838B0934B934C1B68E2
:1014C000186EF2F7B1F90C998F4B11F8012C1B68CB
:1014D000A45C229A1B7C1190144101F1FF3B0B9AF2
:1014E0000A99DDF8488003F003030A44022B0492B2
:1014F00071D0032B1FD0012B1DD00D98029E099D8A
:10150000A84228BF28462D1A0246314604F001039E
:10151000013A5AF8233021F8023B4FEA5404F5D13E
:1015200006EB4006002D3FF488AD1BF8013F774ADB
:101530000820D45CE4E70E9B1B699B6898470C9BD2
:10154000029A0593039283B2089ADDF83490DDF88D
:1015500024B0CDF88CA007929A46D94528BFD94629
:10156000C9EB0B0BB8F1000F3FF44EAD4D46039E97
:10157000079F05E0013D06F1020607F1010715D0BE
:1015800014F0010F4FEA5404F4D0D8F80830049A4C
:101590001B683946404698473388013D8AEA030371
:1015A000338007F1010706F10206E9D1039B03EB43
:1015B00049030393079B4B440793BBF1000F3FF490
:1015C0003AAD059B514A1B78D45C059B01330593CA
:1015D0004FF00809C1E70D9DDDF82490BAF80430FA
:1015E000CDF80CB04D4528BF4D46CDF88CA0029EDD
:1015F000089FDDF810B09A46C5EB0909B8F1000F55
:101600002DD044B938E0013D07F1010706F102068B
:1016100012D0640830D0E207F5D5D8F80830394642
:101620005A461B6840469847013DA6F800A007F1BE
:10163000010706F10206ECD1B9F1000F3FF4FBAC53
:10164000039A082512F8013F03924D452F4A28BFFF
:101650004D46D45CC5EB0909B8F1000FD1D114B9DE
:101660000EE064080CD0E30748BFA6F800A0013DD7
:1016700006F10206F5D1DFE706EB45062F44DBE76E
:1016800006EB4506D8E7224B099A1B680298984753
:10169000DDF848B0584663E424095BF82430A8F824
:1016A0000030BAF1000F3FF4EEADDAF808300A4628
:1016B0001B68089950469847E5E50399029B11F885
:1016C000012F02B11A800233B342F8D147E4114B23
:1016D0001C686CB1209B0193069B0093099A1E9B8A
:1016E00021990298A047FFF782BB129EFFF77BBBB0
:1016F0001E9B002B7FF77BABFFF7C3BB1298002824
:101700007FF472ABFFF773BB14010020600E030877
:101710005C04002058C201202DE9F04F9DB0914695
:101720002A9A07938A4652440021044680681791FA
:101730001E4615461691189119911A911B910F92F8
:10174000F2F772F8269AD4F800B00346ADB2701ED4
:10175000B3F9084013932844013A191D4A441094E0
:10176000B3F90440ADF868005B69119419A81691AB
:10177000ADF86450ADF86690ADF86A200C93F5F7BB
:10178000E1FB002800F04281269B4B44013B0B9378
:10179000BDF964200D92BDF966200E92BDF9682056
:1017A0000A92BDF96A200892079A1B9BDDF85880BF
:1017B0005244013A1F460992002F72D1B8F9022013
:1017C0000899914273DBB8F900100A9888426EDBE1
:1017D000B8F906000E9C844269DCB8F904000D9C3F
:1017E000844264DC0E9B9342C0F2EE800D9A9142DB
:1017F00040F39E80ADF85C20B8F800000E9C08997C
:10180000013800B2ADF86000B8F902309C421A46C7
:10181000A8BF2346ADF85E30B8F90630A8BF22460F
:101820008B42A8BF0B460D99ADF862300227C9EB79
:101830000205002D78DD269C661B002E54DD289CB9
:10184000A646299C0EFB05450B9CE31A002B02DDE6
:10185000F61A002E48DD099B1B1A002BCABF079CF5
:10186000079BE31A8A4541DA2A9C2344279CCAEB4A
:10187000010E013CCEEB03031F2C00F2B680DFE823
:1018800004F09B93B48BB4B4B487B4B4B4B4B4B41C
:10189000B482B4B4B4B4B4B4B47DB4B4B4B4B4B471
:1018A000B47D012F67D0022F42D0032F13D01B939A
:1018B000D8F80000D8F8041014AB03C314A819A971
:1018C000F5F740FB002840F0BB8013A8F2F7E0F8E2
:1018D0001DB0BDE8F08FB8F90630089A9A4200F3BF
:1018E000868004231B93E3E73B4665E7DDF8A8E029
:1018F000514601EB0E0404EB030C6045BCBF031B17
:101900000133002BF0DD2B9CDBF80C000594289CA8
:101910000294279CCDF810E003950194009644684A
:101920001B975846A04733E7299D269E4A468BE7DA
:10193000B8F904300A999942CDDDADF86010B8F8D5
:1019400004100E9C0898013109B2ADF85C10B8F98A
:1019500002309C421A46A8BF2346ADF85E30B8F963
:101960000630A8BF22468342A8BF0346ADF86230C6
:101970000A9803275BE7B8F9001037E705EB8E05F7
:101980004FF0000EB5E705EB4E054FF0000EB0E747
:1019900075444FF0000EACE72EF0010105EB5E053B
:1019A00051440EF0010EA4E72EF0030105EB9E0555
:1019B00051440EF0030E9CE72EF0070105EBDE0507
:1019C00051440EF0070E94E7ADF85E301A46B8F8B1
:1019D00002300A98ADF85C40013B1BB22146ADF8DD
:1019E0006230ADF86000012721E7514681E75A1CBB
:1019F00012B2089B0D990A98ADF85E20ADF86230DE
:101A0000ADF85C10ADF86000042710E72B9BDBF805
:101A10000C0005932A9B0493299B0393289B029314
:101A2000279B0193269B00934A46079B4468514697
:101A30005846A04713A8F2F72BF81DB0BDE8F08F69
:101A400019A914A8F7F70EFDBDF952300D931A46E7
:101A5000269BC9EB02024B44002A03F1FF3340F3FB
:101A6000E3802699891A002926917FF72EAF2998BD
:101A7000289901FB02022992BDF956209B1A002BDE
:101A800004DD269AD31A002B7FF71FAF0799BDF903
:101A900054200AEB0103013B9B1A002BC4BFCB1A55
:101AA0000793BDF950309A4530DA07992A980144D6
:101AB00027980C46CAEB0301641A013807941F28C3
:101AC00021D8DFE810F04401360120002801200071
:101AD0002000200021012000200020002000200004
:101AE00020002000190120002000200020002000FC
:101AF00020002000110120002000200020002000F4
:101B00002000200011010AEB01030F930F990798A1
:101B10000B4603449A4202DA521A531C0793079B5E
:101B2000002B7FF7D2AE109A1199DBF81030521AC1
:101B30009B68013207929847139B0B90DE68002E3A
:101B400075D0BDF95250BDF9562095423FF7BDAE54
:101B5000BDF95430BB4FDDF830802B9EBDF95040AD
:101B60009C425DDC0D9BEB1A089323E01399B1F9BD
:101B70000630B1F90400EA1A231A079800FB023371
:101B80003A68127C9B00203302F00302002E00F022
:101B90005081022A00F04881032A00F03381012A93
:101BA00000F0308156F82920CA50BDF95430013474
:101BB000A34233DB089B009327A807C8CAEB0403A2
:101BC000F3F7FEFA139BB3F90620B3F9041081462C
:101BD000AA1A611A4046F3F79FFA0028C6D13B685B
:101BE0001B7C03F00303002E00F03281022B00F077
:101BF0001681032B00F00C81012B00F00981DBF82A
:101C00000C2056F82930D2F8189021462A4658461A
:101C1000C847BDF954300134A342CBDABDF9562090
:101C20000135AA429ADA50E6CDF8349024E7BDF99E
:101C30005250BDF9562095423FF747AEBDF954309A
:101C4000DFF800822B9FCDF824A0BDF950409C42C4
:101C500046DC0D9B0A96EB1A0893089B0093099BA0
:101C600027A8E31A07C8F3F7ABFA1399B1F90620CE
:101C7000B1F904108146AA1A611A0C98F3F74CFACC
:101C8000030EFF2B824670D01398079EB0F90620F2
:101C9000B0F904C0A91ACCEB040206FB0122D8F863
:101CA0000010097C9200203201F00301002F00F0A7
:101CB0009E80022900F08F80032900F09180012985
:101CC00000F08E8057F8291081500A91002B65D1C1
:101CD000BDF954300134A342BFDA0A9EBDF9562043
:101CE0000135AA42B1DAF0E59A46299BCDF83CA02D
:101CF00003EB8103299309E79A46299BCDF83CA081
:101D000003EB4103299301E79A46299BCDF83CA0B8
:101D10000B442993FAE621F001039A4401F00103F0
:101D20002A93299B03EB510329932A9B53440F9336
:101D3000ECE621F003039A4401F003032A93299B64
:101D400003EB910329932A9B53440F93DEE621F082
:101D500007039A4401F007032A93299B03EBD1035D
:101D600029932A9B53440F93D0E6D8F80020127C85
:101D700002F00302002F00F08580022A7DD0032AA2
:101D800074D0012A72D0DBF80C2057F82930D2F831
:101D900018A021462A465846D04799E703682A4AA0
:101DA0009B690A9852F823301B691B689847274B98
:101DB00020F07F411B68FF2250469847139B224A20
:101DC0001B689B6952F823301B691B689847DBF836
:101DD0000C200346DBE7B9F1000F3FF477AF71E762
:101DE00057F829600B9971400A9181506EE70229DA
:101DF00058D0032950D001294ED040F80290CDF898
:101E0000289063E756F829200B984240CA50CCE648
:101E100056F829300B99DBF80C204B40F3E6B9F16A
:101E2000000F3FF4C2AEEAE6B9F1000F3FF4BDAED9
:101E3000B8E6022A48D0032A41D0012A3FD041F80F
:101E40000390B2E6140100202CC5012054040020A8
:101E5000022B2CD0032BDBF80C2003D0012B01D05C
:101E60004B46D0E60B9B83EA0903CCE657F82930B2
:101E70000B99DBF80C204B4089E7B9F1000F3FF4D8
:101E800027AF80E7022A2AD0032A22D0012A20D0B5
:101E9000DBF80C204B467AE70B9981EA09010A919D
:101EA000815013E7B9F1000F3FF410AFA5E7B9F186
:101EB000000F3FF47AAEDBF80C204B46A3E60B9AFA
:101EC00082EA0902CA5070E6B9F1000F3FF46DAE24
:101ED000B5E70B9BDBF80C2083EA090357E7B9F160
:101EE000000F3FF4F5AED3E72DE9F04FAB4C24687B
:101EF00093B0266E1D9DDDF884A016B913B0BDE821
:101F0000F08F07463046089203930C46F1F78CFC9D
:101F100042690F90002A40F0D9800346DB680493A1
:101F20000FA81092F1F7B4FD209B1098E3180593C9
:101F30009A4B1B6820B11A7C984C960740F1A380FD
:101F4000186EF1F771FC04460899B4F90620E368AD
:101F50008A1A03FB02F30599B4F9042012A88A1A1D
:101F6000183303EB8203E31840F8044D0293F1F7B2
:101F70008FFD172D58DD1C9B002B4BDD1A46089B4F
:101F8000DFF82092DFF8208207971A440692039A1E
:101F9000920008921F46109828B1836805995C68E2
:101FA000039B3A46A047079B1B69D868002840F06E
:101FB00086805B689847DDF808A0039C1F9E050E8D
:101FC00033464FF0000E53F8042BB5EB126F63D07D
:101FD000BEF1000F64D13068020EFF2A08D0D24350
:101FE000D2B2D8F80030DAF800109847CAF80000EA
:101FF000013C0AF1040A0436002CE1D11F9B1E9A11
:1020000013441F93049A029B13440293069B0137C7
:102010009F42C0D1109B002B3FF470AF10A8F1F786
:1020200037FD13B0BDE8F08F102D55D0082D00F00E
:10203000BD805B4BBAF1000F08BF9A461C9B002B7A
:1020400040F3A580209B029A1F999B000A93209B36
:102050005B000C930023022D00F07B82042D00F026
:102060002B81012D00F058831E98014404980244EE
:102070001C9801339842EEDCDDF840B0DE46BEF13C
:10208000000FCBD13AE71C9B0093089A039B05995C
:10209000F6F710F8236853E70EF1010EA64592D12A
:1020A0004FEA8E0B314650465A46D9F80030CEEBF7
:1020B00004045E449847DA44002C81D19EE7D9F8A5
:1020C0000030089A1F990298984797E71046F1F751
:1020D000ABFB0F9B024621E71C9B002B9ADDDDF832
:1020E00020A0109E534406931F9BA3F1020B5EB3E6
:1020F000B268039D546805992B4652463046A04766
:10210000DDF80880059CD9463B6939F8020F5B6809
:102110009847B36848F8040B21461B68524630467E
:102120009847013D04F10104EED1029B049A134447
:1021300002931E9B9B44069B0AF1010A9A453FF4B9
:1021400069AF109E002ED3D1029D039C5E463B6971
:1021500036F8020F5B689847013C45F8040BF6D14E
:10216000E3E7DDF884A0069B1E9A01331C46069324
:102170001F9B13441F93049A029B0FA813440293BE
:10218000F1F786FC1C9B1A46A24200F3CE82DDF8D2
:1021900040E0BEF1000F7FF441AFAFE61401002034
:1021A000181903085C040020540400201C9B002B19
:1021B00040F38083DDF82090DDF840B0039A4B4473
:1021C00006931F9B58469C185D46B94B1B681B7CA9
:1021D000BAF1000F41D013F0030333D0022B1ED10C
:1021E0001F9B002D5CD0DDF80880039F059E03F146
:1021F000FF3B1BF8013F31464A460136284643B1B2
:10220000D5F808E05AF82330C8F80030DEF800307E
:102210009847013F08F10408EBD1109D28461F9B09
:102220001E9A13441F93049A029B134402931E9B0D
:102230001C44069B09F101094B45C6D100287FF4D7
:10224000EDAE5BE61F9B029A13F8011B5AF82110B2
:1022500042F8041B9C42F7D1E1E713F0030300F0BE
:102260005282022BDBD1002D00F019831F9B029FAD
:10227000DDF80CB0059E03F1FF3818F8013F314638
:102280004A46013628462BB1D5F808E03B60DEF817
:1022900000309847BBF1010B07F10407EDD1BCE713
:1022A000029A13F8011B11B15AF821101160A342D0
:1022B00002F10402F5D1B1E71F912099DDF840B099
:1022C0000693C1F10203D9B2D846DDF87CB00B9178
:1022D000134604330793C6464546754B0A991A6858
:1022E0009BF80030127C8B4002F003020799012A10
:1022F000DCB2A1F1040900F0B98073D3022A61D1E4
:102300000899069A0A4420990992002900F0F2805F
:1023100013F0F00F0AD024095AF82430C9F800301D
:1023200025B1AB6805991B6828469847059BDDF8E1
:102330001C909BF8014001330293039B0BF10107B2
:102340005E1E012E40F3C580002D00F0DB80029B55
:10235000CDF83090324609F108080D9691461E4698
:1023600021E0D5F808E05AF8233048F8083CDEF8B8
:102370000030984714F00F0409D05AF82430099A15
:1023800048F8043CAB68711C1B6828469847A9F1C3
:102390000209B9F1010F06F1020608F1080817F861
:1023A000014F40F3878014F0F00F4FEA14133146C9
:1023B000099A2846D5D1002CE9D05AF8243048F89B
:1023C000043CDFE7069B1C9901331A4606931E9BCB
:1023D0009B44049B8A42A8464B44FFF67AAFAB4627
:1023E000DE464CE6209B002B00F089802409039BED
:1023F000591E5AF82430C9F800309BF80140DDF826
:102400001C900BF10102012918DD4F10D61901F0C3
:10241000010109F10803200904F00F045AF8200013
:1024200043F8080C5AF8240043F8040C12F8014F42
:10243000B24203F10803EED109EBC70921B1240927
:102440005AF82430C9F800301E9A0499069B934428
:10245000079A0A4407921C9A01339A4206933FF75F
:102460003CAFBEF1000F7FF4D9AD47E50B9B03995C
:1024700058468B42C8BFCBB25A1ED2B20132C91ADB
:1024800009EB8202230114F0C00FDCB205D0D9F8A9
:10249000003083F0FF03C9F8003009F104099145C9
:1024A000F0D10029D0D010F8014F0223E1E700BF9E
:1024B000140100200D9E0299DDF83090023E730851
:1024C00002315A1C01EB43010291A6EB430609EBD2
:1024D000C20966B124090AD05AF82430C9F800307C
:1024E0002DB1AB68099A02991B6828469847109D40
:1024F000AE46A9E7059B039E02935F4621E7039939
:102500005A4680E7023E7208511C781809F1080308
:10251000944614F0F00F4FEA141E03D05AF82E2000
:1025200043F8082C14F00F0403D05AF8244043F861
:10253000044C17F8014FB84203F10803E9D1029B9C
:10254000023303EB4C03029309EBC109A6EB4C06E3
:10255000BFE70693209BDDF840B00292C3F104036D
:10256000DBB21F910B93D046DE465F46AB4B1F9A02
:102570001B6814781B7C0C9A03F003039440012B16
:10258000E4B200F08F8058D3022B40F0AA801F9A4B
:102590000992059A07920699089A0B9B029DDDF80D
:1025A0000CA002EB010B5345C8BF5FFA8AF3C3EBE3
:1025B0000A0A013B5FB3DBB203F10109079E0A93EC
:1025C00005EB890914F0C00F31464FEA941306F168
:1025D00001065A46384607D0D7F808E058F82330A5
:1025E0002B60DEF8003098470435A4004D45E4B276
:1025F000E8D1079B0A9A01331A440792BAF1000FF7
:102600003AD0099B13F8014F09930423CBE7DAB2C0
:10261000501C05EB8000A10914F0C00F4FEA8403A1
:10262000DCB21CBF58F821302B600435A842F2D12F
:10263000079B0133D3180793E0E70B9B029E039D92
:10264000DDF87CC0AB42C8BFEBB2581EC0B2ED1A79
:1026500006EB8001331FA209A40058F8222043F89A
:10266000042F8B42E4B2F6D1013006EB80062DB187
:102670001CF8014F0423E5E7109FBE461F9A1E99E0
:10268000069B0A441F920499029A0A4402921C9AD9
:1026900001339A4206933FF769AFBEF1000F7FF412
:1026A000BDAC2BE40B9A029B03981F9D8242C8BFCE
:1026B000C2B2511EC9B20131801A03EB8101A200DE
:1026C00014F0C00FD4B203D01A6882F0FF021A606F
:1026D00004338B42F3D10028D0D015F8014F0422E7
:1026E000E4E71F9A1E99069B0A441F920499029AD6
:1026F0000A4402921C9A01339A42BB4606933FF762
:1027000033AFDE46BBE4464B039A1B681F99029821
:102710009847109D284682E50693209BDFF804B178
:102720000292C3F108031F910A933C4B1B68186E79
:10273000F1F77AF8394B1F9A1B6812781B7C1BF84B
:102740000240209A0F9003F00303022B44FA02F494
:1027500048D0032B20D0012B1ED00A98029E039D47
:102760001F9FA84228BF28462D1A0246314604F072
:102770000103013A5AF8233041F8043B4FEA54046C
:10278000F5D106EB8006002D3FF4EDAC17F8013FC4
:1027900008201BF80340E4E703681B699B6898471F
:1027A0000A9D029F039EDDF87CE0B54228BF3546B6
:1027B000761B2A463B4614F0010F4FEA540402D020
:1027C000196841401960013A03F10403F3D107EBA2
:1027D0008507002E3FF4C7AC1EF8013F08251BF803
:1027E0000340E2E71F9A09920899069ADAF8043042
:1027F000DDF840800A9D029EDDF80C90059FCDF823
:1028000084A00A4407929A464D4528BF4D46C5EB21
:102810000909B8F1000F30D074B92AE01401002082
:102820005C040020600E0308013D07F1010706F17A
:10283000040612D064081CD0E107F5D5D8F808309A
:10284000079A1B68394640469847013DC6F800A0E4
:1028500007F1010706F10406ECD1B9F1000F3FF4CE
:1028600080AC099A12F8013F099208251BF8034031
:10287000CAE706EB85062F44EFE7534614B90BE091
:10288000640808D0E20748BF3360013D06F1040642
:10289000F6D19A46E1E79A4606EB8506DDE71F9AF0
:1028A000029B12F8011B01B11960A24203F104035B
:1028B000F7D1B3E4109800287FF4B0ABFFF71EBB4C
:1028C0002DE9F04FDFF8E8A085B00F4614461D460D
:1028D00081460E9EF7F756FDDAF800200390B2F914
:1028E0000A10781909EB04088F4200F1FF3308F150
:1028F000FF384BDAC7EB010EA0000F460EFB00615C
:10290000CEEB05050091B2F90E00181A0028C8BFD9
:102910002D1A002D3CDDB2F90C30C3EB0808B2F9DA
:102920000830B8F1000FCCBFC8EB0408A0469945A9
:1029300031DBB8F1000F2BDDEB190293DFF874B037
:10294000A3000193009D002455F8040BF7F79EFAAD
:10295000DAF800305B7C5BF82320D16803468E698F
:10296000104604EB09013A460134B0474445EBDB1D
:102970009DE80C0013440093029B01379F42E1D174
:10298000039805B0BDE8F04FF4F76EBF0096BAE7C4
:1029900005B0BDE8F08FC9EB0309009AC9EB080840
:1029A00002EB8902B8F1000F0092F1DD9946C3E70E
:1029B000140100202CC50120F0B587B0074D0C9CF8
:1029C0000E9F0F9E00940024019702960594049494
:1029D0000395FDF7F3FE07B0F0BD00BF59A700084F
:1029E000F0B587B0074D0C9C0E9F0F9E00940124FC
:1029F00001970296059404940395FDF7DFFE07B056
:102A0000F0BD00BF8DA700082DE9F04F8BB0064642
:102A1000012088460396049117469A46149CF5F7C0
:102A20005BFC10B10BB0BDE8F08F034602A905AA0C
:102A3000F6F706FC0028F5D1DFF884B1039ADBF83D
:102A40000030B3F90C108A42ECDC0499B3F90E00A3
:102A50008142E7DCB3F908003A448242E2DDB3F98F
:102A60000A2051449142DDDD5B7C514D55F8230035
:102A7000C36808219B6A9847172884BF20230893BE
:102A8000DBF8003098BF08905B7C4A4A55F8233049
:102A90001B6909939B1A18BF01230793F2F712FCD5
:102AA000DBF80020B2F9083006EB07099E4209F175
:102AB000FF39054679DBB2F90A30984575DBB2F982
:102AC0000C30994571DC08EB0A033B49B2F90E80E2
:102AD0003A4A013B4345D4BF8846904603990AFBD6
:102AE00007F794F800B094F801A0BBF1000F33D0C1
:102AF000A31CCBEB0707019345EA0A64C1EB09036A
:102B00009B451FDD0133BAF1FF0F069309D00599EC
:102B10001BB1013B41F8044BFBD102A8C04703990C
:102B2000069B1944894507DB0391BBEB030BE5D1F9
:102B3000019C002FD5D175E70499039601310491CA
:102B40003146F2E7BAF1FF0FCDF818B002D005997F
:102B50005B46DEE75B46E4E70234CAEB0707C1EBFE
:102B600009018A45CCBF013151460691059A41B110
:102B7000214414F8013B45EA03638C4242F8043BCC
:102B8000F7D102A8C047069A03991144894506DB8C
:102B90000391BAEB020AE2D1002FA2D142E7049BD3
:102BA0000396013304933146F3E7DFF8108095E78D
:102BB0002CC50120A0F5020875060108552C010856
:102BC000140100202DE9F04F85B0002BDDF83C808A
:102BD00031DD0F468246901E3B4491464208511C0F
:102BE0000093A0EB420302934B0003910193B9F1D0
:102BF000010F2ADD54464D46C3461BF8016B2046A3
:102C000039463209F7F7BEFF023D601C06F00F029D
:102C10003946F7F7B7FF012D04F10204EDDC039B01
:102C2000019808EB0302029B43B90E9B9844009B5A
:102C300001379F42DBD105B0BDE8F08F12785044D8
:102C400012093946F7F79EFFEFE74B464246002050
:102C5000EAE700BFF8B5194B82681B684568B3F90D
:102C60000A10C76806698A42044620DBB3F90E10D1
:102C70008A421CDCB3F90C20954218DCB3F9081029
:102C8000AB198B4213DD8D4215DA4B1BF01A07EBA3
:102C9000830E616020610B18C4F80CE0013B9A427E
:102CA00002DA9B1AC31A23612046FDF7E3FC656034
:102CB000E7602661F8BD3046F0E700BF1401002050
:102CC000704700BF00B5A1B001A8FAF77BF803A8D0
:102CD000F4F798FD094B1868F7F71CFFBDF90A30A7
:102CE000BDF90820BDF90610BDF90400F2F730F96E
:102CF00003A8F4F745F921B05DF804FBFCC30120FB
:102D0000704700BF10B59EB0044601A8F4F77AFDE5
:102D1000094B1868F7F7FEFEB4F90630B4F9042041
:102D2000B4F90210B4F90000F2F712F901A8F4F7AF
:102D300027F91EB010BD00BFFCC30120704700BFC3
:102D400038B5044608680D46F4F78CFDB4F9042044
:102D5000B4F90010B4F90200013A0131F1F73AFF79
:102D6000B4F90420B4F90010B4F90600013A0131B5
:102D7000F1F730FFB4F90620B4F90210B4F90000FD
:102D8000013A0131F2F726F9B4F90620B4F902103C
:102D9000B4F90400013A0131F2F71CF96868F4F75C
:102DA00061FDB4F90420B4F90010B4F90200013A4D
:102DB00001310130F1F70EFFB4F90420B4F900102D
:102DC000B4F90600013A01310138F1F703FFB4F913
:102DD0000620B4F90210B4F90000023A02310130C1
:102DE000F2F7F8F8B4F90620B4F90210B4F90400C7
:102DF000023A02310138F2F7EDF8A868F4F732FD33
:102E0000B4F90210B4F90000F2F77EF8B4F9061034
:102E1000B4F90000F2F778F8B4F90210B4F904003C
:102E2000F2F772F8B4F90610B4F90400BDE83840BE
:102E3000F2F76AB8034670B5B3F90620B3F9025049
:102E4000B3F90440B3F90030886A561B03361C44BA
:102E5000B61035446410961BF4F704FD324629463B
:102E60002046F2F7B7F832462946A01CF2F7B2F82E
:102E700032462946201DF2F7ADF832462946A01EFB
:102E8000F2F7A8F832462946201FBDE87040F2F755
:102E9000A1B800BF034670B5B3F90420B3F90050E0
:102EA000B3F90640B3F90230886A561B03361C4456
:102EB000B61035446410961BF4F7D4FC324629460C
:102EC0002046F1F787FE32462946A01CF1F782FE24
:102ED00032462946201DF1F77DFE32462946A01EC6
:102EE000F1F778FE32462946201FBDE87040F1F721
:102EF00071BE00BF00B583B0009200F0E1FC03B0EA
:102F00005DF804FB2DE9F04F8DB000248046806809
:102F100007948A461F4615460694089409940A9415
:102F20000B94F0F781FC034600F1040EB3F908603E
:102F3000B3F90490D8F8004003932AB2714609A867
:102F4000CDF818E00196D3F81480ADF82620ADF83E
:102F50002A20ADF824A0ADF82870F3F7F3FF00287D
:102F600000F09F8002274FF0030A0B9A069EBDF9DE
:102F70002410BDF92600BDF92830BDF92AE0002A49
:102F800050D1B6F9022096453CDBB6F900C0634546
:102F900038DBB6F906B0584534DCB6F904B059450B
:102FA00030DC904262DB012261450B9245DB0B97DE
:102FB000B6F9042093421DDDADF82030B18801310F
:102FC00009B2ADF81C10B6F902C060456246A4BF54
:102FD00002469446ADF81EC0B6F90600CDF82CA006
:102FE0008645A8BF8646ADF822E0E06886682046A0
:102FF000B047BAE7CDF82CA0B6F90620964543DCD9
:1030000004230B933068716804AB03C304A809A9B7
:10301000F3F798FF002851D103A8F0F739FD0DB060
:10302000BDE8F08F012A04D0022AC1D0032AE9D1D9
:10303000E2E7B6F900C06145B9DAADF81C10338893
:10304000013B1BB2ADF82030B6F902C060456246C4
:10305000A4BF02469446ADF81EC0B6F906000B9711
:103060008645A8BF8646ADF822E0BEE7ADF81E0053
:103070007288ADF81C10013AADF8222001220B92A3
:10308000ADF820300246B0E7013212B20420ADF8AC
:103090001E20ADF822E0ADF81C10ADF820300B90EA
:1030A000A3E7E0682A463B46514685682046A84784
:1030B00003A8F0F7EDFC0DB0BDE8F08F019B09A966
:1030C00004A8C9EB0307F6F7CDF9039BDA680137CB
:1030D000002A38D0BDF91060BDF9142096429BDC5F
:1030E000DFF81C9118E0039BBDF91210B3F906E05C
:1030F000B3F90420D9F80000CEEB0101B21A07FBA6
:103100000122C16B03EB82030A681A62BDF9143015
:103110000136B34280DB039BB3F90620B3F90410F8
:10312000AA1A711A4046F1F7F7FF0028DBD1D9F847
:103130000030E268DB6BD2F818A01B682A463146E3
:103140002046D047E2E71B682D4A9B6912682D494B
:10315000D26B51F82330D2F800901B6948465B6867
:103160009847BDF91060BDF9143001909E423FF7B9
:1031700053AF4B46DFF890B0A1461C4605E0BDF9C1
:1031800014300136B342FFF647AF039BB3F9062074
:10319000B3F90410AA1A711A4046F1F7BDFF4FEABD
:1031A000106EBEF1FF0F27D0039BB3F90620B3F9D1
:1031B00004C0A91ACCEB060207FB012203EB820331
:1031C0001C62BEF1000FDAD0DBF800300199FF225B
:1031D0009847039B0B4A1B689B6952F823301B6975
:1031E0001B689847D9F80C200346D2F818A031463E
:1031F0002A464846D047C2E7D9F80C202346F4E7D0
:10320000140100202CC501205404002000B583B017
:10321000009200F0BBFD03B05DF804FB704700BFF7
:1032200000B5A1B001A8F9F7CDFD03A8F4F7EAFABB
:10323000094B1868F7F76EFCBDF90A30BDF9082094
:10324000BDF90610BDF90400F1F782FE03A8F3F7FB
:1032500097FE21B05DF804FBFCC30120704700BF5E
:1032600010B59EB0044601A8F4F7CCFA094B1868D3
:10327000F7F750FCB4F90630B4F90420B4F90210A1
:10328000B4F90000F1F764FE01A8F3F779FE1EB06F
:1032900010BD00BFFCC301202DE9F043364F3C6850
:1032A00085B08146206E884615461E46F0F7BCFA6A
:1032B0000190406900283DD13B680290186EF0F7FC
:1032C000B3FA024604A8B2F90640D36840F8042DC8
:1032D0002C1B03FB04F3B2F904401833C4EB0804BD
:1032E00003EB4403D418F0F7D3FB3B681A7CD207F6
:1032F00023D4DA6B0298019B1268DF68002833D070
:103300001FFA82F900E0029883682A461B6841464A
:1033100001359847AE42A4F800903C44F3DA01A886
:10332000F0F7B6FB029B13B102A8F0F7B1FB05B0B2
:10333000BDE8F083F0F778FABEE7D9F810309B6863
:10334000984787B2029B2A4641460135184613B179
:103350009B681B689847019A2388D2687B40B542D6
:1033600023801444EEDDDAE7731B013392B2013B94
:1033700022803C44FBD1D2E7140100202DE9F04F1C
:103380008DB000248046806807940D461646994605
:103390000694089409940A940B94F0F745FA0346AE
:1033A000071D39460697B3F90870D8F80040039313
:1033B0002AB2BB4609A8B3F904700197D3F8148068
:1033C000ADF82420ADF82820ADF82660ADF82A909D
:1033D000F3F7B8FD002800F0A48002264FF003099F
:1033E0000B9A069BBDF92410BDF92670BDF928E0A3
:1033F000BDF92A00002A52D1B3F9022090423EDBE7
:10340000B3F900C0E6453ADBB3F906A0574536DC10
:10341000B3F904A0514532DC974265DB01226145D6
:103420000B9247DB0B96B3F9042096451FDDADF8F0
:1034300020E09988013109B2ADF81C10B3F902E01F
:1034400077457246A4BF3A469646ADF81EE0B3F9FA
:103450000670CDF82C90B8423B46DCBF03461F46B1
:10346000ADF82270E068C7682046B847B8E7CDF8E5
:103470002C90B3F90620904245DC04220B92186888
:10348000596804AB03C304A809A9F3F75BFD00283E
:1034900054D103A8F0F7FCFA0DB0BDE8F08F012A73
:1034A00004D0022ABFD0032AE9D1E2E7B3F900C071
:1034B0006145B7DAADF81C101A88013AADF8202042
:1034C000B3F902E077457246A4BF3A469646ADF896
:1034D0001EE0B3F906700B96B8423B46DCBF0346CC
:1034E0001F46ADF82270BDE7ADF81E705B88ADF8E1
:1034F0001C10013B01221BB20B92ADF82230ADF83B
:1035000020E03A46AEE7013212B20427ADF81E20A1
:10351000ADF82200ADF81C10ADF820E003460B9783
:10352000A0E7E06829464B463246C5682046A847D2
:1035300003A8F0F7ADFA0DB0BDE8F08F019A5B4635
:1035400009A904A89F1AF5F78DFF494A039B116842
:10355000DA68C96B0137D1F800908AB3BDF91260FF
:10356000BDF91620964294DC4A46A146144612E064
:10357000039BB3F90620B3F90400B11A2A1A07FB1A
:10358000012203EB82031C62BDF916300136B342FF
:10359000FFF67FAF039BB3F90620B3F90410B21A0C
:1035A000691A4046F1F7B8FD0028E1D1D9F80C209E
:1035B0002346D2F818A0294632464846D047E3E7CA
:1035C0001B682C4A9B6952F823301B6948465B688C
:1035D0009847BDF91260BDF9163001909E423FF741
:1035E00058AF4B46DFF890B0A1461C4605E0BDF948
:1035F00016300136B342FFF64CAF039BB3F90620F9
:10360000B3F90410B21A691A4046F1F785FD4FEA82
:10361000106EBEF1FF0F27D0039BB3F90620B3F95C
:1036200004C0B11ACCEB050207FB012203EB8203B5
:103630001C62BEF1000FDAD0DBF800300199FF22E6
:103640009847039B0B4A1B689B6952F823301B6900
:103650001B689847D9F80C200346D2F818A02946D1
:1036600032464846D047C2E7D9F80C202346F4E753
:10367000140100202CC50120540400202DE9F04342
:10368000354F386885B0006E894615461E46F0F7FE
:10369000CBF80190406900283BD13B680290186E3E
:1036A000F0F7C2F8024604A8B2F90640D36840F821
:1036B000042D2C1B03FB04F3B2F904401833C4EBB4
:1036C000090403EB8403D418F0F7E2F93B6801998D
:1036D0001A7CD20720D4DB6B0298D3F80080CF6825
:1036E00008B930E0029883682A461B6849460135CC
:1036F0009847AE42C4F800803C44F3DA01A8F0F7E2
:10370000C7F9029B13B102A8F0F7C2F905B0BDE8F2
:10371000F083F0F789F8C0E70B681B699B6898474E
:103720000746029B2A4649460135184613B19B6855
:103730001B689847019A2368D2687B40B542236092
:103740001444EEDDDAE7731B0133013BC4F800805B
:103750003C44FAD1D2E700BF1401002001700120DF
:10376000704700BF2DE9F0412F4CE36A73B92F4B2E
:103770009D685B680835B3FBF5F50235E800FCF79A
:10378000FDFA074660B90120BDE8F08123691D1DDF
:1037900005EBD305E800FCF7F1FA07460028F2D064
:1037A000616B2269224BD4F82C801B6801EBC000AE
:1037B000D200466808363046984720696663691E1D
:1037C0008842E7622ED206EBC002034601338B42E9
:1037D000536002F10802F9D106EBC10100274F60E6
:1037E000636860621B1A2B44256163600E4CB8F15C
:1037F000000F14D04FEAC8052E4471684868FCF7E2
:103800000FF9616B6368626A0D44013363606A603B
:1038100001F838703846C4F82480BDE8F08140468D
:10382000BDE8F0810146D7E74CC40120B8C00120B3
:103830005C04002070B51D4E736882B0CBB91C4B80
:103840001B6803B198471B4B1B680BB1984768B9BD
:10385000194B1B6893F8540008B902B070BDF3F718
:1038600029FB003018BF012002B070BD012002B05A
:1038700070BD124B1C688CB12046EFF7D5FF034694
:1038800001939A6A120401A80BD55D69F0F700F95B
:1038900020462C46F9F72CF8002CEDD1002373605C
:1038A000CDE701A85C69F0F7F3F8E4E75CC201201A
:1038B00004D6012000D601201401002088D5012063
:1038C0002DE9F04F584F3C68E56B89B08346206E78
:1038D000D5F800A0894615461E46EFF7A5FF3B68C0
:1038E0000690186EEFF7A0FFB0F90620C3680DF13F
:1038F00020080446AA1AB0F9040048F8044D03FB56
:1039000002F202F11801C0EB090201EB420240464B
:103910001444F0F7BDF8069B5869DB680293C9EBC5
:10392000060305935E1C00286ED1129B9D425DDC50
:103930001FFA8AF304933B681B7CDB075CD5DBF83A
:1039400010309B689847C4F34003B34228BF334606
:10395000032E98BF334680B2002B53D02288A44652
:103960004240012B2CF8022B0CD06288032B82EAF8
:103970000002628004F1040C04D1A2884240A280BB
:1039800004F1060CB3422BD0C3EB060AAAF1020ED7
:103990004FEA5E0E0EF1010E4FEA4E020392059AB7
:1039A000934218D04FF0000904EB430360F30F0972
:1039B00060F31F49A3F10408002158F8042F0131D6
:1039C00089EA02028E4543F8042BF6D8039A924501
:1039D0000CEB420C04D0BCF800305840ACF80000AE
:1039E000029B1C44129B0135AB42A4DA06A8F0F7F7
:1039F0004FF809B0BDE8F08F324604992046F5F73C
:103A0000B9FFEDE7A446BFE7EFF70EFF129B079063
:103A10005B1B01330093494633462A46F4F74AFBC1
:103A20004046F0F735F880E7140100202DE9F04F0B
:103A30008FB0002506468068DDF860B009950C4619
:103A40001746994608950A950B950C950D95EFF735
:103A5000EBFE0346021D11460BA8B3F90880B3F92B
:103A600004A03568059308925E69ADF82C40ADF866
:103A70002E70ADF83090ADF832B0F3F763FA00284D
:103A800000F0A68002274FF003090D9A089CBDF9AB
:103A90002C10BDF92E00BDF93030BDF932E0002AFE
:103AA00053D1B4F9022096453FDBB4F900C0634519
:103AB0003BDBB4F906B0584537DCB4F904B05945DE
:103AC00033DC904267DB012261450D9248DB0D97A4
:103AD000B4F90420934220DDADF82830A1880131EB
:103AE00009B2ADF82410B4F902C060456246A4BF23
:103AF00002469446ADF826C0B4F90600CDF83490DD
:103B000086450446DCBF74462046ADF82A00E868C6
:103B1000009404692846A047B7E7CDF83490B4F97B
:103B20000620964546DC04230D932068616806ABA9
:103B300003C306A80BA9F3F705FA002857D105A877
:103B4000EFF7A6FF0FB0BDE8F08F012A04D0022ADC
:103B5000BED0032AE9D1E2E7B4F900C06145B6DA84
:103B6000ADF824102388013B1BB2ADF82830B4F91E
:103B700002C060456246A4BF02469446ADF826C026
:103B8000B4F906000D9786450446DCBF744620460E
:103B9000ADF82A00BBE7ADF826006488ADF8241024
:103BA000013C012224B20D92ADF82A40ADF8283034
:103BB0000246ACE7013212B20420ADF82620ADF87F
:103BC0002AE0ADF82410ADF8283074460D909EE739
:103BD000E868CDF800B021464B463A4604692846CD
:103BE000A04705A8EFF754FF0FB0BDE8F08F644C75
:103BF0000BA906A8F5F736FC2268059BD16BDA689D
:103C0000CAEB08070137D1F80080002A4ED0BDF971
:103C10001AA0BDF91E20924591DC4146BDF91C3029
:103C2000A8460D46BDF91890994514DD34E0059B72
:103C3000B3F90610B3F90420C1EB0A01C2EB090283
:103C400007FB012203EB820309F101091D62BDF9A3
:103C50001C304B451EDB059BB3F90620B3F904105D
:103C6000C2EB0A02C1EB09013046F1F755FA002810
:103C7000DDD12368D8F80C20DB6BD2F818B01B68B4
:103C8000494652464046D847BDF91C3009F1010962
:103C90004B45E0DABDF91E200AF1010A5245C1DAAE
:103CA00005A8EFF7F5FE0FB0BDE8F08F1B68354AA9
:103CB0009B6952F823301B6940465B689847BDF901
:103CC0001A90BDF91E20039091453FF738AF414649
:103CD000BDF91C30DFF8B0B0A8460D46BDF918405C
:103CE000A34205DA42E0BDF91C300134A3423BDBBC
:103CF000059BB3F90620B3F90410C2EB0902611A5F
:103D00003046F1F709FA4FEA106EBEF1FF0F32D0DC
:103D1000059BB3F90610B3F90420C1EB0901A21AFF
:103D200007FB012203EB82031D62BEF1000FDAD014
:103D3000DBF800300399FF229847059B114A1B6866
:103D40009B6952F823301B691B689847D8F80C20F0
:103D50000346D2F818A021464A464046D047BDF94E
:103D60001C300134A342C3DABDF91E2009F1010958
:103D70004A45B3DAE3E6D8F80C202B46E9E700BF62
:103D8000140100202CC50120540400202DE9F04F1F
:103D9000DFF8E480D8F8000087B0006EDDF84090CE
:103DA0008A4616461F46EFF73FFDD8F800300490CC
:103DB000186EEFF739FDB0F90620C368B0F904506A
:103DC000CDF80CA00DF1180BB21A03FB02F24BF860
:103DD000040D53465D1B02F11801044601EB8502F8
:103DE0005846A518EFF754FE049BD8F800205869F0
:103DF000D3F80CA0039BD26BFF1A1468013758BB91
:103E00004E4510DCD8F800301B7CDB0711D4002FA6
:103E100005DD3B462A46013B42F8044BFBD1013607
:103E2000B1455544EEDA04A8EFF732FE07B0BDE81D
:103E3000F08F049B1B681B699B68984729463A468C
:103E40000B68013A83EA000341F8043BF8D10136DC
:103E5000B1455544D6DAE6E7EFF7E6FCC6EB0903D1
:103E600001330093039905903B463246F4F722F95B
:103E70005846EFF70DFEC3E7140100202DE9F0418D
:103E8000044684B000284AD00F46904600260CE035
:103E9000E30730D4BDF80C30019801333B80012694
:103EA000046A01A8EFF7F4FDE4B12046EFF7BCFC8B
:103EB000846A0190A207F3D5B8F1000F16D002ADC5
:103EC000014642462846F5F7EBFA29463846F3F70D
:103ED00039F80028DCD10198046A01A8EFF7D8FD71
:103EE000002CE2D1304604B0BDE8F08103C802AD39
:103EF00085E80300E9E70198C469002CD0D02A4680
:103F000039462046FFF7BAFF0028204618BF012691
:103F1000EFF7D8FD046A002CF1D10198DCE70646E2
:103F2000E0E700BFF0B5044685B000283ED00F465C
:103F3000002602AD0CE0E30724D4BDF80C30019854
:103F400001333B800126046A01A8EFF7A1FDB4B15B
:103F50002046EFF769FC846A0190A207F3D503C8F5
:103F600085E8030029463846F2F7ECFF0028E2D145
:103F70000198046A01A8EFF78BFD002CE8D13046C8
:103F800005B0F0BD0198C469002CDCD02A46394642
:103F90002046FFF773FF0028204618BF0126EFF7E1
:103FA00091FD046A002CF1D10198E2E70646E6E7AC
:103FB000002844D0F0B50E4685B0174604460BE005
:103FC000E3072BD4BDF808300198013BB380046AA5
:103FD00001A8EFF75DFDD4B12046EFF725FC846A18
:103FE0000190A207F3D5A7B102AD01463A46284693
:103FF000F5F756FA29463046F2F7A4FF0028DFD13C
:104000000198046A01A8EFF743FD002CE4D105B044
:10401000F0BD03C802AD85E80300EBE70198C46971
:10402000002CD4D020462A463146FFF7C1FF204657
:10403000EFF748FD046A002CF4D10198E1E77047DE
:10404000002864D0F0B50E4685B0174604462046D9
:10405000EFF7EAFB846A0190A20724D5002F40D035
:1040600002AD01463A462846F5F71AFA2946304687
:10407000F2F768FF68B3E30701981CD4002F43D020
:10408000B7F90220B0F902309342B8BF1346B6F92F
:10409000022093422ADDBDF90A30B6F906209A4281
:1040A00001DB013BF380046A01A8EFF7F1FC002C6F
:1040B000CDD105B0F0BDC469002CF4D020462A460D
:1040C0003146FFF7BDFF2046EFF7FCFC046A002CE9
:1040D000F4D10198046A01A8EFF7DAFC002CB6D1FC
:1040E000E7E703C802AD85E80300BFE7BDF90E307E
:1040F000B6F906209A42D6DD046AF38001A8EFF7EC
:10410000C7FC002CA3D1D4E7B0F90230BFE7704759
:10411000002850D070B584B00E46044602AD20464B
:10412000EFF782FB846A0190A20718D503C885E8DF
:10413000030029463046F2F705FF30B3E307019844
:1041400015D4B6F90230B0F902209A4225DDBDF946
:104150000A30B6F906209A4201DB013BF380046A7B
:1041600001A8EFF795FC002CD9D104B070BDC4694B
:10417000002CF4D020462A463146FFF761FF204646
:10418000EFF7A0FC046A002CF4D10198046A01A89E
:10419000EFF77EFC002CC2D1E7E7BDF90E30B6F98F
:1041A00006209A42DBDD046AF38001A8EFF770FC79
:1041B000002CB4D1D9E77047EFF700B970B58AB0D9
:1041C0000C460646EFF730FB0AAB056D43F8280DA9
:1041D0001846EFF75DFC0196032C05D8DFE804F0E4
:1041E000140E08021723029301A8A8470AB070BD55
:1041F0001523029301A8A8470AB070BD16230293A5
:1042000001A8A8470AB070BD1823029301A8A847C7
:104210000AB070BD00787047012070472DE9F04169
:1042200082B002AF0024884647F8040D254608E016
:10423000F1F734F805440CB1454508DC0A2E06D0E8
:1042400001343846F3F70EFF06460028F0D1204629
:1042500002B0BDE8F08100BF0129024818BF00206C
:10426000704700BF14F5020800207047012902487A
:1042700018BF0020704700BFE41803081629024841
:1042800018BF0020704700BF5D63000810B50368C9
:1042900082B0019363B11B6801934BB1DB680446A4
:1042A0005B6A01A8984708B1019B236002B010BD6A
:1042B0000020FBE71629024818BF0020704700BF06
:1042C0008D610008082901D110207047006810B1E5
:1042D000C3689B6A18474FF0FF307047006810B101
:1042E000C3689B6A1847704708290CBF202000202C
:1042F000704700BF2DE9F04184B00E468046EFF7CD
:10430000E1FBC469B4B10025152703E0EFF7DAFB40
:10431000046A7CB120466946019502950395009791
:10432000F9F72CFF039B9E422046EFD1204604B0B4
:10433000BDE8F0813146404600F004F804B0BDE825
:10434000F08100BF2DE9F04F87B00D46EFF7BAFBC3
:10435000C3690193002B4FD000240198EFF7B2FB03
:10436000C669002E4DD00DF1080A152704E0EFF7BD
:10437000A9FB066A002E44D030465146CAF80040D8
:10438000CAF80440CAF80840CAF80C400297F9F786
:10439000F5FE059B9D423046E9D12EE02946504668
:1043A000FFF7D0FF002879D15046EFF78BFBD0F80C
:1043B00020A0BAF1000F40F0A3804046EFF782FB47
:1043C000D0F82080B8F1000F72D14846EFF77AFBA1
:1043D000D0F82090B9F1000F41D15846EFF772FBA9
:1043E000D0F820B0BBF1000F13D10198EFF76AFBB2
:1043F000036A0193002BB0D10026304607B0BDE818
:10440000F08F0198EFF75EFBD0F81CB0BBF1000F06
:10441000EBD05846EFF756FBC669C6B10DF1080A56
:10442000152730465146CAF80040CAF80440CAF879
:104430000840CAF80C400297F9F7A0FE059B9D4280
:104440003046DAD0EFF73EFB066A002EE9D1584637
:10445000EFF738FBD0F81C90B9F1000FBDD04846FB
:10446000EFF730FBC669DEB10DF1080A152703E04E
:10447000EFF728FB066A9EB130465146CAF8004065
:10448000CAF80440CAF80840CAF80C400297F9F785
:1044900075FE059B9D423046EAD130460646ACE7A4
:1044A0004846EFF70FFBD0F81C80B8F1000F8CD016
:1044B0004046EFF707FBC669CEB10DF1080A152794
:1044C00003E0EFF7FFFA066A8EB130465146CAF8AC
:1044D0000040CAF80440CAF80840CAF80C400297E5
:1044E000F9F74CFE059B9D423046EAD1D5E74046A0
:1044F000EFF7E8FAD0F81CA0BAF1000F3FF45DAF77
:104500005046EFF7DFFAC769152637B946E7EFF7E8
:10451000D9FA076A002F3FF441AF384602A9039445
:10452000049405940296F9F729FE059A95423846B7
:10453000EDD13846064660E708B5F5F72BFFB0F534
:10454000807F14D07F280ED83F2812D81F280CD87F
:104550000F2810D8072812D803280ED8012894BF96
:104560000020012008BD7F2008BD1F2008BDFF20BE
:1045700008BD3F2008BD0F2008BD032008BD07204F
:1045800008BD00BF4FF0FF30704700BF4FF6FF700F
:10459000704700BFF0B50E4B1B6883B0186E0E4617
:1045A0001746EFF741F9054602A8B5F90620EB6872
:1045B000B5F9044040F8045DBF1A03FB07F3183354
:1045C000341B03EB4404EFF763FA285B03B0F0BD40
:1045D000140100202DE9F041074684B080680D46A3
:1045E0001646EFF721F93B68B0F904700390AF422B
:1045F0000FDCB0F90620964204460ADB4069B0F8A9
:1046000000E0E91B714504DAB0F802E0B21A724525
:104610000DDBD8683246446929461846A04704464F
:1046200003A8EFF735FA204604B0BDE8F081019306
:10463000B4F90880F0F770FDE268019B92B9000EB2
:10464000FF28E6D00399B1F90630B1F90400C7EBB1
:104650000807F21A07FB02222D1A2A4401EB8201F5
:104660000C6ADDE70028D4D0ECE700BFF0B50E4BB4
:104670001B6883B0186E0E461746EFF7D5F805464F
:1046800002A8B5F90620EB68B5F9044040F8045DCE
:10469000BF1A03FB07F31833341B03EB8404EFF753
:1046A000F7F9285903B0F0BD1401002070B582B0AD
:1046B00080680C46EFF7B8F802A9B0F90460B0F9C9
:1046C00006500289438941F8040D32442B44013AD3
:1046D000013B2680A2806580E3800846EFF7D8F989
:1046E00002B070BD006810B1C3681B6B18477047FB
:1046F00070B582B080680C46EFF796F802A9B0F961
:104700000460B0F906500289438941F8040D32442F
:104710002B44013A013B2680A2806580E380084655
:10472000EFF7B6F902B070BD2DE9F04F83B002ADDE
:104730000F4645F8040D28460092F3F793FC4FF01E
:104740000008344E82464446C346C14600283AD04B
:104750000A2838D0202841D0BAF1200F46D07168FD
:10476000326800290FDDB2F800E0864502F102034D
:1047700018BF02EB410104D127E033F8022B82423B
:1047800023D08B42F9D1F0F789FD8144B9458046A9
:104790000EDDBBF1000F0BD0009B002C08BF5C4668
:1047A00013B1C8EB09001860204603B0BDE8F08FD4
:1047B0002846F3F757FC0BF1010BBAF1000F08BFC5
:1047C00082460028C4D15C46E6E7F0F767FD8144E5
:1047D000B9450BF101048046EADDDAE7F0F75EFD4A
:1047E0008144B9455C468046E2DDD2E7F0F756FDEC
:1047F00081444F45804608DB2846F3F733FC0BF134
:1048000001025C4682469346A0E75C464FF0000AF0
:10481000BFE700BFB4C301202DE9F041154C646827
:104820001CB1A446BDE8F0416047884602F18041D2
:104830000139013A03FB02000F4FDFF840E008EBBB
:1048400081015B4200E0013A0488E50A04F01F0C94
:10485000C4F345167D5D17F80C401EF8066005EBA5
:10486000044404EB0624184441F80449002AEAD120
:10487000BDE8F081B0C00120240E0308E40D030858
:1048800010B4046841F8044B013A1844F9D15DF8BA
:10489000044B704738B50446F5F77CFD0546F5F73F
:1048A000AFFDA54203D918B150F8240038BD00204F
:1048B00038BD00BFF8B51A4D1A4EEB681A4A0446C7
:1048C00003F10801181D06F184072767D8639B636D
:1048D0001B6461615B7C52F82300C36804F108012A
:1048E0001B6B9847EB68114A6968626608330122BE
:1048F000E16163612276E276F8F782FA6FF0704345
:10490000032284F8682023636363A0643068F6F7A9
:10491000C7F8A868F6F7FEF8054B064A1A60F8BD16
:1049200008010020CCC001202CC501207CC0020859
:1049300038C50120D40A0308F0B585B016460C46E8
:104940000546EFF7BFF8836A01909A0705D5B4F9D9
:104950000410B4F90020914201DA05B0F0BDB4F9B9
:104960000210B4F906209142F7DC40F601021A4029
:10497000012AF2D02846EEF757FF02AF034602465F
:10498000214638460193F4F78BFDBDF90820BDF9A7
:104990000C309A4231DCBDF90A20BDF90E309A4242
:1049A0002BDC019A946A44F22003234053BBDFF8C6
:1049B00070E097E80300BEF800302643013302F1AF
:1049C000080484E80300AEF80030966200E01D465B
:1049D0002846EFF777F88369002BF8D10E4B1A6859
:1049E000954216D05B68AB420CBF022300230B4AF2
:1049F00011680B431360F2F789FF01A8EFF748F83D
:104A000005B0F0BD02F1080108463A46F2F764F934
:104A1000F3E70123EBE700BFE0D501208CD50120AF
:104A200090D50120704700BF2DE9F04FB5B00023AD
:104A30001D931C931E931F930690002800F017816E
:104A40008A4691464FF0030B0698EEF7EDFE4A4674
:104A500051460A90F2F76EF90A984A4608305146D4
:104A6000F2F768F90A9BDA691B6A07930AA81446E9
:104A70000592EFF70DF800232093219322932393BF
:104A8000002C00F0E3800598EEF7CEFE4A46514632
:104A90000B90F2F74FF90B984A4608305146F2F75F
:104AA00049F90B9BDA691B6A08930BA81446049218
:104AB000EEF7EEFF00232493259326932793002CF3
:104AC00000F0B3800498EEF7AFFE4A4651460C90D2
:104AD000F2F730F90C984A4608305146F2F72AF9B5
:104AE0000C9BDA691B6A09930CA814460292EEF734
:104AF000CFFF0023289329932A932B93002C00F0B7
:104B0000838054464D460298EEF78EFE2A46214693
:104B10000D90F2F70FF90D982A4608302146F2F76A
:104B200009F90D9B0DA8D3F81C901B6A0393EEF7AF
:104B3000AFFF00232C932D932E932F93B9F1000FE9
:104B400052D001934846EEF76FFE2A4621460E905A
:104B5000F2F7F0F80E982A4608302146F2F7EAF804
:104B60000E9B0EA8DE691B6A0093EEF791FF019B76
:104B700030933193329333931AAF36B33046EEF716
:104B800053FE2A4621460F90F2F7D4F80F982A4692
:104B900021460830F2F7CEF80F9BD3F81CA0D3F8CB
:104BA00020800FA8EEF774FF214650462A46FFF7F3
:104BB0003BFF304630A94646CDF8C0B033971A9433
:104BC0001B95FAF7E5FD002ED8D1484618AB2CA965
:104BD000CDF8B0B02F9318941995FAF7D9FDDDF8F8
:104BE0000090B9F1000FADD116AB02982B9328A914
:104BF000CDF8A0B016941795FAF7CAFD039B02935F
:104C0000002B80D1A246A94614AB0498279324A96F
:104C1000CDF890B0CDF850A0CDF85490FAF7B8FD8B
:104C2000099B0493002B7FF44DAF12AB059823939F
:104C300020A9CDF880B0CDF848A0CDF84C90FAF777
:104C4000A7FD089B0593002B7FF41DAF03231C9346
:104C50000698CDF840A010AB1CA91F93CDF8449046
:104C6000FAF796FD079B0693002B7FF4EDAE35B067
:104C7000BDE8F08FF8B50B4B0B4E00241D1D2146EF
:104C8000742228463768C3F88040B847336807481D
:104C9000214608229847064A0649074B1470CD6002
:104CA0001C60F8BDCCC00120600400202CC5012090
:104CB00027C50120080100200CC501200348044B32
:104CC000002140F8041B1B68282218476CC10120F2
:104CD00060040020034B044900220B604B609A647F
:104CE000DA647047B8C10120240100202DE9F041A9
:104CF0001A4D1B4BDFF894E0DFF894C019491A4AAB
:104D00001A4F1B4E00242C601A4DCCF80040CEF8F0
:104D1000004034600C604C6014605460214603F124
:104D20000C003C602E681C7018225C609C60B047D0
:104D3000114B124A1C6014605C6021462B681048BD
:104D4000102298472B680F482146102298472B685D
:104D50000D4821461022BDE8F0411847F0D501204A
:104D60005CC20120E8D50120D8D5012084D50120DE
:104D70007CD5012060040020E0D50120F8D5012079
:104D8000B8D50120A8D50120C8D501209CD5012087
:104D9000FCD5012010B5084C2068EEF729FB6068AF
:104DA000EEF726FBA068EEF723FB0023A360636009
:104DB0002360E360236110BD7CC3012010B5044C67
:104DC0002068EEF715FB034A00232360136010BD33
:104DD00050C50120BCC3012070B582B00C46064608
:104DE000EEF722FD02AB458E43F8080D1846EEF7AC
:104DF0004FFEE3685A7A2AB91A7A1AB1E8051FD524
:104E000002B070BD1989B1F5807FF9D1EA05F7D5F7
:104E10003046F7F711FA3046EEF706FD02AB846A2A
:104E200043F8040D058E1846EEF732FE2846F2F7D9
:104E300075FDA307E4D530460221F9F74BF8DFE70B
:104E40004FF480713046F7F7EFFA3046EEF7ECFC9E
:104E500002AB846A43F8040D1846EEF719FEA10769
:104E6000CED530460121F9F735F8C9E770B582B0E3
:104E70000C460646EEF7D8FC02AB458E43F8080D0B
:104E80001846EEF705FEE368002B37D01B7A1BB9F6
:104E9000E90519D402B070BDEC05FBD44FF4807164
:104EA0003046F7F7C1FA3046EEF7BEFC02AB846A33
:104EB00043F8040D1846EEF7EBFDA007EAD530469F
:104EC0000121F9F707F8E5E74FF480713046F7F76D
:104ED000B3F93046EEF7A8FC02AB846A43F8040D40
:104EE000058E1846EEF7D4FD2846F2F717FDA20707
:104EF000D0D530460221F8F7EDFFCBE74FF48071B3
:104F00003046F7F799F93046EEF78EFC02AB846A2B
:104F100043F8040D1846EEF7BBFDA307BAD530469B
:104F20000321F8F7D7FFB5E770B582B00C46054608
:104F3000EEF77AFC02AB468E43F8080D1846EEF702
:104F4000A7FDE3682BB11B7A0BB9F20501D402B0BF
:104F500070BD4FF480712846F7F76EF92846EEF7DA
:104F600063FC02AB846A43F8040D1846EEF790FD2B
:104F7000A307ECD528460321F8F7ACFF02B070BDBB
:104F80002DE9F0418AB00646EEF74EFC03460AA82A
:104F90009D6A40F8283D9C6DB3F83280EEF778FDAD
:104FA0003046F7F7EDFF07463046F7F7FFFF013FC2
:104FB0000023013815F01005089007970196069315
:104FC00005931DD118F4807F18D118F0010F14BF7C
:104FD0000123022303930523029301A8A04706237C
:104FE000029301A8A0471223029301A8A0470A2315
:104FF00001A80293A0470AB0BDE8F0810395EAE753
:1050000003230393E7E700BF2DE9F04F93B08146F8
:10501000EEF70AFCC26D416B976807910890046D2A
:10502000ECF77CFD019012A850F8283DB3F95860C8
:10503000EEF72EFD4846F7F7A3FF82464846F7F7FE
:10504000B5FF3B6801218046484698473B680321ED
:105050008346484698473B6800210546484698479E
:105060003B68009002214846984707460020CDF84B
:105070002490F9F7FFFD002853D09DE80C0013445D
:105080001E44C7EB08070AF1FF320293013E013BC1
:10509000013FC5EB0A050192049308F1FF320FAB03
:1050A000BE4205F1FF3503920DF1240805930DF181
:1050B000340A39DA06962E465D46DDF81CB0002724
:1050C000019B0F93039B10930B230A930E970D974D
:1050D0004046A047029B0E93069B10930E230A9313
:1050E0000D950F964046A047009A0E920523049A0C
:1050F0000A9310920D950F964046A047059A514687
:105100004846ECF743FD0220F2F7F6FB5846F2F76B
:10511000BDFB12230A934046A047F9F73FFC002845
:10512000CED113B0BDE8F08F06972F465D46DDF86F
:105130001CB00026019B0F93039B10930B230A9333
:105140000E960D964046A047029B0E93069B109329
:105150000E230A930D950F974046A047009A0E9292
:105160000523049A0A9310920D950F974046A04785
:10517000059A51464846ECF709FD0220F2F7BCFBC0
:105180005846F2F783FB12230A934046A047F9F7EB
:1051900005FC0028CED113B0BDE8F08F2DE9F04F0B
:1051A00093B00546EEF740FB044612A8E36C00936B
:1051B0001F4640F83C4D236E0193666CD4F868A0FE
:1051C000D4F85880EEF764FC3846EEF785FC07A962
:1051D00081462046F7F7A4F9C8F10004BDF91E2066
:1051E000BDF922300995B9F1000F0F940D940E927C
:1051F000ADF816201093ADF81A303DDD002512E011
:1052000012230A9309A8B047019BAB4205F101059F
:105210004AD00020F9F77EF90F9A0D9BD31A01337B
:10522000A9451C4429D029460098EEF769FC02469E
:1052300004A8D2F800B097680492EEF729FCAA45BA
:10524000CCBF414600210C440BEB0403013B05A8F5
:105250000F93ADF818300D94ADF81440F9F75AF9E2
:1052600005230B950A9309A8B047002FC8D0062341
:105270000A9309A8B047C3E72246BDF920309342FC
:105280000FDD05A80F93ADF818300D94ADF814405C
:10529000F9F740F90C230A9309A8B0470020F9F761
:1052A00039F913B0BDE8F08F02230A9309A8B0477B
:1052B000AFE700BF2DE9F04393B00546EEF7B4FA2F
:1052C00090F86820416B076E009002F00102069290
:1052D000D0F84C90F6F7F2FA0DF108080646684649
:1052E000EEF7D6FB06AB2846414611930B24F7F7A1
:1052F00077FDBDF90E30BDF90800BDF90A10BDF902
:105300000C2010930A940D900E910F92099509A804
:10531000B84798E8030004AC84E803000122214662
:105320002046F4F7E1F92046F9F7F4F8069B0995D1
:1053300005220A92002B53D0BDF90A300E93334454
:10534000BDF908201093BDF90C300D920F93002386
:10535000079309A8B847069B002B4DD0BDF90A302A
:10536000BDF908200D921E440136BDF90C20BDF98F
:105370000E300E960F9210930123079309A8B84799
:105380002846EEF751FA0090F6F74CFA0190002803
:1053900041D04846F2F77AFA9DE805004146F6F713
:1053A00045FA6846EEF774FBBDF90A10BDF90C200A
:1053B000BDF90E30019EBDF90840099512250E91E8
:1053C0000F92109309A808960A950D94B84701A862
:1053D000EEF75EFB0020F9F79DF813B0BDE8F0830F
:1053E000BDF908300D933344BDF90A200F93BDF980
:1053F0000E300E921093AAE7BDF90830BDF90A20CD
:105400000E921E440136BDF90C20BDF90E300D96EA
:105410000F921093B0E76846EEF73AFB0020F9F7D9
:1054200079F813B0BDE8F083F0B599B00646EEF711
:10543000FBF9438E826D01900546C3F3C00306A9B4
:1054400030462C6C04930592FAF752FE01A8EEF751
:105450001FFB284602A9F7F763F8069A079BBDF9D8
:105460000A70BDF90E501392082104A817901091EC
:1054700015930F96149716950FA8A047079A089BA7
:105480000132013B10211392159310910FA8A047F0
:10549000099A0A9B0132013B112113921593109135
:1054A0000FA8A0471321089A099B109113921593F6
:1054B0000FA8A0470A9A0B9B1392092115931091EC
:1054C0000FA8A0470B9B0C9A934206D001330C21E6
:1054D000139315920FA81091A04719B0F0BD00BF0B
:1054E0002DE9F04F97B00746EEF79EF90346039378
:1054F0005D8ED3F854901A6DB3F96010D3F85880CC
:105500009E6CDB6D0992C5F300240B9403A8C5F3D0
:10551000C004089101930C94EEF7BAFA384604A936
:10552000F7F75EFCC84518BFC8EB090CDDF83090F2
:1055300005F0010508BF4FF0010CB9F1000F00F0B4
:10554000BC80BDF91600BDF91220089B0999BDF970
:1055500014A0C2EB000B6FEA030EDE440029CDF865
:1055600028E0BDF9101017DADFF8ACB18BFB0E4B59
:105570004FEAEE7ECEEB6B0E0CF1010BF345CABF8A
:105580004FF00B0ECDF824B0CDF824E0C2EB000BA9
:10559000B9F1000F00F0BC80019C0BF1FF3BC3EBA5
:1055A0000B0BC8EB0404013204FB0BF4013194FB38
:1055B000FCFC0CEB0204013823440DF1200E0AF12F
:1055C000FF3A1490ADF81E0003F1FF3806A80F2330
:1055D0001292ADF81A200E931191ADF81810CDF873
:1055E00054E0CDF84CA0ADF81CA00D97F8F792FF51
:1055F0000DA8B0470020F8F78DFF0C9B13220E92E8
:10560000002B7ED012942146139B119CCDF8508024
:10561000424606A8ADF81A10ADF81C30ADF81E20B1
:10562000ADF81840F8F776FF0DA8B0470020F8F75E
:1056300071FFBDF91200BDF91610BDF91020BDF9BA
:105640001430013001390132013B1290ADF81A00DB
:10565000142406A81491ADF81E101192ADF818206C
:105660001393ADF81C300E94F8F754FF0DA8B04713
:105670000020F8F74FFFEDB1BDF91610BDF910206D
:10568000BDF91430BDF91240149106A80A25ADF8F1
:105690001E101192ADF818201393ADF81C300E9522
:1056A0001294ADF81A40F8F735FF0DA8B047002066
:1056B000F8F730FF17B0BDE8F08FBDF914A0BDF9C1
:1056C0001010089B099ABDF91600C1EB0A0B6FEA8E
:1056D000030EDE44002ACDF828E0BDF91220FFF6C3
:1056E00043AF019C0BF1FF3BC3EB0B0BC8EB040476
:1056F000013104FB0BF4013294FBFCFC0CEB0104C4
:1057000059E71299149A1194CDF84C80434680E7DA
:10571000C1EB0A0BE5E700BF676666662DE9F0435B
:10572000294D2B6883B00646986CEEF77DF8009003
:105730003046EEF779F80146009801910830F1F70C
:1057400001FC50B904466846EEF7A2F901A8EEF74D
:105750009FF9204603B0BDE8F08302AC019954F8EC
:10576000082D2B68194FD3F84C90D3F8508008328D
:1057700001F10800F3F794FE2046EEF789F902A83C
:105780002B6850F8042D3E60B2F90010B2F90220E7
:105790001A65D964EEF77CF93046EEF793F9816A21
:1057A0000B4A0C4B11F4803F08BF13463046984714
:1057B00001242B6800222046C3F84C90C3F8508087
:1057C0003A6003B0BDE8F08314010020F0D5012059
:1057D000B5F500085D5D00082DE9F04782B005468B
:1057E000EEF722F8836A01909B0724D5C66916B3A9
:1057F00001AC04E01E6A6846EEF74AF9AEB13046E5
:10580000EEF712F8826A009002F00302032A0346C0
:10581000F0D101990831F1F795FB98B9009B1E6A08
:105820006846EEF735F9002EE9D12046EEF730F95B
:1058300002B0BDE8F08701AC2046EEF729F902B0CE
:10584000BDE8F087019B2046B3F90890B3F90A80C0
:10585000B3F90C70B3F90EA0EEF71AF96846EEF73B
:1058600017F93046FFF75AFF88B92846EDF7DCFFF5
:1058700001903046EDF7D8FF019A00900346A2F858
:105880000890A2F80A809781A2F80EA0B2E73046ED
:10589000EEF718F900903046FFF79EFF3046EEF71E
:1058A00011F900902846EEF70DF90190DDE700BFF1
:1058B000F0B5CA6889B00C460791002A2CD091F93E
:1058C0003030012B31D0CB69276A42C903F18043C4
:1058D000013B01EB8303636005680436002D2BD088
:1058E00011463046A269F2F75BFD0021E368D5F866
:1058F0000CE0E26A05910491039661690291A16945
:1059000001910121009128463946DEF80450A8474C
:10591000079B0022E2601C46A46807A8EEF7B8F8CF
:105920002046EDF74BFD09B0F0BD0E688F6A334697
:1059300063600568002DD3D12346EAE72DE9F04FD7
:10594000DFF8A481D8F83830D8F80C7093E86000FC
:10595000013F83B083461F44C14635B133449F4263
:1059600006D993E86000002DF8D199198F4203D829
:10597000012003B0BDE8F08F9D594C6855B1D8F8AF
:10598000342012F83500012802EBC50205D0264666
:105990000B46E2E726460B46E7E7D9F8B800D9F808
:1059A0002CA0B04276D9D9F8B000B04275D9D9F858
:1059B000A800B04274D9D9F8A000B04273D9D9F880
:1059C0009800864278D2D9F89000864277D2D8F8EB
:1059D000880086426AD2D9F88000864269D2D9F816
:1059E0007800864274D2D9F87000864273D2D9F812
:1059F0006800864272D2D9F86000864262D2D9F835
:105A00005800864261D2D9F85000864269D2D9F84E
:105A1000480086421FD2D9F84000864231D25360F6
:105A200018462246EAF7FDFB554503460BD01C44B9
:105A300030462146F9F7F4FFBBF1000F01D058457D
:105A400007D223468BE7D8F83420921BC8F83420BD
:105A5000EDE700208DE701200190D8F80000D3F891
:105A600008E0D3F80CC0801BC8F80000BEF1000F9E
:105A700001D0CEF804C0BCF1000F05D0CCF800E096
:105A8000CDE700200190E8E7019808EBC000C0F8DE
:105A900044E0C4E70F200190DFE70E200190DCE72F
:105AA0000D200190D9E70C200190D6E70920019044
:105AB000D3E708200190D0E70B200190CDE70A2022
:105AC0000190CAE704200190C7E703200190C4E7D2
:105AD00007200190C1E706200190BEE70520019054
:105AE000BBE702200190B8E74CC401202DE9F04F3C
:105AF00099B0059010B919B0BDE8F08F924699465B
:105B00008B46EDF791FE836A0F909A0740F1188259
:105B1000B0F900309A45C0F21382B0F904309A45CA
:105B200000F30E82B0F902309945C0F20982B0F953
:105B30000630994500F30482C3690893002B00F0F6
:105B4000F1815B4500F0EE81059B08980D93EDF720
:105B50006BFE836A10909B0740F1D681B0F900304C
:105B60009A45C0F2D181B0F904309A4500F3CC8156
:105B7000B0F902309945C0F2C781B0F906309945B5
:105B800000F3C281C3690993002B00F0D0819B45CB
:105B900000F0CD81089B05930998EDF745FE836AD7
:105BA00011909F0740F1A381B0F900309A45C0F2EF
:105BB0009E81B0F904309A4500F39981B0F9023022
:105BC0009945C0F29481B0F90630994500F38F8170
:105BD000C3690A93002B00F0BB819B4500F0B8819C
:105BE000099B0B930A98EDF71FFE836A12909E079C
:105BF00040F17681B0F900309A45C0F27181B0F978
:105C000004309A4500F36C81B0F902309945C0F236
:105C10006781B0F90630994500F36281C369069344
:105C2000002B00F098819B4500F095810A9B0C9316
:105C30000698EDF7F9FD836A13909D0740F14981BD
:105C4000B0F900309A45C0F24481B0F904309A4569
:105C500000F33F81B0F902309945C0F23A81B0F9C2
:105C60000630994500F33581C3690393002B00F09A
:105C70006C819B4500F06981069B07930398EDF7C3
:105C8000D3FD836A14909C0740F11D81B0F9003068
:105C90009A45C0F21881B0F904309A4500F3138197
:105CA000B0F902309945C0F20E81B0F9063099453D
:105CB00000F30981C3690193002B00F015819B4516
:105CC00000F01281039B04930198EDF7ADFD836A08
:105CD0001590990740F1F180B0F900309A45C0F273
:105CE000EC80B0F904309A4500F3E780B0F9023057
:105CF0009945C0F2E280B0F90630994500F3DD80A5
:105D0000C769002F00F0E980BB4500F0E680019BE9
:105D100002933846EDF788FD836A16909A0740F1A2
:105D2000C880B0F900309A45C0F2C380B0F90430A1
:105D30009A4500F3BE80B0F902309945C0F2B980AF
:105D4000B0F90630994500F3B480C669002E00F022
:105D5000BE80B34518BFB84600F0B9803046EDF7B5
:105D600063FD836A17909B0740F19F80B0F9003074
:105D70009A45C0F29A80B0F904309A4500F39580B4
:105D8000B0F902309945C0F29080B0F906309945DB
:105D900000F38B80C469002C00F09380A34518BFEA
:105DA000354602D18DE0A3450ED04B4652465946AA
:105DB0002046FFF79BFE002818BF05462046EDF75A
:105DC00081FE046A002CEED117A8EDF761FE002DCC
:105DD00018BFA8463046EDF775FE066A0EB1B3450A
:105DE000BCD116A8EDF754FE029BB8F1000F18BF06
:105DF000434602933846EDF765FE076A0FB1BB458F
:105E000087D115A8EDF744FE029A04991346002A9B
:105E100008BF0B4604930198EDF754FE036A019303
:105E200013B19B457FF450AF14A8EDF731FE049AEF
:105E300007991346002A08BF0B4607930398EDF70E
:105E400041FE036A039313B19B457FF417AF13A878
:105E5000EDF71EFE0C99079A002A08BF0A460C921D
:105E60000698EDF72FFE036A069313B19B457FF466
:105E7000DFAE12A8EDF70CFE0B990C9A002A08BFB2
:105E80000A460B920A98EDF71DFE036A0A9313B1B6
:105E90009B457FF4A7AE11A8EDF7FAFD05990B9A83
:105EA000002A08BF0A46059224E017A8EDF7F0FD86
:105EB00090E716A8EDF7ECFD9CE715A8EDF7E8FDD7
:105EC000A9E7354680E714A8EDF7E2FDB6E7B84646
:105ED00087E713A8EDF7DCFDC2E7019B029390E78B
:105EE00012A8EDF7D5FDCDE7039B04939CE711A81D
:105EF000EDF7CEFD0998EDF7E5FD036A0993C3B10F
:105F00009B457FF449AE14E010A8EDF7C1FD0D9B51
:105F100005930898EDF7D6FD036A089313B19B45E6
:105F20007FF412AE0FA8EDF7B3FD0598E3E5089BEB
:105F3000059310A8EDF7ACFD059B002BE9D1E6E732
:105F40000FA8EDF7A5FD0020D5E5069B07937EE79A
:105F5000099B0B939FE70A9B0C938AE738B50B4C80
:105F60002268516B81420DD0557C0949506351F82C
:105F700025301B691B68984723681A7C520702D496
:105F80009B6B186038BDDB6B186038BD14010020B6
:105F90002CC501202DE9F04786B00E460E9C656A9F
:105FA0008D420746904640D0E16869B394F93020AD
:105FB000012A4DD0E26925686068D4F8209002F18A
:105FC0008042013A05EB8202051D6260D3F800A011
:105FD000BAF1000F19D0A2692846F2F7E1F9D4F816
:105FE00014C0DAF80CE0A069E3680395002205927A
:105FF00004920121CDF808C0E26A01900091504658
:106000004946DEF80450A8476268C2F8008094F957
:10601000303002EB830262600123A762E662E36034
:106020002762666206B0BDE8F08794F93010226AF4
:106030000A448242B8D16368E268C3F8008094F9E8
:10604000301003EB81036360531C002AE7D1E4E7BF
:106050002568D4F828902A46B7E700BF38B50B4C1E
:106060002268116B81420DD0557C0949106351F8AB
:1060700025301B691B68984723681A7C520702D495
:10608000DB6B186038BD9B6B186038BD14010020B5
:106090002CC501200A4B1B681A7C82EA00014907C3
:1060A0000AD570B4D96B9C6B0E68256826600D60AC
:1060B000187470BC1046704718741046704700BFC3
:1060C00014010020006810B1C3681B6A18477047AC
:1060D000006810B1C3681B6A184770470068C3683E
:1060E0001B6A18472DE9F0411D460F4690460646AB
:1060F000F4F796F90B4C0146424623682846984728
:10610000F3F7C4FE084A094B1268527C53F8224048
:10611000E568AD6903463A4631462046AC46BDE8DF
:10612000F041604754040020140100202CC50120D8
:106130002DE9F0431B4C206883B0006E0F4690465B
:106140009946EDF771FB23680090186EEDF76CFB34
:1061500002AEB0F90620C168B0F9044046F8040D5B
:10616000C2EB080201FB02F2054618323C1B304626
:1061700002EB4404EDF78CFC009B25F80490586971
:1061800050B1EDF751FB01908368424639461B68D8
:1061900098473046EDF77CFC6846EDF779FC03B094
:1061A000BDE8F083140100202DE9F043064685B0D8
:1061B00080680C4615461F46EDF736FBB0F90480A3
:1061C00036680390A04510DCB0F9062095420346DE
:1061D0000BDB4069B0F800E0C8EB0401714504DA5C
:1061E000B0F802E0AA1A72450CDBF06821463B4683
:1061F00084692A463046A04703A8EDF749FC05B05C
:10620000BDE8F083B3F908900193EEF785FF019B99
:10621000DB68002B40D1000EFF28E6D00398B0F9D0
:106220000630B0F90410EA1AC8EB090808FB02228C
:10623000611A0A4400EB82021762C368002BDBD1AB
:106240000368DFF860809B6958F823301B69384683
:106250005B689847039BB3F90620B3F9041007461F
:10626000AA1A5869611AEEF757FF030EC4D00C4BF7
:106270003946FF221B689847039B1B689B6958F8A7
:1062800023301B691B689847F768034621462A4656
:10629000BC693046A047AFE70028A6D0BEE700BFE4
:1062A000540400202CC501202DE9F0431B4C20682C
:1062B00083B0006E0F4690469946EDF7B5FA236815
:1062C0000090186EEDF7B0FAB0F90620C168B0F989
:1062D000044002AEC2EB080201FB02F246F8040DD4
:1062E00018323C1B054602EB84043046EDF7D0FB28
:1062F00045F80490009B586950B1EDF795FA01906C
:106300008368424639461B6898473046EDF7C0FB24
:106310006846EDF7BDFB03B0BDE8F0831401002033
:106320002DE9F04F93B0EDF77FFA036803931A4617
:106330009A4B92691B680792597C08910D468169B6
:106340000A91AA42C1690D9004460B9100F0A981FF
:106350005A7400F114010122D0F814B0FAF792F83F
:1063600004F1200305900693002800F0BF81039EEE
:106370000D9CB2698A4D231D93E80300AD5600239E
:106380006361012D0EAC84E8030040F3E280104607
:10639000ADF84230ADF84030F4F7EAF8431EB0698A
:1063A000ADF84430F4F72AF910AB0138ADF84600E7
:1063B000194620460493F3F755F80D9BD86800283A
:1063C00040F0D780BDF93A20BDF93E1004928A42D0
:1063D00000F33681BDF93C200498BDF93880B3F94B
:1063E00006A09045CAEB000A40F3858053E1B4F95A
:1063F00008304345C0F29980B4F9063004998B42C5
:1064000000F39380B4F90A208A42C0F28E8060695A
:10641000002800F08A80CB1AC9EB08091A464946C1
:106420000993EEF779FE000EFF28099B7DD0B4F9A1
:106430000820B4F90410521A02FB03334B4404EB56
:106440008304206A2860002F7BD00D9CB4F904508F
:10645000454500F31081B4F908304345C0F20B8183
:10646000B4F9067004998F4200F30581B4F90A303B
:106470008B42C0F200816069002800F0FC80CF1BD5
:10648000C5EB08053A462946EEF746FE000EFF2802
:1064900000F0F180B4F90830B4F904209B1A03FB32
:1064A00007772F4404EB8704206A20F07F403D4AA1
:1064B000079C52F824301B695B6898473A4B20F0E0
:1064C0007F411B68FF2230469847364A52F82430F5
:1064D0001B691B689847059B00930246039B049920
:1064E0004046FFF757FDBDF93C200D9B08F1010820
:1064F0004245C0F2CD80B3F90450C5EB08052946EA
:1065000052465846EEF708FE070EFF2F0646EAD021
:106510000D9CBBF80030B4F904900AFB0355069BB0
:10652000C14503EB85057FF762AF039B1868002820
:1065300088D0C368049A5B69414698472860002F59
:1065400083D1184B079A53F8223026F07F401B69FD
:10655000BFE7F36810AA1B6B0492114630469847B8
:1065600020460499F2F77EFF0D9BD86800283FF47F
:1065700029AFEDF759F9BDF93A70BDF93E10109009
:106580008F4259DCBDF93C300D9ABDF93850B2F953
:1065900006A09D42CAEB070A0EDD4AE01401002066
:1065A00028C501202CC5012054040020BDF93C3031
:1065B0000135AB423BDB0D9AB2F90460AE1B3146AC
:1065C00052465846EEF7A8FD04460028EED00D9B33
:1065D000BBF80020B3F904800AFB0266069AA845BE
:1065E00002EB86060BDCB3F90820AA4207DBB3F9FD
:1065F0000690B94503DCB3F90A20BA425DDA039B81
:10660000186820B1C3683A465B6929469847109BD1
:10661000306053F82420059B00932846039B39469D
:10662000FFF7B8FCBDF93C300135AB42C3DABDF928
:106630003E100137B942A7DA0498EDF729FA0D9B0D
:1066400018680599FFF734F90D9B089AC3F814B040
:10665000079B934204D0294B9DF820201B685A7455
:106660000DA8EDF715FA0A9B13B10B980021984776
:1066700013B0BDE8F08F039B186800283FF417AFF4
:10668000C368049A5B694146984720F07F400EE753
:10669000BDF93E100498013081420490BFF69DAED2
:1066A000CEE70146012251F814BFF9F7EBFE059041
:1066B00000BB0D9BC3F814B0D2E7C8EB0508C9EBCB
:1066C0000709586909934A464146EEF725FD099B9B
:1066D000002894D0B3F90820B3F90410521A02FB31
:1066E0000999C14403EB8903186A90E70D9BC3F82D
:1066F00014B0B0E704F12003069338E6140100203B
:106700002DE9F04F93B0EDF78FF803680993194620
:106710007E4B8A691B6807905C7C0A92A2420B94AC
:106720000D9001D05A748A69079D794CD5F8148070
:106730002B46043393E80300A3560EAC012B84E8E8
:10674000030040F3DB8000231046ADF84230ADF883
:106750004030F3F70DFF099A431E9069ADF84430BD
:10676000F3F74CFF0138ADF8460010AD204629463E
:10677000F2F778FE0D98012200F11401F9F782FE7C
:106780000446002800F09280BDF93A70BDF93E1031
:106790000D9B8F4200F38680BDF93C20BDF9385037
:1067A000B3F906609542A7EB060660DD76E0000EC1
:1067B000FF2857D0B8F80020636A06FB0299079AB1
:1067C00002EB8909BB42D9F820A006D194F9302008
:1067D000236A1344AB4200F08480E168002979D039
:1067E00094F93030012B77D0E0692268236A00F1F8
:1067F0008040013802EB8002606800F104090893D0
:10680000099B6260D3F800B0BBF1000F1CD0A269F5
:106810004846F1F7C5FD0023E068DBF80CE0E26ACA
:1068200005930493CDF80C90616902910123A1694D
:106830000093089B0191DEF80490194603465846E0
:10684000C8476268DDF834E0C2F800A094F930006F
:1068500002EB800262600123A562E762E3602562C9
:1068600067627346BDF93C200135AA4214DBB3F9D7
:106870000490C9EB0509324649464046EEF74CFC08
:106880000D9BDA689E46002A91D0002892D1BDF96E
:106890003C200135AA42EADABDF93E100137B9427F
:1068A000BFF67CAF21461868FFF702F80D9A93698E
:1068B00013B1D069012198470DA8EDF7E9F80A9BBB
:1068C0000B9A1946914202D0104B1B685A7413B0B0
:1068D000BDE8F08F6268B7E7D4F80090A36A4A4633
:1068E0008DE76368E268C3F800A094F9301003EB09
:1068F00081036360531C002AB0D1ADE70998C368D7
:1069000010AD1B6B2946984730E700BF14010020EB
:1069100028C501202DE9F0431E4C236883B0814631
:10692000186E0F469046ECF77FFF23680090186EB4
:10693000ECF77AFF02AEB0F90630C268B0F9044055
:1069400046F8040DC3EB080302FB03F305461833B6
:106950003C1B304603EB4404EDF79AF8D9F81030AD
:106960009B689847009A2B5B5269584028535AB14C
:106970001046ECF759FF01908368424639461B6880
:1069800098473046EDF784F86846EDF781F803B094
:10699000BDE8F083140100202DE9F047074682B0DE
:1069A00080680D461646ECF73FFFB0F904903F684B
:1069B0000190A9450EDCB0F906209642044609DB99
:1069C00040690388C9EB0501994203DA4388B21A8A
:1069D0009A420BDBFB6832462946DB69384698470A
:1069E00001A8EDF755F802B0BDE8F087B4F908A0AA
:1069F000EEF792FBE368002B4CD1000EFF28E9D0A4
:106A0000DDF804803B69B8F906109A68B8F90430DB
:106A1000741AC9EB0A09EB1A09FB04441C44A400CC
:106A20002034904758F80430019A584048F8040040
:106A3000D368002BD4D1B2F90630B2F904105069F2
:106A4000691AF21AEEF768FB030E8146C8D0019B63
:106A5000DFF84CA01B6858F804009B695AF82330F3
:106A60001B695B6898470D4B20F07F41FF221B6834
:106A700048469847019B1B689B695AF823301B695D
:106A80001B689847FC68034632462946A469384685
:106A9000A047A5E700289DD0B2E700BF540400201E
:106AA0002CC501202DE9F0411E4C236882B0186EE0
:106AB0000F469046ECF7B8FE23680090186EECF78E
:106AC000B3FE02AEB0F90630C268B0F9044046F831
:106AD000040DC3EB080302FB03F3054618333C1B0C
:106AE000304603EB8404ECF7D3FF009B1B681B6963
:106AF0009B6898472B59009A58402851506950B1CB
:106B0000ECF792FE01908368424639461B6898472D
:106B10003046ECF7BDFF6846ECF7BAFF02B0BDE8BF
:106B2000F08100BF140100202DE9F04387B00F462B
:106B3000ECF77AFE06ABD0F81C9043F8140D18461B
:106B4000ECF7A6FFB9F1000F42D000254FF0150871
:106B5000484602A9039504950595CDF80880F7F7F6
:106B60000DFB059B9F42484616D0ECF7ABFFC4696E
:106B700024B914E0ECF7A6FF046A84B1204602A908
:106B8000039504950595CDF80880F7F7F7FA059B6E
:106B90009F422046EED1204607B0BDE8F08348462C
:106BA000ECF790FFC6695EB139463046FDF7A2FBAF
:106BB0000028F1D13046ECF785FF066A002EF3D1AC
:106BC0004846ECF77FFFD0F82090B9F1000FBFD115
:106BD000002007B0BDE8F08303680E2B34D00F2BE4
:106BE00010B5044616D1264A436811688B4245D039
:106BF0005268934214BF4FF0FF330123214A52F8E9
:106C000023006FF0704398421BD0F0F729FEEDF798
:106C100059F9236860680E3B1A2B12D8DFE803F09D
:106C20001911111111110E11111E11111111111142
:106C3000111111112011111111112400E168F7F740
:106C400057FE0023E36010BDC3685A68012A12D0C2
:106C500070472146BDE81040F7F796BAE06010BDD6
:106C60006FF07043E36010BD0028ECD00021BDE858
:106C70001040F6F72FBD1868F0F750BE0023BDE7AF
:106C8000E0D50120A0D50120F6F78EBD2DE9F04713
:106C9000194D2B6882B08146986CECF7C5FD2A68C7
:106CA00002AC0832034644F8040D92E8030003F1F5
:106CB0000802B3F908A0B3F90A80B3F90C70B3F96C
:106CC0000E6082E803002046ECF7E2FED9F80000EF
:106CD000F8F7CCFC2B68986CECF7A6FD0346204631
:106CE000A3F808A0A3F80A809F81DE810193ECF746
:106CF000CFFE02B0BDE8F087140100202DE9F0417D
:106D00003E4E3F4F31684B7C57F82300C36884B038
:106D100008311B6B9847F3F747FD044600285CD108
:106D200005462846EDF798FA0C21034601350DEB90
:106D30000100039343B1DB685B6A98470346002870
:106D40005AD0039898470443022DEAD1002C44D12D
:106D5000F3F74AFD2B4B1A686FF070439A4238D014
:106D6000294D01242046EDF777FA03460393204688
:106D7000013C63B3F0F75AFD2B6804209B689847E9
:106D80003068B0F90C30B0F9081043F6FF7C634569
:106D900021EAE171A8BF63468B420ADBB0F90EE03D
:106DA000B0F90A20E64522EAE272A8BFE646964517
:106DB00017DA2B6800209B689847039BDB680E213D
:106DC0005B6A03A89847034608B103989847631C79
:106DD000C8D1002004B0BDE8F081204604B0BDE871
:106DE000F081407C57F82000D0F80CC0CDF800E0CE
:106DF000DCF81080C047DCE70120EFE71401002039
:106E00002CC50120CCC001206C040020FEE7704797
:106E1000012000F03FBD042000F03CBD082000F040
:106E200039BD102000F036BDFEB514460D460746AC
:106E30006426CDE9005401233A46A1210348029675
:106E400000F006FF0028F4D1FEBD00006CBF012059
:106E50002DE9FE43642614460D46804601270FE0C7
:106E6000CDE9005701234246A0210848029600F0D0
:106E7000EBFF0028F4D108F101001FFA80F86D1C27
:106E8000641EA4B2ECD2BDE8FE8300006CBF0120FA
:106E90007047000070B5B3F5804F05D06FF07041BA
:106EA00040F82210002070BD50F82240084B8E8917
:106EB0001C40D1E9003543EA05138D6889692D022C
:106EC00045EA06452B430B43234340F82230E9E7CC
:106ED0000000F0CFF0B50C6850F82430114A134090
:106EE000D1E90125D1E903672A433E4332434E6984
:106EF00032438E693243CE6932430E6A32434E6A60
:106F000032438E6A3243CE6A3243CE6B096B3243D0
:106F10000A431A43082D01D142F0400240F82420D0
:106F20000020F0BD8000F0FF30B500EB8202506819
:106F30008D8900F04043D1E9000440EA04108C68D8
:106F4000240244EA054420430C8A074D05EB04540F
:106F500020430C7D6D0105EB0464896920430843DF
:106F600018435060002030BD0000F0FF30B5002312
:106F700000E05B1CC25C002AFBD10124224603E036
:106F800004EB84046400521CB1FBF4F50A2DF7D223
:106F9000002403440A209C540BE000BFB1FBF0F432
:106FA00000FB1414B1FBF0F19D18303405F8014CCE
:106FB000521E002AF2D130BD10B50022134600E067
:106FC000521C845C002CFBD102E08454521C5B1CDC
:106FD000CC5C002CF9D10021815410BD10B5084CB7
:106FE00002E00A20EDF792F9606A0128F9D0A06A60
:106FF00001284FF0000001D1A062012010BD000067
:10700000D0000020024800214162C1610162704746
:10701000D000002003490160012141600D21018160
:1070200070470000FC0000202DE9F0471F4F044688
:107030004FF4047949467868F5F7F8FE8046642CE9
:1070400005DD49467868F5F7F1FEF7F7A1FA00216A
:107050004046F4F7FBF9224600214046F4F7C4F914
:10706000EEF776F94FEA000600F032F8851B642C43
:1070700006DD29464046F4F7E9F94046F6F794FB69
:107080000520EDF743F9FFF7A9FFA54201D200283B
:10709000EAD0642C07DD49467868F5F7C7FEBDE8FD
:1070A000F047F6F74BBABDE8F0870000D0000020AB
:1070B0000148406900470000D000002003490989C9
:1070C000014201D00120704700207047A4C0012078
:1070D00010B5054C606A08B1206A10BDEEF738F9AA
:1070E000E169401A10BD0000D00000202DE9F041F8
:1070F00088B0202238496846E9F793F8F3F71CFA7C
:107100000546F3F75FFA04466E08FFF7D1FF022049
:10711000F0F7F2FB6FF07F484046F0F7A3FB2F48F3
:10712000F0F7B4FBC4F3191231462DA0EDF7B4F912
:107130002D48F0F7ABFB04EB440000EBC4008209E0
:1071400031462AA0EDF7A8F93648F0F78BFB162058
:1071500004FB00F7BA09314633A0EDF79DF93C482E
:10716000F0F794FB122000EB9712314639A0EDF7AF
:1071700093F94046F0F776FB1B48F0F787FBEEF7F4
:10718000E9F801466846E9F77FF8C4EB4410820944
:1071900031466846EDF780F926206043820935487C
:1071A0000088281A41083348EDF782FA4046F0F784
:1071B00059FB0A48F0F76AFBC4EBC400C0F3D902DC
:1071C00031462DA0EDF768F941F28830FFF72CFF2A
:1071D00008B0BDE8F0810000883A0208D0580208E3
:1071E000656D57696E0000006C6B0208556E69761C
:1071F000657273616C206772617068696320736F78
:107200006674776172650A666F7220656D62656487
:10721000646564206170706C69636174696F6E731A
:1072200000000000FF882200416E79204350552065
:107230002D20416E7920446973706C6179202D2076
:10724000416E79204170706C69636174696F6E0082
:1072500028CD0208436F6D70696C6564204F6374BC
:1072600020313420323032342032303A35373A331C
:1072700032000000E49502087777772E7365676720
:1072800065722E636F6D00008CB027492748EEF7BA
:1072900075FEF5F7B5FD2649F6F788FFE9F746FED6
:1072A00000216846EAF774FA0024214668460594EE
:1072B000EAF704FB01216846EAF76AFA0121684609
:1072C0000594EAF7FBFA1B48EAF7A4FA1A48F4F720
:1072D00065F81A48E9F718FE1948F4F727FC194829
:1072E000F4F76AFE1848F2F791FD0220F0F704FB6C
:1072F0001648FFF78FFEF3F717F80B4C103C1028D9
:107300000FDB0420FFF7DAFE58B1ECF779FAB0F59D
:10731000001F01D90E4800E00E48606103F0BAF882
:10732000FCE70D48F9E70000E0000020D1A70108C4
:1073300099A701086DA30108CDB10008810C0008D0
:1073400029B9000889BB00082D9B0008A4C00120B2
:10735000919F0108559F010879A0010810B50820E8
:10736000FFF7ACFE002803D0BDE81040ECF758BD95
:1073700010BD7047704700001CB50E4C214694F8B4
:107380004400496800064FF000000DD48847A08EE5
:1073900000040CD501A9684609F04CFABDF80000BC
:1073A000A0F6FF7040421CBD8847A0891CBD00208C
:1073B0001CBD0000100000201CB50B4C94F84400CC
:1073C00000060CD4616800208847A08E000408D510
:1073D000694601A809F02EFABDF800001CBD208CFA
:1073E0001CBD00201CBD00001000002010B54FF493
:1073F000A0442146022008F01DFB2146EBF7D6FFF2
:10740000BDE810400148F0F739BA0000FCED020871
:1074100003490A6810440A68821A002AFBDC704794
:10742000CC0000200148006870470000CC0000201C
:10743000704710B5040002D0607910B106E0012059
:1074400010BD00202071204600F004F8012060717A
:10745000002010BD08B500680649884208D10648DA
:10746000016841F480510160006800F48050009090
:1074700008BD0000003002403038024080B204F005
:1074800049B900002DE9F04387B014216846E8F7B8
:10749000F0FE26480168002945D1012404602448F3
:1074A0008946016841F0010101600068022500F091
:1074B000010005904FF23B00CDE9000502AA03262A
:1074C0000C27DFF8708082E8D0006946404600F063
:1074D000EDF904208DE8210269464046CDE90367B5
:1074E00000F0E4F941F23F40CDE9000502AA694607
:1074F00082E8D000104800F0D9F94FF68370CDE94A
:10750000000502AA694682E8D0000C4800F0CEF9D6
:107510004FF63370CDE9000502AA694682E8D00033
:10752000074800F0C3F907B0BDE8F083B4000020BD
:107530003838024000140240001802400010024097
:10754000000C02402DE9FE4307460A20FFF796FF94
:10755000012F7DD01025634C1F26042F63D0082FE8
:107560002FD0102F75D160A003F0CCF80120E0706F
:10757000644C94F84400FF280DD163A003F0C2F8D6
:10758000F00267A10095CDE901101023C822AA21BD
:107590000A2007F0D1FE4FF47A7004F0BBF807F030
:1075A0008BFF94F84400000606D563A003F0AAF808
:1075B000BDE8FE4303F080BF64A003F0A3F808F029
:1075C000FBFB67A003F09EF86CA003F09BF8E1685A
:1075D00010227048643908F025FB6FA003F092F880
:1075E00074A003F08FF8E16810226A48643908F04B
:1075F00085FA684975A003F085F87BA0CDE90050B5
:107600004FF4A5741023E622214602961E2007F0AF
:1076100093FE60481023CDE90050D1222146029606
:107620004FF4877052E078A003F06CF84FF40061DB
:10763000207808F0FFF92061A0B194F90120511CD5
:1076400061707AA103F06EF810232069D12201E065
:1076500040E03DE0CDE900504FF4AF7102961E20AE
:1076600007F06AFE4B4877A11030226903F05AF800
:10767000484F10231037CDE90057D1224FF4B9718C
:107680001E20029607F058FE72A0CDE900504FF47C
:10769000C3781023C822414602961E2007F04CFEF4
:1076A000022008F0A1F90A21B0FBF1F201FB12035C
:1076B000B0FBF1F2E0806BA1384603F033F8CDE97E
:1076C00000571023C82241468E20029607F034FE50
:1076D000BDE8FE8366A003F015F8BDE8FE4304F0A4
:1076E00039B80000800000204B6579302070726549
:1076F00073732C205465737420546F756368210A6A
:107700000000000010000020546869732069732095
:107710006374702073637265656E210A0000000057
:107720005072657373204B45593020746F2041644B
:107730006A757374000000005468697320697320CF
:107740006374702074657374210A0000546869734F
:10775000206973207274702074657374210A0000AC
:107760004B6579312070726573732C205465737486
:10777000206E6F72666C617368210A0053746172C7
:10778000742077726974652057323551313238214F
:10779000200A000040BE01207772697465205732CC
:1077A00035513132382066696E697368656421200D
:1077B0000A0000005374617274207265616420577E
:1077C000323551313238210A00000000726561649F
:1077D00020736F6D657468696E67206C696B653ABC
:1077E0002025730A000000004E6F72666C6173689A
:1077F000207265616420736F6D657468696E6720BF
:107800006C696B653A2000006B6579322070726597
:1078100073732C205352414D207374617274206D28
:10782000616C6C6F6321200A000000004D656D6F74
:107830007279204D616C6C6F6320546573742530D0
:10784000336400005020416464723A305825303867
:10785000580000005352414D4558202020555345B3
:10786000443A000025642E253031642525000000AF
:107870004B65795F75702070726573732C20656D30
:1078800057696E20676574206C6F636174696F6EF1
:1078900021200A00044910B50A68024202D008609B
:1078A000FFF750FE10BD0000143C01402DE9F84FD9
:1078B000DFF8B8A1002201250AF1040B03264FF0DE
:1078C0000F090BF1040E00BF0B6805FA02F4234008
:1078D000A3426FD10F7907F00307012F01D0022FC8
:1078E00016D187684FEA420806FA08FC27EA0C0717
:1078F000D1F80CC00CFA08FC4CEA070CC0F808C020
:107900004768A7430C79C4F3001494403C43446097
:107910000C79E443A4070AD0C4684FEA420C06FA83
:107920000CF7BC438F6807FA0CF72743C7600C7944
:1079300004F00304022C12D1D40800EB840CDCF810
:1079400020405707FF0E09FA07F824EA0804D1F887
:10795000108008FA07F848EA0408CCF82080046888
:107960004FEA420C06FA0CF7BC430F7907F0030705
:1079700007FA0CF7274307604C68E40070D53C4CCD
:10798000276847F480472760246822F0030704F43F
:1079900080440094374C07EB040CDCF80848970748
:1079A0004FEA177809FA08F7BC43334FB84202D1BF
:1079B000002724E054E0314FB84201D101271EE0F6
:1079C0002F4FB84201D1022719E02E4FB84201D102
:1079D000032714E02C4FB84201D104270FE02B4FAE
:1079E000B84201D105270AE0294FB84201D1062744
:1079F00005E0284FB84201D1072700E0082707FA21
:107A000008F72743CCF80878DAF800405746D1F851
:107A100004C09C435FEACC3C00D51C433C60DBF8CF
:107A200000405F46D1F804C09C435FEA8C3C00D51F
:107A30001C433C60DEF800407746D1F804C09C430C
:107A40005FEACC2C00D51C433C60084F0C373C68E7
:107A5000D1F804C09C435FEA8C2C00D51C433C60E9
:107A6000521C102AFFF430AFBDE8F88F003C0140F3
:107A7000443802400030014000000240000402404F
:107A800000080240000C02400010024000140240B6
:107A900000180240001C02400069084000D001208C
:107AA0007047426921EA02030A4043EA02418161C8
:107AB00070470AB1816170470904FBE7014880689B
:107AC00070470000C000002070B5040025D094F875
:107AD0003D00002520B984F83C50204600F04CFAC7
:107AE000242084F83D002068016821F00101016034
:107AF0002068016841F4004101602068016821F4B8
:107B00000041016000F0A4FB4D4A6168914201D838
:107B10004C4900E04C49884201D2012070BD4B49DC
:107B20002368B0FBF1F15E6826F03F060E435E600D
:107B30006368934206D94FF4967359434FF47A73AE
:107B4000B1FBF3F12368491C1E6A26F03F0631435E
:107B500019626168914210D84900401EB0FBF1F2F1
:107B6000521CC2F30B02042A01D2042022E0B0FB13
:107B7000F1F0401CC0F30B001CE0A268F2B301EB73
:107B8000C10303EB0116431EB3FBF6F35B1C43F486
:107B900080431B0549D092B301EBC10202EB0111F6
:107BA000401EB0FBF1F0401CC0F30B0040F48040DD
:107BB00040F400402168CA694CF6FF739A431043B1
:107BC000C861D4E9071001432068026822F0C002AE
:107BD00011430160D4E9030101432068826848F23F
:107BE000FF339A4311438160D4E9050108432168BA
:107BF000CA6822F0FF021043C86001E00EE016E000
:107C00002068016841F0010101602564202084F8AA
:107C10003D00256384F83E50002070BD01EB410615
:107C2000431EB3FBF6F35B1CB3E70120C2E701EB95
:107C30004101401EB0FBF1F0401CC0F30B00B7E760
:107C4000A086010080841E0000093D0040420F0014
:107C50002DE9FF4F83B09A46DDE91197934604461C
:107C6000DDF84080FFF72AFF054694F83D00202804
:107C700070D11923012271492046009501F0D2F9F3
:107C80000028F5D194F83C00012863D0012084F845
:107C90003C0020680168C90703D1016841F0010177
:107CA00001602068016821F400610160222084F8ED
:107CB0003D00402084F83E0000262664C4F824805D
:107CC000A4F82A90608D20855D48E062CDE90075BA
:107CD00053465A462046049901F0ACF800287CD15E
:107CE000208DD0B1012821D00228206824D04169FC
:107CF00080690090208D032869D801282BD0514934
:107D000002283B464FF00002009559D08846204695
:107D100001F088F9002860D13CE020684169816960
:107D20000091016841F40071016077E0206801680A
:107D300021F480610160F0E7016821F48061016055
:107D40002068016841F40061016020684169806930
:107D5000009063E06FE02A463946204601F0E1F9E1
:107D600098BB20680069616A08704EE0206801686D
:107D700041F40071016020680069616A0870606AFE
:107D8000401C6062218D491E2185618D491E6185DF
:107D9000216838E02068016821F480610160206872
:107DA0000069616A0870606A401C6062208D401E34
:107DB0002085608D401E60853B460022414600952F
:107DC000204601F02FF900B9D0E706E0FFE72A4688
:107DD0003946204601F0A5F918B1012007B0BDE8E9
:107DE000F08F20680069616A0870606A401C6062F8
:107DF000218D491E2185618D491E618521684A6951
:107E0000D24352070AD409690170606A401C60625B
:107E1000208D401E2085608D401E6085208D0028AD
:107E20007FF468AF202084F83D0084F83E6084F839
:107E30003C600020D2E70220D0E7000002001000E2
:107E40000000FFFF040001002DE9FF4F83B09A46B8
:107E5000DDE9119793460446DDF84080FFF72EFEDA
:107E6000054694F83D0020287FD11923012240497E
:107E70002046009501F0D6F8002876D194F83C0011
:107E8000012872D0012084F83C0020680168C907ED
:107E900003D1016841F0010101602068016821F40B
:107EA00000610160212084F83D00402084F83E00FC
:107EB00000262664C4F82480A4F82A90608D2085CA
:107EC0002C48E062CDE9007553465A462046049995
:107ED00001F02EF870B930E02A463946204601F00C
:107EE00053F958B1206C042804D12068016841F48A
:107EF00000710160012007B0BDE8F08F606A216861
:107F000000780861606A401C6062218D491E89B258
:107F10002185628D521E628522685369DB435B07AF
:107F20000BD469B100781061606A401C6062208DDA
:107F3000401E2085608D401E6085208D0028CBD19D
:107F40002A463946204601F047F80028CAD154F89D
:107F50003D0B016841F400710160202004F81E0906
:107F6000E67766770020C6E7FFE70220C3E7000058
:107F7000020010000000FFFF10B586B00446142177
:107F80006846E8F776F914492068884221D11348F9
:107F9000016841F0020101600068694600F00200DA
:107FA00005904FF440700090122001900120029043
:107FB00003200390042004900948FFF777FC07484A
:107FC0001030016841F400110160006800F40010F5
:107FD000059006B010BD000000540040303802404B
:107FE00000040240024881680278114481607047B1
:107FF000C00000200B4810B5016841F40071016019
:10800000016841F480610160016841F480710160A0
:10801000032000F071F8002000F006F800F024F8CA
:10802000002010BD003C024070B50D4D04464FF4D9
:108030007A712878B1FBF0F00A490968B1FBF0F0D9
:1080400000F0BCFC48B9102C07D200222146501E7B
:1080500000F032F800206C6070BD012070BD00009F
:10806000C0000020BC0000200B4882B0016841F431
:1080700080410160006800F4804000900648001FC5
:10808000016841F080510160006800F0805000906C
:10809000052002B000F030B844380240002809DB67
:1080A00000F01F02012191404009800000F1E02012
:1080B000C0F8001170470000F0B40E4B1B680C466E
:1080C000C3F30223C3F10705042D00D90425191DAC
:1080D000072901D2002300E0DB1E012606FA05F184
:1080E000491E214099409E40761E16403143F0BC07
:1080F00002F02CBB0CED00E0064900F00702086816
:108100004FF6FF03184040EA0220034A104308607C
:10811000704700000CED00E00000FA052DE9F04783
:108120000E46050065D0DFF81481D8F80000F7B2DC
:1081300000F00700B04207D288F80070D8F80000BD
:1081400000F00700B04254D128683D4C810712D599
:10815000400703D5206840F4E050206028780007ED
:1081600003D5206840F4604020602068A96820F0B2
:10817000F000084320602878C0072DD03049686897
:108180000839012812D0022813D0032811D0096819
:10819000890700292DDA216821F0030101432160BC
:1081A000FFF78CFC814641F2883A0EE009688903AA
:1081B000EFE709688901ECE7FFF780FCA0EB090114
:1081C000514502D90320BDE8F0872068696800F0B6
:1081D0000C00B0EB810FEFD1D8F80010404601F051
:1081E0000701B14207D90770006800F00700B042EC
:1081F00001D00120E7E72878400705D52068E96825
:1082000020F4E050084320602878000706D5206855
:10821000296920F4604040EAC100206000F038F88D
:108220002168084AC1F30311515CC840064908603F
:1082300006480068FFF7F8FE0020C4E7003C024053
:108240000838024078390208BC000020C400002031
:108250000448054900680968044AC1F38221515C59
:10826000C8407047BC000020083802408839020826
:108270000448054900680968044AC1F34231515C69
:10828000C8407047BC000020083802408839020806
:10829000154810B5006810F00C02144813D04110B6
:1082A000042A0FD0082A0ED10F4C241F22682368FD
:1082B00002F03F025B0207D52068C0F38810A0FBE4
:1082C000010106E0084610BD2168C1F38811A1FB39
:1082D00000010023E7F774FF2168C1F30141491C45
:1082E0004900B0FBF1F010BD083802400024F40052
:1082F0002DE9F84F04006ED02078DFF84C93C007CA
:10830000A9F104054AD009F104000168C1F3810113
:10831000012908D00068C0F3810002280AD1D9F8E9
:108320000000400206D52868800337D56068002821
:10833000E1D033E06068B0F5803F10D0B0F5A02FF9
:10834000286810D020F480302860286820F480202D
:1083500028606068A8B1FFF7B1FB06460DE0286809
:1083600040F48030F4E740F480202860F7E700BF55
:10837000FFF7A4FB801B642873D828688003F7D517
:108380000CE0FFF79BFB064605E000BFFFF796FBFE
:10839000801B6428F0D828688003F7D42078DFF8A1
:1083A000AC8280074FF0000A3ED5A748001D016847
:1083B00011F00C0F08D00068C0F3810002280BD127
:1083C000D9F80000400207D42868800716D5E06875
:1083D000012800D112E033E1E068B8B10120C8F80B
:1083E0000000FFF76BFB064605E000BFFFF766FBEA
:1083F000801B0228C0D828688007F7D52868216923
:1084000020F0F80040EAC10028600DE0C8F800A0A4
:10841000FFF754FB064604E0FFF750FB801B0228E1
:108420001FD828688007F7D42078000722D5864F08
:1084300087486169703771B101210160FFF73EFB28
:10844000064604E0FFF73AFB801B022809D838688B
:108450008007F7D50EE0C0F800A0FFF72FFB064617
:1084600005E082E0FFF72AFB801B02287DD83868F0
:108470008007F7D42078400768D5DFF8CCB1002713
:108480000BF13C0BDBF80000C0000BD4DBF8001054
:1084900041F08051CBF80010DBF80000012700F01C
:1084A000805000906B4E3068C00510D4306840F4A6
:1084B00080703060FFF702FB009005E0FFF7FEFAE6
:1084C0000099401A022850D83068C005F6D55E4E93
:1084D000A0686C3601280FD00528306810D020F035
:1084E00001003060306820F004003060A068B8B14E
:1084F000FFF7E4FA00900FE0306840F00100F4E785
:1085000040F004003060F7E7FFF7D8FA0099411A0D
:1085100041F28830814266D830688007F4D50EE099
:10852000FFF7CCFA009007E0FFF7C8FA0099411A6C
:1085300041F28830814256D830688007F4D42FB198
:10854000DBF8001021F08051CBF80010A069C8B30F
:108550003D49091D0968C1F3810102294AD0022859
:10856000504607D0C8F8600000E03CE0FFF7A6FAEC
:1085700004463BE04746C8F86000FFF79FFA06460E
:1085800005E000BFFFF79AFA801B02282BD8286865
:108590008001F7D4D4E907010843A16A2E4A4908AB
:1085A00002EB0141626A41EA8211084394F82C10FF
:1085B00040EA0161C9F8001001203866FFF77EFA31
:1085C000044606E03EE000BFFFF778FA001B0228F1
:1085D00009D828688001F7D534E000BFFFF76EFAAC
:1085E000001B022802D90320BDE8F88F286880010B
:1085F000F4D427E00128F7D0D9F80000E26900F4AC
:10860000800191421CD1226A00F03F01914217D1B2
:1086100047F6C071626A0140B1EB821F10D1A26AB5
:108620004FF0FF3300F4403103EB5202B1EB024F45
:1086300006D194F82C1000F07060B0EB016F01D0FF
:108640000120D1E70020CFE7043802400000474274
:10865000800E4742007000400000FFFF70B504002C
:1086600009D0606A002540B125616561A56294F872
:10867000510040B10CE0012070BD6068B0F5827F10
:10868000F4D0E561F2E784F85050204600F044F859
:10869000022084F851002068016821F04001016047
:1086A000A088218900F4827001F404410843A18963
:1086B00001F400610843217C01F002010843217D9F
:1086C00001F001010843218B01F400710843217F6F
:1086D00001F03801084394F8201001F080010843AC
:1086E000218D01F40051084321680860A06904212C
:1086F00001EA104094F8241001F0100108432168A9
:1087000048602068C16921F40061C161656501208C
:1087100084F85100002070BD10B586B004461421C5
:108720006846E7F7A6FD13492068884220D1124821
:10873000016841F480510160006800F480500590A8
:108740000D481438016841F0020101600068694673
:1087500000F00200059038200090022001900120D6
:10876000029003200390052004900448FFF79EF830
:1087700006B010BD00300140443802400004024001
:108780002DE9F84F044690F8500000270A9E1D4638
:1087900092468B464FF0010901280ED0012084F843
:1087A0005000FFF78BF9804694F85100616801286A
:1087B0000CD0B1F5827F07D102E00220BDE8F88F2E
:1087C000A16809B9042801D00227C2E0BBF1000F5B
:1087D00027D0BAF1000F24D01DB394F8510004281B
:1087E00002D0052084F8510000206065C4F838A04C
:1087F000E587A587C4F830B0E586A5862064606467
:1088000020680168490603D4016841F04001016015
:10881000E068B0F5006F606805D0E8B3012D46D080
:108820007FE0012795E008B1012D39D1206B216847
:108830000088C860206B801C2063E08E401EE086AC
:108840002EE02068816889070FD5E18E69B1B9F102
:10885000010F0AD1216B0988C160206B801C206345
:10886000E08E401EE0864FF0000920688168C9074D
:108870000CD0E18F51B1C068A16B0880A06B801C47
:10888000A063E08F401EE0874FF00109FFF716F963
:10889000A0EB0800B04200E009E001D3701C50D109
:1088A000E08E0028CDD1E08F0028CAD13FE0206BB8
:1088B000216800780873206B401C2063E08E401E06
:1088C000E0862EE02068816889070FD5E18E69B1C6
:1088D000B9F1010F0AD1216B09780173206B401C9B
:1088E0002063E08E401EE0864FF00009206881681A
:1088F000C9070CD0E18F51B1C068A16B0870A06BA3
:10890000401CA063E08F401EE0874FF00109FFF795
:10891000D5F8A0EB0800B04202D3701C01D010E0E3
:108920007EB1E08E0028CDD1E08F0028CAD142462A
:108930003146204600F0D8FE28B10127202060658E
:1089400007E0032705E0A06818B92068C1688068BF
:108950000090012084F85100002084F8500038462F
:108960002CE770B515460E46040003D094F8490074
:1089700010B107E0012070BD002084F848002046B7
:1089800000F01AF804F108012068FEF7A3FA314656
:10899000A2682068FEF7C8FAD4E901022946236BD1
:1089A000FEF778FAA168206850F8212042F0010211
:1089B00040F82120002070BDFEF764BD10B5401EB8
:1089C000B0F1807F01D3012010BD4FF0E024606141
:1089D0000F21601701F0BAFE0020A061072020617E
:1089E000002010BD7047704770B590F83C20012AF8
:1089F00032D0012480F83C40022280F83D200368F8
:108A00005A689D6822F070060A6832435A60134B18
:108A100002689A4214D0B2F1804F11D0104B9A42A2
:108A20000ED0104B9A420BD00F4B9A4208D00F4BEE
:108A30009A4205D00E4B9A4202D00E4B9A4204D174
:108A4000496825F080031943916080F83D4000217A
:108A500080F83C10084670BD022070BD0000014047
:108A60000004004000080040000C004000040140E9
:108A7000004001400018004010B5040003D094F8F5
:108A80003D0010B107E0012010BD002084F83C003B
:108A9000204600F01FF8022084F83D00211D2068C8
:108AA00000F000FF012084F8460084F83E0084F8BE
:108AB0003F0084F8400084F8410084F8420084F8C4
:108AC000430084F8440084F8450084F83D00002009
:108AD00010BD000008B500680B49884212D10B4850
:108AE000016841F0100101600068032200F01000ED
:108AF000009001213620FFF7DFFABDE8084036205C
:108B0000FFF7CCBA08BD000000100040403802401A
:108B100090F83D10012901D001207047022180F812
:108B20003D100168CA6842F00102CA60006811493C
:108B3000884214D0B0F1804F11D00F4988420ED036
:108B40000E4988420BD00E49884208D00D49884210
:108B500005D00D49884202D00C49884204D1816871
:108B600001F00701062903D0016841F0010101600D
:108B70000020704700000140000400400008004051
:108B8000000C00400004014000400140001800407B
:108B9000704770B50446006801694FF00005C9438D
:108BA000890715D4C168C943890711D4E91E016139
:108BB00001202077206880698007204602D0FFF7D7
:108BC000E7FF04E000F098F8204600F096F82577DB
:108BD00020680169C943490717D4C168C9434907D7
:108BE00013D46FF0040101610220207720688069AE
:108BF00010F4407F204602D0FFF7CAFF04E000F0E7
:108C00007BF8204600F079F8257720680169C94390
:108C1000090716D4C168C943090712D46FF00801C7
:108C20000161042020772068C0698007204602D0B7
:108C3000FFF7AEFF04E000F05FF8204600F05DF8BB
:108C4000257720680169C943C90617D4C168C9439B
:108C5000C90613D46FF01001016108202077206845
:108C6000C06910F4407F204602D0FFF791FF04E076
:108C700000F042F8204600F040F8257720680169AE
:108C8000C943C90708D1C168C943C90704D1891EAE
:108C90000161204600F032F820680169C9430906E5
:108CA00009D4C168C943090605D46FF08001016188
:108CB0002046FFF797FE20680169C943490609D499
:108CC000C168C943490605D46FF0400101612046DF
:108CD00000F030F820680169C94389060BD4C168E7
:108CE000C943890607D46FF0200101612046BDE821
:108CF0007040FFF778BE70BD7047704710B50068D0
:108D0000094988420ED1094C2089401C81B208488B
:108D100021810268521C02600A2903D1EFF7FEF894
:108D20000020208110BD00000010004080000020C5
:108D3000CC000020704770B5040004D094F83D00CA
:108D4000002510B106E0012070BD84F83C5020469B
:108D500000F022F8242084F83D002068C16821F446
:108D60000051C160204600F001FE2068016921F435
:108D7000904101612068416921F02A014161206828
:108D8000C16841F40051C1602564202084F83D0091
:108D900084F83E00002070BD10B586B00446142152
:108DA0006846E7F766FA14492068884221D11348DB
:108DB000016841F010010160006800F010000590AA
:108DC0000E481438016841F00101016000686946ED
:108DD00000F0010005904FF4C06000900220019067
:108DE0000120029003200390072004900448FEF71E
:108DF0005DFD06B010BD0000001001404438024087
:108E000000000240FEE701684A69D24352050FD4D0
:108E10006FF480624A61002140F8301F20224273C3
:108E20008173026942F004020261017301207047FC
:108E3000002070472DE9F84F0446006889460B9DD5
:108E400001689846174641F4806101602068016816
:108E500041F48071016000954FF0011B00225946DA
:108E600020460A9B00F0DEF84FF4007A40B12068FB
:108E70000068C00501D5C4F840A00320BDE8F88F04
:108E8000216809F0FE0008612B46284920460A9A0D
:108E900000F0FCF8F0BB20684169806900902A4628
:108EA00020460A9900F070F940B1206C04283AD1AC
:108EB0002068016841F40071016034E0FEB2B8F14D
:108EC000010F09D02168380A08612A4620460A990C
:108ED00000F05AF90028E8D1206806612A462046A9
:108EE0000A9900F051F90028DFD12068016841F4A7
:108EF0008071016000950022594620460A9B00F0CF
:108F000091F80028B3D1216809F0FF0040F001007A
:108F1000086100E007E02B46044920460A9A00F069
:108F2000B5F80028AAD00120A8E70000020001003F
:108F30002DE9F843044600680D46DDE9089701680D
:108F40009846164641F4807101604B4600224FF06E
:108F500001112046009700F065F848B120680068CC
:108F6000C00502D54FF4007020640320BDE8F883EB
:108F7000216805F0FE0008613B464A461549204637
:108F800000F084F888B920684169806900903A4609
:108F90004946204600F0F8F848B1206C042804D176
:108FA0002068016841F4007101600120DEE7F5B23C
:108FB000B8F1010F09D02168300A08613A464946E4
:108FC000204600F0E1F80028E7D120680561002084
:108FD000CCE700000200010070B516460D460446BD
:108FE0000DE02046FFF70FFF08B1012070BD681C9F
:108FF00005D0FEF763FD801BA84207D835B1206875
:109000004069C0434007ECD4002070BD002044F804
:10901000300F20216173A073216941F0200121618B
:109020002073E2E72DE9F0471E4690460D460446C0
:10903000C1F30747DDF8209008E0701C06D0FEF76A
:109040003DFDA0EB0900B0420FD876B12068012F9A
:1090500018D0806925EA00000004000C14D000211B
:109060004145EAD00020BDE8F087002044F8300FE9
:1090700020216173A073216941F0200121612073D7
:109080000120F0E74069E5E70121E9E72DE9F04734
:109090009A4691460E46044600254FF02008C1F33B
:1090A000074725E020684069C043400514D4206884
:1090B000016841F40071016021686FF480604861CB
:1090C000256384F83D8084F83E50206C40F0040015
:1090D000206484F83C501FE0B9F1FF3F08D0FEF750
:1090E000EDFCA0EB0A0149450CD8B9F1000F09D0FD
:1090F0002068012F13D0806926EA00000004000CCC
:109100000BD0CFE744F8305F84F80D80A573206959
:1091100040F02000206125730120BDE8F087406900
:10912000EAE72DE9F041002590460E460446202747
:1091300017E04069C043C0060CD454F8301B6FF0F0
:109140001000486144F810596777A577206A2062BB
:10915000257717E0FEF7B2FCA0EB0800B04208D874
:109160003EB120684169C9434906E2D40020BDE808
:10917000F08144F8305F6773A573206940F02000E8
:10918000206125730120F2E770B516460D460446AE
:109190000DE02046FFF737FE08B1012070BD681CC6
:1091A00005D0FEF78BFC801BA84207D835B120689C
:1091B0004069C0430006ECD4002070BD002044F894
:1091C000300F20216173A073216941F020012161DA
:1091D0002073E2E7F8B500231A463D493D48EAF717
:1091E00033FF3D4C002062882188F1F75FFD6288E3
:1091F00021880020F1F774FD384890F844000006FB
:1092000025D4A07940F63F7640F65F7588B10420FA
:10921000EEF7F8FE009600212288BC230846EEF700
:10922000CFFD009562889B2300210120EEF7C8FD49
:10923000F8BD0120EEF7E6FE0096002122889B2370
:109240000846EEF7BDFD00956288BC23ECE7A088D8
:10925000A0F5C851633914D0A0F5A64110391FD02C
:10926000A0F5D04104391BD022880023501E009065
:1092700019461846EEF7A4FD6288501E00230090A0
:10928000D2E740F21F300023421C009019461846D6
:10929000EEF796FD40F2DF100023421C0090C3E77A
:1092A000A07990B15FF00400EEF7ACFEE2200090F0
:1092B0000021228840F65B730846EEF781FDC4204A
:1092C0000090628840F6E463AEE70120ECE700001E
:1092D0002CC0020890390208F4040020100000207D
:1092E00000207047074910B5054808600846FEF79A
:1092F000A0F8002803D0BDE81040FDF7C9BD10BD9F
:1093000000300240AC0000202DE9F0478EB01C2157
:109310006846E6F7AEFF1C2107A8E6F7AAFF30482B
:1093200004210024C0E902141025C0E90445846129
:10933000C4614FF4805A0462C0E9094AC4620463FC
:109340004463DFF8A08084634FF020464464C0E9A2
:10935000006802200F27CDE9000702A908204FF07E
:10936000110981E83102002269461D480694FFF781
:10937000F8FA08B1FDF78CFD19480621503007AA0C
:10938000C0E90214C0E904458461C4610462C0E913
:10939000094A4FF48041C0E90B414463846344644B
:1093A000C0E900683C200097CDE90170CDF8149029
:1093B000CDE903750921CDE90641CDE90871CDE973
:1093C0000C940748CDE90A7569465030FFF7C9FA91
:1093D000002801D0FDF75CFD0EB0BDE8F08700006D
:1093E000CCBE0120040100A02DE9F04F87B014216C
:1093F0006846E6F73EFF70480025016841F010011D
:109400000160016801F010010591016841F004015B
:109410000160016801F004010591016841F020013B
:109420000160016801F020010591016841F08001AF
:109430000160016801F080010591016841F00101BE
:109440000160016801F001010591016841F002012C
:109450000160016801F002010591016841F04001DD
:109460000160016801F040010591016841F00801C7
:1094700001600068DFF8449100F008004FF40056E6
:109480000590002231464846FEF713FBDFF830A175
:109490004FF4C067012239465046FEF70AFBDFF859
:1094A00024B1002201215846FEF703FB4FF4006867
:1094B000002241465046FEF7FCFA01227901584647
:1094C000FEF7F7FA1C2000903F480124CDE9010483
:1094D00069463E48FEF7EAF9CDE900646946484628
:1094E000CDE90245FEF7E2F9CDE900746946504640
:1094F000CDE90245FEF7DAF935480226CDE900400C
:10950000694602963348FEF7D1F90327CDE90247B1
:109510000094694658460194FEF7C8F9CDE9006504
:10952000694658460295FEF7C1F90420CDE90005C9
:10953000694602945846FEF7B9F901AA1120CDF800
:10954000008082E8910069465046FEF7AFF9A0031B
:10955000CDE90004CDE9024669465846FEF7A6F972
:10956000E0038DE85100694658460396FEF79EF9E0
:10957000012203210620FEF79FFD0620FEF78EFD47
:10958000012203210820FEF797FD0820FEF786FD43
:10959000012203210920FEF78FFD0920FEF77EFD41
:1095A000012203210A20FEF787FD0A20FEF776FD3F
:1095B00007B0BDE8F08F00003038024000080240DC
:1095C000001402400004024000002110001002407C
:1095D00000001110000002400D4810B50B49016059
:1095E0000C49416000214FF480428160C0E90312C0
:1095F00041618161C1610162FEF766FA002803D012
:10960000BDE81040FDF744BC10BD00000054004010
:109610006CBF0120A0860100104810B50E49016002
:109620004FF482714160002102228160C0E903127F
:1096300001224261520282613822C0E9072141625F
:1096400081620A21C162FFF709F8002803D0BDE852
:109650001040FDF71DBC10BD00300140C0BF01200F
:109660001CB500240F4800940D490194016053215A
:10967000C0E9011440F2E731C16080218161FFF748
:10968000FBF908B1FDF704FC1020CDE900046946A0
:109690000448FFF7A9F9002801D0FDF7F9FB1CBD2C
:1096A0000010004018C001200C4810B50A490160A4
:1096B0004FF4E1314160002181600C22C160C0E9BA
:1096C00004128161C161FFF736FB002803D0BDE8B9
:1096D0001040FDF7DDBB10BD0010014060C001204F
:1096E000FEE770477047000038B504461248134B38
:1096F0000068B0FBF3F04FF47A7358430090606851
:10970000B0F5827F0DD10B460092002280212046C9
:1097100000F016F870B1606D40F020006065032025
:1097200038BD009830B1401E009020688068C0436A
:109730000006F6D5002038BDBC00002000366E01C2
:109740002DE9F8431E46914688460446089DFEF7DB
:10975000B5F9401B351AFEF7B1F9074625480068F0
:10976000C0F3CB30684338E0701C37D0FEF7A6F961
:10977000C01BA84203D215B1009860B32CE020684A
:10978000416821F0E00141606068B0F5827F0BD153
:10979000A068B0F5004F02D0B0F5806F04D120680A
:1097A000016821F040010160A06AB0F5005F09D1B5
:1097B0002068016821F4005101602068016841F4CB
:1097C00000510160012084F85100002084F850000D
:1097D0000320BDE8F8830025401E009020688168C2
:1097E00038EA010004D000214945BDD10020F0E74E
:1097F0000121F9E7BC0000207047FEF7F3BB000031
:1098000030B593B030216846E6F733FD14210CA83B
:10981000E6F72FFD1A480025016841F080510160EC
:10982000006800F0805011901648016841F48041B2
:1098300001600068022400F4804011900120009033
:10984000000401908001CDE90640082008904FF403
:10985000A870CDE9090404200B906846FEF748FD86
:109860000CA90F2081E831004FF4A0500F90E002C6
:10987000109005210CA8FEF751FC13B030BD00007C
:1098800040380240007000400248016841F4700115
:109890000160704788ED00E00148FFF77AB90000E9
:1098A00018C00120F0B50268254C264D264E274FE2
:1098B000274B4FF0804CA04209D0604507D0A8420A
:1098C00005D0B04203D0B84201D0984204D122F072
:1098D000700E4A6842EA0E02A0421BD0604519D0C1
:1098E000A84217D0B04215D0B84213D0984211D038
:1098F000184DA8420ED0184DA8420BD0174DA842C3
:1099000008D0174DA84205D0164DA84202D0164DDA
:10991000A84203D122F44075CA682A434D6922F057
:1099200080022A4302608A68C2620A688262A04298
:1099300001D0984201D10969016301214161F0BD63
:10994000000001400004004000080040000C0040FE
:109950000004014000400140004401400048014033
:1099600000180040001C00400020004070B5044674
:1099700000680169E26821F44051114301612169E5
:10998000A068E26908436169114308432168CA6815
:1099900049F20C639A430243CA6020684169A26994
:1099A00021F440711143416131492068884202D05D
:1099B0003049884202D1FEF75BFC01E0FEF748FC2B
:1099C000E2690023192164253226B2F5004F62684E
:1099D00028D0A0FB0101930F9200E6F7F1FB0146AE
:1099E000B0FBF5F06FF01802504301EB800006EB7E
:1099F0000010B0FBF5F000F0F002B1FBF5F002EB67
:109A00000012B1FBF5F06FF01803584301EB800032
:109A100006EB0010B0FBF5F000F00F0021681044D9
:109A2000886070BDA0FB010192185B41E6F7C8FB9E
:109A30000146B0FBF5F00201B1FBF5F06FF0180341
:109A4000584301EB800006EBC000B0FBF5F000F0DE
:109A5000F80002EB4002B1FBF5F0584301EB800047
:109A600006EBC000B0FBF5F000F00700D6E7000001
:109A70000010014000140140FEE700002DE9FF5FE7
:109A80008346DDE90F700E9CD0E900A92D480D1921
:109A90001E4600684FF08008007C10F0030020D0C4
:109AA000012803D0022833D003282FD1DBF810007F
:109AB000806880478146317828FA04F001420BD053
:109AC00029465846029A00F0B3FC80EA0903294669
:109AD0005846029A00F087FD641C6D1C082C2BD0A0
:109AE0002CE0317828FA04F0014201D04B4600E026
:109AF000534629466D1C5846029A00F074FD641CBA
:109B0000082C01D10024761C7F1EEAD1BDE8FF9FFE
:109B1000317828FA04F0014205D04B4629465846D0
:109B2000029A00F060FD641C6D1C082C01D1002419
:109B3000761C7F1EECD1E9E70024761C7F1EBAD18B
:109B4000E4E70000140100202DE9FF5F424893463E
:109B50000EAA006892E89002007C0D191E7810F0A1
:109B6000030198464FF0C0001CD0022937D15FEAAC
:109B7000090155D04FEA000AC4F103004100C1F1C8
:109B800006022AFA02F03040C84006D059F82030C8
:109B90005A462946009800F026FD641C6D1C042CD2
:109BA00038D03AE05FEA09011BD08246C4F10300D5
:109BB0004100C1F106022AFA02F03040C8402946AD
:109BC00059F820306D1C5A46009800F00CFD641CBA
:109BD000042C02D118F8016F00247F1EE6D1BDE8E5
:109BE000FF9F8146C4F103004000C0F1060129FA3D
:109BF00001F33340C34029466D1C5A46009800F0DB
:109C0000F2FC641C042C02D118F8016F00247F1EA2
:109C1000E8D1E4E718F8016F00247F1EACD1DEE73D
:109C20004FEA0009C4F103004000C0F1060129FA1F
:109C300001F33340C34004D05A462946009800F04F
:109C4000D2FC641C6D1C042C02D118F8016F002496
:109C50007F1EE7D1C3E70000140100202DE9FF5F5C
:109C6000424893460EAA006892E89002007C0D19C3
:109C70001E7810F0030198464FF0F0001CD0022926
:109C800037D15FEA090155D04FEA000AC4F101005B
:109C90008100C1F104022AFA02F03040C84006D027
:109CA00059F820305A462946009800F09CFC641C64
:109CB0006D1C022C38D03AE05FEA09011BD08246C5
:109CC000C4F101008100C1F104022AFA02F030401F
:109CD000C840294659F820306D1C5A46009800F0BB
:109CE00082FC641C022C02D118F8016F00247F1E34
:109CF000E6D1BDE8FF9F8146C4F101008000C0F1BC
:109D0000040129FA01F33340C34029466D1C5A4629
:109D1000009800F068FC641C022C02D118F8016F56
:109D200000247F1EE8D1E4E718F8016F00247F1EAD
:109D3000ACD1DEE74FEA0009C4F101008000C0F1B8
:109D4000040129FA01F33340C34004D05A4629469E
:109D5000009800F048FC641C6D1C022C02D118F81D
:109D6000016F00247F1EE7D1C3E70000140100202B
:109D70002DE9F04781462448DDE9085700681C4674
:109D80009046007C0E4610F0030003D0022810D14C
:109D90004FBB35E05FB917E020784246314657F8AF
:109DA0002030484600F01FFC641C6D1E761C002D00
:109DB000F2DCBDE8F087237842463146484600F0A1
:109DC00012FC641C6D1E761C002DF4DCF1E720787B
:109DD00030B157F8203042463146484600F003FC87
:109DE000641C6D1E761C002DF1DCE2E7237823B1A4
:109DF00042463146484600F0F6FB641C6D1E761C58
:109E0000002DF3DCD5E70000140100202DE9FF4F01
:109E100083B01D46DDE91060DDE912A4DDE914B967
:109E20009046082844D007DC01280BD002281DD01A
:109E3000042818D1002738E0102849D0202812D152
:109E4000002081E000270CE0CDF800B0CDE90159F9
:109E5000DDE9030107EB08022346FFF70FFE544438
:109E60007F1CB742F0DB07B0BDE8F08F00270CE0A5
:109E7000CDF800B0CDE90159DDE9030107EB080297
:109E80002346FFF761FE54447F1CB742F0DBEAE74C
:109E9000CDF800B0CDE90159DDE9030107EB080277
:109EA0002346FFF7DBFE54447F1CB742F0DBDAE7C2
:109EB00000270AE0CDE90059DDE9030107EB0802BC
:109EC0002346FFF755FF54447F1CB742F2DBCAE735
:109ED000002019E004980BEB0801A1462F4689B237
:109EE00080B205F041F91A484FF0D8410089A1F835
:109EF0007E0004E039F8020BA1F880007F1E002FDD
:109F0000F8DC54440BF101008346B042E2DBAAE7DF
:109F100003980290049800900BEB0800A1462F468E
:109F200001900CE0DDE90120D9F80030009900F043
:109F30005AFB009809F10409401C7F1E0090002F75
:109F4000F0DC54440BF101008346B042E0DB8AE7C9
:109F5000F40400201CB5F0F7EFFA0446F0F732FBEA
:109F600003464FF408010848CDE9000100212246CC
:109F70000846EAF765FD02B00522BDE8104011462B
:109F80000248EAF795BB00005555FF0098A3020868
:109F90002DE9FE4FF0F7D0FA8046F0F713FB334E71
:109FA0000746306800285BD1C922002113460846C5
:109FB000EBF7C4FB83460120002100903B4642465C
:109FC0000846EBF777FB0021306064230122084646
:109FD000EBF7B4FB82465846EBF7A6FF81464FF4F9
:109FE00008042046EDF73CFCE9F76CFF5046EBF720
:109FF0009BFF1F48CDE90004002264231146104650
:10A00000EAF71EFD5046EBF77BFE05465846EBF798
:10A010008BFF00242868EDF725FC642122460846C2
:10A02000EAF7C2FB641C2D1D642CF3DB3068EBF7F0
:10A030007BFF0021CDE9007802913B460A46584655
:10A04000EBF766FC052211460A48EAF731FB584651
:10A05000EBF784FB5046EBF781FB4846EBF764FFD8
:10A060003068BDE8FE4FEBF7C7BF0000D00000200E
:10A070005555FF0098A3020810B54FF40800EDF7FE
:10A08000EFFBE9F71FFF0522BDE81040114601482C
:10A09000EAF70EBB98A3020808B5009200F03CF95D
:10A0A00008BD00002DE9F04104464068052858D05D
:10A0B000122804D02046BDE8F041E6F7E1BD0020BB
:10A0C000EDF7D0FB2068F2F7D3FE2D4F01256FF09E
:10A0D0007F46B0F5006F04D0A0F5006001384BD189
:10A0E00021E02068E6F7FAFE08B1304600E0384685
:10A0F000EDF7B8FB2348406A08B1234800E0234845
:10A100002269A1696369891A0288891AE26901EBE7
:10A11000D171D21A438805EB6101D21A02EBD272D7
:10A1200005EB620226E02068E6F7D8FE08B130466B
:10A1300000E03846EDF796FB2169A0696369401A93
:10A1400013490A884988801AE26900EBD070D21A54
:10A15000511A01EBD17105EB610205EB60010C486E
:10A1600008E02068E6F7BAFE08B10A4800E00A48AD
:10A17000D4E90412EAF79CFA0020BDE8F08100005F
:10A1800051A8A800D000002078BF020874BE0208C1
:10A19000FCBE020810BE02089CB1020810B50446BD
:10A1A000406888B0152841D006DC05280FD00E285D
:10A1B00034D0122806D110E0162837D0172835D011
:10A1C000182833D0204600F0D1F808B010BD184848
:10A1D000EDF746FBE9F776FE28E0208AADF814009B
:10A1E000208BADF81800A08AADF81600A08BADF852
:10A1F0001A006FF07F40EDF735FB0E48EDF746FB98
:10A200000220EDF779FB142269462068E7F7D4FABB
:10A210000E2205A96846EAF75DF907E00648EDF762
:10A2200021FB103494E80F00EAF726FF0020CCE76A
:10A2300051A8A800CCD40208C0C0C0007CB5044618
:10A240004068052810D00B2805D0122831D02046B0
:10A25000F0F7BCFF7CBD1848EDF704FB103494E820
:10A260000F00EAF775FE24E02068F1F783F8054651
:10A2700001AA69462068F1F769F8104E4FF0FF34E3
:10A28000308868438100DDE90020801A401C91FB82
:10A29000F0F0318890FBF1F201FB12056D1C308863
:10A2A000012200FB04510548EAF702FA641C032C62
:10A2B000F5DB00207CBD000051A8A80028A50208FD
:10A2C00008B500930B4600F027F808BD7CB504469E
:10A2D000F2F756FE05462046F2F768FE04460B49A3
:10A2E0000B48CDE90001631EAA1E00210120EAF7F8
:10A2F000A7FB0848EDF7B6FA631E6A1E02B04FF0DE
:10A30000FF31BDE870400020EAF722BEC0CEDC007D
:10A31000E6F3F30051A8A8002DE9F843814612485E
:10A320008846089F00681E461546017CC9070BD168
:10A330000EE0444605E02A462146484600F0CEF9A4
:10A34000641CB442F7DD6D1CBD42F2DDBDE8F8834C
:10A35000C06BBBB2B2B200680090A9B21FFA88F01D
:10A3600004F0F0FBF2E700001401002010B50446F1
:10A37000406820B12046BDE81040E7F71FB80E2125
:10A380002068E7F7C5FA00212068E7F7D9FA00202E
:10A3900010BD0000012901D000207047004870471F
:10A3A00014F502080939082913D2DFE801F0040680
:10A3B000080A120C0E1008487047084870470848F1
:10A3C0007047084870470848704708487047084871
:10A3D000704700207047000029A601084FA6010819
:10A3E000F3A5010851A40108B3A50108A9A5010816
:10A3F000BDA5010880680F2917D2DFE801F0160813
:10A400000A0C0E16161610141212141414004068BA
:10A41000704780687047C0687047006970478069FE
:10A42000704701207047002070474FF0FF307047A1
:10A43000084691B280B204F07DBD806800220A8097
:10A440004A808289521E8A80008A401EC8807047D6
:10A4500070B5054600F008F8044600220121A869FD
:10A46000FEF73EFF204370BD70B50446806860B9BA
:10A470001C20E9F713F80546A06020698068804732
:10A48000F0F780FDA861A06808B1002070BD012030
:10A4900070BD00007CB5F2F7B3FCF3F73DFEE9F7C1
:10A4A00011FDFCF75BFFF0F747F80646F0F78AF876
:10A4B00004463248E7F7AEF93148E6F725FD314862
:10A4C000F0F76CFFF2F79CFC0346A6F150003D3C10
:10A4D000CDE900042C4A05212C48E9F72DFD2C4C30
:10A4E0006060F2F78DFC034606EBD6704010002545
:10A4F000401ECDE900052548264A02218C30E9F7A7
:10A500001BFDA060F3F71AF82348E7F783F9234807
:10A51000E6F7FAFC2248F0F741FF4FF4B0716068AB
:10A52000F2F784FCF3F70AF8F2F76AFCF3F73CF968
:10A53000EAF774FDFCF7DAFD1A4EA5610EE000BFE4
:10A54000FCF760FD00F090F83068A16950F8210038
:10A550008047E5602561A069401CA0613068A16961
:10A5600050F821000028EBD1A5616068F2F7BCF932
:10A57000A068BDE87C40F2F7B7B900009DA10108D2
:10A58000A5A001083DA201080DA80108C4390208D0
:10A59000D00000201DA901086DA30108810C00084E
:10A5A000CDB10008A4C00120002280690621FEF779
:10A5B00097BE002280690521FEF792BE1CB50023DC
:10A5C00001938DF80410009280696A460421FEF719
:10A5D00087FE1CBD1CB5CDE9001280696A460321C7
:10A5E000FEF77EFE1CBD084691B280B21A4601F00D
:10A5F0007DBE7CB5064600200090019015460C46B5
:10A600003046FFF731FFB368002B0CD0586900B912
:10A6100020465861C3E90145CDE900456A46072156
:10A62000B069FEF75DFE7CBD38B5054600200090A0
:10A630000C462846FFF718FFAA68002A06D01460C7
:10A6400000946A460221A869FEF74AFE38BD70B53B
:10A6500015460C460646FFF707FFB068002802D0F3
:10A66000C0E90345446170BD30B585B0142168462A
:10A67000E5F7FFFD134C4FF4B0716068F2F7D6FBBD
:10A68000054611A16846FCF797FCA1696846491C7C
:10A69000FCF76CFC0EA16846FCF78EFC6846E1688E
:10A6A000FCF764FC0BA16846FCF786FC0A4841688D
:10A6B0006846491EFCF75AFC69462846F1F762FDD8
:10A6C00005B030BDD000002044656D6F2000000053
:10A6D0002E0000002F000000A4C001202DE9F04151
:10A6E00015460E460446FFF7A3FE0746206980681C
:10A6F000804787EA00032A4631462046BDE8F041FC
:10A70000FFF771BF0FB4054B10B503A9044A0298B7
:10A7100000F000FA10BC5DF814FB00000DB9010850
:10A72000EC0400200FB4084B10B504A902AA03984A
:10A7300000F0F0F9044602A9002000F082FD204656
:10A7400010BC5DF814FB000043B201080907090EB4
:10A75000002804DB00F1E02080F80014704700F0CE
:10A760000F0000F1E02080F8141D704702E008C8D7
:10A77000121F08C1002AFAD170477047002001E07B
:10A7800001C1121F002AFBD1704700000149086077
:10A7900070470000F004002002680C490E2A0AD01D
:10A7A0000F2A03D01E2A03D0F2F76EB8486900477B
:10A7B0000021C1607047C0684268002AFAD0006872
:10A7C0006E28F7D10120886270470000D000002079
:10A7D0003EB50C46EAF722FC6846ECF7BDFA9DF858
:10A7E0000810012011B1206000203EBD2168064DF7
:10A7F000012903D0FCF7F2FBA8623EBD00212160D5
:10A80000A86201203EBD0000D000002070B50446C3
:10A8100000680E280CD00F2844D04FF400661D2885
:10A820000DD0262843D02046BDE87040F2F72CB862
:10A83000F2F7E6FA2146BDE87040F3F79FBC3149D4
:10A840006068E6F7FDFF0E216068E7F78FF84FF4C8
:10A8500004716068F2F7EAFA05460E21F0F7E0FDB0
:10A8600029492846F0F7ACFD31466068F2F7DEFA78
:10A870000021F1F7FFFD40F601016068F2F7D6FA1A
:10A880000021F1F7F7FD4FF4B0716068F2F7CEFAEE
:10A8900004461EA1F1F776FC2046BDE870401D4934
:10A8A000F1F75ABC6068BDE87040FFF70FBDA068C3
:10A8B000F2F7DEFAE168022923D10121164DB042F8
:10A8C00008D0A0F5006001381BD1A962BDE8704036
:10A8D000FCF798BB686A40B100206862EAF738FD6F
:10A8E000296A401AE861002007E06962EAF730FD52
:10A8F0000146E869081A28626068BDE87040F3F70D
:10A90000CFB970BDD0C00208E43B0208496E747232
:10A910006F00000008C70208D000002038B50446C8
:10A920000068012820D00E2817D00F2829D01D2814
:10A9300004D02046BDE83840F1F7A6BF40F26111CF
:10A940006068F2F773FA04460121F1F75DFC2046D6
:10A95000BDE838400D49F1F741BCF2F751FA214604
:10A96000BDE83840F3F70ABCEFF7E6FD412100EB04
:10A97000D07000914310411000226068F3F7D6FDBB
:10A9800038BD6068BDE83840FFF7A0BC28545400CB
:10A990002DE9FF5F82B00021DDE90430020DDDF812
:10A9A00040B0034318D044F61050A2F2FF324243A5
:10A9B0001514119801281FD0A5EB0B00401C5FEA6D
:10A9C000000A4FF000064E4FDFF83891B04650466F
:10A9D00015D5CAF1000413E0119801244AA30128F7
:10A9E00001D16FEA0B010298119AC0E90031C0E968
:10A9F000024206B0BDE8F09FCBF10000DFE704465D
:10AA00000021404A491842EB0450CDE9001012E001
:10AA1000E00707D032463B4640464946E5F76BFC27
:10AA20008046894632463B4610461946E5F763FCA8
:10AA300006460F466410002CEAD1DDE90401DDE989
:10AA40000023BAF1000F06DAE5F755FC42464B4603
:10AA5000E5F751FC05E0E5F7C0FC42464B46E5F75B
:10AA6000BCFC04460E460022284BE5F787FD03D8C0
:10AA70004FF0FF30014607E00022254B20463146CB
:10AA8000E5F779FEE5F76FFF102409E0002C0ADBFB
:10AA90000A220023E5F794FB039B30321A55641E0B
:10AAA00050EA0102F2D1641C039AC4F11103144468
:10AAB000119A012A03D0012208430DD10AE008436C
:10AAC00004D000204FF0110B119072E7A3EB0B059F
:10AAD0006D1E0DE05B4504DD4FF0000205F1010540
:10AAE00004E003DA4FF00002A5F10105002AECD0E2
:10AAF00002981199C0E90231C0E9004579E70000E8
:10AB0000000014400000F03F300000000000F0435F
:10AB10000000E03F2DE9FF4F95B09B468946064671
:10AB200000250FE2252877D100242746F84A012185
:10AB3000059400E0044316F8013F203B01FA03F0BE
:10AB40001042F7D130782A2811D06FF02F033078D7
:10AB5000A0F13002092A16D8059A44F0020402EB4B
:10AB6000820203EB42021044761C0590EFE759F88D
:10AB7000042B0592002A03DA504244F40054059055
:10AB800044F00204761C30782E2816D116F8010FF6
:10AB900044F004042A280DD06FF02F023078A0F181
:10ABA0003003092B09D807EB870302EB4303C718CF
:10ABB000761CF3E759F8047B761C30786C280FD0AC
:10ABC00006DC4C2817D068280DD06A2814D104E080
:10ABD000742810D07A280FD10DE044F400140AE054
:10ABE00044F4801401E044F440147278824202D1AB
:10ABF00004F58014761C761C307866280BD013DCA4
:10AC0000582877D009DC002875D04528F6D046288A
:10AC1000F4D047281AD19DE118E0632835D0642884
:10AC200079D0652812D195E1702873D008DC6728A7
:10AC3000F1D069286FD06E280DD06F2806D1B5E00D
:10AC400073282CD0752875D0782874D05A46179957
:10AC500090476D1C75E1C4F30250022809D0032807
:10AC60000DD0D9F8001004280DD00D6009F10409A9
:10AC700067E1D9F80010EA17C1E90052F6E7D9F800
:10AC800000100D80F2E70D70F0E719F8041B8DF845
:10AC9000001000208DF80100EA46012003E059F879
:10ACA00004AB4FF0FF3061074FF0000102D40DE01C
:10ACB00008F101018846B9420FDA8045F8DB1AF83D
:10ACC00008100029F4D108E008F10101884681420A
:10ACD000FADB1AF808100029F6D105985B46A0EBBC
:10ACE000080721463846179A00F094FA284400EBEA
:10ACF000080507E04DE029E10DE01AF8010B5A467E
:10AD000017999047B8F10108F7D25B4621463846BB
:10AD1000179A13E142E00A220092C4F302524FF064
:10AD2000000A022A08D059F804CB032A4FEAEC7132
:10AD30000AD00DE029E02AE009F1070121F007021D
:10AD4000F2E802C1914609E00FFA8CFC4FEAEC717F
:10AD5000042A03D14FFA8CFC4FEAEC71002907DA80
:10AD60000A460021DCF1000C61EB02012D2202E019
:10AD7000220504D52B228DF80420012203E0E207EE
:10AD800001D02022F7E7904659E00A2102E0102284
:10AD90000DE010214FF0000A00910BE010224FF05F
:10ADA000000A44F004040827009203E008224FF050
:10ADB000000A0092C4F30252022A05D059F804CBCB
:10ADC0000021032A08D009E009F1070121F0070258
:10ADD000F2E802C1914605E01FFA8CFC042A01D179
:10ADE0000CF0FF0C4FF00008220728D5702806D081
:10ADF000009B83F0100353EA0A0305D00EE04022C3
:10AE00008DF80420012208E05CEA010206D030221D
:10AE10008DF804208DF8050002229046009B83F0F7
:10AE2000080353EA0A030AD15CEA010201D162076E
:10AE300005D530228DF804204FF001087F1E5828D8
:10AE400004D034A003900EA802900DE036A0F9E7DC
:10AE500053466046009AE5F7B3F984460398825C4E
:10AE60000298401E029002705CEA0100F0D1029844
:10AE700006A9081A00F1200A600702D524F48034DC
:10AE800000E00127574502DDA7EB0A0000E00020A3
:10AE900000EB0A01009005984144401A0590E00338
:10AEA00006D45B462146179A059800F0B3F905448D
:10AEB000002706E001A85A46C05D179990476D1C0F
:10AEC0007F1C4745F6DBE0030CD55B462146179A0D
:10AED000059800F09FF9054404E030205A46179980
:10AEE00090476D1C0099481E00900029F5DC08E091
:10AEF000029802995A460078491C02911799904786
:10AF00006D1CBAF10001AAF1010AF1DC65E1000053
:10AF1000092801003031323334353637383961622F
:10AF200063646566000000003031323334353637F3
:10AF300038394142434445460000000000F058F9CA
:10AF40000544761C307800287FF4ECAD19B0284613
:10AF5000BDE8F08F620700D4062709F1070222F04E
:10AF6000070CFCE80223E14603F000485FEA080C06
:10AF700002D00FF2702C0DE05FEA045C02D50FF2F4
:10AF8000682C07E05FEAC47C02D00FF2602C01E07D
:10AF9000AFF2700C4FF0FF3823F00043CDF850C0F3
:10AFA00065280CD006DC452809D046281DD0472846
:10AFB0003DD13DE0662818D067287ED138E00021D9
:10AFC000112F01DB112000E0781CCDE9000106A95A
:10AFD0000EA8FFF7DDFCDDE90F010E9A03910021B9
:10AFE000009207F1010A04914DE04FF000400097F4
:10AFF000CDE9011006A90EA8FFF7CAFCDDE90F0292
:10B0000003920E9B11990022DDF80CA0009304928C
:10B0100011B9791C00EB010AB7EB0A0004D4C0F1A6
:10B02000FF3007F1010A0490AAEB0700019044E009
:10B03000012F00DA01270021112F01DD112000E08E
:10B040003846CDE9000106A90EA8FFF7A1FCDDE90D
:10B050000F010E9A0391002104910092BA46210734
:10B060000CD40399514500DA8A46BAF1010F05DD87
:10B07000009AAAF10101515C302908D0B84202DAE5
:10B0800010F1040F06DA0121CDE9011015E0AAF153
:10B090000101E9E7002805DC049901440491AAEBC9
:10B0A000000102E0411C514500DD8A460499401A26
:10B0B000401C01904FF000400290200704D40198FA
:10B0C000504501DBCDF8048000208DF84F00029838
:10B0D0000DF14F07B0F1004F25D02B200E900298B4
:10B0E0004FF0020800280CDA404202902D200E900A
:10B0F00007E00A210298E5F775FA3031029007F867
:10B10000011DB8F10001A8F10108F2DC0298002845
:10B11000EFD1791E0E980870307800F0200040F0D2
:10B12000450007F8020D12A8C01B00F1070814988B
:10B13000007800B1012000EB0A01019801EBE071F9
:10B1400005984144401A401E0590E00306D45B4632
:10B150002146179A059800F05DF805441498007888
:10B1600018B15A46179990476D1CE00324D55B46E9
:10B170002146179A059800F04DF805441CE0049804
:10B18000002807DBDDE90301884203DD0098405C0D
:10B19000179901E0179930205A469047049805F115
:10B1A0000105401C04900198401E019004D12E20FE
:10B1B0005A46179990476D1CBAF10001AAF1010A8D
:10B1C000DDDC05E017F8010B5A46179990476D1C16
:10B1D000B8F10001A8F10108F4DC5B462146179A9A
:10B1E0000598ABE62D0000002B00000020000000B9
:10B1F0002DE9F041044600251E461746880404D474
:10B2000005E039462020B0476D1C641EF9D528465C
:10B21000BDE8F0812DE9F041044600251E46904628
:10B22000C80301D5302700E02027880404D505E0B5
:10B2300041463846B0476D1C641EF9D52846BDE826
:10B24000F0810A68531C0B601070704770B5134D85
:10B250004FF40064002221462846FCF72AFC022015
:10B2600000F05EFA0E4E012211463046FCF721FC3A
:10B27000022000F055FA002201213046FCF719FCAB
:10B28000022000F04DFA012221462846FCF711FC6D
:10B29000BDE87040022000F043BA000000140240F4
:10B2A0000004024000F0B0B810B50122D1020C48F1
:10B2B000FCF7FFFB022000F033FA0A4C0122114692
:10B2C0002046FCF7F6FB022000F02AFA00220121BA
:10B2D0002046FCF7EEFBBDE81040022000F020BA4B
:10B2E00000140240000402402DE9F0470024DFF87A
:10B2F0005890164E074625464FF400686006040E27
:10B30000012211463046FCF7D4FB022000F008FA77
:10B3100041464846FCF7C0FB08B1641CE4B2002279
:10B3200001213046FCF7C5FB022000F0F9F96D1C45
:10B33000EDB2082DE2D327B1FFF788FF2046BDE824
:10B34000F087FFF7B1FFF9E7001402400004024064
:10B350002DE9F041DFF85880164E054600244FF4E1
:10B360000067280601D5012200E000223946404648
:10B37000FCF79FFB022000F0D3F901221146304672
:10B38000FCF797FB022000F0CBF9002201213046A8
:10B39000FCF78FFB6806641C050EE4B2082CE0D3B2
:10B3A00039464046BDE8F0410122FCF782BB00006F
:10B3B000001402400004024070B50122104DD40276
:10B3C00021462846FCF775FB0E4E012211463046F9
:10B3D000FCF76FFB022000F0A3F90022214628466B
:10B3E000FCF767FB022000F09BF9002201213046A8
:10B3F000FCF75FFBBDE87040022000F091B900004F
:10B40000001402400004024070B50E4D4FF4006479
:10B41000002221462846FCF74CFB022000F080F970
:10B42000012211460848FCF744FB022000F078F99D
:10B43000012221462846FCF73CFBBDE87040022073
:10B4400000F06EB900140240000402402DE9F04102
:10B450000122174F0024D602254631463846FCF714
:10B4600028FB022000F05CF9DFF848800122114639
:10B470004046FCF71EFB07E0641CE4B2FA2C03D93B
:10B48000FFF7C2FF012508E0022000F049F931462C
:10B490003846FCF701FB0028EED10022012140468E
:10B4A000FCF707FB022000F03BF92846BDE8F081DD
:10B4B00000140240000402402DE9F04F8DB072A04C
:10B4C000FFF720F9DFF8CCA100250526BAF8040023
:10B4D000DFF8C481714FA0F580510DF10C0B1839C4
:10B4E00000D10A26CAE0D8F80410002088470024BA
:10B4F000B1E000BFB8F834100122A24011427CD064
:10B5000008EB4409BAF80010B9F80C208A4275D249
:10B51000B9F82030BAF802008342F8D23BF824C0D0
:10B520005846ACF57F41FF3904D100EB840120F887
:10B5300024204B805A494FF0020C0BEB840031F869
:10B540001410CDF800C0CDE9011041883BF824006B
:10B5500000F0ACFDB9F80C102BF824100298B9F8E3
:10B5600020204280BAF800001838814203DD142AF6
:10B5700001D203F0A1FFB9F80C00202869D2B9F874
:10B580002000142865D24549B878143131F81000EC
:10B5900000F0FEFC20204FF4784442A18DE8130017
:10B5A0000346F02228210A2003F0C6FE18213FA0FE
:10B5B000CDE900100B46F022029450210A2003F03E
:10B5C000BBFE10253CA00095CDE901042B46F022DE
:10B5D0006E210A2003F0B0FE3B480095CDE901043E
:10B5E0001023F02282210A2003F0A6FE3648102301
:10B5F0000C30F0229621009501E026E029E0CDE90B
:10B6000001040A2003F098FE30A00095CDE9010462
:10B610001023C822AA210A2003F08EFE30A0009534
:10B62000CDE901041023C822BE210A2003F084FEC4
:10B6300030A00095CDE901041023C822D2210A20B0
:10B6400003F07AFE0DB0BDE8F08F4FF6FF702BF8D7
:10B650002400641CE4B2B442FFF44CAF052000F0B7
:10B6600059F86D1CEDB21420B5FBF0F100FB115040
:10B6700020B94FF400712348FCF713FAF87800283A
:10B680007FF431AFDEE700006374705F746573743C
:10B69000210A0000F4040020100000208000002097
:10B6A0006439020853544D3332000000544F55435F
:10B6B000482054455354000041544F4D40414C499B
:10B6C000454E54454B00000064BE01204B455930A7
:10B6D0003A5465737420546F75636821000000004C
:10B6E0004B4559313A54657374206E6F72666C61C4
:10B6F000736821004B4559323A5465737420535294
:10B70000414D2100001402400149086070470000CB
:10B71000000000204FF47A71484300F001B80000A7
:10B7200070B54FF0E024002265690949A3690968F2
:10B730004843A1699942FCD002D2A3EB010302E085
:10B74000A5EB010633441A440B468242F1D370BD87
:10B750000000002030B587B0E9F73EFE4FF47F00CF
:10B76000ECF77EF84B48ECF791F84FF6FF70ECF7EA
:10B7700079F8E8F7A7FB484CECF7D0FB03A8ECF707
:10B7800031FC9DF81400D8B10022114643A0E8F71F
:10B7900079FE0423002220210398E8F7CFFD182228
:10B7A00000213FA0E8F76EFE042318222021049810
:10B7B000E8F7C4FD218800223AA02839E8F762FEA4
:10B7C0000A20FFF7A7FF2088039928388142D3DD9C
:10B7D00004981428D0DA6FF07F40ECF741F8E8F7CE
:10B7E00071FB202131A0CDE900104FF478440B46C5
:10B7F000F022029428210A2003F09EFD18212DA09A
:10B80000CDE900100B46F022029450210A2003F0EB
:10B8100093FD10252AA00095CDE901042B46F022C6
:10B820006E210A2003F088FD29480095CDE9010426
:10B830001023F02282210A2003F07EFD2448009587
:10B840000C30CDE901041023F02296210A2003F0E8
:10B8500073FD20A00095CDE901041023C822AA2180
:10B860000A2003F069FD20A00095CDE90104102312
:10B87000C822BE210A2003F05FFD20A00095CDE97B
:10B8800001041023C822D2210A2003F055FD07B07D
:10B8900030BD000008DE0208F4040020583A000021
:10B8A000593A0000455849540000000053544D33A4
:10B8B00032000000544F5543482054455354000073
:10B8C00041544F4D40414C49454E54454B000000BA
:10B8D00064BE01204B4559303A5465737420546F4F
:10B8E00075636821000000004B4559313A54657377
:10B8F00074206E6F72666C61736821004B4559321B
:10B900003A54657374205352414D210003490A682B
:10B910005206FCD5C2B24A607047000000100140D8
:10B920002DE9F0413C4888B00025016841F0040150
:10B930000160016801F004010691016841F0020113
:10B94000016000684FF4005600F0020006900124E8
:10B95000CDE901640327DFF8C480CDE9034701A9DD
:10B960004046FBF7A3FF0220CDE90105CDE90347DF
:10B9700001A92B48FBF79AFFFFF794FC0022314600
:10B980004046FCF796F81420FFF7C4FE012231462A
:10B990004046FCF78EF83220FFF7BCFE8DF80050D1
:10B9A00001226946002000F013F901226946A42013
:10B9B00000F00EF916208DF8000001226946802063
:10B9C00000F006F90C208DF800000122694688205D
:10B9D00000F0FEF802226946A12000F029F89DF847
:10B9E0000010302903D19DF8010003280BD09DF8E9
:10B9F0000100012807D0022805D001B918B10120A3
:10BA000008B0BDE8F081C0B200EB012105A0FEF74F
:10BA100079FE0020F4E700003038024000080240C0
:10BA2000000402404354502049443A25780D0A004E
:10BA30002DE9F04115460E460446FFF7BDFC702087
:10BA4000FFF786FCFFF702FDE0B2FFF781FCFFF78E
:10BA5000FDFCFFF7B1FC7120FFF77AFCFFF7F6FC65
:10BA600000246F1E09E0BC4201D0012000E000204C
:10BA7000FFF73AFC3055641CE4B2AC42F3D3BDE8A6
:10BA8000F041FFF7C1BC00002DE9FC5F00274C4EE0
:10BA90008DF804704FF00A0B3078DFF82881401CD5
:10BAA000C0B2B0FBFBF20BFB12013C46B946307052
:10BAB0004FF6FF7A09B10A2866D2012201A90220B5
:10BAC000FFF7B6FF9DF8040001075DD000F00F01FD
:10BAD000062959D20AFA01F0C04340F44040A8F8C0
:10BAE000340045460420FFF715FE4FF00109A98EEA
:10BAF00009FA04F001423AD033480422694630F88A
:10BB00001400FFF795FF95F844009DF80010C0075A
:10BB10009DF8010001F00F010ED000EB012105EBB3
:10BB2000440001849DF802209DF8031002F00F02EA
:10BB300001EB0221818110E000EB012023490988FB
:10BB4000091A05EB440081819DF802209DF803103D
:10BB500002F00F0201EB022101849DF80000082190
:10BB6000B1EB101F03D005EB440007848781641CF0
:10BB7000E4B2052CBBD3A8894FF0010918B9288C71
:10BB800008B98DF8047037709DF80400C0060ED116
:10BB9000B8F83400010402D520F4004005E0A8F80C
:10BBA0000CA0A8F820A000F46040A8F83400307879
:10BBB000F02801D986F800B04846BDE8FC9F000097
:10BBC0000C000020100000200C390208F4040020B2
:10BBD0002DE9F04116460F4604460025FFF7ECFB21
:10BBE0007020FFF7B5FBFFF731FCE0B2FFF7B0FBC9
:10BBF000FFF72CFC002408E0385DFFF7A9FBFFF7F6
:10BC000025FC050003D1641CE4B2B442F4D3FFF771
:10BC1000FBFB2846BDE8F0817CB5FFF743FB2A4DCE
:10BC20004FF40054002221462846FBF742FF0A2029
:10BC3000FFF770FD012221462846FBF73AFF0A2054
:10BC4000FFF768FD0422694648F2401000F054F8FE
:10BC500000248DF804401DA16846E4F728FB80B15C
:10BC60001BA16846E4F723FB58B11BA16846E4F723
:10BC70001EFB30B11AA16846E4F719FB08B1012098
:10BC80007CBD694618A0FEF73DFD15A16846E4F7A6
:10BC90000EFB10B917490A20087002208DF8000029
:10BCA00048F2400501226946284600F047F90A207B
:10BCB000FFF730FD8DF8004001226946284600F06C
:10BCC0003DF900207CBD0000000802403931310000
:10BCD00039313437000000003131353800000000C0
:10BCE00039323731000000004354502049443A258E
:10BCF000730D0A000D0000202DE9F04115460E4697
:10BD00000446FFF759FB2820FFF722FBFFF79EFBB5
:10BD1000200AFFF71DFBFFF799FBE0B2FFF718FBC6
:10BD2000FFF794FBFFF748FB2920FFF711FBFFF714
:10BD30008DFB00246F1E09E0BC4201D0012000E011
:10BD40000020FFF7D1FA3055641CE4B2AC42F3D3C3
:10BD5000BDE8F041FFF758BB2DE9F14F82B0002557
:10BD6000724C8DF804504FF00A0A6078DFF8C081F9
:10BD7000401CC0B2B0FBFAF20AFB12012E46607002
:10BD80004FF6FF7909B10A287DD248F24E170122F9
:10BD900002A93846FFF7B0FF9DF8080001060BD551
:10BDA000217800F00F00884206D88DF80450012257
:10BDB00001A9384600F0C2F89DF80800010762D0DA
:10BDC000227800F00F0090425DD809FA00F1C943D3
:10BDD000B8F8347041F44041A8F8341008EB42013F
:10BDE000B8F80C304B81B8F82020CA838DF8045085
:10BDF000DFF840B150E0B8F8340001228A404646EE
:10BE0000104244D04C48042230F811006946FFF734
:10BE100073FFBBF80410A1F5AA42103A0CD0A1F5AB
:10BE20001842063A08D0A1F5EE42963A04D096F8A8
:10BE30004410C90717D103E096F84410C90712D07F
:10BE40009DF802109DF80320BBF8000001EB0221D1
:10BE5000411A9DF8040006EB400081819DF8001016
:10BE60009DF801200EE09DF800009DF8011000EB08
:10BE700001219DF8040006EB400081819DF802102D
:10BE80009DF8032000E025E001EB022101849DF8EC
:10BE90000400401C8DF804009DF8041020788142B5
:10BEA000A9D3B8F80C20BBF80030012640469A42CE
:10BEB00004D8028CBBF802108A420AD99DF80810F7
:10BEC00001F00F0101290CD9C1898181418CA8F8A9
:10BED000201065709DF8080000F08F0080280DD0BC
:10BEE0001CE0217800EB41014A898281C98B0184E1
:10BEF00080218DF80810A8F83470EBE7B8F83410FA
:10BF000040460A0402D521F4004105E0A0F80C9057
:10BF1000A0F8209001F46041A8F834106078F0286F
:10BF200001D984F801A03046BDE8FE8F0D00002045
:10BF300010000020F4040020163902082DE9F04119
:10BF400016460F4604460025FFF736FA2820FFF76D
:10BF5000FFF9FFF77BFA200AFFF7FAF9FFF776FA05
:10BF6000E0B2FFF7F5F9FFF771FA002408E0385D59
:10BF7000FFF7EEF9FFF76AFA050003D1641CE4B29B
:10BF8000B442F4D3FFF740FA2846BDE8F081000040
:10BF900070B50A490646002408884D882146454365
:10BFA000204603F0E1F803F077FA4FF0D84002E0C2
:10BFB000A0F88060641CAC42FAD370BDF404002089
:10BFC0002DE9F04F38492C260A46887192884FF4A3
:10BFD000305A4FF4285B41F6631E2B274FF02A0C92
:10BFE0004FF0F00845F210594FF448754FF4A07423
:10BFF0004FF4F07358B10C80A1F802804A4530D15B
:10C00000A1F808A0A1F80AB03802888141E0A1F89F
:10C0100000804C804A4507D1A1F808A0A1F80AB0D9
:10C020004FF42C50888105E072450E8105D14F8177
:10C03000A1F80CC00B804D8002E0A1F80AC08F81EE
:10C04000A2F5A640103803D0A2F5EE40963801D1F3
:10C050000C804B80A2F5184006381FD10B804D8014
:10C060001CE0724511D0A2F5184006380DD00E81A3
:10C07000A1F80AC0A1F80C70A2F5A64010380BD0A8
:10C08000A2F5EE40963807D008E00E81A1F80AC06C
:10C090008F810D804B80EFE70B804C80BDE8F04F27
:10C0A000002002F081BF0000F40400202DE9FF5FB2
:10C0B0004FF00008DDF838A0474650454FD35245B1
:10C0C0004DD351454BD3534549D3161A5D1A0290AF
:10C0D00000914FF0FF30002E02DD4FF0010102E031
:10C0E00003D14FF000018B4602E08346C6F1000603
:10C0F000002D02DD4FF0010002E003D14FF00000FF
:10C10000019002E0C5F100050190AE4201DD344628
:10C1100000E02C46601C4FF0000903901CE00098E2
:10C12000524681B202980F9B80B202F02FFDB044BC
:10C130002F44A04505DD0299A8EB040801EB0B0094
:10C140000290A74204DDDDE9000108443F1B009096
:10C1500009F101001FFA80F903998945DFDDBDE887
:10C16000FF9F2DE9FF4F804600251446032082B033
:10C170000F46A0EB440651E0381B81B208EB050ADC
:10C1800001901FFA8AF0059A00F0B0F8781B009031
:10C1900081B208EB04091FFA89F0059A00F0A6F8AD
:10C1A00007EB050B1FFA8BF11FFA89F0059A00F0D7
:10C1B0009DF807EB04091FFA89F11FFA8AF0059A26
:10C1C00000F094F8A8EB050A1FFA89F11FFA8AF02B
:10C1D000059A00F08BF8A8EB04091FFA8BF11FFAFF
:10C1E00089F0059A00F082F80198059A81B21FFA49
:10C1F0008AF000F07BF80098059A81B21FFA89F066
:10C2000000F074F86D1C002E03DA06EB8506B61DEF
:10C2100004E0281B06EB8006641E0A36A542ABDD4F
:10C2200006B0BDE8F08F000038B5002A0DD0074CED
:10C230002588854209D364888C4206D30244521E65
:10C24000009392B20B4602F07DFC38BDF40400204E
:10C250002DE9FE4F161ACDE900104FF000085D1AC7
:10C2600047464FF0FF30002E02DD4FF0010102E0A3
:10C2700003D14FF000018B4602E08346C6F1000671
:10C28000002D02DD4FF0010002E003D14FF000006D
:10C29000824602E08246C5F10005AE4201DD344629
:10C2A00000E02C46601C4FF00009029019E0009855
:10C2B0000C9A81B2019880B200F018F8B0442F4473
:10C2C000A04504DD0198A8EB040858440190A7425A
:10C2D00003DD00983F1B5044009009F101001FFA54
:10C2E00080F902998945E2DDBDE8FE8F10B514465C
:10C2F00002F03AFF03F0D0F84FF0D840A0F88040A9
:10C3000010BD10B5CF2003F0BBF8002003F0ACF84F
:10C31000C12003F0A9F8302003F0A6F8ED2003F0C7
:10C32000AFF8642003F0A0F8032003F09DF812207A
:10C3300003F09AF8812003F097F8E82003F0A0F8C2
:10C34000852003F091F8102003F08EF87A2003F096
:10C350008BF8CB2003F094F8392003F085F82C20DB
:10C3600003F082F8002003F07FF8342003F07CF81B
:10C37000022003F079F8F72003F082F8202003F080
:10C3800073F8EA2003F07CF8002003F06DF8002039
:10C3900003F06AF8C02003F073F81B2003F064F880
:10C3A000C12003F06DF8012003F05EF8C52003F012
:10C3B00067F8302003F058F8302003F055F8C72014
:10C3C00003F05EF8B72003F04FF8362003F058F87A
:10C3D000482003F049F83A2003F052F8552003F0C2
:10C3E00043F8B12003F04CF8002003F03DF81A2088
:10C3F00003F03AF8B62003F043F80A2003F034F8CB
:10C40000A22003F031F8F22003F03AF8002003F004
:10C410002BF8262003F034F8012003F025F8E02063
:10C4200003F02EF80F2003F01FF82A2003F01CF869
:10C43000282003F019F8082003F016F80E2003F066
:10C4400013F8082003F010F8542003F00DF8A92089
:10C4500003F00AF8432003F007F80A2003F004F879
:10C460000F2003F001F8002002F0FEFF002002F090
:10C47000FBFF002002F0F8FF002002F0F5FFE120B2
:10C4800002F0FEFF002002F0EFFF152002F0ECFFAB
:10C49000172002F0E9FF072002F0E6FF112002F06A
:10C4A000E3FF062002F0E0FF2B2002F0DDFF562024
:10C4B00002F0DAFF3C2002F0D7FF052002F0D4FFA3
:10C4C000102002F0D1FF0F2002F0CEFF3F2002F03B
:10C4D000CBFF3F2002F0C8FF0F2002F0C5FF2B204A
:10C4E00002F0CEFF002002F0BFFF002002F0BCFFF0
:10C4F000012002F0B9FF3F2002F0B6FF2A2002F02F
:10C50000BFFF002002F0B0FF002002F0ADFF0020CE
:10C5100002F0AAFFEF2002F0A7FF112002F0B0FF07
:10C520007820FFF7F7F8BDE81040292002F0A8BFF7
:10C5300010B5FF2002F0A4FFFF2002F095FF982025
:10C5400002F092FF062002F08FFFBC2002F098FF5D
:10C55000012002F089FF0F2002F086FF612002F027
:10C5600083FFFF2002F080FF012002F07DFF012009
:10C5700002F07AFF0B2002F077FF102002F074FF28
:10C58000372002F071FF632002F06EFFFF2002F0FF
:10C590006BFFFF2002F068FF012002F065FF012021
:10C5A00002F062FF002002F05FFF002002F05CFF5B
:10C5B000FF2002F059FF522002F056FF012002F046
:10C5C00053FF002002F050FF402002F04DFFBD203D
:10C5D00002F056FF012002F047FF232002F044FF43
:10C5E000452002F041FF672002F03EFF012002F0EB
:10C5F0003BFF232002F038FF452002F035FF672083
:10C6000002F032FFBE2002F03BFF002002F02CFFC0
:10C61000012002F029FFAB2002F026FF602002F08B
:10C6200023FF222002F020FF222002F01DFF222003
:10C6300002F01AFF222002F017FF222002F014FF5E
:10C64000C72002F01DFF362002F00EFFED2002F0A1
:10C6500017FF7F2002F008FF0F2002F005FFC02027
:10C6600002F00EFF0F2002F0FFFE0B2002F0FCFE96
:10C670000A2002F0F9FEFC2002F002FF082002F07E
:10C68000F3FEDF2002F0FCFE002002F0EDFE0020B1
:10C6900002F0EAFE002002F0E7FE002002F0E4FED5
:10C6A000002002F0E1FE202002F0DEFEF32002F086
:10C6B000E7FE742002F0D8FEB42002F0E1FE002074
:10C6C00002F0D2FE002002F0CFFE002002F0CCFEED
:10C6D000F72002F0D5FE822002F0C6FEB12002F063
:10C6E000CFFE002002F0C0FE132002F0BDFE13209A
:10C6F00002F0BAFEF22002F0C3FE802002F0B4FE87
:10C70000042002F0B1FE402002F0AEFE282002F02C
:10C71000ABFEC12002F0B4FE172002F0A5FE882077
:10C7200002F0A2FE882002F09FFE202002F09CFE74
:10C73000E02002F0A5FE002002F096FE0A2002F0A2
:10C7400093FE122002F090FE102002F08DFE0E20CB
:10C7500002F08AFE202002F087FECC2002F084FE48
:10C76000072002F081FE062002F07EFE0B2002F080
:10C770007BFE0E2002F078FE0F2002F075FE0D20E9
:10C7800002F072FE152002F06FFE102002F06CFE27
:10C79000002002F069FEE12002F072FE002002F0AB
:10C7A00063FE0B2002F060FE132002F05DFE0D2000
:10C7B00002F05AFE0E2002F057FE1B2002F054FE3B
:10C7C000712002F051FE062002F04EFE062002F01B
:10C7D0004BFE0A2002F048FE0F2002F045FE0E201C
:10C7E00002F042FE0F2002F03FFE152002F03CFE58
:10C7F0000C2002F039FE002002F036FE2A2002F062
:10C800003FFE002002F030FE002002F02DFE01204D
:10C8100002F02AFEDF2002F027FE2B2002F030FE7D
:10C82000002002F021FE002002F01EFE032002F094
:10C830001BFE1F2002F018FE3A2002F021FE5520B8
:10C8400002F012FE362002F01BFE002002F00CFE69
:10C85000112002F015FE7820FEF75CFF292002F07F
:10C860000FFE1420FEF756FFBDE810402C2002F00A
:10C8700007BE10B5ED2002F003FE012002F0F4FD2A
:10C88000FE2002F0F1FDEE2002F0FAFDDE2002F0C3
:10C89000EBFD212002F0E8FDF12002F0F1FD012086
:10C8A00002F0E2FDDF2002F0EBFD102002F0DCFDE3
:10C8B000C42002F0E5FD8F2002F0D6FDC62002F074
:10C8C000DFFD002002F0D0FDE22002F0CDFDE220ED
:10C8D00002F0CAFDE22002F0C7FDBF2002F0D0FD49
:10C8E000AA2002F0C1FDB02002F0CAFD0D2002F026
:10C8F000BBFD002002F0B8FD0D2002F0B5FD0020C8
:10C9000002F0B2FD112002F0AFFD002002F0ACFDFC
:10C91000192002F0A9FD002002F0A6FD212002F05E
:10C92000A3FD002002F0A0FD2D2002F09DFD0020BF
:10C9300002F09AFD3D2002F097FD002002F094FDE8
:10C940005D2002F091FD002002F08EFD5D2002F0DE
:10C950008BFD002002F088FDB12002F091FD8020C7
:10C9600002F082FD002002F07FFD8B2002F07CFDB2
:10C97000002002F079FD962002F076FD002002F002
:10C9800073FDB22002F07CFD002002F06DFD00205E
:10C9900002F06AFD022002F067FD002002F064FD53
:10C9A000032002F061FD002002F05EFDB32002F0E2
:10C9B00067FD002002F058FD002002F055FD002028
:10C9C00002F052FD002002F04FFD002002F04CFD6D
:10C9D000002002F049FD002002F046FD002002F098
:10C9E00043FD002002F040FD002002F03DFD00204C
:10C9F00002F03AFD002002F037FD002002F034FD85
:10CA0000002002F031FD002002F02EFD002002F097
:10CA10002BFD002002F028FD002002F025FD002063
:10CA200002F022FD002002F01FFD002002F01CFD9C
:10CA3000002002F019FD002002F016FD002002F097
:10CA400013FDB42002F01CFD8B2002F00DFD002030
:10CA500002F00AFD962002F007FD002002F004FD1E
:10CA6000A12002F001FD002002F0FEFCB52002F042
:10CA700007FD022002F0F8FC002002F0F5FC032084
:10CA800002F0F2FC002002F0EFFC042002F0ECFCCB
:10CA9000002002F0E9FCB62002F0F2FC002002F0D7
:10CAA000E3FC002002F0E0FCB72002F0E9FC0020EB
:10CAB00002F0DAFC002002F0D7FC3F2002F0D4FCA8
:10CAC000002002F0D1FC5E2002F0CEFC002002F03B
:10CAD000CBFC642002F0C8FC002002F0C5FC8C20D6
:10CAE00002F0C2FC002002F0BFFCAC2002F0BCFC53
:10CAF000002002F0B9FCDC2002F0B6FC002002F0BD
:10CB0000B3FC702002F0B0FC002002F0ADFC9020DD
:10CB100002F0AAFC002002F0A7FCEB2002F0A4FC2B
:10CB2000002002F0A1FCDC2002F09EFC002002F0BC
:10CB30009BFCB82002F0A4FC002002F095FC002031
:10CB400002F092FC002002F08FFC002002F08CFC2E
:10CB5000002002F089FC002002F086FC002002F098
:10CB600083FC002002F080FCBA2002F089FC242023
:10CB700002F07AFC002002F077FC002002F074FC46
:10CB8000002002F071FCC12002F07AFC202002F0AB
:10CB90006BFC002002F068FC542002F065FC0020D1
:10CBA00002F062FCFF2002F05FFC002002F05CFC5F
:10CBB000C22002F065FC0A2002F056FC002002F0C0
:10CBC00053FC042002F050FC002002F04DFCC32076
:10CBD00002F056FC3C2002F047FC002002F044FC2E
:10CBE0003A2002F041FC002002F03EFC392002F025
:10CBF0003BFC002002F038FC372002F035FC00201E
:10CC000002F032FC3C2002F02FFC002002F02CFC51
:10CC1000362002F029FC002002F026FC322002F02F
:10CC200023FC002002F020FC2F2002F01DFC00203D
:10CC300002F01AFC2C2002F017FC002002F014FC79
:10CC4000292002F011FC002002F00EFC262002F048
:10CC50000BFC002002F008FC242002F005FC002060
:10CC600002F002FC242002F0FFFB002002F0FCFB9B
:10CC7000232002F0F9FB002002F0F6FB3C2002F03A
:10CC8000F3FB002002F0F0FB362002F0EDFB002069
:10CC900002F0EAFB322002F0E7FB002002F0E4FBA6
:10CCA0002F2002F0E1FB002002F0DEFB2C2002F03E
:10CCB000DBFB002002F0D8FB292002F0D5FB00208E
:10CCC00002F0D2FB262002F0CFFB002002F0CCFBCA
:10CCD000242002F0C9FB002002F0C6FB242002F051
:10CCE000C3FB002002F0C0FB232002F0BDFB0020AC
:10CCF00002F0BAFBC42002F0C3FB622002F0B4FBD6
:10CD0000002002F0B1FB052002F0AEFB002002F093
:10CD1000ABFB842002F0A8FB002002F0A5FBF02072
:10CD200002F0A2FB002002F09FFB182002F09CFB07
:10CD3000002002F099FBA42002F096FB002002F0F4
:10CD400093FB182002F090FB002002F08DFB502096
:10CD500002F08AFB002002F087FB0C2002F084FB2B
:10CD6000002002F081FB172002F07EFB002002F081
:10CD70007BFB952002F078FB002002F075FBF3208E
:10CD800002F072FB002002F06FFBE62002F06CFB69
:10CD9000002002F069FBC52002F072FB322002F095
:10CDA00063FB002002F060FB442002F05DFB0020EA
:10CDB00002F05AFB652002F057FB002002F054FB02
:10CDC000762002F051FB002002F04EFB882002F09A
:10CDD0004BFB002002F048FBC62002F051FB202054
:10CDE00002F042FB002002F03FFB172002F03CFB68
:10CDF000002002F039FB012002F036FB002002F097
:10CE000033FBC72002F03CFB002002F02DFB00208A
:10CE100002F02AFB002002F027FB002002F024FB96
:10CE2000C82002F02DFB002002F01EFB002002F0C3
:10CE30001BFB002002F018FB002002F015FBC920AC
:10CE400002F01EFB002002F00FFB002002F00CFBA2
:10CE5000002002F009FB002002F006FB002002F097
:10CE600003FB002002F000FB002002F0FDFA00208E
:10CE700002F0FAFA002002F0F7FA002002F0F4FAC9
:10CE8000002002F0F1FA002002F0EEFA002002F099
:10CE9000EBFA002002F0E8FA002002F0E5FA0020A8
:10CEA00002F0E2FAE02002F0EBFA162002F0DCFADF
:10CEB000002002F0D9FA1C2002F0D6FA002002F07D
:10CEC000D3FA212002F0D0FA002002F0CDFA362069
:10CED00002F0CAFA002002F0C7FA462002F0C4FAB3
:10CEE000002002F0C1FA522002F0BEFA002002F047
:10CEF000BBFA642002F0B8FA002002F0B5FA7A20FA
:10CF000002F0B2FA002002F0AFFA8B2002F0ACFA85
:10CF1000002002F0A9FA992002F0A6FA002002F0FF
:10CF2000A3FAA82002F0A0FA002002F09DFAB9208E
:10CF300002F09AFA002002F097FAC42002F094FA64
:10CF4000002002F091FACA2002F08EFA002002F0CE
:10CF50008BFAD22002F088FA002002F085FAD9205C
:10CF600002F082FA002002F07FFAE02002F07CFA60
:10CF7000002002F079FAF32002F076FA002002F0A5
:10CF800073FAE12002F07CFA162002F06DFA00201C
:10CF900002F06AFA1C2002F067FA002002F064FA3C
:10CFA000222002F061FA002002F05EFA362002F040
:10CFB0005BFA002002F058FA452002F055FA0020F2
:10CFC00002F052FA522002F04FFA002002F04CFA1E
:10CFD000642002F049FA002002F046FA7A2002F0BA
:10CFE00043FA002002F040FA8B2002F03DFA0020C4
:10CFF00002F03AFA992002F037FA002002F034FAEF
:10D00000A82002F031FA002002F02EFAB92002F036
:10D010002BFA002002F028FAC42002F025FA0020A2
:10D0200002F022FACA2002F01FFA002002F01CFAD5
:10D03000D22002F019FA002002F016FAD82002F0ED
:10D0400013FA002002F010FAE02002F00DFA00209E
:10D0500002F00AFAF32002F007FA002002F004FAC4
:10D06000E22002F00DFA052002F0FEF9002002F0A5
:10D07000FBF90B2002F0F8F9002002F0F5F91B2073
:10D0800002F0F2F9002002F0EFF9342002F0ECF99E
:10D09000002002F0E9F9442002F0E6F9002002F055
:10D0A000E3F94F2002F0E0F9002002F0DDF9612001
:10D0B00002F0DAF9002002F0D7F9792002F0D4F971
:10D0C000002002F0D1F9882002F0CEF9002002F011
:10D0D000CBF9972002F0C8F9002002F0C5F9A6208C
:10D0E00002F0C2F9002002F0BFF9B72002F0BCF94B
:10D0F000002002F0B9F9C22002F0B6F9002002F0D7
:10D10000B3F9C72002F0B0F9002002F0ADF9D12048
:10D1100002F0AAF9002002F0A7F9D62002F0A4F943
:10D12000002002F0A1F9DD2002F09EF9002002F0BB
:10D130009BF9F32002F098F9002002F095F9E32022
:10D1400002F09EF9052002F08FF9002002F08CF920
:10D150000A2002F089F9002002F086F91C2002F072
:10D1600083F9002002F080F9332002F07DF90020DD
:10D1700002F07AF9442002F077F9002002F074F905
:10D18000502002F071F9002002F06EF9622002F0E6
:10D190006BF9002002F068F9782002F065F90020B0
:10D1A00002F062F9882002F05FF9002002F05CF9D9
:10D1B000972002F059F9002002F056F9A62002F05B
:10D1C00053F9002002F050F9B72002F04DF9002089
:10D1D00002F04AF9C22002F047F9002002F044F9B7
:10D1E000C72002F041F9002002F03EF9D12002F000
:10D1F0003BF9002002F038F9D52002F035F9002083
:10D2000002F032F9DD2002F02FF9002002F02CF9B3
:10D21000F32002F029F9002002F026F9E42002F0C0
:10D220002FF9012002F020F9002002F01DF9012061
:10D2300002F01AF9002002F017F9022002F014F9A6
:10D24000002002F011F92A2002F00EF9002002F06D
:10D250000BF93C2002F008F9002002F005F94B2000
:10D2600002F002F9002002F0FFF85D2002F0FCF865
:10D27000002002F0F9F8742002F0F6F8002002F025
:10D28000F3F8842002F0F0F8002002F0EDF893208B
:10D2900002F0EAF8002002F0E7F8A22002F0E4F839
:10D2A000002002F0E1F8B32002F0DEF8002002F0E6
:10D2B000DBF8BE2002F0D8F8002002F0D5F8C42038
:10D2C00002F0D2F8002002F0CFF8CD2002F0CCF826
:10D2D000002002F0C9F8D32002F0C6F8002002F0C6
:10D2E000C3F8DD2002F0C0F8002002F0BDF8F32002
:10D2F00002F0BAF8002002F0B7F8E52002F0C0F81A
:10D30000002002F0B1F8002002F0AEF8002002F098
:10D31000ABF8002002F0A8F8022002F0A5F80020E7
:10D3200002F0A2F8292002F09FF8002002F09CF8F9
:10D330003C2002F099F8002002F096F84B2002F011
:10D3400093F8002002F090F85D2002F08DF80020A4
:10D3500002F08AF8742002F087F8002002F084F8C6
:10D36000842002F081F8002002F07EF8932002F081
:10D370007BF8002002F078F8A22002F075F8002077
:10D3800002F072F8B32002F06FF8002002F06CF89F
:10D39000BE2002F069F8002002F066F8C42002F016
:10D3A00063F8002002F060F8CD2002F05DF8002064
:10D3B00002F05AF8D32002F057F8002002F054F897
:10D3C000DC2002F051F8002002F04EF8F32002F0C9
:10D3D0004BF8002002F048F8E62002F051F8112046
:10D3E00002F042F8002002F03FF8342002F03CF84E
:10D3F000002002F039F8562002F036F8002002F042
:10D4000033F8762002F030F8002002F02DF8772073
:10D4100002F02AF8002002F027F8662002F024F833
:10D42000002002F021F8882002F01EF8002002F00F
:10D430001BF8992002F018F8002002F015F8BB2024
:10D4400002F012F8002002F00FF8992002F00CF818
:10D45000002002F009F8662002F006F8002002F031
:10D4600003F8552002F000F8002001F0FDFF5520E0
:10D4700001F0FAFF002001F0F7FF452001F0F4FF72
:10D48000002001F0F1FF432001F0EEFF002001F049
:10D49000EBFF442001F0E8FF002001F0E5FFE7206A
:10D4A00001F0EEFF322001F0DFFF002001F0DCFF91
:10D4B000552001F0D9FF002001F0D6FF762001F0C1
:10D4C000D3FF002001F0D0FF662001F0CDFF002047
:10D4D00001F0CAFF672001F0C7FF002001F0C4FF80
:10D4E000672001F0C1FF002001F0BEFF872001F09E
:10D4F000BBFF002001F0B8FF992001F0B5FF00202C
:10D5000001F0B2FFBB2001F0AFFF002001F0ACFF43
:10D51000992001F0A9FF002001F0A6FF772001F07B
:10D52000A3FF002001F0A0FF442001F09DFF002098
:10D5300001F09AFF562001F097FF002001F094FFC0
:10D54000232001F091FF002001F08EFF332001F035
:10D550008BFF002001F088FF452001F085FF0020AF
:10D5600001F082FFE82001F08BFF002001F07CFF3A
:10D57000002001F079FF992001F076FF002001F0F2
:10D5800073FF872001F070FF002001F06DFF8820FD
:10D5900001F06AFF002001F067FF772001F064FFCF
:10D5A000002001F061FF662001F05EFF002001F025
:10D5B0005BFF882001F058FF002001F055FFAA20F2
:10D5C00001F052FF002001F04FFFBB2001F04CFFA3
:10D5D000002001F049FF992001F046FF002001F0F2
:10D5E00043FF662001F040FF002001F03DFF552081
:10D5F00001F03AFF002001F037FF552001F034FF21
:10D60000002001F031FF442001F02EFF002001F046
:10D610002BFF442001F028FF002001F025FF5520BA
:10D6200001F022FF002001F01FFFE92001F028FF98
:10D63000AA2001F019FF002001F016FF002001F0E0
:10D6400013FF002001F010FF002001F019FFAA20B5
:10D6500001F00AFFCF2001F013FF002001F004FFCA
:10D66000002001F001FF002001F0FEFE002001F08B
:10D67000FBFE002001F0F8FE002001F0F5FE002086
:10D6800001F0F2FE002001F0EFFE002001F0ECFEC0
:10D69000002001F0E9FE002001F0E6FE002001F08C
:10D6A000E3FE002001F0E0FE002001F0DDFE00209E
:10D6B00001F0DAFE002001F0D7FE002001F0D4FED8
:10D6C000F02001F0DDFE002001F0CEFE502001F040
:10D6D000CBFE002001F0C8FE002001F0C5FE0020B6
:10D6E00001F0C2FEF32001F0CBFE002001F0BCFEF1
:10D6F000F92001F0C5FE062001F0B6FE102001F071
:10D70000B3FE292001F0B0FE002001F0ADFE3A206A
:10D7100001F0B6FE552001F0A7FE112001F0B0FE89
:10D720006420FDF7F7FF292001F0AAFE352001F063
:10D73000A7FE002001F098FE512001F0A1FEFF207D
:10D7400001F092FE532001F09BFE2C2001F08CFE94
:10D75000552001F095FE822001F086FEBDE81040C4
:10D760002C2001F08DBE2DE9F05F4FF47043552160
:10D77000184601F09BFE4FF20104AA21204601F059
:10D7800095FE651C5221284601F090FEA61C08213A
:10D79000304601F08BFEE71C0121384601F086FE81
:10D7A0000D214FF4304001F081FE0D214BF20100BC
:10D7B00001F07CFE0D214BF2020001F077FE4FF4E8
:10D7C00036483421404601F071FE34214BF20160AD
:10D7D00001F06CFE34214BF2026001F067FE4FF461
:10D7E00031490D21484601F061FE4BF2011A0D212D
:10D7F000504601F05BFE0D214BF2021001F056FE87
:10D800004FF4374B3421584601F050FE34214BF28F
:10D81000017001F04BFE34214BF2027001F046FE24
:10D8200000214FF4324001F041FE00214BF2012073
:10D8300001F03CFE00214BF2022001F037FE2421D2
:10D840004FF4384001F032FE24214BF6010001F084
:10D850002DFE24214BF6020001F028FE01214FF499
:10D860003F4001F023FE0F214FF4334001F01EFE34
:10D870000F214BF2013001F019FE0F214BF2023063
:10D8800001F014FE34214FF4394001F00FFE342131
:10D890004BF6011001F00AFE34214BF6021001F0A4
:10D8A00005FE08214FF4354001F000FE08214BF23F
:10D8B000015001F0FBFD08214BF2025001F0F6FD92
:10D8C00003214FF4424001F0F1FD24214FF43A408E
:10D8D00001F0ECFD24214BF6012001F0E7FD2421AD
:10D8E0004BF6022001F0E2FD00214FF43C4001F034
:10D8F000DDFD78214BF6014001F0D8FD00214BF60B
:10D90000024001F0D3FD00214FF43D4001F0CEFD77
:10D9100078214BF6015001F0C9FD00214BF6025071
:10D9200001F0C4FD00214FF43E4001F0BFFD642131
:10D930004BF6016001F0BAFD00214FF4514001F0B7
:10D94000B5FD33214DF2011001F0B0FD00214DF283
:10D95000021001F0ABFD34214DF2031001F0A6FDE1
:10D9600000214DF2041001F0A1FD3A214DF2051005
:10D9700001F09CFD00214DF2061001F097FD4A21B7
:10D980004DF2071001F092FD00214DF2081001F058
:10D990008DFD5C214DF2091001F088FD00214DF252
:10D9A0000A1001F083FD81214DF20B1001F07EFD84
:10D9B00000214DF20C1001F079FDA6214DF20D1061
:10D9C00001F074FD00214DF20E1001F06FFDE52114
:10D9D0004DF20F1001F06AFD01214DF2101001F01F
:10D9E00065FD13214DF2111001F060FD01214DF292
:10D9F000121001F05BFD54214DF2131001F056FDA1
:10DA000001214DF2141001F051FD82214DF215104B
:10DA100001F04CFD01214DF2161001F047FDCA2125
:10DA20004DF2171001F042FD02214DF2181001F0E5
:10DA30003DFD00214DF2191001F038FD02214DF29B
:10DA40001A1001F033FD01214DF21B1001F02EFDE3
:10DA500002214DF21C1001F029FD34214DF21D1060
:10DA600001F024FD02214DF21E1001F01FFD67217F
:10DA70004DF21F1001F01AFD02214DF2201001F0AD
:10DA800015FD84214DF2211001F010FD02214DF20F
:10DA9000221001F00BFDA4214DF2231001F006FD30
:10DAA00002214DF2241001F001FDB7214DF22510A5
:10DAB00001F0FCFC02214DF2261001F0F7FCCF2111
:10DAC0004DF2271001F0F2FC02214DF2281001F076
:10DAD000EDFCDE214DF2291001F0E8FC02214DF2AF
:10DAE0002A1001F0E3FCF2214DF22B1001F0DEFCD4
:10DAF00002214DF22C1001F0D9FCFE214DF22D1027
:10DB000001F0D4FC03214DF22E1001F0CFFC1021C6
:10DB10004DF22F1001F0CAFC03214DF2301001F03C
:10DB2000C5FC33214DF2311001F0C0FC03214DF250
:10DB3000321001F0BBFC6D214DF2331001F0B6FC48
:10DB400000214FF4524001F0B1FC33214DF201208D
:10DB500001F0ACFC00214DF2022001F0A7FC3421C1
:10DB60004DF2032001F0A2FC00214DF2042001F04F
:10DB70009DFC3A214DF2052001F098FC00214DF268
:10DB8000062001F093FC4A214DF2072001F08EFCA3
:10DB900000214DF2082001F089FC5C214DF20920A2
:10DBA00001F084FC00214DF20A2001F07FFC81216C
:10DBB0004DF20B2001F07AFC00214DF20C2001F017
:10DBC00075FCA6214DF20D2001F070FC00214DF2F4
:10DBD0000E2001F06BFCE5214DF20F2001F066FCF8
:10DBE00001214DF2102001F061FC13214DF21120B2
:10DBF00001F05CFC01214DF2122001F057FC542190
:10DC00004DF2132001F052FC01214DF2142001F0DD
:10DC10004DFC82214DF2152001F048FC01214DF20E
:10DC2000162001F043FCCA214DF2172001F03EFC02
:10DC300002214DF2182001F039FC00214DF219208B
:10DC400001F034FC02214DF21A2001F02FFC0121D9
:10DC50004DF21B2001F02AFC02214DF21C2001F0A4
:10DC600025FC34214DF21D2001F020FC02214DF253
:10DC70001E2001F01BFC67214DF21F2001F016FC55
:10DC800002214DF2202001F011FC84214DF22120CF
:10DC900001F00CFC02214DF2222001F007FCA4212E
:10DCA0004DF2232001F002FC02214DF2242001F06C
:10DCB000FDFBB7214DF2252001F0F8FB02214DF2CA
:10DCC000262001F0F3FBCF214DF2272001F0EEFBDF
:10DCD00002214DF2282001F0E9FBDE214DF229203E
:10DCE00001F0E4FB02214DF22A2001F0DFFBF221DA
:10DCF0004DF22B2001F0DAFB02214DF22C2001F035
:10DD0000D5FBFE214DF22D2001F0D0FB03214DF279
:10DD10002E2001F0CBFB10214DF22F2001F0C6FB8D
:10DD200003214DF2302001F0C1FB33214DF23120AF
:10DD300001F0BCFB03214DF2322001F0B7FB6D2155
:10DD40004DF2332001F0B2FB00214FF4534001F0BB
:10DD5000ADFB33214DF2013001F0A8FB00214DF263
:10DD6000023001F0A3FB34214DF2033001F09EFBA1
:10DD700000214DF2043001F099FB3A214DF20530BB
:10DD800001F094FB00214DF2063001F08FFB4A2197
:10DD90004DF2073001F08AFB00214DF2083001F00E
:10DDA00085FB5C214DF2093001F080FB00214DF232
:10DDB0000A3001F07BFB81214DF20B3001F076FB44
:10DDC00000214DF20C3001F071FBA6214DF20D3017
:10DDD00001F06CFB00214DF20E3001F067FBE521F4
:10DDE0004DF20F3001F062FB01214DF2103001F0D5
:10DDF0005DFB13214DF2113001F058FB01214DF272
:10DE0000123001F053FB54214DF2133001F04EFB60
:10DE100001214DF2143001F049FB82214DF2153001
:10DE200001F044FB01214DF2163001F03FFBCA2105
:10DE30004DF2173001F03AFB02214DF2183001F09B
:10DE400035FB00214DF2193001F030FB02214DF27B
:10DE50001A3001F02BFB01214DF21B3001F026FBA3
:10DE600002214DF21C3001F021FB34214DF21D3016
:10DE700001F01CFB02214DF21E3001F017FB67215F
:10DE80004DF21F3001F012FB02214DF2203001F063
:10DE90000DFB84214DF2213001F008FB02214DF2EF
:10DEA000223001F003FBA4214DF2233001F0FEFAF1
:10DEB00002214DF2243001F0F9FAB7214DF225305C
:10DEC00001F0F4FA02214DF2263001F0EFFACF21F1
:10DED0004DF2273001F0EAFA02214DF2283001F02C
:10DEE000E5FADE214DF2293001F0E0FA02214DF28F
:10DEF0002A3001F0DBFAF2214DF22B3001F0D6FA94
:10DF000002214DF22C3001F0D1FAFE214DF22D30DC
:10DF100001F0CCFA03214DF22E3001F0C7FA1021A6
:10DF20004DF22F3001F0C2FA03214DF2303001F0F2
:10DF3000BDFA33214DF2313001F0B8FA03214DF230
:10DF4000323001F0B3FA6D214DF2333001F0AEFA08
:10DF500000214FF4544001F0A9FA33214DF2014061
:10DF600001F0A4FA00214DF2024001F09FFA3421A1
:10DF70004DF2034001F09AFA00214DF2044001F005
:10DF800095FA3A214DF2054001F090FA00214DF248
:10DF9000064001F08BFA4A214DF2074001F086FA63
:10DFA00000214DF2084001F081FA5C214DF2094058
:10DFB00001F07CFA00214DF20A4001F077FA81214C
:10DFC0004DF20B4001F072FA00214DF20C4001F0CD
:10DFD0006DFAA6214DF20D4001F068FA00214DF2D4
:10DFE0000E4001F063FAE5214DF20F4001F05EFAB8
:10DFF00001214DF2104001F059FA13214DF2114068
:10E0000001F054FA01214DF2124001F04FFA54216F
:10E010004DF2134001F04AFA01214DF2144001F093
:10E0200045FA82214DF2154001F040FA01214DF2EE
:10E03000164001F03BFACA214DF2174001F036FAC2
:10E0400002214DF2184001F031FA00214DF2194041
:10E0500001F02CFA02214DF21A4001F027FA0121B9
:10E060004DF21B4001F022FA02214DF21C4001F05A
:10E070001DFA34214DF21D4001F018FA02214DF233
:10E080001E4001F013FA67214DF21F4001F00EFA15
:10E0900002214DF2204001F009FA84214DF2214085
:10E0A00001F004FA02214DF2224001F0FFF9A4210F
:10E0B0004DF2234001F0FAF902214DF2244001F023
:10E0C000F5F9B7214DF2254001F0F0F902214DF2AA
:10E0D000264001F0EBF9CF214DF2274001F0E6F99F
:10E0E00002214DF2284001F0E1F9DE214DF22940F4
:10E0F00001F0DCF902214DF22A4001F0D7F9F221BA
:10E100004DF22B4001F0D2F902214DF22C4001F0EA
:10E11000CDF9FE214DF22D4001F0C8F903214DF259
:10E120002E4001F0C3F910214DF22F4001F0BEF94D
:10E1300003214DF2304001F0B9F933214DF2314065
:10E1400001F0B4F903214DF2324001F0AFF96D2135
:10E150004DF2334001F0AAF900214FF4554001F08F
:10E16000A5F933214DF2015001F0A0F900214DF243
:10E17000025001F09BF934214DF2035001F096F961
:10E1800000214DF2045001F091F93A214DF2055071
:10E1900001F08CF900214DF2065001F087F94A2177
:10E1A0004DF2075001F082F900214DF2085001F0C4
:10E1B0007DF95C214DF2095001F078F900214DF212
:10E1C0000A5001F073F981214DF20B5001F06EF904
:10E1D00000214DF20C5001F069F9A6214DF20D50CD
:10E1E00001F064F900214DF20E5001F05FF9E521D4
:10E1F0004DF20F5001F05AF901214DF2105001F08B
:10E2000055F913214DF2115001F050F901214DF251
:10E21000125001F04BF954214DF2135001F046F920
:10E2200001214DF2145001F041F982214DF21550B7
:10E2300001F03CF901214DF2165001F037F9CA21E5
:10E240004DF2175001F032F902214DF2185001F051
:10E250002DF900214DF2195001F028F902214DF25B
:10E260001A5001F023F901214DF21B5001F01EF963
:10E2700002214DF21C5001F019F934214DF21D50CC
:10E2800001F014F902214DF21E5001F00FF967213F
:10E290004DF21F5001F00AF902214DF2205001F019
:10E2A00005F984214DF2215001F000F902214DF2CF
:10E2B000225001F0FBF8A4214DF2235001F0F6F8B2
:10E2C00002214DF2245001F0F1F8B7214DF2255012
:10E2D00001F0ECF802214DF2265001F0E7F8CF21D1
:10E2E0004DF2275001F0E2F802214DF2285001F0E2
:10E2F000DDF8DE214DF2295001F0D8F802214DF26F
:10E300002A5001F0D3F8F2214DF22B5001F0CEF853
:10E3100002214DF22C5001F0C9F8FE214DF22D5092
:10E3200001F0C4F803214DF22E5001F0BFF8102186
:10E330004DF22F5001F0BAF803214DF2305001F0A8
:10E34000B5F833214DF2315001F0B0F803214DF210
:10E35000325001F0ABF86D214DF2335001F0A6F8C8
:10E3600000214FF4564001F0A1F833214DF2016035
:10E3700001F09CF800214DF2026001F097F8342181
:10E380004DF2036001F092F800214DF2046001F0BB
:10E390008DF83A214DF2056001F088F800214DF228
:10E3A000066001F083F84A214DF2076001F07EF823
:10E3B00000214DF2086001F079F85C214DF209600E
:10E3C00001F074F800214DF20A6001F06FF881212C
:10E3D0004DF20B6001F06AF800214DF20C6001F083
:10E3E00065F8A6214DF20D6001F060F800214DF2B4
:10E3F0000E6001F05BF8E5214DF20F6001F056F878
:10E4000001214DF2106001F051F813214DF211601D
:10E4100001F04CF801214DF2126001F047F854214F
:10E420004DF2136001F042F801214DF2146001F049
:10E430003DF882214DF2156001F038F801214DF2CE
:10E44000166001F033F8CA214DF2176001F02EF882
:10E4500002214DF2186001F029F800214DF21960F7
:10E4600001F024F802214DF21A6001F01FF8012199
:10E470004DF21B6001F01AF802214DF21C6001F010
:10E4800015F834214DF21D6001F010F802214DF213
:10E490001E6001F00BF867214DF21F6001F006F8D5
:10E4A00002214DF2206001F001F884214DF221603B
:10E4B00000F0FCFF02214DF2226000F0F7FFA421E2
:10E4C0004DF2236000F0F2FF02214DF2246000F0D3
:10E4D000EDFFB7214DF2256000F0E8FF02214DF27B
:10E4E000266000F0E3FFCF214DF2276000F0DEFF51
:10E4F00002214DF2286000F0D9FFDE214DF22960A3
:10E5000000F0D4FF02214DF22A6000F0CFFFF2218B
:10E510004DF22B6000F0CAFF02214DF22C6000F09A
:10E52000C5FFFE214DF22D6000F0C0FF03214DF22A
:10E530002E6000F0BBFF10214DF22F6000F0B6FFFF
:10E5400003214DF2306000F0B1FF33214DF2316014
:10E5500000F0ACFF03214DF2326000F0A7FF6D2107
:10E560004DF2336000F0A2FF5521184600F09EFFE7
:10E57000AA21204600F09AFF5221284600F096FF7B
:10E580000821304600F092FF0021384600F08EFF4F
:10E59000CC21484600F08AFF0021504600F086FF5B
:10E5A0000521404600F082FF7021584600F07EFFB2
:10E5B00070214BF2017000F079FF01214FF43840D7
:10E5C00000F074FF03214BF6010000F06FFF032100
:10E5D0004BF6020000F06AFF03214BF6030000F047
:10E5E00065FF02214FF43C4000F060FF00214BF634
:10E5F000014000F05BFF00214BF6024000F056FFA7
:10E60000D0214FF4494000F051FF02214CF6011097
:10E6100000F04CFF50214CF6021000F047FF502153
:10E620004CF6031000F042FF50214CF6041000F0AD
:10E630003DFF00214FF4545000F038FF55214FF4B6
:10E64000685000F033FF4FF4885000F019FF782035
:10E65000FDF760F8BDE8F05F4FF4245000F010BF04
:10E6600010B5E22000F00CFF1D2000F0FDFE02209E
:10E6700000F0FAFE042000F0F7FE6420FDF74AF8EF
:10E68000E02000F0FDFE012000F0EEFE0A20FDF784
:10E6900041F8E02000F0F4FE032000F0E5FE0C203D
:10E6A000FDF738F8012000F0EBFE0A20FDF732F804
:10E6B000E62000F0E5FE2F2000F0D6FEFF2000F05F
:10E6C000D3FEFF2000F0D0FEB02000F0D9FE2020C5
:10E6D00000F0CAFE002000F0C7FE032000F0C4FED8
:10E6E00040F21F3000F0C0FE012000F0BDFE40F2FD
:10E6F000DF1000F0B9FE002000F0B6FEB42000F0FC
:10E70000BFFE042000F0B0FE40F21F4000F0ACFE5F
:10E71000002000F0A9FE2E2000F0A6FE002000F050
:10E72000A3FE002000F0A0FE002000F09DFE0020CF
:10E7300000F09AFEB62000F0A3FE022000F094FE46
:10E740004FF4037000F090FE002000F08DFE1720C3
:10E7500000F08AFE152000F087FE002000F084FE05
:10E76000002000F081FEF02000F08AFE032000F07F
:10E770007BFE292000F084FED02000F081FE0020E6
:10E7800000F072FEBE2000F07BFE052000F06CFE63
:10E79000FE2000F069FE012000F066FE002000F07F
:10E7A00063FE002000F060FE002000F05DFEB82057
:10E7B00000F066FE032000F057FE012000F054FE3A
:10E7C000BA2000F05DFEBDE81040012000F04CBE14
:10E7D00010B5112000F054FE7820FCF79BFF362086
:10E7E00000F04EFE002000F03FFE3A2000F048FE10
:10E7F000052000F039FEB22000F042FE0C2000F0AF
:10E8000033FE0C2000F030FE002000F02DFE3320FF
:10E8100000F02AFE332000F027FEB72000F030FE83
:10E82000352000F021FEBB2000F02AFE322000F04F
:10E830001BFEC02000F024FE0C2000F015FEC220BC
:10E8400000F01EFE012000F00FFEC32000F018FEB5
:10E85000102000F009FEC42000F012FE202000F07D
:10E8600003FEC62000F00CFE0F2000F0FDFDD020BE
:10E8700000F006FEA42000F0F7FDA12000F0F4FD5A
:10E88000E02000F0FDFDD02000F0EEFD002000F0C3
:10E89000EBFD022000F0E8FD072000F0E5FD0A2076
:10E8A00000F0E2FD282000F0DFFD322000F0DCFD6A
:10E8B000442000F0D9FD422000F0D6FD062000F0F3
:10E8C000D3FD0E2000F0D0FD122000F0CDFD14206D
:10E8D00000F0CAFD172000F0C7FDE12000F0D0FDD8
:10E8E000D02000F0C1FD002000F0BEFD022000F0AD
:10E8F000BBFD072000F0B8FD0A2000F0B5FD282080
:10E9000000F0B2FD312000F0AFFD542000F0ACFD6E
:10E91000472000F0A9FD0E2000F0A6FD1C2000F00D
:10E92000A3FD172000F0A0FD1B2000F09DFD1E2080
:10E9300000F09AFD2A2000F0A3FD002000F094FDD5
:10E94000002000F091FD002000F08EFDEF2000F08F
:10E950008BFD2B2000F094FD002000F085FD0020B1
:10E9600000F082FD012000F07FFD3F2000F07CFDE3
:10E97000BDE81040292000F083BD10B5112000F043
:10E980007FFD7820FCF7C6FE362000F079FD482098
:10E9900000F06AFD3A2000F073FD552000F064FDA0
:10E9A000F02000F06DFDC32000F05EFDF02000F0CF
:10E9B00067FD962000F058FDB42000F061FD0120B5
:10E9C00000F052FDB62000F05BFD0A2000F04CFD87
:10E9D000A22000F049FDB72000F052FDC62000F053
:10E9E00043FDB92000F04CFD022000F03DFDE02089
:10E9F00000F03AFDC02000F043FD802000F034FD1F
:10EA0000162000F031FDC12000F03AFD192000F081
:10EA10002BFDC22000F034FDA72000F025FDC5200D
:10EA200000F02EFD162000F01FFDE82000F028FD6C
:10EA3000402000F019FD8A2000F016FD002000F0B3
:10EA400013FD002000F010FD292000F00DFD19201D
:10EA500000F00AFDA52000F007FD332000F004FDC2
:10EA6000E02000F00DFDF02000F0FEFC072000F09B
:10EA7000FBFC0D2000F0F8FC042000F0F5FC052064
:10EA800000F0F2FC142000F0EFFC362000F0ECFC6B
:10EA9000542000F0E9FC4C2000F0E6FC382000F0A7
:10EAA000E3FC132000F0E0FC142000F0DDFC2E203D
:10EAB00000F0DAFC342000F0D7FCE12000F0E0FCAC
:10EAC000F02000F0D1FC102000F0CEFC142000F06B
:10EAD000CBFC0E2000F0C8FC0C2000F0C5FC082088
:10EAE00000F0C2FC352000F0BFFC442000F0BCFC6C
:10EAF0004C2000F0B9FC262000F0B6FC102000F0FD
:10EB0000B3FC122000F0B0FC2C2000F0ADFC322051
:10EB100000F0AAFCF02000F0B3FC3C2000F0A4FCC4
:10EB2000F02000F0ADFC692000F09EFC7820FCF79E
:10EB3000F1FD212000F0A4FCBDE81040292000F0E8
:10EB40009FBC00002DE9F0438146A2EB0902079823
:10EB5000521C1F4695B20C4686B24FF0D84811E0C1
:10EB60002146484600F000FB00F096FC002041469C
:10EB700004E000BFA1F88060401C80B2A842F9D335
:10EB8000641CA4B2BC42EBD9BDE8F0832DE9FF4F71
:10EB900080460E4640F2C32050434FF47A71B0FBDA
:10EBA000F1F702FB02F000EB520B14464FF6FF7038
:10EBB00000EA4202A8EB040080B231467F1C039BAE
:10EBC000FDF732FB012538E005FB05F004FB0401ED
:10EBD00059451BD9BC4218D96800A0F10209301967
:10EBE00081B2A8EB050000F1010A1FFA89F21FFAB1
:10EBF0008AF0039BFDF718FB301B81B21FFA89F2E4
:10EC00001FFA8AF0039BFDF70FFB641E4FF6FF709F
:10EC100000EA4402701981B2A8EB040A91461FFA77
:10EC20008AF0039BFDF700FB701B81B24A461FFA76
:10EC30008AF0039BFDF7F8FA6D1CBD42C4D9BDE80C
:10EC4000FF8F10B5BF2000F01BFC00F065F900F04D
:10EC500063F9C0B210BD00002DE9F05F3220FCF76F
:10EC600059FDD32000F00CFC00F056F9A14CA08017
:10EC700000F052F9A08000F04FF94FF6FF7101EA61
:10EC80000020A08000F048F9A18849F241360843ED
:10EC9000A08047F2897545F2103747F2967845F221
:10ECA000105949F6060A41F6631BB0427DD0042094
:10ECB00000F0E6FB00F030F9A08000F02DF9A08014
:10ECC00000F02AF94FF6FF7101EA0020A08000F061
:10ECD00023F9A1880843A0F50541A080523965D0E9
:10ECE000A84262D0D42000F0CBFB00F015F9A08040
:10ECF00000F012F9A08000F00FF94FF6FF7101EA61
:10ED00000020A08000F008F9A1880843A080B84244
:10ED10007ED0D32000F0B4FB00F0FEF8A08000F01D
:10ED2000FBF8A08000F0F8F84FF6FF7101EA002030
:10ED3000A08000F0F1F8A1880843A080404567D08A
:10ED400055214FF4704000F0B1FBAA214FF20100B1
:10ED500000F0ACFB52214FF2020000F0A7FB0821AB
:10ED60004FF2030000F0A2FB01214FF2040000F07B
:10ED70009DFB4FF4454000F083FB00F0CDF84FF6CB
:10ED8000FF7101EA0020A0804CF2015000F078FBF6
:10ED900000F0C2F8A1880843A0800520FCF7BAFC67
:10EDA000A188494534D0D32001E02CE02CE000F0CC
:10EDB00067FB00F0B1F8A08000F0AEF8A08000F092
:10EDC000ABF84FF6FF7101EA0020A08000F0A4F834
:10EDD000A1880843A08050451AD0A12000F050FB24
:10EDE00000F09AF8A08000F097F84FF6FF7101EA62
:10EDF0000020A08000F090F8A1880843A0F5AE4163
:10EE0000A080613902D003E0A58001E0A4F804B03D
:10EE1000A18839A0FBF776FCA088A84202D1FFF7B1
:10EE2000D7FC1FE0B04202D1FDF76BFA1AE0B842FE
:10EE300002D1FDF71EFD15E0404502D1FFF79DFD13
:10EE400010E0484502D1FEF78EFC0BE0504502D1A0
:10EE5000FDF76EFB06E0584504D1FFF701FC642086
:10EE600000F0DAFAA1884FF02040A94203D0B14265
:10EE700001D0594510D1D0F81C1121F00F01C0F874
:10EE80001C11D0F81C1141F00301C0F81C11D0F87E
:10EE90001C1141F440711DE0B94205D0414503D039
:10EEA000494501D0514517D1D0F81C1121F00F016F
:10EEB000C0F81C11D0F81C1141F00201C0F81C115F
:10EEC000D0F81C1121F47061C0F81C11D0F81C118D
:10EED00041F40071C0F81C110020FDF771F8012207
:10EEE000D1030848F8F7E5FDBDE8F05F4FF6FF7085
:10EEF000FDF74EB8F40400204C43442049443A2521
:10EF0000780D0A00000402400246012000E0504350
:10EF1000491EC9B2FBD2704708B50220401EFDD27F
:10EF20004FF0D840B0F88000ADF80000BDF8000008
:10EF300008BD000070B51B4C2288824202D962884D
:10EF40008A4201D8002070BD00F00EF9A088A0F51B
:10EF5000AA41103920D02E2000F092FAFFF7DCFFF2
:10EF6000A188A1F5C852633AEDD0FFF7D5FF054659
:10EF7000A088A0F5EE41963911D0FFF7CDFFE9B298
:10EF80004FF6FF7202EA012125EA6212890A42EA7B
:10EF9000411141EAD02070BD4FF43850DCE72846DB
:10EFA00070BD0000F404002070B55F4C00232146C2
:10EFB000A279898841F66316012A01D01AB10CE0C2
:10EFC000B14202D109E0B14207D1082805D2DFE8F9
:10EFD00000F0161812140C19100E082812D2DFE8CF
:10EFE00000F0110406080A0C0E1080230AE04023EA
:10EFF00008E0C02306E0202304E0602302E0A02311
:10F0000000E0E023362045F21055A94200D100026D
:10F01000A1F51342413A07D0A1F5EE42893A03D057
:10F02000A1F5EE42963A01D143F00803194600F0EB
:10F030003DFAA188B1420AD098062088628802D59C
:10F04000904202D303E0904201D92280608060891F
:10F05000A94240D100F014FA002000F005FA6089BE
:10F06000401C80B200F00CFA002000F0FDF960892D
:10F07000801C80B200F004FA2088401EC0F30F20EC
:10F0800000F0F2F96089C01C80B200F0F9F9207834
:10F09000401EC0B200F0E8F9A08900F0F1F90020AC
:10F0A00000F0E2F9A089401C80B200F0E9F90020EC
:10F0B00000F0DAF9A089801C80B200F0E1F96088E4
:10F0C000401EC0F30F2000F0CFF9A089C01C80B211
:10F0D00000F0D6F921E000F0D3F9002000F0C4F9E7
:10F0E000002000F0C1F92088401EC0F30F2000F07E
:10F0F000BBF92078401EC0B200F0B6F9A08900F03C
:10F10000BFF9002000F0B0F9002000F0ADF96088F0
:10F11000401EC0F30F2000F0A7F9A078BDE87040B2
:10F12000401EC0B200F0A0B9F404002010B504469F
:10F13000D12000F0A5F9FFF7EFFE400605D4D0205E
:10F1400000F09EF9682000F08FF9BE2000F098F9D9
:10F15000062000F089F9204600F086F9BDE810404D
:10F16000012000F081B90000F0B53B4A0D4604468D
:10F17000060A918810462F0A4089A1F5C853633BBF
:10F1800016D0A1F5AA43103B4CD000F079F93046D7
:10F1900000F06AF9E0B200F067F9908900F070F9C8
:10F1A000384600F061F9E8B2BDE8F04000F05CB923
:10F1B000917931B300F064F9304600F055F9E0B2CE
:10F1C00000F052F91088401EC0F30F2000F04CF9F7
:10F1D0001078401E5FFA80F000F046F9908900F048
:10F1E0004FF9384600F040F9E8B200F03DF9508898
:10F1F000401EC0F30F2000F037F99078401EC0B2D7
:10F20000D2E71188091B491E8CB200F039F90020A1
:10F2100000F02AF9002000F027F9200A00F024F974
:10F22000E0B2D9E700F02CF9304600F01DF9508922
:10F23000401C80B200F024F9E0B200F015F990898A
:10F2400000F01EF9384600F00FF99089401C80B29A
:10F2500000F016F9A7E70000F40400202DE9FF4FA5
:10F260001D460C468B46580700D0012000EBD50008
:10F27000690810FB01F0203A00F0FF0AD0B20C2D13
:10F280000AD0102D0CD0182D0ED0202D46D1244997
:10F2900001EB801600203EE000EB4001214806E033
:10F2A000214901EB0016F5E700EBC0011F4800EB18
:10F2B0008106EFE716F808704FF00009380601D50F
:10F2C0000E9A03E00D9828B9194802682146009863
:10F2D000FDF70CF87806070E1648641CA4B24088A7
:10F2E000A0421BD9A4EB0B00A8420AD100985C46AF
:10F2F000401C80B200900F480188009881420DD9CF
:10F3000006E009F1010000F0FF09B9F1080FD5D3BB
:10F3100008F10100C0B280465045CBD3BDE8FF8F55
:10F320004C2102088C090208000E0208F0130208A2
:10F3300008000020F40400202DE9FC4F044600F0F2
:10F34000FF0910190D46DDE90BB61FFA80F85819B0
:10F3500087B24FF0000A13E0444503D305EB0B00DE
:10F360004C4685B2BD4210D20D985B46CDE900A057
:10F3700029462046FFF772FF04EB5B0084B2761C3F
:10F380003278A2F120005E28E6D9BDE8FC8F2DE995
:10F39000FF4F83B08146DDE911BA10984FF00008A5
:10F3A0001E4644460BF0010547082EE0301B401E68
:10F3B000C1B20A20FFF7A8FD0599B1FBF0F00A21C0
:10F3C000B0FBF1F201FB1200B8F1000F05D1711E84
:10F3D0008C4202DA50B14FF001083030C2B2CDE9B0
:10F3E000005A07FB049080B2109B09E0CDE9005A57
:10F3F0005FEA0B6007FB0490109B80B20AD53022B5
:10F400000499FFF72BFF641CE4B2B442CED307B0DB
:10F41000BDE8F08F2022F3E710B50246BE2000F0D1
:10F420002FF8052000F020F81046E1F756F89FED80
:10F430000C1B53EC112BE0F75EFFE1F75BF880B299
:10F4400000F012F8012000F00FF8FF2000F00CF897
:10F45000002000F009F8BDE81040002000F004B8DA
:10F46000666666666666044001B5BDF80000ADF8E4
:10F470000000BDF800004FF0D841A1F8800008BDA1
:10F4800001B5BDF80000ADF80000BDF800004FF078
:10F49000D841A1F87E0008BD03484FF0D84100894B
:10F4A000A1F87E0070470000F40400204FF0D8421D
:10F4B00022F87E0F518070473EB54FF6FF70FCF783
:10F4C00067FD10241F200DA10094CDE901100C4808
:10F4D0002346C82200880021183880B2FFF72CFF8D
:10F4E0004FF4784007A10094CDE9011000211023CA
:10F4F000C8220846FFF720FF3EBD000052535400CB
:10F50000F404002045584954000000000EB5F8F7F7
:10F5100071FDFAF775F9F9F767FFFAF7C5F8F9F72A
:10F52000F3FEFAF759F8FAF777F8F9F7DBFEFAF78E
:10F5300097F8A820FCF7E8F8FFF78EFB96484FF401
:10F54000784497A10460954882889848FBF7EAF8C8
:10F55000FF20FFF7EBFDFFF774FB954D024695A1E9
:10F56000287192480C30FBF7DDF8A97805F11400FA
:10F5700030F81100FCF70CFD202194A0CDE900101B
:10F580000B46F022029428210A20FFF7D5FE182608
:10F5900090A00096CDE901043346F02250210A20C4
:10F5A000FFF7CAFE10258EA00095CDE901042B4679
:10F5B000F0226E210A20FFF7BFFE7C480095CDE9BE
:10F5C00001041023F02282210A20FFF7B5FE7748BC
:10F5D00000950C30CDE901041023F02296210A2079
:10F5E000FFF7AAFE82A00095CDE901041023C822EE
:10F5F000AA210A20FFF7A0FE82A00095CDE9010410
:10F600001023C822BE210A20FFF796FE82A0009593
:10F61000CDE901041023C822D2210A20FFF78CFE75
:10F6200081A00095CDE9010410234FF48C72E621EE
:10F630000A20FFF781FE86480068804780464FF623
:10F64000FF775023F02219460A200097FFF77AFA35
:10F6500080A00096CDE901041823C82250210A2079
:10F66000FFF76AFEB8F1000F09D17DA00095CDE942
:10F6700001041023C822FA210A20FFF75DFE00F0E2
:10F6800009FA00F063FA064601467CA0FBF73AF857
:10F690007FA00095CDE901044FF487781023C8229C
:10F6A00041460A20FFF748FE1F2000210095CDE9C2
:10F6B00001100523324641468220FFF768FE3B4891
:10F6C000774A78A12438FBF72DF82FE076A0FBF7D6
:10F6D00019F85023F02241460A200097FFF732FA2A
:10F6E00077A00095CDE901041023C82241460A20E5
:10F6F000FFF722FE4FF4FA794846F7F7BFFE75A0F0
:10F70000FBF700F85023F02241460A200097FFF74C
:10F7100019FA74A00095CDE901041023C8224146CE
:10F720000A20FFF709FE4846F7F7A8FE002ECDD0C5
:10F73000BE42CBD000F0ECFB002000F0F7F8022036
:10F7400000F0F4F8012000F0F1F86AA00095CDE98E
:10F7500001041023C8224FF491710A20FFF7ECFD39
:10F760006A48F9F7D5F910B169A0FAF7CBFF012083
:10F77000FCF726FCE5F730FEF7F786FD6A4D4FF4FF
:10F7800000744FF4967621462846F8F78AF93046F9
:10F79000F7F774FEF7E7000004000020F4040020EF
:10F7A0004C43442049443A253034580064BE01207B
:10F7B0008000002063757272656E742062726967E2
:10F7C00068746E6573733A253375000053544D3376
:10F7D000320000005446544C4344205445535400D6
:10F7E00041544F4D40414C49454E54454B0000005B
:10F7F0004B4559303A5465737420546F75636821D2
:10F80000000000004B4559313A54657374206E6F07
:10F8100072666C61736821004B4559323A546573C6
:10F8200074205352414D21004B45595F55503A5475
:10F8300065737420656D57696E2067657420746FF9
:10F84000756368206C6F636174696F6E21000000DE
:10F8500010000020544F5543482054455354000095
:10F860004C434420546F75636820696E697420535B
:10F8700075636365737366756C2100006E6F7266E5
:10F880006C6173682069642069732025640A000034
:10F890006E6F72666C617368206964206973000022
:10F8A0005439020825730000464C415348204368F0
:10F8B00065636B204661696C6564210A0000000085
:10F8C000464C41534820436865636B204661696C30
:10F8D00065642100506C6561736520436865636BE6
:10F8E00021200A00506C6561736520436865636B75
:10F8F000210000005352414D20696E6974205375F8
:10F90000636365737366756C2100000018C0012085
:10F9100054494D3620537461727420495420455225
:10F92000524F52210A0000000014024030B5044634
:10F930000748084D002150F82400420005EB8400E0
:10F94000406900F06FF80120291981F8200030BDCE
:10F95000303902085C0000202DE9F041204E0446B9
:10F96000002530190F4690F8200010B93168204664
:10F9700088474FF0FF3277B31A4B53F82410B7FB88
:10F98000F1F0B7FBF1FC01FB1C7101B1401C154902
:10F990000C3951F82410491E20D406EB84067769EF
:10F9A00037F811C0BCF1000F05D00025854213D1F6
:10F9B000002285B208E06D1CF8E700BF776901EB13
:10F9C000020C521C27F81C508242F7D353F8240033
:10F9D0004843BDE8F08101E0491EE1D51046F8E753
:10F9E0005C0000203C39020810B50C4B0C4C002286
:10F9F00053F82030114604EB800005E0446934F8E8
:10FA0000114004B1521C491C8B42F7D84FF47A7054
:10FA10004243B2FBF3F080B210BD0000303902085F
:10FA20005C00002002E000BF00F8011B521EFBD268
:10FA30007047000010B50446FFF78EFF411C05D04B
:10FA4000034901EB84018968084410BD002010BD02
:10FA50005C00002070B5040300F032F900F0DAF821
:10FA60000B4E4FF48045002229463046F8F721F826
:10FA7000202000F0EBF9204600F0B2F801222946E0
:10FA80003046F8F716F8BDE8704000F0C3B8000043
:10FA90000004024070B50122164E950329463046F7
:10FAA000F8F707F8012000F0E1F900F04FF81249EB
:10FAB0000880A0F56F4118391BD1032000F06CF8C5
:10FAC0000446C00715D100F0FBF844F00201032002
:10FAD00000F04CF9002229463046F7F7EAFFB7203C
:10FAE00000F0B4F929463046BDE870400122F7F72E
:10FAF000E0BF70BD00040240580000202DE9F04135
:10FB0000DFF8448015460C4606464FF48047002235
:10FB100039464046F7F7CDFF032000F097F920461D
:10FB200000F05EF8002405E0FF2000F08FF930556A
:10FB3000641CA4B2AC42F7D339464046BDE8F0415C
:10FB40000122F7F7B6BF00000004024070B5114E65
:10FB50004FF48045002229463046F7F7AAFF90204F
:10FB600000F074F9002000F071F9002000F06EF947
:10FB7000002000F06BF9FF2000F068F90402FF207C
:10FB800000F064F90443012229463046F7F791FF5B
:10FB9000204670BD0004024070B5012803D0022841
:10FBA00003D0032803D0052402E0352400E0152407
:10FBB0000A4E4FF48045002229463046F7F779FF78
:10FBC000204600F043F9FF2000F040F904460122EE
:10FBD00029463046F7F76DFF204670BD000402400D
:10FBE00010B504460A480088A0F56F41183902D1C3
:10FBF000200E00F02BF9C4F3074000F027F9C4F3FE
:10FC0000072000F023F9E0B2BDE8104000F01EB973
:10FC10005800002010B50120FFF7BEFFC007FAD141
:10FC200010BD00002DE9F05FC1F30B06DFF88C80FA
:10FC30000F0BC6F58054894682461546A24200D86D
:10FC4000144639038B464FF480524046FFF756FF67
:10FC5000002006E0321818F80210FF2903D1401CDA
:10FC600080B2A042F6D3A04222D23846FFF7F2FE7D
:10FC7000002006E01AF800208319401C08F8032031
:10FC800080B2A042F6D359464FF480524FEA0800A2
:10FC900000F02CF8A5420FD0281BA244A144002656
:10FCA00085B24FF480547F1CA542CAD82C46C8E7C1
:10FCB000224649465046EBE7BDE8F09F020500208A
:10FCC00070B5094D4FF48044002221462846F7F7CD
:10FCD000F0FE062000F0BAF821462846BDE8704044
:10FCE0000122F7F7E6BE0000000402402DE9F05FB4
:10FCF0008046C8B2C0F580740E461546A24200D8B0
:10FD00001446DFF864A04FF480494FF4807B00BFB5
:10FD1000FFF7D6FF002249465046F7F7CAFE0220F9
:10FD200000F094F83046FFF75BFF002706E000BFC5
:10FD300018F8070000F08AF87F1CBFB2A742F7D37B
:10FD4000012249465046F7F7B4FEFFF763FFA5428C
:10FD500008D0281BA044264485B25C46A542D7D8CB
:10FD60002C46D5E7BDE8F09F000402402DE9F041A4
:10FD70000E46012803D0022803D0032803D0012413
:10FD800002E0312400E011240A4F4FF480450022A4
:10FD900029463846F7F78DFE204600F057F83046E2
:10FDA00000F054F829463846BDE8F0410122F7F743
:10FDB00080BE000000040240204FDFF88490214DF7
:10FDC00000244FF014086968FE7800208847A88E48
:10FDD000000416D5A889B9F80030984214D2298CAD
:10FDE000B9F8022091420FD2183B984204DD102945
:10FDF00002D2FFF761FB07E04FF4784200F07EFB90
:10FE000002E00A20FBF786FC012E09D14FF6FF70B5
:10FE1000FCF7BEF800F02EF900F046FDFFF74CFBB2
:10FE2000641CE4B2B4FBF8F108FB11400028CAD10D
:10FE30004FF400710448F7F734FEC4E78000002057
:10FE4000F4040020100000200014024001B582B02C
:10FE50004FF47A700090012301AA02A90248F8F732
:10FE60008FFC9DF804000EBDC0BF01200B4910B5EA
:10FE70000A68136823F0400313600A6813684FF69A
:10FE8000C774234013600A68136843EAC000106017
:10FE90000868016841F04001016010BDC0BF012049
:10FEA00000B52DED048B83B041EC190BE0F70AFD92
:10FEB00041EC180B18EE100A18EE901A8DED008B1D
:10FEC000002818BF0120084320F00040C0F17F60E7
:10FED00000F1E040C00F14D019EE101A19EE900A8C
:10FEE0008DED009B002918BF0121084320F0004040
:10FEF000C0F17F6000F1E040C00F04BF0120FAF7BD
:10FF000045FC51EC180B03B0BDEC048B00BD0000A8
:10FF10002DE9F04350488DB00024016841F04001C4
:10FF20000160016801F040010C91016841F0080195
:10FF30000160016801F008010C91016841F00801BD
:10FF40000160016801F008010C91434908310A6819
:10FF500042F001020A60096801F001010C91016898
:10FF600041F008010160016801F008010C9101688D
:10FF700041F010010160016801F010010C9101686D
:10FF800041F020010160016801F020010C9101683D
:10FF900041F0400101600068022500F040000C9033
:10FFA0004FF4806001278DE8A1000C20CDE90350BB
:10FFB000DFF8A89069464846F7F778FC2020DFF87C
:10FFC000A080009069464046F7F770FC102669460D
:10FFD00040460096F7F76AFC4FF603708DE8A100E3
:10FFE000694640460395F7F761FC4FF68370009031
:10FFF00069461C48F7F75AFC4FF23F0000906946EB
:020000040802F0
:100000001948F7F753FC3F20009069464846F7F738
:100010004DFC16484FF0204105AA0160144941608B
:100020000421C0E90214C0E9044684618902C46164
:10003000C0E90941C4620463446384630820CDE9D4
:10004000064005950894114608480B94F8F789FC7A
:100050000DB0BDE8F08300003038024000180240C7
:10006000000C02400010024000140240CCBE0120EF
:10007000040100A02DE9F04F00252DED0A8B4FF66D
:10008000FF7B89B02E465846FBF782FFC1481027F8
:100090004FF4784400680097CDE9010428216423D7
:1000A000A0220846FFF748F914212246084600F02E
:1000B0003FFAB94C00204FF00108A0869FEDB7AB86
:1000C0009FEDB8CB9FEDB9BBDFF8E8924FF47A7A99
:1000D000616801208847A08EB8EB903F4FD120F493
:1000E0008040A08604A8A18920F8251000EB850097
:1000F0006D1C0026218CEDB24180062D3FD2DFE839
:1001000005F03E031020314C14215A46084600F0F9
:100110000FFAB9F800004FF47842143880B2142175
:100120002BE0B9F800005A46143880B2142100F0D0
:10013000FFF9B9F802004FF47842143881B2142064
:100140001BE0B9F802005A46143881B2142000F0BE
:10015000EFF9B9F80200143881B2B9F80000143888
:1001600080B208E05846FBF713FFB9F80210B9F85F
:100170000000490840084FF4784200F0D9F90A20FD
:10018000FBF7C8FA761CB6B25645A1D900F010FAB2
:1001900009B0BDEC0A8BBDE8F08FBDF81400BDF8C6
:1001A0001010401A00B20390BDF81C00BDF81810E2
:1001B000401A00B20290BDF81E00BDF81610401A99
:1001C00000B20190BDF81A00BDF81210401A00B23A
:1001D00000900298E0F770F941EC180B0398E0F7F3
:1001E0006BF953EC182BE0F7F8F841EC180B00987A
:1001F000E0F762F941EC190B0198E0F75DF953EC77
:10020000192BE0F7EAF841EC190B53EC1A2B51ECDF
:10021000180BE0F79BF905D251EC180B81F0004167
:1002200041EC180BB0EE4A0AF0EE6A0A53EC102BC0
:1002300051EC190BE0F78AF905D251EC190B81F05A
:10024000004141EC190B53EC1C2B51EC180BE0F75F
:100250007DF973D353EC1B2B51EC180BE0F78EF99F
:100260007CD3B0EE4C0AF0EE6C0A53EC102B51EC40
:10027000190BE0F76BF971D3B0EE4B0AF0EE6B0A95
:1002800053EC102B51EC190BE0F778F966D3039976
:1002900041F6FE7001F6FF7181425FD8019901F6C7
:1002A000FF7181425AD8029901F6FF71814255D8F7
:1002B000009901F6FF71814250D80398F0B301987C
:1002C000E0B30298D0B30098C0B3B9F800004D462F
:1002D0004000503800EE100ADDE90210F8EEC00AC6
:1002E000084400EE100AB8EEC00A80EE201A84ED31
:1002F0000E1AB9F802004000503800EE100ADDE98D
:100300000010F8EEC00A084400EE100AB8EEC00A69
:1003100080EE201A84ED0F1ABDF82000A4F84000EA
:10032000BDF82200A4F842005C465846FBF730FEB8
:100330001F2021A10097CDE9011000E00EE06B889D
:100340002A886E212320FEF7F7FF5046FBF7E2F9DB
:1003500000F0AAFA2046FBF71BFE19E7B9F80210D5
:10036000B9F800000025490840085A4600F0E0F8B6
:1003700014214FF47842084600F0DAF8B0EE491A3A
:10038000F0EE691AB0EE480AF0EE680A04A800F030
:100390001FF89DE62C390208100000200000000024
:1003A00000000000666666666666EE3FCDCCCCCC8B
:1003B000CCCCF03FF4040020546F75636820536385
:1003C0007265656E2041646A757374204F4B21001D
:1003D0002DE9F04F2DED048B89B0B0EE418A3C4DF4
:1003E000F0EE618AB0EE409AF0EE609A0746002483
:1003F0000DF10C094FF478484FF0100A4FF0A00BA4
:1004000037F82430621C33A103A8FAF78BF9CDF832
:1004100000A0CDE9019804EB84010BEB81066B8809
:100420002A8831462820FEF787FF07EB8400621CEC
:1004300043882AA103A8FAF775F9CDF800A0CDE901
:1004400001986B882A8831467820FEF775FF641C76
:10045000E4B2052CD4D34FF6FF700090288804EB4B
:100460008401401E82B20BEB810410232146282018
:10047000FEF768FB53EC192B1AA103A8FAF752F9FF
:100480004FF0000B8DF813B0CDF800A0CDE9019826
:1004900046464F466B882A8821462820FEF74CFFA7
:1004A00053EC182B12A103A8FAF73CF98DF813B0FE
:1004B000CDF800A0CDE901766B882A882146782006
:1004C000FEF73AFF09B0BDEC048BBDE8F08F0000E9
:1004D000F40400207825643A256400007925643A04
:1004E0002564000070783A25302E32660000000046
:1004F00070793A25302E3266000000002DE9F04177
:1005000017460C460646FBF7F1FE751CA8B23A46A4
:100510002146FBF7EBFE641CA1B23A463046FBF7DE
:10052000E5FEA1B2A8B23A46BDE8F041FBF7DEBE57
:100530002DE9F843054616460D30009282B2A5F12A
:100540000C000C4680B20B46FBF782FE04F10D0056
:1005500083B2193881B22A4610460096FBF778FE1E
:10056000671C05F10109B9B21FFA89F03246FBF7A1
:10057000BDFEA5F10108B9B21FFA88F03246FBF7BB
:10058000B5FE671EB9B21FFA89F03246FBF7AEFE20
:10059000B9B21FFA88F03246FBF7A8FE01B0334625
:1005A00021462846BDE8F0430622FBF7DABD0000ED
:1005B00010B503490C222820F6F736FC002010BDA8
:1005C0004800002070B5324E304C324DB07900F00A
:1005D000010084F84400B088A0F5EE41963902D1BC
:1005E000FBF71AFB68B3B088A0F5AA41103926D0F2
:1005F000A0F51841063922D0A0F5864142391ED017
:10060000A0F5864184391AD0A0F58051183916D04A
:10061000A0F5C85163391CD0A0F5E041843918D049
:10062000A0F5E041163914D018492031A1F1140089
:1006300000F0E6F8FFF7BCFFD8B1002070BDFBF773
:10064000EBFA656094F8440040F0800084F84400C0
:10065000F3E7FBF765F948B1FBF7DEFAC4F804509D
:1006600014F8440F40F080002070E6E70A4860600C
:10067000F6E74FF6FF70FBF78BFCFFF7FBFC00F093
:1006800013F9FFF795FF012070BD00001000002056
:10069000F404002059BD010889BA01082DE9F05F72
:1006A000DFF8EC8005460024224601214046F7F79A
:1006B00000FADFF8E0904FF4006700223946484620
:1006C000F7F7F7F94FF4005B002259463248F7F785
:1006D000F0F9BA4600264746280601D5012200E077
:1006E000002251464846F7F7E4F96806050E002255
:1006F00001213846F7F7DDF90120FBF711F8012257
:1007000011463846F7F7D5F9761CF6B2082EE3D332
:100710000620FBF705F8002201213E463846F7F790
:10072000C8F90120FAF7FCFF012211463046F7F71D
:10073000C0F90120FAF7F4FF002201213046F7F753
:10074000B8F900254FF6FF7707EA4404002201219B
:100750003046F7F7AEF90120FAF7E2FF0122114621
:100760003046F7F7A6F904213046F7F795F908B1B6
:10077000641CA4B26D1CEDB2102DE5D32409012236
:1007800059460548F7F795F92046BDE8F09F000067
:10079000000402400014024000080240FEB5064674
:1007A00000256C463046FFF779FF24F815006D1CD4
:1007B000ADB2052DF6D30020431C99B20CE000BF6A
:1007C00034F8102034F81150AA4203D924F81050FC
:1007D00024F81120491C89B20529F1D398B20428C4
:1007E000EAD300215FF0010034F81020401C1144CE
:1007F00080B289B20428F7D30320B1FBF0F0FEBD2C
:1008000070B506460A480D4690F84400C00705D06A
:100810009020FFF7C3FF0446D02004E0D020FFF76C
:10082000BDFF04469020FFF7B9FF3480288070BDDB
:10083000100000207FB50C460546694602A8FFF768
:10084000DFFF01A903A8FFF7DBFFBDF80C30BDF8FF
:100850000820934203D803F13200824205D39A4222
:100860001FD802F1320083421BD2BDF80410BDF83C
:100870000000814203D801F13206B04204D388421D
:100880000FD8323081420CD2D01840082880BDF8F1
:100890000000BDF80410084440082080012004B086
:1008A00070BD0020FBE700000C2202492820F6F76B
:1008B000CFBA00004800002070B50546022130483C
:1008C000F7F7EAF82F4C30B1A08E01044ED520F492
:1008D0000040A08651E02B4800F120010C3015B1FA
:1008E000FFF7A8FF37E0FFF7A5FFA0B3A089B4F892
:1008F000401094ED0E1A401A00B200EE100A224881
:10090000B8EEC00A01884908C0EE010A00EE101ACC
:10091000B8EE400A30EE800ABCEEC00A10EE101AA3
:10092000A181218CB4F8422094ED0F1A891A09B2E2
:1009300000EE101A4088B8EEC00A4008C0EE010A66
:1009400000EE100AB8EE400A30EE800ABCEEC00A93
:1009500010EE100A2084A08E00040ED44FF4404004
:10096000A086A089E083208C608606E00020E083DA
:1009700060864FF6FF70A0812084002070BD0000CB
:100980000004024010000020F404002000000000D9
:100990000000000000000000000000003F400000D8
:1009A0000000000000003000400030004000000067
:1009B00009000BC03D000BC03D00090018C02440D9
:1009C0007FE0224031800000180024C01B000D8011
:1009D0003240018003801C4027401C8007400040BB
:1009E0001000600000000000000000000000000097
:1009F00000001F80204040200000402020401F8039
:100A000000000000090006001F8006000900000029
:100A1000040004003F800400040000000010006097
:100A200000000000000000000400040004000400B6
:100A30000400000000000040000000000000000072
:100A4000002001C006003800400000001F80204048
:100A5000204020401F800000000010403FC00040A8
:100A60000000000018C0214022402440184000002F
:100A700010802040244024401B80000002000D0014
:100A800011003FC0014000003C802440244024402D
:100A9000238000001F802440244034400380000055
:100AA0003000200027C03800200000001B802440B8
:100AB000244024401B8000001C0022C02240224011
:100AC0001F8000000000000008400000000000003F
:100AD00000000000046000000000000000000400AE
:100AE0000A001100208040400900090009000900A7
:100AF0000900000000004040208011000A000400AE
:100B00001800200023402400180000001F8020400F
:100B1000274029401F400000004007C039000F0057
:100B200001C0004020403FC0244024401B80000002
:100B30001F802040204020403080000020403FC0E7
:100B4000204020401F80000020403FC024402E4015
:100B500030C0000020403FC024402E003000000084
:100B60000F001080204022403380020020403FC010
:100B7000040004003FC02040204020403FC02040EF
:100B8000204000000060202020203FC020002000E6
:100B900020403FC024400B0030C0204020403FC0D8
:100BA00020400040004000C03FC03C0003C03C006B
:100BB0003FC0000020403FC00C4023003FC0200049
:100BC0001F802040204020401F80000020403FC068
:100BD00024402400180000001F802140214020E014
:100BE0001FA0000020403FC02440260019C0004044
:100BF00018C02440244022403180000030002040B2
:100C00003FC020403000000020003F8000400040F6
:100C10003F80200020003E0001C007003800200077
:100C2000380007C03C0007C038000000204039C031
:100C3000060039C0204000002000384007C038407E
:100C400020000000304021C02640384020C0000075
:100C5000000000007FE04020402000000000700005
:100C60000C000380004000000000402040207FE096
:100C700000000000000020004000200000000000F4
:100C80000010001000100010001000100000000004
:100C90004000000000000000000002800540054008
:100CA00003C0004020003FC0044004400380000017
:100CB0000000038004400440064000000000038060
:100CC000044024403FC00040000003800540054030
:100CD00003400000000004401FC0244024402000C6
:100CE000000002E0055005500650042020403FC09F
:100CF0000440040003C000400000044027C000403E
:100D00000000000000100010041027E000000000A8
:100D100020403FC00140070004C004402040204064
:100D20003FC000400040000007C0040007C00400AE
:100D300003C00000044007C00440040003C000409A
:100D4000000003800440044003800000041007F00A
:100D5000045004400380000000000380044004505D
:100D600007F00010044007C0024004000400000027
:100D7000000006400540054004C0000000000400DB
:100D80001F80044000400000040007800040044031
:100D900007C000400400070004C0018006000400F2
:100DA000060001C0070001C006000000044006C0A4
:100DB000010006C0044000000410071004E0018098
:100DC000060004000000044005C006400440000086
:100DD0000000000004007BE0402000000000000054
:100DE0000000FFF000000000000040207BE0040055
:100DF0000000000040008000400020002000400073
:100E000000000000000000000000000000000000E2
:100E10000000000000001FCC000C000000000000DB
:100E20000000080030006000080030006000000092
:100E3000022003FC1E20022003FC1E2002200000D2
:100E400000000E1811043FFF10840C780000000011
:100E50000F0010840F3800C0077818840078000055
:100E600000780F8410C411240E9800E40084000858
:100E70000800680070000000000000000000000092
:100E800000000000000007E01818200440020000E5
:100E9000000040022004181807E0000000000000D5
:100EA0000240024001800FF0018002400240000039
:100EB0000080008000800FF800800080008000002B
:100EC0000001000D000E0000000000000000000006
:100ED0000000008000800080008000800080008092
:100EE0000000000C000C00000000000000000000EA
:100EF00000000006001800600180060018002000B5
:100F0000000007F0080810041004080807F00000AB
:100F10000000080408041FFC000400040000000096
:100F200000000E0C10141024104411840E0C00004C
:100F300000000C1810041104110412880C70000039
:100F4000000000E00320042408241FFC002400000B
:100F500000001F9810841104110410881070000004
:100F6000000007F0088811041104188800700000C0
:100F700000001C00100010FC13001C0010000000FA
:100F800000000E3811441084108411440E38000003
:100F900000000700088C10441044088807F0000087
:100FA000000000000000030C030C00000000000023
:100FB0000000000000010106000000000000000029
:100FC0000000008001400220041008081004000006
:100FD0000220022002200220022002200220000023
:100FE00000001004080804100220014000800000E6
:100FF00000000E001200100C106C10800F0000009A
:1010000003E00C1813E4142417C4082807D00000C8
:101010000004003C03C41C40074000E4001C000422
:1010200010041FFC1104110411040E88007000004C
:1010300003E00C1810041004100410081C10000029
:1010400010041FFC100410041004080807F000002E
:1010500010041FFC1104110417C410040818000028
:1010600010041FFC1104110017C01000080000003C
:1010700003E00C181004100410441C780040000019
:1010800010041FFC10840080008010841FFC1004DA
:101090000000100410041FFC1004100400000000E5
:1010A00000030001100110011FFE100010000000DD
:1010B00010041FFC110403801464181C10040000A9
:1010C00010041FFC1004000400040004000C0000C5
:1010D00010041FFC1F0000FC1F001FFC1004000078
:1010E00010041FFC0C04030000E010181FFC10008B
:1010F00007F00808100410041004080807F00000A6
:1011000010041FFC10841080108010800F0000005D
:1011100007F0081810241024101C080A07F2000019
:1011200010041FFC1104110011C011300E0C00043A
:1011300000000E1C11041084108410441C380000A0
:101140001800100010041FFC10041000180000000C
:1011500010001FF810040004000410041FF8100011
:1011600010001E0011E0001C007013801C00100015
:101170001FC0103C00E01F0000E0103C1FC000003A
:101180001004180C163401C001C01634180C1004D9
:1011900010001C00130400FC13041C0010000000CD
:1011A0000804101C1064108413041C0410180000A0
:1011B0000000000000007FFE4002400240020000EC
:1011C000000030000C0003800060001C00030000E1
:1011D00000004002400240027FFE000000000000CC
:1011E00000000000200040004000400020000000FF
:1011F00000010001000100010001000100010001E7
:10120000000040004000200000000000000000003E
:1012100000000098012401440144014400FC000442
:1012200010001FFC00880104010400880070000009
:10123000000000700088010401040104008800001F
:101240000000007000880104010411081FFC000464
:10125000000000F8014401440144014400C80000BA
:101260000000010401040FFC110411041100180016
:10127000000000D601290129012901C90106000049
:1012800010041FFC008401000100010400FC0004A4
:1012900000000104190419FC00040004000000000F
:1012A0000000000300010101190119FE0000000007
:1012B00010041FFC0024004001B4010C01040000D4
:1012C0000000100410041FFC0004000400000000D3
:1012D000010401FC0104010001FC0104010000FC07
:1012E000010401FC008401000100010400FC000471
:1012F000000000F8010401040104010400F80000EA
:10130000010101FF00850104010400880070000054
:1013100000000070008801040104010501FF0001C4
:101320000104010401FC00840104010001800000AB
:10133000000000CC012401240124012401980000B4
:1013400000000100010007F8010401040000000092
:10135000010001F8000400040004010801FC00047D
:10136000010001800170000C00100160018001008B
:1013700001F0010C003001C00030010C01F001004F
:1013800000000104018C00740170018C0104000054
:10139000010101810171000E00180160018001004E
:1013A00000000184010C013401440184010C00009F
:1013B000000000000000000001003EFC400240026E
:1013C0000000000000000000FFFF0000000000001F
:1013D0000000400240023EFC01000000000000004E
:1013E00000006000800080004000400020002000DD
:1013F00000000000000000000000000000000000ED
:1014000000000000000000000000000000000000DC
:1014100000000000000000000000000000000000CC
:101420000000000F80380FFE380F803800000000E9
:1014300000000000000000000000000000000100AB
:10144000000600000C00003800003100000600001B
:101450000C00003800003000000000000000000018
:1014600061800067F807F980006180006180006199
:10147000800061800067F807F9800061800000004B
:1014800000000000000001C0E003E0F006300804A6
:1014900018081FFFFE040E080787F00381E0000014
:1014A0000000000001F000060C00040408060C70A7
:1014B00001F9C0000E00003BE000EC18070808042A
:1014C0000C180003E00000000001E00007F003F842
:1014D00018041C0804170807E1D003C0E00023B07B
:1014E000003C08002008000010000000000000017F
:1014F00000003100003200001C000000000000006D
:1015000000000000000000000000000000000000DB
:1015100000000000000000000000000000000000CB
:101520007F0001FFC00780F00C00181000042000AD
:10153000020000000000002000021000040C00184F
:101540000780F001FFC0007F0000000000000000E5
:1015500000000000000000000000000042000066E3
:1015600000006600003C0000180003FFC0001800E7
:10157000003C000066000066000042000000000021
:10158000080000080000080000080000080001FF33
:10159000C000080000080000080000080000080063
:1015A00000000000000100003100003200001C00BB
:1015B000000000000000000000000000000000002B
:1015C0000000000000000000080000080000080003
:1015D00000080000080000080000080000080000E3
:1015E00008000008000000000000000000000000EB
:1015F0003800003800003800000000000000000043
:1016000000000000000000000000000000000000DA
:10161000000600001C000070000180000E00003871
:101620000000C0000700001C0000300000000000A7
:10163000000000007F8001FFE003807006001804B6
:10164000000804000806001803807001FFE0007F16
:1016500080000000000000000000010008010008F8
:1016600001000803FFF807FFF80000080000080069
:10167000000800000000000000000001C03802C0A7
:1016800058040098040118040218040418061C18D1
:1016900003F81801E0F8000000000000000000015D
:1016A000C0E003C0F0040008040808040808061895
:1016B0000803F41801E7F00001E00000000000005A
:1016C000000000000300000D000011000061000098
:1016D000810803010807FFF80FFFF8000108000167
:1016E000080000000000000000E007FCD006080829
:1016F000061008061008061008061838060FF0062F
:1017000007C0000000000000000000003F8001FF53
:10171000E0038430020818041008041008041008BC
:10172000071810030FF00007C000000000000000C1
:10173000000003C0000700000600000600F80607CE
:10174000F806180006E00007000006000000000090
:1017500000000001E1E003F7F0063410041808046B
:101760001808040C08040C0806161803F3F001C14D
:10177000E000000000000000F80003FC3003063821
:101780000402080402080402080404100308F0011B
:10179000FFC0007F0000000000000000000000000B
:1017A0000000000000000000703800703800703841
:1017B0000000000000000000000000000000000029
:1017C000000000000000000000000000301A00309F
:1017D0001C000000000000000000000000000000ED
:1017E00000000000000000080000140000220000BB
:1017F0004100008080010040020020040010080029
:10180000080000000000000021000021000021006D
:101810000021000021000021000021000021000023
:10182000210000210000000000000000000008006E
:1018300008040010020020010040008080004100E8
:101840000022000014000008000000000000000357
:10185000C00004C000040000080038080F38080861
:10186000380810000C300007E00003C00000000042
:10187000000000003F8000FFE0038070020F1006B0
:10188000708804C088048308047F8802C090030124
:101890002000FE400000080000180001F8003E088B
:1018A00001C20007020007E20000FE00001FC8009E
:1018B00001F800003800000804000807FFF807FFDF
:1018C000F8040808040808040808040808061808AA
:1018D00003F41801E7F00001E00000000000000040
:1018E0003F8001FFE003807002001804000804003C
:1018F000080400080400100600200780C000000053
:1019000004000807FFF807FFF804000804000804B3
:10191000000804001802001003807001FFE0007F3F
:101920008000000004000807FFF807FFF80408081B
:10193000040808040808040808043E08040008060F
:10194000001801006000000004000807FFF807FF0E
:10195000F8040808040800040800040800043E0015
:1019600006000006000001800000000000000000EA
:101970003F8001FFE00380700600180400080402A5
:10198000080402080203F00783F0000200000200CE
:1019900004000807FFF807FFF80408080008000023
:1019A000080000080000080004080807FFF807FF07
:1019B000F80400080000000000000400080400080B
:1019C00004000807FFF807FFF804000804000804F3
:1019D00000080000000000000000000000060000F9
:1019E0000700000104000104000104000307FFFEDA
:1019F00007FFFC04000004000004000004000807C6
:101A0000FFF807FFF8040C08001800003E0004C7A8
:101A1000800503C80600F804003804001800000818
:101A200004000807FFF807FFF8040008000008009A
:101A3000000800000800000800000800001800006E
:101A40006000000004000807FFF807800807FC009A
:101A5000007FC00003F80007C00078000780080777
:101A6000FFF807FFF804000804000807FFF8070064
:101A70000803C00000E000003800001E000007005E
:101A80000001C00400F007FFF8040000000000009F
:101A90007F8001FFE0038070060018040008040046
:101AA0000806001803003001FFE0007F80000000FE
:101AB00004000807FFF807FFF80404080404000402
:101AC0000400040400040400060C0003F80001F004
:101AD00000000000000000007F8001FFE003807034
:101AE0000600880400880400C806003C03003E018C
:101AF000FFE6007F8400000004000807FFF807FFEE
:101B0000F8040808040800040C00040F00040BC0CB
:101B10000610F003F03801E00800000800000001A2
:101B2000E0F803F030063010041808041808040C1C
:101B300008040C080206180207F00781E000000004
:101B400001800006000004000004000004000807F3
:101B5000FFF807FFF8040008040000040000060076
:101B60000001800004000007FFE007FFF0040018F8
:101B70000000080000080000080000080000080439
:101B8000001007FFE004000004000006000007E06A
:101B90000007FE00041FE00001F80000380001E02B
:101BA000043E0007C0000600000400000400000717
:101BB000E00007FFC0041FF80007C007F80007FF98
:101BC00080043FF80007C004F8000700000400008C
:101BD00000000004000806001807C07805F1C800DE
:101BE0003E00001F800463E80780F8060018040028
:101BF0000800000004000006000007800007E0085D
:101C0000047C08001FF80007F800180804E0080723
:101C100000000600000400000000000100080600AB
:101C2000380400F80403E8040F08047C0805F008F1
:101C300007C0080700180400600000000000000052
:101C400000000000000000000000003FFFFE200038
:101C500002200002200002200002200002000000FA
:101C600000000000000008000007000000C00000A5
:101C700038000006000001C000003000000E000027
:101C8000010000000000000000002000022000020F
:101C90002000022000022000023FFFFE00000000A2
:101CA0000000000000000000000000000000000034
:101CB000000800001000003000002000003000008C
:101CC00010000008000000000000000000000100FB
:101CD00000010000010000010000010000010000FF
:101CE00001000001000001000001000001000001EE
:101CF0000000000000000000002000002000001094
:101D000000001000000000000000000000000000C3
:101D1000000000000000000000F00019F8001B188F
:101D2000002208002608002408002410003FF800C4
:101D30001FF800000800001800000004000007FF62
:101D4000F80FFFF000181800100800200800200805
:101D5000003018001FF0000FC0000000000000005D
:101D600007C0001FF00018300020080020080020E5
:101D700008003C08001C100000600000000000008B
:101D80000000000007C0001FF00038180020080005
:101D9000200800200804101007FFF80FFFF00000D3
:101DA000100000000000000000000007C0001FF04D
:101DB0000012300022180022080022080032080019
:101DC0001E10000E20000000000000002000002077
:101DD0000800200801FFF803FFF806200804200887
:101DE000042008072000030000000000000000009D
:101DF000000E000E6E001FF30031B10020B1002074
:101E0000B1003191001F13002E1E00200E00300083
:101E100000000004000807FFF80FFFF8001008009A
:101E20002000002000002008003FF8001FF80000FC
:101E3000080000000000000000000020080020084A
:101E4000002008063FF8063FF800000800000800E0
:101E5000000800000000000000000000000000007A
:101E600003000003002001002001002003063FFEC4
:101E7000063FFC000000000000000000000000041D
:101E8000000807FFF80FFFF8000188000300002F8B
:101E9000C00038F8002038002008000008000000CA
:101EA0000000000000000400080400080400080707
:101EB000FFF80FFFF800000800000800000800000D
:101EC00000000000002008003FF8003FF800100864
:101ED000002000003FF8003FF8001008002000003C
:101EE0003FF8003FF8000008000000002008003F15
:101EF000F8003FF800100800100000200000200843
:101F0000003FF8001FF8000008000000000000007B
:101F100007C0000FF0001830003008002008002033
:101F200008003008001830000FF00007C000000063
:101F3000000000002001003FFF003FFF00101100E3
:101F40002009002008002008003038001FF0000F92
:101F5000C00000000000000007C0001FF00038189B
:101F6000002008002008002009001011001FFF00B9
:101F70003FFF0000010000000020080020080020B2
:101F800008003FF8003FF80008080010080020088B
:101F900000200000300000300000000000000000C1
:101FA0000000000C78001E180033080023080021F0
:101FB000080021880021980030F0003860000000FF
:101FC00000000000200000200000200000FFF003BF
:101FD000FFF8002008002008002008000030000062
:101FE00000000000000000002000003FF0007FF82B
:101FF000000018000008000008002010003FF80052
:102000007FF0000010000000000000002000003001
:1020100000003C00003F800023F0000078000070CA
:10202000002380003C000030000020000020000061
:102030003C00003FE00023F80000E0002700003EE5
:1020400000003FE00021F80001E0003E0000200019
:10205000000000002008002008003838003E68001A
:1020600027800003C8002CF8003838002018002012
:1020700008000000000000002000003003003C01C8
:10208000003F830023EC000070002380003C000030
:1020900020000020000000000000000000000038C8
:1020A000080020380020F80023E8002F88003E08B0
:1020B0000038080020180000700000000000000038
:1020C00000000000000000000000000008000014F4
:1020D000001FF7FC30000620000200000000000096
:1020E00000000000000000000000000000000000F0
:1020F0000000FFFFFF0000000000000000000000E3
:102100000000000000000000000020000230000677
:102110001FF7FC0014000008000000000000000091
:102120000000000000000000000000180000600037
:1021300000400000400000200000100000080000E7
:102140000400000400000C0000100000000000006B
:10215000000000000000000000000000000000007F
:10216000000000000000000000000000000000006F
:10217000000000000000000000000000000000005F
:10218000000000000000000000000000000000004F
:10219000000000000000000000000000000000003F
:1021A0000000000007F000C007FFE1E007F001E0D9
:1021B000000000C00000000000000000000000005F
:1021C000000000000000000000000000000000000F
:1021D000000000000020000001C000000780000097
:1021E0001F0000001E0000001C20000001C00000B5
:1021F000078000001F0000001E0000001C000000FF
:1022000000000000000000000000000000000000CE
:1022100000180C0000180C0000180FE0001FFC0054
:1022200003F80C0000180C0000180C0000180C003B
:1022300000180C0000180FE0001FFC0003F80C0051
:1022400000180C0000180C00000000000000000046
:102250000000000000000780007807C000FC064076
:10226000010E002003070020020380200FFFFFFC67
:102270000201C0200200E0600130704001F03F80A8
:1022800000F01F00000000000000000000FE000041
:1022900001FF00000301800002008060030181C093
:1022A00001FF070000FE18000000E0000003BF006F
:1022B000000CFFC00071806001C10020030180603C
:1022C0000000FFC000003F000000000000001F00F1
:1022D00000007FC000FCC0C001FF80600303E0205D
:1022E0000202782002061E2003FC074001F0038052
:1022F000000103C000011C600001E020000100207B
:10230000000100400000018000000000000000000B
:10231000002000001C6000001C4000001F80000026
:102320000F0000000000000000000000000000009E
:10233000000000000000000000000000000000009D
:10234000000000000000000000000000000000008D
:10235000000000000000000000000000000000007D
:1023600000000000000000000007F800003FFF0030
:10237000007807C001C000E003000030040000083E
:10238000080000041000000200000000000000002F
:1023900010000002080000040400000803000030E0
:1023A00001C000E0007807C0003FFF000007F80010
:1023B000000000000000000000000000000000001D
:1023C000000000000000000000000000000000000D
:1023D00000000000000C1800000E3800000E38004D
:1023E00000063000000360000061438000FFFF80B2
:1023F000006143000003600000063000000E38005A
:10240000000E3800000C1800000000000000000062
:10241000000000000000800000008000000080003C
:10242000000080000000800000008000007FFF00AE
:10243000000080000000800000008000000080009C
:10244000000080000000800000000000000000008C
:1024500000000001000000E3000000E2000000FCBA
:1024600000000078000000000000000000000000F4
:10247000000000000000000000000000000000005C
:10248000000000000000000000000000000000004C
:10249000000080000000800000008000000080003C
:1024A000000080000000800000008000000080002C
:1024B000000080000000800000008000000080001C
:1024C000000080000000800000000000000000000C
:1024D00000000000000000C0000001E0000001E07A
:1024E000000000C00000000000000000000000002C
:1024F00000000000000000000000000000000000DC
:1025000000000000000000000000000000000000CB
:102510000000000C00000038000000E00000038014
:1025200000000E00000038000000E0000003800002
:10253000000E00000038000000E0000003800000F2
:102540000E00000018000000000000000000000065
:1025500000000000000FF800007FFF0000F007807F
:10256000018000C003000060020000200200002083
:102570000200002003000060018000C000E0038032
:10258000007FFF00000FF8000000000000000000C6
:1025900000000000000000000080002000800020FB
:1025A000008000200080006001FFFFE003FFFFE0EB
:1025B000000000600000002000000020000000205B
:1025C000000000000000000000000000000000000B
:1025D00000000000007800E0009801600100026047
:1025E0000200046002000860020010600200206027
:1025F00002004060030080600183006001FE00E093
:10260000007C0780000000000000000000000000C7
:102610000000000000F0078001F007C0010000404A
:10262000020000200201002002010020020100201F
:10263000030380200186804001FCC0C000787F80B9
:1026400000001E000000000000000000000000006C
:102650000000080000003800000048000001880069
:1026600000060800000C0810003008100040081098
:1026700001FFFFF003FFFFF003FFFFF00000081071
:10268000000008100000081000000000000000001A
:102690000000000000000780001F864003E10020CA
:1026A0000302002003040020030400200304002090
:1026B0000304002003060040030301C00301FF8060
:1026C00003007E0000000000000000000000000089
:1026D000000000000007FC00003FFF000070C38006
:1026E000008180C00101006003020020020200207E
:1026F00002020020020200200203004001C180C04B
:1027000000C0FF8000007E0000000000000000000C
:102710000000000000F0000003C000000380000083
:1027200003000000030007E003003FE00301C000D6
:10273000030600000318000003600000038000008F
:102740000300000000000000000000000000000086
:1027500000001F0000783F8000FC60C0018EC04078
:102760000307802002030020020180200201802054
:102770000201C0200301E040018670C000FC3F80E0
:1027800000781F00000000000000000000000000B2
:10279000003F000000FF81C001C0C1C001006020F7
:1027A00002002020020020200200202002002060E1
:1027B000020040C00100C18000C18F00007FFE0008
:1027C000001FF000000000000000000000000000FA
:1027D00000000000000000000000000000000000F9
:1027E00000000000000300C0000781E0000781E056
:1027F000000300C000000000000000000000000016
:1028000000000000000000000000000000000000C8
:1028100000000000000000000000000000000000B8
:1028200000000000000600660006007800000000BE
:102830000000000000000000000000000000000098
:102840000000000000000000000000000000000088
:1028500000000000000080000001C00000036000D4
:1028600000063000000C180000180C0000300600B4
:102870000060030000C00180010000400200002051
:102880000400001000000000000000000000000034
:1028900000041000000410000004100000041000E8
:1028A00000041000000410000004100000041000D8
:1028B00000041000000410000004100000041000C8
:1028C00000041000000410000000000000000000E0
:1028D0000000000004000010020000200100004081
:1028E00000C00180006003000030060000180C00EA
:1028F000000C180000063000000360000001C0005A
:102900000000800000000000000000000000000047
:10291000000000000078000001F80000023800000C
:1029200002000000040000C0040079E0040081E01F
:10293000040100C0040300000202000003060000BE
:1029400001FC000000F80000000000000000000092
:10295000000FF800003FFE000070078000C000C0BC
:102960000101F8400307FC20021E04200230082069
:1029700002203020023FFC20013F044001800CC0B7
:1029800000E03180001FC2000000000000000020B5
:1029900000000060000003E000003E200003E02093
:1029A000003E200003E020000380200007FC200000
:1029B000003FE0000003FE2000003FE0000001E0D7
:1029C00000000020000000200000000000000000C7
:1029D000020000200200002003FFFFE003FFFFE0F1
:1029E000020100200201002002010020020100205B
:1029F00002010020030300200186806001FCC0C0AA
:102A000000F87F8000001F000000000000000000B0
:102A10000007F800003FFF000070078000C000C002
:102A200001000040030000200200002002000020FE
:102A3000020000200200002001000040018000C0D0
:102A400003C001800030060000000000000000000C
:102A5000020000200200002003FFFFE003FFFFE070
:102A600002000020020000200200002002000020DE
:102A70000300006001000040018000C000F00780FA
:102A8000007FFE00000FF8000000000000000000C2
:102A9000020000200200002003FFFFE003FFFFE030
:102AA000020100200201002002010020020100209A
:102AB0000201002002038020020FE02003000060DA
:102AC00003C000E000600300000000000000000000
:102AD000020000200200002003FFFFE003FFFFE0F0
:102AE000020100200201002002010000020100009A
:102AF000020100000201000002038000030FE00059
:102B00000300000003C0000000600000000000009F
:102B10000007F800003FFE000070078001C001C000
:102B200001000040030000200200002002000020FD
:102B300002000020010020200100204003C03F804F
:102B400000303F8000002000000020000200002034
:102B50000200002003FFFFE003FFFFE002008020EF
:102B60000200802000008000000080000000800043
:102B7000020080200200802003FFFFE003FFFFE04F
:102B80000200002002000020000000000000000001
:102B900000000000000000000200002002000020F1
:102BA000020000200200002003FFFFE003FFFFE01F
:102BB000020000200200002002000020020000208D
:102BC0000000000000000000000000000000000005
:102BD0000000000E0000000F0000000F00000001C8
:102BE00002000001020000010200000302000006D2
:102BF00003FFFFFC03FFFFF80200000002000000DB
:102C000002000000020000000000000000000000C0
:102C1000020000200200002003FFFFE003FFFFE0AE
:102C20000200C0200201002000078000000FE00029
:102C30000030F80002603E2003800F20030003E014
:102C4000020000E002000020000000200000000060
:102C5000020000200200002003FFFFE003FFFFE06E
:102C600002000020020000200000002000000020E0
:102C70000000002000000020000000200000006094
:102C8000000000E00000030000000000020000203F
:102C90000200002003FFFFE003E0002003FF00200C
:102CA000001FF0000001FF8000000FE000001E0088
:102CB0000003E000003E002003E0002003FFFFE0EF
:102CC00003FFFFE0020000200200002002000020BD
:102CD0000200002003FFFFE00380002003F000203B
:102CE00000FC0000001F00000007C0000001F00011
:102CF00000007C0002001F80020007E003FFFFE0ED
:102D000002000000020000000000000000000000BF
:102D1000000FF800003FFE0000F00780018000C0B7
:102D200001000040020000200200002002000020FC
:102D30000200002001000040018000C000F003807C
:102D4000003FFE00000FF80000000000000000003F
:102D5000020000200200002003FFFFE003FFFFE06D
:102D6000020080200200802002008000020080001B
:102D70000200800002008000030180000183000047
:102D800000FE0000007C00000000000000000000C9
:102D9000000FF800007FFF0000F00380018001C0F9
:102DA0000100064002000420020004200200062068
:102DB000020003E0010000F80180005C00E0038CE9
:102DC000003FFF0C000FFC18000000000000000096
:102DD000020000200200002003FFFFE003FFFFE0ED
:102DE0000201002002010020020180000201E00037
:102DF0000201FC0003033F80018607E001FC00E0C4
:102E000000F800200000002000000000000000008A
:102E1000000000000078060000FE01E0018600C00E
:102E200003030040020300200201802002018020F1
:102E30000201C0200200C0200100E060018070C0DB
:102E400003E03F8000001F000000000000000000C1
:102E5000006000000380000003000000020000008A
:102E6000020000200200002003FFFFE003FFFFE05C
:102E7000020000200200002002000000020000000A
:102E80000380000000E000000000000002000000DD
:102E90000200000003FFFF0003FFFFC0020000402C
:102EA0000200006000000020000000200000002060
:102EB00000000020020000400200008003FFFF002D
:102EC00002000000020000000000000000000000FE
:102ED000020000000200000003C0000003FC00002C
:102EE000023FC0000003F80000007F80000007E000
:102EF00000000780000078000203C000023C0000D0
:102F000003C00000020000000200000002000000F8
:102F100003C0000003FF8000023FFE0002007FE0CC
:102F200000000F000200F00003EF000003FF80002C
:102F3000020FFE0000003FE000001F000207E0005B
:102F400003F8000003000000020000000000000081
:102F50000200002002000020038000E003F00320B4
:102F600002FC0C20021F30000007C0000007F00028
:102F700002187C0002601F20038003E0020000E0D2
:102F800002000020000000200000000000000000FF
:102F9000020000000300000003C0000003F800006E
:102FA000023E0020020FC0200001FFE000007FE091
:102FB00000038020021C002002700000038000003B
:102FC00002000000020000000000000000000000FD
:102FD00000000020006000E0038003E003000FA079
:102FE00002003E200200F8200203E020020F8020B1
:102FF000023E00200278002003E00060038000E031
:1030000002000300000000000000000000000000BB
:1030100000000000000000000000000000000000B0
:10302000000000001FFFFFFC10000004100000045F
:103030001000000410000004100000041000000440
:10304000100000040000000000000000000000006C
:1030500000000000000000000700000003C00000A6
:1030600000780000001E00000003C0000000F00017
:1030700000001E0000000780000000F00000003C7F
:10308000000000060000000000000000000000003A
:1030900000000000100000041000000410000004F4
:1030A00010000004100000041000000410000004D0
:1030B0001FFFFFFC000000000000000000000000F7
:1030C0000000000000000000000000000000000000
:1030D00000000000000000000000000002000000EE
:1030E00004000000080000001800000010000000AC
:1030F000180000001800000004000000020000009A
:1031000000000000000000000000000000000001BE
:1031100000000001000000010000000100000001AB
:10312000000000010000000100000001000000019B
:10313000000000010000000100000001000000018B
:10314000000000010000000100000001000000007C
:10315000000000000000000010000000100000004F
:10316000100000001800000008000000040000002B
:10317000000000000000000000000000000000004F
:10318000000000000000000000000000000000003F
:103190000000038000018FC000038C60000618202F
:1031A000000410200004102000042020000420400F
:1031B000000620400003FFC00001FFE000000020E7
:1031C00000000020000000C000000000000000001F
:1031D000020000000200000003FFFFE007FFFFC045
:1031E000000180C0000200600002002000040020F6
:1031F000000400200004002000060040000300C07E
:103200000001FF800000FE00000000000000000040
:103210000000000000007E000001FF80000381C06C
:1032200000020040000600200004002000040020EE
:1032300000040020000600200003C0400001C08000
:10324000000003000000000000000000000000007B
:103250000000000000007E000001FF80000380C02D
:10326000000600600004002000040020000400208C
:10327000020400400202008003FFFFE007FFFFC0DE
:1032800000000040000000400000000000000000BE
:103290000000000000007E000001FF80000311C05C
:1032A00000021040000410600004102000041020F0
:1032B0000004102000061020000310400001F0C0A0
:1032C000000071000000000000000000000000008D
:1032D00000000000000400000004002000040020A2
:1032E00000040020007FFFE001FFFFE00104002058
:1032F0000304002002040020020400200204000055
:103300000200000001C0000001C000000000000039
:10331000000000000000001C0000E33E0003FFC2AC
:1033200000020CC3000404C1000404C1000404C171
:10333000000404C100060CC10003F8C30005F062DC
:103340000006007E0006003C0000000000000000B7
:10335000020000200200002003FFFFE007FFFFE063
:103360000001002000020020000600000004000010
:103370000004000000040020000600200003FFE01D
:103380000001FFE00000002000000020000000001D
:1033900000000000000000000004002000040020E5
:1033A00000040020000400200387FFE0038FFFE0FB
:1033B000038000200000002000000020000000200A
:1033C00000000000000000000000000000000000FD
:1033D00000000000000000000000000600000007E0
:1033E00000000001000000010004000100040001D1
:1033F00000040003000400060387FFFC038FFFF8AE
:103400000380000000000000000000000000000039
:10341000020000200200002003FFFFE007FFFFE0A2
:103420000000082000001020000030000000FC0018
:1034300000058E00000707A0000601E0000400E080
:103440000004002000000020000000000000000038
:103450000000000000000000020000200200002028
:10346000020000200200002003FFFFE007FFFFE052
:1034700000000020000000200000002000000020CC
:10348000000000000000000000000000000000003C
:10349000000400200007FFE0000FFFE00002002012
:1034A00000040000000400200007FFE00003FFE02C
:1034B0000002002000040000000400200007FFE0DC
:1034C0000003FFE0000000200000000000000000FA
:1034D00000040020000400200007FFE0000FFFE0D0
:1034E0000001002000020020000200000004000093
:1034F0000004000000040020000600200003FFE09C
:103500000001FFE00000002000000020000000009B
:103510000000000000007E000000FF80000381C06A
:1035200000020040000600200004002000040020EB
:10353000000400200006002000020040000381C0BB
:103540000001FF8000007E0000000000000000007D
:1035500000040001000400010007FFFF000FFFFF4F
:10356000000100C10002004100040020000400200E
:10357000000400200004002000060040000301C0F9
:103580000001FF8000007E0000000000000000003D
:103590000000000000007E000001FF80000380C0EA
:1035A000000200600004002000040020000400204D
:1035B0000004002000020041000300C10003FFFFDF
:1035C0000007FFFF000000010000000100000000F4
:1035D000000400200004002000040020000400205B
:1035E000000FFFE0000FFFE00000C02000010020FE
:1035F000000200200006002000040000000400007B
:1036000000070000000300000000000000000000B0
:1036100000000000000003E00001C0E00003E04003
:103620000006302000043020000418200004182078
:103630000004182000040C2000020C60000307C0E6
:103640000007838000000000000000000000000070
:10365000000000000004000000040000000400005E
:10366000000C0000001FFF8000FFFFC0000400608E
:10367000000400200004002000040020000400409A
:1036800000000180000000000000000000000000B9
:1036900000040000000400000007FF80000FFFC0CE
:1036A000000000600000002000000020000000205A
:1036B0000000002000040040000400800007FFE03C
:1036C000000FFFC0000000400000004000000000AC
:1036D0000004000000040000000780000007F00064
:1036E0000004FE0000041FC0000003E0000003808F
:1036F00000001C00000460000007800000060000BD
:1037000000040000000000000000000000040000B1
:10371000000600000007C0000007FC0000043F8016
:10372000000003E000040F800006F0000007F00036
:103730000007FF8000040FE00000038000043C004D
:103740000007C000000600000004000000000000A8
:10375000000000200004002000040060000700E0DA
:10376000000783200007E6000004F80000003C008A
:1037700000045E20000587A0000601E00004006050
:1037800000040020000000200000000000000000F5
:103790000004000000040003000700030007E0012C
:1037A0000004F80100041F02000007FC000000E014
:1037B00000000700000438000007C00000060000F9
:1037C00000040000000400000000000000000000F1
:1037D0000000000000078060000600E0000403E035
:1037E000000407A000040E2000043C200004702008
:1037F0000005E0200007802000070060000400E0D2
:103800000000038000000000000000000000000035
:1038100000000000000000000000000000000000A8
:103820000000000000000000000080000000800098
:103830000001400007FE3FF80800000410000002ED
:103840001000000200000000000000000000000066
:103850000000000000000000000000000000000068
:10386000000000000000000000000000FFFFFFFF5C
:103870000000000000000000000000000000000048
:103880000000000000000000000000000000000038
:1038900000000000100000021000000208000004F8
:1038A00007FE3FF80001400000008000000080009B
:1038B0000000000000000000000000000000000008
:1038C00000000000000000000000000000000000F8
:1038D0001800000030000000400000004000000020
:1038E0004000000020000000300000000800000040
:1038F00004000000020000000200000002000000BE
:103900000C00000018000000000000000300090087
:103910000F0015001B005081588160816881708103
:103920007881808188819081988100008CBF020815
:10393000800C00008007000060780000200000007C
:1039400020000000200000000090010000F00000B6
:10395000000C0F0053544D3332205350492054452E
:103960005354210000F8E0071F0040BCE0FF1FF89F
:10397000FF077C7D07FC3084000000000000000091
:103980000102030406070809000000000102030405
:10399000000000000D9E010899A00108C1A20108C5
:1039A00019A3010831A40108E7A50108DDA6010853
:1039B000D5A50108A5A30108F5A3010895A3010851
:1039C0003BA401087912000808C0020800000000AA
:1039D000000050003D00000000000000000000005A
:1039E000A90B00081CC002080008030014002400F2
:1039F000160000000000000000000000A90B0008F5
:103A000024C0020801082900140024001600000048
:103A10000000000000000000C9B000080000000025
:103A20001002030004004A000C0000000000000027
:103A300000000000A5C000080000000060010200B6
:103A40000200450007000000000000000000000028
:103A50007912000810C002080000000000000000F9
:103A6000000000000000000000000000A5C00008E9
:103A700028C00208610105000300000000000000EA
:103A8000000000000000000056657273696F6E2030
:103A90006F6620656D57696E3A20000000000000D7
:103AA0000000000000007088888888888870206086
:103AB00020202020207070880810204080F8708816
:103AC00008101008887010305090F8101010F8800E
:103AD00080F008088870304080F088888870F80886
:103AE00008102040404070888870888888707088EE
:103AF00088780808106000002020F82020000000CE
:103B00000000F800000000000000000000000000BD
:103B10000000000060600000606000606000006203
:103B2000640810264600000006060100063B020855
:103B3000060601001E3B020806060100F63A0208CE
:103B400006060100FE3A0208060601000E3B0208C6
:103B500006060100A63A020806060100AE3A02086F
:103B600006060100B63A020806060100BE3A02083F
:103B700006060100C63A020806060100CE3A02080F
:103B800006060100D63A020806060100DE3A0208DF
:103B900006060100E63A020806060100EE3A0208AF
:103BA00006060100163B020830003A00503B0208AE
:103BB000000000002D002E00403B0208A83B020838
:103BC0002B002B00383B0208B43B020825002500DF
:103BD000303B0208C03B020820002000283B0208BE
:103BE000CC3B0208B12E0008D53100082132000874
:103BF0002932000800000000000000000808010150
:103C0000D83B0208080008000002106FE29FF49FF2
:103C1000F49FF47FF25FF03FD01FB00D8000002BC7
:103C2000A09FF45FE10100011002000EF27F902FCF
:103C3000F49FB02FF49FB02FF49FB01EF28FA0021C
:103C40002003000002B40890000006F70FD0000027
:103C500008F52FB000002BF45FA10007FFFFFFFE67
:103C600010039FE9DFB800001FB0AF3000026FB44F
:103C7000DF40000FFFFFFFF70006BF98FD72000056
:103C8000AF33F9000000CF15F7000000DD07F400A6
:103C90000000220030000000000B1000000028BFD0
:103CA000C8300005FFFFFFF9001EF92F39FF503F14
:103CB000F00F209E303FF60F2000000DFFDF730055
:103CC0000002CFFFFFC30000048FEFFE1003000FC0
:103CD00025FF707FA00F20BF807FF30F21EF601DB5
:103CE000FEAFBEFD1001AFFFFFA20000013F41008B
:103CF0000000000D100000000000000003000003A1
:103D0000ABA200007F00002EEAFE1001E800007F59
:103D1000709F5008E100009F607F702F7000007F4F
:103D2000608F609E1000003FD6EF22F70000000772
:103D3000EFE60AE01798200001003F60CFCFE100D6
:103D40000000BD04FA09F6000004F507F706F900C3
:103D5000000CC006F806F800005F4003FC3BF400CE
:103D600000CB00008FFF9000009300000142000094
:103D70000001100000000004DFFD500000003FFDC6
:103D8000CFF40000009FD00BFA0000009FD00BFA88
:103D90000000004FF98FF50000000AFFFF800000CF
:103DA000009FFFFB00540009FFBAFF74FF001FFBD8
:103DB00000BFFEFC003FF7001DFFE3001FFB002CCF
:103DC000FFE3000AFFEDFFEEFD0001AFFFFB24FD66
:103DD000000001431000100001103FD06FF06FF0A1
:103DE0006FF03FE00310000300009F4002FF200837
:103DF000FB000EF7004FF3007FE000AFC000BFB044
:103E000000BFB000BFB0008FE0005FF2001FF50000
:103E10000AFA0004FE1000CF500029100300005FD2
:103E200090002FF2000BF80007FE0003FF3000FFA8
:103E30007000CFA000BFB000BFB000CFB000EF80D7
:103E400002FF5005FF100AFA001EF4005FC00019BF
:103E50002000000010000008E0000529F0512FFEAE
:103E6000FEF7027FFB4000AFCE2003F72F9000301B
:103E7000031000000200000000008F50000000004E
:103E8000BF7000000000BF7000000222CF8222003D
:103E90008FFFFFFFFF606FFFFFFFFE400000BF705E
:103EA00000000000BF7000000000BF7000000000B4
:103EB0007F4000003C90BFF56FF701E54CC06710F4
:103EC000014442002FFFFF703FFFFF800244430088
:103ED0003C90BFF36FD101000000030000006F7041
:103EE0000000CF400003FD000008F800000EF200C3
:103EF000005FB00000BF600001FE100007F9000085
:103F00000DF300003FD000009F700000CF200000A4
:103F1000230000000005BBB6000000AFFFFFA000BB
:103F200006FFA6AFF7000DFC000CFD002FF80008FF
:103F3000FF204FF60006FF404FF60006FF404FF609
:103F40000006FF402FF70006FF300EFA000AFE00C1
:103F500009FF404FF90002EFFEFFE200003CFFFCCA
:103F6000300000002420000000002B700000AFC0D3
:103F70000149FFD01EFFFFD01BDDFFD00000DFD0C6
:103F80000000DFD00000DFD00000DFD00000DFD075
:103F90000000DFD00000DFC00000BFA00000130061
:103FA0000017BBB6000003EFFFFFD1000DFE86AF88
:103FB000FB005FF6000DFF004FE1000BFF00032048
:103FC000003FFB00000007EFF3000003CFFD3000CF
:103FD000006FFE70000006FFA20000002FFC4444AA
:103FE00042006FFFFFFFFF103EFFFFFFFD000028B4
:103FF000BBA50005FFFFFFA01FFE76CFF42FF40046
:104000002FF70440002FF500005AEFB00000FFFF2B
:1040100090000038CFF80100001EFC3FC0000EFDEC
:104020005FF8007FF91DFFFEFFE202BFFFFB3000DB
:10403000013310000000009B4000000007FF9000CB
:1040400000004FFF90000002EEEF9000000CF4DF44
:104050009000009F80DF900006FB00DF90003FE2B1
:1040600000DF9000BFFFFFFFFE508FFFFFFFFF60EC
:10407000022222DFA200000000DF9000000000BF4B
:104080008000000000130000018999997007FFFF6C
:10409000FFF30AFDBBBB900CF50000000FF3465187
:1040A000003FFDFFFE603FFEABFFF30660004FFAEE
:1040B0000000000DFB1740000EFB5FF4008FF73F80
:1040C000FFDEFFD104CFFFFA10000243100000040E
:1040D0009BB93000008FFFFFF40004FF934EFB00FC
:1040E0000BFC000293001FF7023100003FF9DFFFD5
:1040F00091004FFFEBDFFA004FFD100BFF203FF860
:104100000006FF401FF80006FF400BFE201CFF10BA
:1041100003EFFDEFF700003CFFFE700000002430CD
:1041200000004999999994BFFFFFFFFD5BBBBBBF9E
:10413000F90000009FC0000005FE2000001EF600F0
:1041400000009FD0000002FF70000008FF10000078
:104150000EFB0000004FF70000007FF30000006F2F
:10416000D0000000031000000017BBB8100002EFE1
:10417000FFFFE3000BFE626EFB000DFA000AFF007A
:104180000CFB000BFC0004FFB8BFF40002BFFFFFF4
:10419000B2000CFE646EFD003FF70007FF304FF6E3
:1041A0000006FF402FFC101BFF2009FFEDEFF90078
:1041B000007EFFFE80000000243000000017BBB628
:1041C000000003EFFFFFB0000CFE748FF8003FF813
:1041D000000AFE004FF60007FF303FF7000AFF40DD
:1041E0000DFF749FFF4003EFFFFDFF40001799563E
:1041F000FF2000300009FD0009FA003FF80008FF29
:10420000DBFFD100019FFFFA200000013310000006
:1042100005309FF29FF217400000000000003C9024
:10422000BFF36FD1010005309FF29FF217400000ED
:10423000000000003C90BFF56FF701E54CC067102F
:10424000000000018B200000029FFF500003AFFF21
:10425000C60005CFFFB400007FFF920000005FFFA3
:10426000B5000000029FFFD7100000017EFFF8108C
:104270000000007DFF50000000005710044444443B
:1042800043009FFFFFFFFF705DDDDDDDDC300000E0
:10429000000000000000000000007FFFFFFFFF5053
:1042A0007FFFFFFFFF500222222221004B700000FF
:1042B00000008FFE8100000017EFFF920000000554
:1042C000CFFFA300000003AFFF40000006DFFE3079
:1042D0000028EFFE71001AFFFD6000009FFC5000F7
:1042E00000002730000000000000220000007EFFD8
:1042F000FA2009FFEEFFE12FFA007FF72FE2003FDF
:10430000F7022000AFF500001BFFA00000CFF70070
:104310000005FF50000002EC00000000000000005B
:1043200002BA10000008FF50000004FE2000000048
:104330001100000000003431000000029EFFFFA2C7
:1043400000003EFB767AFE5002EF5000003EE20B8A
:10435000F607EE96B5F82FD07FFFFFF0EC5F91EFF8
:10436000408FC0BD7F74FA004F90CB6F85FB006F0C
:1043700071F73FC2FF98EFACD10CF49FFFEFFB2029
:1043800003FE4573375700005EFB6669EE100002BE
:104390009FFFFFA200000001343100000000023046
:1043A000000000009FFB00000001FFFF300000063E
:1043B000FFFF8000000CFDCFE000003FF87FF4001D
:1043C000008FF32FFA0000EFD00DFF1004FF8008DC
:1043D000FF600AFFCBBCFFB01FFFFFFFFFF27FF9BA
:1043E00044449FF7CFF300003FFCAFC000000CFA3D
:1043F0000310000001303DFFFFEDA3009FFFFFFF12
:10440000FF309FF8444CFFA09FF60004FFB09FF6DA
:104410000006FF709FFB99BFFB109FFFFFFFFB2073
:104420009FF8444AFFD09FF60000CFF29FF60000AD
:10443000CFF39FF8445AFFE09FFFFFFFFF604EFF5E
:10444000FFFEB400000013430000002AFFFFE70056
:1044500003EFFFFFFFB01EFFB325EFF67FFB000069
:104460004FF7CFF300000361FFF000000000FFD022
:1044700000000000FFF000000000DFF30000057105
:104480009FFA00004FF73FFF9325EFF506FFFFFF70
:10449000FFA0004CFFFFE7000000244300003DFFA9
:1044A000FFEC71009FFFFFFFFE309FF9667DFFD09C
:1044B0009FF60001CFF69FF600005FFA9FF600001E
:1044C0002FFD9FF600002FFD9FF600002FFC9FF6AA
:1044D00000006FFA9FF60001DFF59FF9667DFFC0CF
:1044E0009FFFFFFFFD204EFFFFFC71003DFFFFFF20
:1044F000FE508FFFFFFFFF809FF9666665109FF6F5
:10450000000000009FF6000000009FFDBBBBB6004E
:104510009FFFFFFFFB009FFA777773009FF6000075
:1045200000009FF6000000009FF9666665108FFF8F
:10453000FFFFFFA03DFFFFFFFF703DFFFFFFFB10F0
:104540008FFFFFFFFF109FF9666664009FF6000073
:1045500000009FF6000000009FFB999970009FFFEC
:10456000FFFFF3009FFDBBBB90009FF60000000023
:104570009FF6000000009FF6000000009FF600007C
:1045800000005FF3000000000320000000000000B6
:104590000343100000002AFFFFFA200003EFFFFF93
:1045A000FFE2001EFFB423AFFA008FFB00000BF800
:1045B00000CFF30000002000FFF00000000000FF2B
:1045C000D0005DDDDD30FFE0008FFFFF60DFF20037
:1045D0001569FF609FF900000BFF602FFF82029FAB
:1045E000FF6006FFFFFFFEEF60004CFFFFD39F5010
:1045F000000024430003000210000001206FE200CD
:10460000002EF69FF500005FF99FF600006FF99FFE
:10461000F600006FF99FF600006FF99FFFFFFFFFA4
:10462000F99FFFFFFFFFF99FFA7777AFF99FF60039
:10463000006FF99FF600006FF99FF600006FF99F79
:10464000F500005FF96FE200002EF7032000000282
:104650003002106FE29FF59FF69FF69FF69FF69F40
:10466000F69FF69FF69FF69FF69FF56FE2032000F8
:1046700000000200000000BFB0000000FFF00000DA
:1046800000FFF0000000FFF0000000FFF00000005D
:10469000FFF0000000FFF0010000FFF05FC000FF2E
:1046A000F09FF100FFE09FF607FFB03FFFFFFF50D4
:1046B00005EFFFF700000343100002100000110097
:1046C0006FE20002EF509FF5001DFF609FF601DFD3
:1046D000F8009FF61BFF90009FF6AFFA00009FFEC8
:1046E000FFF400009FFFFFFD00009FFFADFF800073
:1046F0009FFA03FFF3009FF6009FFD009FF6001D49
:10470000FF709FF50004FFF16FE200009FE10320BE
:104710000000031002100000006FE20000009FF58F
:104720000000009FF60000009FF60000009FF600CA
:1047300000009FF60000009FF60000009FF60000BA
:10474000009FF60000009FF60000009FFA77777246
:104750009FFFFFFFFB4EFFFFFFF70231000000133A
:10476000207FFE300002EFF7BFFF800008FFF9BF97
:10477000FFD0000CFFF9BFFFF2002FFFF9BFFBF7DE
:10478000007FBFF9BFF7FC00BF7FF9BFF2FF21FF39
:104790002FF9BFF0CF65FC0FF9BFF08FBAF70FF913
:1047A000BFF03FFEF30FF9BFF00DFFD00FF9BFF0E0
:1047B00008FF800FF98FB003FF300BF703100022C2
:1047C0000001300120000001206FF800001EF8AF4A
:1047D000FF30002FFBBFFFC0002FFBBFFFF7002FF4
:1047E000FBBFFCFE202FFBBFF4EFB02FFBBFF27F1F
:1047F000F52FFBBFF20CFD3FFBBFF203FFAFFBBF8A
:10480000F2008FFFFBBFF2000DFFFBBFF20004FFC1
:10481000FA8FE100009FF603100000033000000152
:10482000343000000003BFFFFE9100006FFFFFFF68
:10483000FE2003FFF9324BFFD00BFF800000CFF6C4
:104840000FFF1000005FFA2FFC0000002FFD4FFB50
:104850000000002FFD2FFC0000002FFC0FFF1000B8
:10486000005FF90AFF700000CFF403FFF8223BFF5E
:10487000C0007FFFFFFFFD200005DFFFFF9100006C
:104880000002443100003DFFFFFDA3009FFFFFFF3A
:10489000FF409FF9666BFFC09FF60000EFF19FF6A7
:1048A0000000EFF19FF60018FFD09FFFFFFFFF60B1
:1048B0009FFFFFFFE6009FF8444300009FF60000C3
:1048C00000009FF6000000009FF5000000006FE26E
:1048D0000000000003200000000000000134300050
:1048E000000003BFFFFE9100006FFFFFFFFE2003EB
:1048F000FFF9324BFFD00BFF800000CFF60FFF1007
:1049000000005FFA2FFC0000002FFD4FFB000000AD
:104910002FFD2FFC0000002FFC0FFF1004B25FF9E9
:104920000AFF7009FECFF403FFF823CFFFC0007F1A
:10493000FFFFFFFF600005DFFFFFBFF40000024440
:104940003008F43DFFFFFEC7109FFFFFFFFFB09F41
:10495000F96667EFF49FF600009FF79FF600008F5F
:10496000F59FF84446EFD09FFFFFFFFC209FFFFF1D
:10497000FFFF709FF60006FFE09FF60000DFF09F4C
:10498000F60000BFF19FF50000BFF56FE200005F89
:10499000F4032000000320000024410000005DFF1C
:1049A000FFC40007FFFFFFFF700EFE4016EFF02F61
:1049B000FA00004D901FFF720000000BFFFFDA614C
:1049C0000001AFFFFFFE50000169DFFFF2011000A0
:1049D00002CFF72EF400006FF72FFE4002DFF5093B
:1049E000FFFEDFFFC0006DFFFFF910000034431031
:1049F000006EFFFFFFFFE7BFFFFFFFFFFB2777BF53
:104A0000FB777200007FF7000000007FF7000000D6
:104A1000007FF7000000007FF7000000007FF70034
:104A20000000007FF7000000007FF7000000007F1B
:104A3000F7000000007FF7000000004FF4000000C6
:104A400000022000000210000001206FE200002E92
:104A5000F69FF500005FF99FF600006FF99FF600E2
:104A6000006FF99FF600006FF99FF600006FF99F45
:104A7000F600006FF99FF600006FF99FF600006FD7
:104A8000F97FF700007FF83FFE6226EFF30AFFFF91
:104A9000FFFFA0007EFFFFE700000034430000029C
:104AA0000000000110AFC000002EF5CFF400007F21
:104AB000F77FF90000CFF22FFD0002FFB00BFF30AF
:104AC00007FF6006FF700BFF1001FFB01FFA000028
:104AD000AFF16FF500005FF6BFE000000EFBFF8056
:104AE000000009FFFF30000004FFFD00000000CFC0
:104AF000F60000000003200000020000012000007A
:104B00001100AFC0002EFB0001EF50CFF1006FFF8E
:104B10001005FF708FF4009FFF4008FF304FF70033
:104B2000CFFF800BFE001FFA01FFAFB00EFB000CA1
:104B3000FD05FE4FF03FF70008FF18FA0FF36FF383
:104B40000004FF4BF70BF79FE00000FF8FF308FA1C
:104B5000CFA00000BFDFE004FEFF7000007FFFA0D9
:104B600001FFFF2000004FFF7000CFFE0000000C8F
:104B7000FE20006FF800000001410000033000003B
:104B80000110000011003FF30004FF205FFC000D46
:104B9000FF300DFF608FFA0003FFE3FFD100008FAD
:104BA000FFFF4000000DFFF900000007FFF30000C9
:104BB000002FFFFC000000CFFDFF700007FFB2FFD9
:104BC000F3003FFF208FFC00AFF7000DFF60AFC088
:104BD0000005FF4003100000320002100000020038
:104BE0009FC00000BF90BFF70005FFC04FFE100D33
:104BF000FF400AFF806FFA0001EFF2EFE200007F52
:104C0000FEFF7000000CFFFD00000003FFF4000039
:104C10000000FFF000000000FFF000000000FFF0C7
:104C200000000000FFF000000000CFC00000000006
:104C30000300000009FFFFFFFFE60EFFFFFFFFFA82
:104C40000377777BFFF40000003EFF60000001DF88
:104C5000F80000000CFFB0000000AFFC10000007DF
:104C6000FFE20000005FFF30000003FFF5000000DE
:104C70002EFFD77777727FFFFFFFFFFB3DFFFFFF20
:104C8000FFF73DFFE27FFFE27FF0007FF0007FF063
:104C9000007FF0007FF0007FF0007FF0007FF000E9
:104CA0007FF0007FF0007FF0007FF0007FF9914FF0
:104CB000FFF303664012000000CF1000009F700059
:104CC000004FC000000DF3000007F9000002FE00D5
:104CD0000000BF5000005FB000000EF2000009F7B6
:104CE000000003FD000000CF4000006F70000004D2
:104CF00000BFFE60CFFFB0009FB0009FB0009FB02C
:104D0000009FB0009FB0009FB0009FB0009FB00018
:104D10009FB0009FB0009FB0009FB079DFB0EFFF61
:104D2000902564000003720000000EFB0000007F6D
:104D3000FF500001EFAFD00009FB0DF6002FF30686
:104D4000FE10AF9000CF70691000395049999999C1
:104D500099401444444444107800EFC23CFE00786B
:104D6000000599961002DFFFFFE309FE748FFB0434
:104D7000B3000EFB001579CFFB06FFFFDEFB2FFC17
:104D8000410DFB4FF6003FFB2FFE89EEFD05EFFEC8
:104D900067FE00133000310200000000CF800000E9
:104DA00000FF90000000FF90000000FF928971005A
:104DB000FFCEFFFE20FFFB69FFB0FFE000AFF2FF78
:104DC00090005FF4FF80004FF6FFB0007FF3FFF329
:104DD00002DFE0FFEFDFFF70DF6CFFF7001300334F
:104DE0001000000599830001CFFFFFA00BFFA6BFB5
:104DF000F33FF9000BD26FF40000007FF2000000D7
:104E00005FF40004702FFC103FF409FFEDFFE10098
:104E10008EFFFC3000003420000000000020000065
:104E20000008FC00000009FF00000009FF001798BF
:104E300029FF02EFFFECFF0BFF96BFFF2FFA000EDA
:104E4000FF5FF50009FF6FF40008FF4FF7000BFF4D
:104E50001EFD203FFF07FFFDFEFF007FFFC6FD0098
:104E60000132003100038995000000AFFFFFC1004F
:104E700009FF746EFB001FF80005FF304FFCBBBC40
:104E8000FF606FFCBBBBBB304FF6000010000EFD97
:104E90002006FA0005FFFDEFFA00005DFFFE91001D
:104EA00000002430000000014200006FFF5001FFAD
:104EB000FD4002FF800037FFA610BFFFFF7026FFF6
:104EC000A41002FF700002FF700002FF700002FFDA
:104ED000700002FF700002FF700001EF600000131D
:104EE0000000001698319602DFFFFAFE0BFFA6BF06
:104EF000FF2FF9000CFF5FF50009FF6FF40009FFB9
:104F00003FF8000CFF0EFF648FFF04FFFFFEFF0061
:104F100038BA49FF0161000BFC09FD326FF705FF4C
:104F2000FFFFB10039CDB7000200000000CF8000C4
:104F30000000FF90000000FF90000000FF917983C7
:104F400000FFBEFFFF40FFFD8BFFB0FFE100DFE091
:104F5000FFA0009FF0FF90009FF0FF90009FF0FFE8
:104F600090009FF0FF90009FF0CF80008FC0130053
:104F70000003100400AFB0CFC027204940CFC0DFEE
:104F8000D0DFD0DFD0DFD0DFD0DFD0DFD0AFA004E4
:104F90000000040000AFB000CFC00027200049404F
:104FA00000CFC000DFD000DFD000DFD000DFD000B6
:104FB000DFD000DFD000DFD000DFD000DFD005EF92
:104FC000B04FFF801AB7000200000000CF80000041
:104FD00000FF90000000FF90000000FF900293008F
:104FE000FF901DFC00FF91DFF500FFABFF6000FFAD
:104FF000FFFB0000FFFFFF4000FFE6FFE200FF9025
:105000006FFB00FF900BFF60CF8001EF501300009B
:1050100013000200AFA0DFD0DFD0DFD0DFD0DFD0C1
:10502000DFD0DFD0DFD0DFD0DFD0DFD0AFA0030014
:105030005911798203897200EF9DFFFE6FFFFE20F8
:10504000FFFC8CFFFC8CFF70FFE102FFD102FF90A0
:10505000FFA000FFA000FF90FF9000FF9000FF90D6
:10506000FF9000FF9000FF90FF9000FF9000FF90E6
:10507000FF9000FF9000FF90CF8000DF8000DF7086
:1050800013000013000013005911798300EF8EFF05
:10509000FF40FFFD8BFFB0FFE100DFE0FFA0009FBE
:1050A000F0FF90009FF0FF90009FF0FF90009FF0B6
:1050B000FF90009FF0CF80008FC01300000310000E
:1050C000048984000001BFFFFFB1000AFF958FFA39
:1050D000001FFA000AFF205FF50005FF506FF40083
:1050E00004FF604FF70006FF400EFD101DFE100785
:1050F000FFEBEFF700006EFFFE60000000343000B1
:10510000006913996100EFAFFFFD20FFFB6AFFB05C
:10511000FFD000AFF2FF90005FF4FF80004FF6FF7A
:10512000B0007FF3FFF301DFE1FFFFDEFF80FFABA5
:10513000FFF900FF90241000FF90000000EF9000A6
:1051400000006B30000000001699319602DFFFFA74
:10515000FE0BFFA6BFFF2FFA000DFF5FF50009FF52
:105160006FF40008FF4FF7000BFF1FFD103FFF0813
:10517000FFEDFFFF009FFFBAFF00014209FF0000A3
:105180000009FF00000009FE00000003B649229755
:1051900000CF9EFF30DFFFFB10DFF50000DFE000F7
:1051A00000DFD00000DFD00000DFD00000DFD00043
:1051B00000AFA000000400000000489961000AFF51
:1051C000FFFE304FFA46EF806FF70027102FFFFBEE
:1051D000820004CFFFFF50030159EFE04FC100AF41
:1051E000F03FFEABFFA004CFFFF910000133100029
:1051F0000033000002FF400004FF600038FF9510FC
:10520000BFFFFF5027FF940004FF600004FF600011
:1052100004FF600004FF600004FF600003FFEC3047
:1052200000BFFF30000241005930003950EF9000BC
:105230009FE0FF90009FF0FF90009FF0FF90009F85
:10524000F0FF90009FF0FFA000BFF0EFE206FFF03C
:105250009FFFEFEFF01CFFF95FD00024100310490F
:1052600020002940DFB000BFD0AFF101FFA05FF503
:1052700005FF500EF909FE0009FE0EF90003FF7F3D
:10528000F30000DFEFD000008FFF8000002FFF2031
:1052900000000242000039400189100493BFB007AA
:1052A000FF800BFB9FF10BFFC00FF94FF40EFFF1D6
:1052B0003FF40EF72FCCF37FE00AFB5F88F7AFA037
:1052C00006FE9F44FADF6001FFEF11FEFF1000BFF2
:1052D000FC00CFFB00006FF7007FF60000033000FA
:1052E00003300018700078007FF405FF302FFD1E9A
:1052F000FD0007FFDFF30000CFFF8000008FFF50AD
:105300000004FFFFD1001DFE6FF9008FF50BFF3089
:105310008FB002EF3003000022003940003930BF67
:10532000D000CFB08FF201FF803FF705FF300DFBBB
:1053300009FD0008FE0DF70003FF6FF20000CFEF3C
:10534000B000007FFF7000002FFF1000000CFB007A
:1053500000068FF500001FFFC0000007B810000016
:1053600003666666500FFFFFFFF507999BFFE1009C
:10537000001DFE300001DFF400001BFF500000BFE5
:10538000F700000AFF8000005FFFFFFFF54FFFFFFF
:10539000FFF4006DFE3001FFC92003FF400004FF51
:1053A000400004FF400004FF400004FF30008DFB7C
:1053B0000000DFE7000006FF100004FF400004FFCC
:1053C000400004FF400003FF400002FF950000BFC3
:1053D000FF400003550002201EE12FF22FF22FF2B2
:1053E0002FF22FF22FF22FF22FF22FF22FF22FF2B5
:1053F0001FF10220CFEA00008BFF600000DF700089
:1054000000DF700000DF700000DF700000DF800050
:10541000007FEA10003CFF3000CFA00000DF7000EA
:1054200000DF700000DF700000DF700036FF7000EA
:10543000EFFE20003641000002AB830038000DFF74
:10544000FFBAFF004FC6AFFFF90006100179500008
:105450000101001206000000083C0208040F0104CC
:1054600006000000093C0208070701040A000000CA
:10547000273C02080B0E00050B000000433C02080D
:105480000B1000040B000000973C0208100F0104F1
:1054900012000000F73C02080D0F00040D00000090
:1054A0006F3D02080307010406000000D83D020812
:1054B0000512010406000000E63D02080512000482
:1054C000060000001C3E0208080800040800000056
:1054D000523E02080B0B00070B000000723E020850
:1054E0000406010F06000000B43E02080704000B8A
:1054F00007000000C03E02080404010F060000007F
:10550000D03E0208070F000407000000D83E020842
:105510000B0E00050B000000143F0208070EFF05EC
:1055200007000000683F02080B0D00050B0000009B
:10553000A03F02080A0E00050B000000EE3F020823
:105540000B0E00050B000000344002080A0E000597
:105550000B000000884002080B0E00050B00000045
:10556000CE4002080A0E00050A000000224102088F
:105570000B0E00050B000000684102080B0E000531
:105580000B000000BC410208040B010806000000EB
:1055900010420208040D010806000000264202081D
:1055A0000B0A00080B000000404202080B0800092B
:1055B0000B0000007C4202080B0A00080B000000F0
:1055C000AC4202080A0F00040A000000E842020888
:1055D0000E0F00040E000000334302080C0F0004FD
:1055E0000C0000009C4302080C0D01050D0000009A
:1055F000F64302080C0F01040D00000044440208A9
:105600000C0D01050E0000009E4402080B0D010563
:105610000C000000EC4402080B0E01050B0000001A
:105620003A4502080D0F01040F0000008E450208E4
:105630000C0F01040E000000F7450208040F0104DE
:105640000600000051460208090F00040A0000008D
:105650006F4602080C0F01040C000000BA46020855
:105660000A0E01040B000000144702080E0F01048B
:10567000100000005A4702080C0F01040E00000041
:10568000C34702080E0F00040F0000001D48020867
:105690000C0E01050D000000864802080E0F0004E4
:1056A0000F000000DA4802080C0E01050D00000092
:1056B000434902080C0F00040C000000974902083F
:1056C0000C0E00050C000000F14902080C0F01044B
:1056D0000E000000454A02080C0F00040C000000F8
:1056E0009F4A0208110F000411000000F94A020845
:1056F0000B0F00040B000000804B02080B0F00048E
:105700000B000000DA4B02080C0D00050C00000035
:10571000344C02080611010506000000824C020804
:10572000070F000407000000B54C02080511000532
:1057300006000000F14C0208090801050B000000FA
:10574000244D02080B02FF13090000004C4D020813
:105750000404000405000000584D02080A0B00086C
:105760000B000000604D02080A0F01040B0000004E
:10577000974D02080A0B00080A000000E24D0208DB
:105780000A0F00040B000000194E02080B0B000862
:105790000B000000644E0208070F00040700000021
:1057A000A64E02080A0E00080B000000E24E020896
:1057B000090F01040B000000284F0208030F010429
:1057C00005000000734F02080512FF0405000000E9
:1057D000914F0208090F01040A000000C74F020898
:1057E000030F010405000000125002080F0B01080E
:1057F0001100000030500208090B01080B000000E6
:10580000885002080B0B00080B000000BF50020874
:105810000A0E01080B000000015102080A0E0008E0
:105820000B00000047510208070B010807000000A9
:105830008D510208090B00080A000000B951020846
:10584000070E000507000000F0510208090B0108CF
:105850000B00000028520208090B00080900000094
:105860005F5202080E0B00080E000000965202085C
:10587000090B000809000000E3520208090E0008A5
:10588000090000001A5302080A0A00080A00000072
:105890006053020807110005060000009253020839
:1058A000040F000404000000D6530208071100058D
:1058B00006000000F45302080B04000B0B0000006C
:1058C0003854020820007E005054020800000000F6
:1058D000E12D0008B52F00084D30000855300008B4
:1058E00001300008B4C0020816160101C4580208AD
:1058F000160B0F0000CBEDDCBBA997765400CCCC87
:10590000E0E0C0C08080505000003B02C000008733
:1059100007800000C20B300002C01D000EFFFFFF19
:10592000FD000C30A400002C01D000DFFFFFFFE0E1
:1059300000C20C300003B03C00000A50960000008A
:10594000010000000F000003DFE7000C5F1C300FB8
:105950000F05300E3F000007EF3000006FFA100017
:105960000F4CA0000F02F0D00F01E0991F2A700821
:10597000EFC600000F00000009000000000000104A
:10598000002CFC6106C000C606EEED4000F000F001
:10599000190000C606D08200003CFC3370000000F5
:1059A000000A0000000000742CFC20000290C606D3
:1059B000C0000A20F000F0005700C606C000A0009A
:1059C0002CFC2000000000000001BFD30000000BF1
:1059D000706D0000000F000F0000000D4079000006
:1059E0000008CAA000000005FA008FFC205B7F4081
:1059F000099000D208E22B0000F1009EC10000B91E
:105A0000117DF932301BFE804ADC80E0C0805002FC
:105A1000C00A403C008700C300E100F000E100C381
:105A20000087003C000A4002B0C2005A000C300758
:105A30008003C001E000F001E003C007800C305A91
:105A400000B20000E000B393B0687760687860B39C
:105A500093B000E0000000F000000000F000000043
:105A600000F000000000F00000FFFFFFFFF000006A
:105A7000F000000000F000000000F000000000F066
:105A80000000CBDF0752FFFFCCCC00090009004526
:105A90000081009003700720090018005400900056
:105AA000900004CFC4002D303D2095000590C20029
:105AB00002C0F00000F0F00000F0F00000F0C200C2
:105AC00002C0950005902D303D2004CFC40014C0C5
:105AD00000EEF00001F00000F00000F00000F00027
:105AE00000F00000F00000F00003F400AFFFD00071
:105AF0006DFE9109A2029A0F10000F0C60002E009B
:105B00000000B700002C800004E600005D300003B8
:105B1000D200000D30002D5FFFFFFB02AFFA100C2A
:105B20006019A00E1001F0000001E000001A6000F2
:105B30006DF70000002A80000001E0D00001E0D7EE
:105B4000103B802BFFC70000008E000008BF000044
:105B50006C1F0002D20F000B500F004C000F00A56D
:105B6000000F00EFFFFFFE00000F0000000F10000D
:105B700000CFE00FFFD9000E0000000D0000000B69
:105B80000000000CBFE8000B501A90000002E0007B
:105B90000000F0D00004C0C6004E502BFFC500002E
:105BA00006BF5001CB41000C7000006A000000B637
:105BB000BFE900E9202B80F00002E0E10000F0B531
:105BC0000003D04E402B6005DFD600EFFFFFE0E181
:105BD00000078030000D2000005B000000C40000C2
:105BE00004D000000B8000002F3000009C0000005B
:105BF000E8000003F3000019DFEB20B82018D0F113
:105C00000001E09C513A3007FFF5001B43AF50A65E
:105C10000007D0F00000F0E20002D09B203C6008BA
:105C2000EFC60006DFD5006B204E40D30005B0F074
:105C30000001E0E20000F08B2029E009EFB6B0009F
:105C400000096000007B00014BB1005FB60000CC92
:105C5000CC000000CCCCCCCC000000CBDF05420057
:105C6000000016C0000039D820016CB500009D82EC
:105C70000000009D82000000016CB50000000039AA
:105C8000D93000000016C0FFFFFFFFF00000000049
:105C9000000000000000FFFFFFFFF0C61000000042
:105CA00028D93000000005BC61000000028D900082
:105CB00000028D900005BC610039D9300000C6108B
:105CC0000000002AFFA1CE219BDD001F00001E0066
:105CD0000078004A9000F20000E00000000000CCD4
:105CE0000000CC0000018CFFEA4000005D8300272B
:105CF000E80005C20000002D502D202BF85505B0FE
:105D00008801E707C401F0D309B003E000F0F00E0A
:105D10004006B003C0F00F000D600B70C30C419B38
:105D200041AC007A03EE33DE91000C7000000000FD
:105D30000001CB51002650000006BEFEA40000006A
:105D4000008700000002EF100000094C8000001BDB
:105D500005F100007500D70000C0007D0004FFFFC2
:105D6000FF300A40000B801E000007D05C000003DB
:105D7000F3DF50000BFCBFFFFFC3000F20028D00BC
:105D80000F00000F000F000079000F147D90000F2E
:105D9000DA66BB100F000007A00F000000F00F0034
:105DA0000002E00F30015D80CFFFFFD800003AEF26
:105DB000EB4007C4004CE03D100001C0A60000000D
:105DC00000E100000000F000000000E10000000021
:105DD000B5000000005C1000008509C4003AC10055
:105DE0006CFFC700CFFFFD93001F30037E600F00E4
:105DF0000002D30F0000006A0F0000001E0F000019
:105E0000000F0F0000001E0F0000006A0F000002CC
:105E1000E31F40038E60CFFFFD9300BFFFFFFF40F5
:105E20000F200039500F000000000F000000000F8D
:105E30000001B0000FFFFFF0000F0001B0000F00E5
:105E40000000000F000000000F200016D0BFFFFF71
:105E5000FFB0BFFFFFFC0F20025D0F0000000F002E
:105E600000000F0001A00FFFFFF00F0002A00F00C5
:105E700000000F0000000F000000CFB0000000285D
:105E8000DFFC810003E72014C8002E300000190059
:105E9000980000000000D20000000000F000007F29
:105EA000FE00E10000003F00B60000000F004E20A1
:105EB00000001F1007E73003BC10004BEFEB600041
:105EC000CFC00000CFC01F1000000F100F00000057
:105ED0000F000F0000000F000F0000000F000FFF69
:105EE000FFFFFF000F0000000F000F0000000F0079
:105EF0000F0000000F001F0000001F00CFB00000C7
:105F0000CFB0BFC00F100F000F000F000F000F0029
:105F10000F000F001F00CFB00000EFC000002F00E7
:105F200000000F0000000F0000000F0000000F0035
:105F300000000F006E900F00F3000F00D6018B00E1
:105F40003BFFB100BFC005FF400F1001E4000F0090
:105F50000B70000F00A900000F09E100000FAADB81
:105F600000000F802E60000F0006E1000F0000C946
:105F7000001F00005F20CFB000AFC0BFC000000F07
:105F80001000000F0000000F0000000F0000000FC5
:105F90000000000F0000000F0000000F0000000FC5
:105FA00020015DBFFFFFFCAFE1000009FC0CF70022
:105FB000001FE00CAD00007CD00D4F5000D6F00D5E
:105FC0002AB006C2F00D23F30D50F00E00BA6C009B
:105FD000F00F004FE500F00F000BC000F01F0002B3
:105FE0002000F1CFC000000BFBEFB0000BFB1FF84F
:105FF0000000F00F5F4000F00F08E200F00F00CB50
:1060000000F00F002E60F00F0006E2F00F0000BA63
:10601000F00F00002FF01F100007F0CFD00000C0DD
:106020000000000000005BFFB50008C3003C804C8E
:10603000100001C4B50000005BE10000001EF0008C
:1060400000000FE10000001EB50000005B4C1000D6
:1060500001C408C3003C80005BFFB500CFFFFEB663
:10606000001F50025D800F000002E00F000001E001
:106070000F000009900F0137CB100FFEC930000F41
:10608000000000000F000000000F10000000BFE043
:10609000000000005BFFB50008C3003C804C10000E
:1060A00001C4B50000005BE10000001EF00000002C
:1060B0000FE10000001EB50000005B4C103801C469
:1060C00008C31C4C80005BFFE500000001C6000017
:1060D000000019FCBFFFFFDA200F20013AD00F00AB
:1060E0000000F00F000007B00F0247CB100FECAE1E
:1060F000E1000F0003E9000F00005F200F00000B1C
:10610000901F200004E1CFE0002DFC005BFFDA309F
:1061100007A203AFE00E100005E00F200000000A08
:10612000D7300000018DFFC7000000248EA00000C2
:106130000002F0E5000002D06F82014C6004BEFE58
:10614000B400CFFFFFFFC0F711F117F02000F000FF
:10615000200000F000000000F000000000F000004F
:106160000000F000000000F000000000F00000005F
:1061700000F00000000DFB0000CFD00000CFA00D0C
:106180004000003C000D2000002D000E1000000E0D
:10619000000F0000000F000F0000000F000F0000B4
:1061A000000F000E2000002D000A7000007A00038E
:1061B000F71027E200003BEFEA2000DFC00007FDF8
:1061C0006F300000D52F300001F10C700005B008D1
:1061D000C0000A6002F2001E1000B8006A00005FF2
:1061E00010D300000D96B0000005FE30000000A89E
:1061F0000000CFB002EF7007FC5F10007C0000B41D
:106200001F3000AC0000C10D6000DF1001C00A901B
:1062100003CE50049006E0077AB0085002F30D2434
:10622000F10D1000D84C00D83B00008DB6007EA7C1
:1062300000003FE1001FF100000B6000079000BF6D
:10624000D1006FF31DA0000E6004F4007900009EE1
:1062500014C100000CCC20000003FB0000000B6DFB
:106260009000007902E60002D1003E200C70000B85
:10627000C0BFB0001FFBDFE30005FC1DD00000C263
:1062800004F6000280008E200910000BB0640000AC
:1062900001D9A00000003F100000000F0000000026
:1062A0000F000000001F00000000CFB0003FFFFF04
:1062B000FB6B3000D7100008D100004F400002E80F
:1062C00000000CB000009D100006F300002E7000CE
:1062D00002AD00027EEFFFFFFCFFF0F000F000F0E7
:1062E00000F000F000F000F000F000F000F000F02E
:1062F00000FFF090009000630018000900072003E1
:106300006000A00091005500190009FFF000F000A6
:10631000F000F000F000F000F000F000F000F000FD
:10632000F000F0FFF0000AFA0000008B1B8000086C
:10633000800088008500000580FFFFFFFFD2005C21
:10634000100370BEFE80000003D70000004C001850
:10635000CFFF00C8310F00F3017F006EFC4B908E21
:106360000000000F0000000F0000000F0000000FF1
:106370004CFE800F9203B80F00002E0F00000F0F8D
:1063800010003C0BA103D502BFFC5005CFD6005C2A
:10639000208D00C3000000F0000000E20000008B30
:1063A000203C2008EFC400000009E0000001F000DC
:1063B0000000F0000000F005CFE8F05D4016F0C3EB
:1063C0000000F0F00000F0E20000F07C3015F00773
:1063D000DFD7BB04CFD5004E304E00C4002E00F1F5
:1063E00037D600EEC8300088104B0008EFB300002D
:1063F0003EC000B6D000E10000F0002FFF0000F02A
:106400000000F00000F00000F00000F0000DFB00C4
:1064100009FFFF208A11A600E2002D00F0000F0006
:10642000D2002D008A11A70009EEE60000002E0020
:10643000C2016D008EFEB2005E0000000F00000081
:106440000F0000000F0000000F5DFC300F8108B04E
:106450000F0001F00F0000F00F0000F00F0000F03F
:10646000AFC00AFC0C000C0000008E001F000F00E3
:106470000F000F000F00BFC000C000C0000009E007
:1064800000F000F000F000F000F000F000E004B0D8
:10649000DE308E0000000F0000000F0000000F0033
:1064A00000000F005FB00F007B000F09B0000FCAA3
:1064B000E2000F206B000F000B409FC00CD09E002D
:1064C0001F000F000F000F000F000F000F000F0044
:1064D0000F00BFC09B9EE68EE5000F604F604E0030
:1064E0000F000F000F000F000F000F000F000F0034
:1064F0000F000F000F000F00BFC0BFC0BFC0AA7DBC
:10650000FC301F7107C00F0000F00F0000F00F00FB
:1065100000F00F0000F0BFC00BFC06DFD7006D30AD
:106520003D70D30003D0F00000F0D30003D07C30E6
:106530003C7007DFD700BB6DFD701F7103C70F00F4
:10654000002D0F00000F0F00003D0F2203D60F6E2D
:10655000FC600F0000001F100000DFC0000005CF2E
:10656000E7B05D302AF0C30001F0F00000F0E20077
:1065700000F08B3029F008EFC5F0000000F00000BB
:1065800000F000000DFCB85DD02EA0000F20000F21
:1065900000000F00000F0000CFB0003CFE80E404BC
:1065A000D0E610004CFD500016E0D404D04CFC3076
:1065B00009000B000E00DFFE0F000F000F000F00A0
:1065C0000F100EEBBE000BE01F0001F00F0000F0FB
:1065D0000F0000F00F1000F00B8018F203CFD5BBB6
:1065E000CF300FD04C0008601E100A200A601B003C
:1065F00003C0750000B8C000002E3000CF404F80AF
:106600000BD06B000D4004803D001F7007400D3023
:106610006CD00C100890C2E5590002FA707DC200DF
:10662000007B000C7000BF407F300C60860002E7EA
:10663000A000007F300002B6E2000B208C10BF30BB
:106640006FC0CF400CD06C0006804B0006602E005F
:1066500009300D400C0007C1680000BFE1000005D3
:106660007000005A00009E8000007FFFD0820880EA
:10667000004C0001D3000B60007902B0EFFFC000B6
:106680004CF000D60000F00000F00000E00017A081
:1066900000FB100017A00000E00000F00000F00078
:1066A00000D600004CF0F0F0F0F0F0F0F0F0F0F078
:1066B000F0F0F0F0F0FC400006D00000F00000F038
:1066C0000000E00000A710001BF000A71000E00091
:1066D00000F00000F00006D000FC400000000000C8
:1066E000004CFD8303C0A3027DFC40000101000EAD
:1066F00004000000F4580208020B0103040000002B
:10670000F5580208030401030500000000590208BF
:106710000A0B01030B00000008590208070F0001D3
:10672000080000003F5902080B0D01020D00000097
:106730007B5902080B0B01030B000000C95902082A
:1067400001040103030000000B5A0208030D0103BA
:10675000050000000F5A0208030D010305000000A8
:10676000295A02080506010307000000435A0208DF
:10677000090902050C000000555A02080204010C28
:1067800004000000825A02080401010A050000000A
:10679000865A02080202010C04000000885A02080E
:1067A000040C0003040000008A5A0208070B0003CF
:1067B00008000000A25A0208050B020308000000AE
:1067C000CE5A0208080BFF0308000000EF5A020827
:1067D000070B0003080000001B5B0208080B000306
:1067E00008000000475B0208070B000308000000D8
:1067F000735B0208070B0003080000009F5B0208A0
:10680000070B010308000000CB5B0208070B000325
:1068100008000000F75B0208070B000308000000F7
:10682000235C020802070107040000004F5C020815
:106830000209010704000000565C0208090802056D
:106840000C0000005F5C0208090402070C00000055
:10685000875C0208090802050C0000009B5C020826
:10686000060B010307000000C35C02080D0D0103C5
:106870000F000000E45C02080A0B00030A0000009D
:106880003F5D0208090B00030A000000765D020864
:106890000A0B01030A000000AD5D02080A0B0003A9
:1068A0000B000000E45D0208090B00030900000072
:1068B0001B5E0208080B000308000000525E02087D
:1068C0000B0B01030C0000007E5E02080B0B0003A3
:1068D0000C000000C05E0208030B0003040000006F
:1068E000025F0208070B000307000000185F0208A0
:1068F000090B000309000000445F0208080B0003B5
:10690000090000007B5F02080C0B00030C00000074
:10691000A75F02080A0C00030B000000E95F0208F1
:106920000A0B01030B00000025600208090B00039D
:10693000090000005C6002080A0D01030B00000062
:10694000936002080A0B00030A000000D4600208EA
:10695000090B0003090000000B610208090B00038A
:1069600009000000426102080B0B00030B0000004D
:10697000796102080A0B00030A000000BB610208EB
:106980000E0B00030E000000F26102080A0B000368
:106990000A0000003F6202080A0B00030A00000020
:1069A00076620208080B000308000000AD620208CE
:1069B000030D010305000000D9620208040C000366
:1069C00004000000F3620208030D0003050000004C
:1069D0000B630208090403030F000000256302088B
:1069E00008010011070000003963020803030203D5
:1069F000070000003D6302080707000708000000C9
:106A000043630208080B0003080000005F630208EC
:106A100007070007070000008B630208080B00034C
:106A200008000000A763020807070007070000002E
:106A3000D3630208050BFF0304000000EF630208A4
:106A4000070A00070700000010640208080B000393
:106A50000800000038640208030A00040400000073
:106A600064640208030DFF04040000007864020857
:106A7000070B00030700000092640208030B0003E9
:106A800003000000BE6402080B0700070C000000B2
:106A9000D46402080807000708000000FE6402082A
:106AA00007070007080000001A650208080A000727
:106AB0000800000036650208080A00070800000008
:106AC0005E650208050700070500000086650208EC
:106AD00005070007060000009B650208040A000481
:106AE00004000000B0650208080700070800000065
:106AF000C46502080707000707000000E0650208F8
:106B00000B0700070B000000FC65020807070007E1
:106B10000700000026660208070A000707000000B9
:106B20004266020805070007060000006A660208C0
:106B3000050D0103070000007F660208010F030333
:106B400007000000A6660208050D0103070000000B
:106B5000B5660208090301070C000000DC660208A4
:106B600020007E00EC66020800000000E12D000815
:106B7000B52F00084D3000085530000801300008DE
:106B8000B4C0020812120101606B020812070B0068
:106B900000FF0000FEFEFE00231F20002020A000BA
:106BA000E6E6E6006060BB00BCBCE200DEDEDE00C4
:106BB00000000000FAFAFA0024202100D4D3D30008
:106BC000D5D4D500DEDEF100E1E0E000FCFCFC0005
:106BD000F1F1F100F8F8FC00FCFCFE004541420038
:106BE000C4C3C3002222A100C2C1C10082808000B0
:106BF00046434400626060002626A200EDEDED00F1
:106C00003030A70000000000282525003935360067
:106C1000B2B0B100E4E4E400EEEEF8004A4AB2009B
:106C20004C4CB3008A8888008E8ECF00EAEAEA00D6
:106C3000F6F6F6001A1718001B1818002D292A005E
:106C40003C3839006E6C6C002424A2003636AA0051
:106C5000CECDCD00E0E0F200ECECF700FAFAFD005A
:106C60002A272800312D2E00484445002E2EA6004C
:106C70005B5BB9007676C400908E8E009090D00059
:106C8000C8C7C700CBCACA00DAD9D900C2C2E5005A
:106C9000C4C4E600E2E2F3000E0C0D00211E1E004B
:106CA000221E1F00222222003E3B3C0043404000A7
:106CB0004A4748004C4849002B2BA5003B3BAC0001
:106CC0003D3DAC005E5EBB007A7AC60085838400E1
:106CD000A6A5A500A8A6A700BEBEE300C5C4C50022
:106CE000DCDCDC00C0C0E400D1D1EB00D3D3EC008D
:106CF000DCDCF000E4E4F400E9E9F600F4F4F4008C
:106D0000F6F6FB00272324002E2B2C002F2C2D0021
:106D10003531320036343500585555006865660007
:106D20006C6A6A00747172007E7B7C007F7C7D00DF
:106D30003232A8003434A8004848B1004E4EB400A6
:106D40006161BC006767BE008C8A8A008F8C8D00F1
:106D50009290900096949400AEACAD00AEAEAE00B2
:106D6000B6B5B500B8B7B700BBBABA008A8ACD00CD
:106D7000B2B2DE00BBBBE200D2D1D200D8D7D7007E
:106D8000CECEEA00E4E4F300020202001919190071
:106D9000363334003A373800514E4F0055525200C6
:106DA0005B5859005C585900605D5E00625F60008E
:106DB000676464007C7A7A002828A3002929A4004B
:106DC0003939AB003A3AAB004444AF005050B400FC
:106DD0005656B7005858B8005D5DBA006868BF00E5
:106DE0006E6EC1006F6FC2007070C2007373C4001A
:106DF0007878C5007C7CC7007E7EC800807E7E00DF
:106E000086848400888687008D8B8C00918F90000B
:106E10009C9A9A009E9C9D00A09E9F00A2A1A1000A
:106E2000A5A3A400AAA9A900B5B3B400BBB9BA0030
:106E30008080C9008383CA008C8CCE00A2A2D700B8
:106E4000A5A5D900A6A6D900A9A9DA00ABABDB009D
:106E5000ACACDC00AFAFDD00B6B6E000B9B9E10024
:106E6000BFBFE400D0CFCF00C6C6E700C8C8E80067
:106E7000D5D5ED00D6D6EE00D9D9EF00DADAEF009D
:106E8000E6E6F400E8E8F500EBEBF700F1F1F900D5
:106E9000F3F3FA00F5F5FB00F7F7FC000D0B0B0020
:106EA0000D0B0C001717170027242500332F300077
:106EB000333031004E4B4C004F4C4D005653540074
:106EC0005A5758005F5C5C0065626300666364004B
:106ED0006E6B6C00716F70007A7878002D2DA500B4
:106EE0002D2DA6004747B1005252B5005353B600AE
:106EF0005454B6005C5CB9006565BE007575C4008D
:106F000084828300898788009492920095939400EC
:106F1000999798009A9898009D9C9C009F9D9E0030
:106F2000A4A2A300ACABAB00B0AEAF00B4B3B3004F
:106F3000B9B7B800BAB8B900BCBBBB00BCBBBC0099
:106F4000BEBDBD008686CB008686CC008989CD007B
:106F50009595D2009696D2009B9BD4009C9CD50020
:106F6000B0B0DE00C8C7C800C9C8C900CCCBCB00D0
:106F7000D4D3D400DCDBDB00CDCDEA00E4E3E300D6
:106F8000ECEBEB00F0EFEF00F4F3F300FCFBFB00A5
:106F90000001000001000000906B020800000842A0
:106FA0002A44020202020202020202020202020257
:106FB00002020202020202020202020202020202B1
:106FC00002020202020202020202020202020202A1
:106FD0000202020202020202020202020202020291
:106FE0000202020202020202020202020202020281
:106FF0000202020202020202020202020202020271
:107000000202020202020202020202020202020260
:107010000202020202020202020202020202020250
:107020000202442A42420000007E2A0202020202B8
:107030000202020202020202020202020202020230
:107040000202020202020202020202020202020220
:107050000202020202020202020202020202020210
:107060000202020202020202020202020202020200
:1070700002020202020202020202020202020202F0
:1070800002020202020202020202020202020202E0
:1070900002020202020202020202020202020202D0
:1070A00002020202020202020202020202020202C0
:1070B00002347F00082902020202020202020202D6
:1070C00002020202020202020202020202020202A0
:1070D0000202020202020202020202020202020290
:1070E0000202020202020202020202020202020280
:1070F0000202020202020202020202020202020270
:10710000020202020202020202020202020202025F
:10711000020202020202020202020202020202024F
:10712000020202020202020202020202020202023F
:107130000202020202020202020202020202290802
:10714000C30202020202020202020202020202025E
:10715000020202020202020202020202020202020F
:1071600002020202020202020202020202020202FF
:1071700002020202020202020202020202020202EF
:1071800002020202020202020202020202020202DF
:1071900002020202020202020202020202020202CF
:1071A00002020202020202020202020202020202BF
:1071B00002020202020202020202020202020202AF
:1071C0000202020202020202020202C429020202B6
:1071D000463C0404040404040404040404040404F5
:1071E000040404040404040404040404040404045F
:1071F000040404040404040404040404040404044F
:10720000040404040404040404040404040404043E
:10721000040404040404040404040404040404042E
:10722000040404040404040404040404040404041E
:10723000040404040404040404040404040404040E
:1072400004040404040404040404040404040404FE
:1072500004043C460202022943020202A701010182
:10726000010101010101010101010101010101010E
:1072700001010101010101010101010101010101FE
:1072800001010101010101010101010101010101EE
:1072900001010101010101010101010101010101DE
:1072A00001010101010101010101010101010101CE
:1072B00001010101010101010101010101010101BE
:1072C00001010101010101010101010101010101AE
:1072D0000101010101010101010101010101017629
:1072E000020202430202020207010101010101013F
:1072F000010101010101010101010101010101017E
:10730000010101010101010101010101010101016D
:10731000010101010101010101010101010101015D
:10732000010101010101010101010101010101014D
:10733000010101010101010101010101010101013D
:10734000010101010101010101010101010101012D
:10735000010101010101010101010101010101011D
:107360000101010101010101010101070202020203
:1073700002020202070101010101010101010101F3
:1073800001010101010101010101010101010101ED
:1073900001010101010101010101010101010101DD
:1073A00001010101010101010101010101010101CD
:1073B00001010101010101010101010101010101BD
:1073C00001010101010101010101010101010101AD
:1073D000010101010101010101010101010101019D
:1073E000010101010101010101010101010101018D
:1073F000010101010101010702020202020202026F
:107400000701010101010101010101010101010166
:10741000010101010101010101010101010101015C
:10742000010101010101010101010101010101014C
:10743000010101010101010101010101010101013C
:10744000010101010101010101010101010101012C
:10745000010101010101010101010101010101011C
:10746000010101010101010101010101010101010C
:1074700001010101010101010101010101010101FC
:1074800001010107020202020202020207010101D8
:1074900001010101010101010101010101010101DC
:1074A00001010101010101010101010101010101CC
:1074B00001010101010101010101010101010101BC
:1074C00001010101010101010101010101010101AC
:1074D000010101010101010101010101010101019C
:1074E000010101010101010101010101010101018C
:1074F000010101010101010101010101010101017C
:107500000101010101010101010101010101010765
:10751000020202020202020207010101B14C2357DA
:1075200001010101010101015A382F260101010168
:10753000010101010101010101010101010101013B
:10754000010101010101010101010101010101012B
:10755000010101010101010101010101010101011B
:10756000010101010101010101010101010101010B
:1075700001010101010101010101010101010101FB
:1075800001010101010101010101010101010101EB
:1075900001010101010101010101010702020202D1
:1075A00002020202070101BF1A03032F3201010187
:1075B0000101010198030303AB0101010101010174
:1075C00001010101010101010101010101010101AB
:1075D000010101010101010101010101010101019B
:1075E000010101010101010101010101010101018B
:1075F000010101010101010101010101010101017B
:10760000010101010101010101010101010101016A
:10761000010101010101010101010101010101015A
:10762000010101010101010702020202020202023C
:107630000701013215030303920101010101010158
:10764000940303031A7C01010101010101010101FD
:10765000010101010101010101010101010101011A
:10766000010101010101010101010101010101010A
:1076700001010101010101010101010101010101FA
:1076800001010101010101010101010101010101EA
:1076900001010101010101010101010101010101DA
:1076A00001010101010101010101010101010101CA
:1076B00001010107020202020202020207010101A6
:1076C0009A030303033B010101010101B98A03038A
:1076D000038C3201010101010101010101010101DC
:1076E000010101010101010101010101010101018A
:1076F000010101010101010101010101010101017A
:107700000101010101010101010101010101010169
:107710000101010101010101010101010101010159
:107720000101010101010101010101010101010149
:107730000101010101010101010101010101010733
:1077400002020202020202020701010111240303E4
:10775000031540010101010101AF030303033812C6
:107760000101010101010101010101010101010109
:1077700001010101010101010101010101010101F9
:1077800001010101010101010101010101010101E9
:1077900001010101010101010101010101010101D9
:1077A00001010101010101010101010101010101C9
:1077B00001010101010101010101010101010101B9
:1077C000010101010101010101010107020202029F
:1077D00002020202070101010131370303032F5A9C
:1077E0000101010101014E030303037701010101BE
:1077F0000101010101010101010101010101010179
:107800000101010101010101010101010101010168
:107810000101010101010101010101010101010158
:107820000101010101010101010101010101010148
:107830000101010101010101010101010101010138
:107840000101010101010101010101010101010128
:10785000010101010101010702020202020202020A
:10786000070101010101B3030303039112010101A7
:107870000101116B030303037901010101010101FE
:1078800001010101010101010101010101010101E8
:1078900001010101010101010101010101010101D8
:1078A00001010101010101010101010101010101C8
:1078B00001010101010101010101010101010101B8
:1078C00001010101010101010101010101010101A8
:1078D0000101010101010101010101010101010198
:1078E0000101010702020202020202020701010174
:1078F000010101A903030303AA0101010101017DA3
:107900001C030303373101010101010101010101E0
:107910000101010101010101010101010101010157
:107920000101010101010101010101010101010147
:107930000101010101010101010101010101010137
:107940000101010101010101010101010101010127
:107950000101010101010101010101010101010117
:107960000101010101010101010101010101010701
:1079700002020202020202020701010101010133B7
:10798000D603030315550101010101015515030338
:107990000323C201010101010101010101010101F2
:1079A00001010101010101010101010101010101C7
:1079B00001010101010101010101010101010101B7
:1079C00001010101010101010101010101010101A7
:1079D0000101010101010101010101010101010197
:1079E0000101010101010101010101010101010187
:1079F000010101010101010101010107020202026D
:107A0000020202020701010101010101591C0303E5
:107A10000368BC0101010101013B0303030397015A
:107A20000101010101010101010101010101010146
:107A30000101010101010101010101010101010136
:107A40000101010101010101010101010101010126
:107A50000101010101010101010101010101010116
:107A60000101010101010101010101010101010106
:107A700001010101010101010101010101010101F6
:107A800001010101010101070202020202020202D8
:107A90000701010101010101015215030303D8335C
:107AA0000101010101016C03030303AC01010101A8
:107AB00001010101010101010101010101010101B6
:107AC00001010101010101010101010101010101A6
:107AD0000101010101010101010101010101010196
:107AE0000101010101010101010101010101010186
:107AF0000101010101010101010101010101010176
:107B00000101010101010101010101010101010165
:107B10000101010702020202020202020701010141
:107B2000010101010101EF03030303EE0101010162
:107B30000101224C0303031A560101010101010155
:107B40000101010101010101010101010101010125
:107B50000101010101010101010101010101010115
:107B60000101010101010101010101010101010105
:107B700001010101010101010101010101010101F5
:107B800001010101010101010101010101010101E5
:107B900001010101010101010101010101010107CF
:107BA00002020202020202020701010101010101B7
:107BB00001011290030303030601010101010157B2
:107BC0008A0303034B2201010101010101010101AB
:107BD0000101010101010101010101010101010195
:107BE0000101010101010101010101010101010185
:107BF0000101010101010101010101010101010175
:107C00000101010101010101010101010101010164
:107C10000101010101010101010101010101010154
:107C2000010101010101010101010107020202023A
:107C300002020202070101C011010101010101BD9F
:107C4000680303031C7D010101010101AE0303036D
:107C5000034D0101010101010101010101010101C6
:107C60000101010101010101010101010101010104
:107C700001010101010101010101010101010101F4
:107C800001010101010101010101010101010101E4
:107C900001010101010101010101010101010101D4
:107CA00001010101010101010101010101010101C4
:107CB00001010101010101070202020202020202A6
:107CC0000701010D99010101010101013F150303A4
:107CD000038F33010101010101980303030326010E
:107CE0000101010101010101010101010101010184
:107CF0000101010101010101010101010101010174
:107D00000101010101010101010101010101010163
:107D10000101010101010101010101010101010153
:107D20000101010101010101010101010101010143
:107D30000101010101010101010101010101010133
:107D40000101010702020202020202020701010D03
:107D50000378010101010101012603030303A801C6
:107D60000101010101112403030315B40101010103
:107D700001010101010101010101010101010101F3
:107D800001010101010101010101010101010101E3
:107D900001010101010101010101010101010101D3
:107DA00001010101010101010101010101010101C3
:107DB00001010101010101010101010101010101B3
:107DC000010101010101010101010101010101079D
:107DD00002020202020202020701010D034A0D0122
:107DE0000101010101013803030303B20101010193
:107DF0000101411C0303031C4101010101010101B7
:107E00000101010101010101010101010101010162
:107E10000101010101010101010101010101010152
:107E20000101010101010101010101010101010142
:107E30000101010101010101010101010101010132
:107E40000101010101010101010101010101010122
:107E50000101010101010101010101070202020208
:107E6000020202020701010D03036AC201010101BE
:107E70000101BE2F030303D43101010101010152AD
:107E80001503030324110101010101010101010195
:107E900001010101010101010101010101010101D2
:107EA00001010101010101010101010101010101C2
:107EB00001010101010101010101010101010101B2
:107EC00001010101010101010101010101010101A2
:107ED0000101010101010101010101010101010192
:107EE0000101010101010107020202020202020274
:107EF0000701010D0303033901010101010101B76C
:107F000015030303241101010101010126030303E9
:107F10000395060606060606060606060606060675
:107F200006060606060606060606060606060606F1
:107F300006060606060606060606060606060606E1
:107F400006060606060606060606060606060606D1
:107F500006060606060606060606060606060606C1
:107F6000060606060606060606060606063F110172
:107F70000101010702020202020202020701010DD1
:107F800003030303B001010101010101F003030335
:107F90000399010101010101014D030303030303DF
:107FA00003030303030303030303030303030303A1
:107FB0000303030303030303030303030303030391
:107FC0000303030303030303030303030303030381
:107FD0000303030303030303030303030303030371
:107FE0000303030303030303030303030303030361
:107FF0000303030303030303030323110101010725
:1080000002020202020202020701010D030303033E
:108010008BBA01010101010101050303030378018A
:108020000101010101224B030303030303030303C3
:108030000303030303030303030303030303030310
:108040000303030303030303030303030303030300
:1080500003030303030303030303030303030303F0
:1080600003030303030303030303030303030303E0
:1080700003030303030303030303030303030303D0
:1080800003030303030303B6010101070202020213
:10809000020202020701010D03030303038EC10163
:1080A0000101010101228D0303034A0D01010101B8
:1080B0000101561A0303030303030303030303032A
:1080C0000303030303030303030303030303030380
:1080D0000303030303030303030303030303030370
:1080E0000303030303030303030303030303030360
:1080F0000303030303030303030303030303030350
:10810000030303030303030303030303030303033F
:1081100003031A59010101070202020202020202CC
:108120000701010D0303030303039601010101018C
:108130000101FA2E0303036AC2010101010101409A
:108140009305050505050505050505050505050551
:1081500005050505050505050505050505050505CF
:1081600005050505050505050505050505050505BF
:1081700005050505050505050505050505050505AF
:10818000050505050505050505050505050505059F
:10819000050505050505050505050505056D3F01F1
:1081A0000101010702020202020202020701010D9F
:1081B00003030303030303AD01010101010101F204
:1081C000030303033901010101010101010101015F
:1081D000010101010101010101010101010101018F
:1081E000010101010101010101010101010101017F
:1081F000010101010101010101010101010101016F
:10820000010101010101010101010101010101015E
:10821000010101010101010101010101010101014E
:108220000101010101010101010101010101010738
:1082300002020202020202020701010D030303030C
:108240000303038AB801010101010101DA030303F9
:1082500003BB010101010101010101010101010152
:1082600001010101010101010101010101010101FE
:1082700001010101010101010101010101010101EE
:1082800001010101010101010101010101010101DE
:1082900001010101010101010101010101010101CE
:1082A00001010101010101010101010101010101BE
:1082B00001010101010101010101010702020202A4
:1082C000020202020701010D030303030303038AF1
:1082D000B8010101010101016D03030303BB0101A9
:1082E000010101010101010101010101010101017E
:1082F000010101010101010101010101010101016E
:10830000010101010101010101010101010101015D
:10831000010101010101010101010101010101014D
:10832000010101010101010101010101010101013D
:10833000010101010101010101010101010101012D
:10834000010101010101010702020202020202020F
:108350000701010D03030303030303AD0101010141
:10836000010101F303030303DB0101010101010129
:1083700001010101010101010101010101010101ED
:1083800001010101010101010101010101010101DD
:1083900001010101010101010101010101010101CD
:1083A00001010101010101010101010101010101BD
:1083B00001010101010101010101010101010101AD
:1083C000010101010101010101010101010101019D
:1083D0000101010702020202020202020701010D6D
:1083E00003030303030396010101010101017C1A48
:1083F000030303D55C01010101010140930505055B
:10840000050505050505050505050505050505051C
:10841000050505050505050505050505050505050C
:1084200005050505050505050505050505050505FC
:1084300005050505050505050505050505050505EC
:1084400005050505050505050505050505050505DC
:108450000505050505050505056D3F010101010738
:1084600002020202020202020701010D03030303DA
:10847000038EC1010101010101228D0303034A584A
:10848000010101010101561A03030303030303035E
:1084900003030303030303030303030303030303AC
:1084A000030303030303030303030303030303039C
:1084B000030303030303030303030303030303038C
:1084C000030303030303030303030303030303037C
:1084D000030303030303030303030303030303036C
:1084E0000303030303031A590101010702020202F5
:1084F000020202020701010D030303038BBA01010B
:1085000001010101016C03030303F40101010101F5
:1085100001224B03030303030303030303030303C6
:10852000030303030303030303030303030303031B
:10853000030303030303030303030303030303030B
:1085400003030303030303030303030303030303FB
:1085500003030303030303030303030303030303EB
:1085600003030303030303030303030303030303DB
:10857000030303B601010107020202020202020222
:108580000701010D03030303B00101010101010112
:10859000F1030303034E010101010101014D030336
:1085A000030303030303030303030303030303039B
:1085B000030303030303030303030303030303038B
:1085C000030303030303030303030303030303037B
:1085D000030303030303030303030303030303036B
:1085E000030303030303030303030303030303035B
:1085F000030303030303030303030303030323111D
:108600000101010702020202020202020701010D3A
:108610000303033901010101010101B7150303033C
:10862000231101010101010126030303039506063D
:1086300006060606060606060606060606060606DA
:1086400006060606060606060606060606060606CA
:1086500006060606060606060606060606060606BA
:1086600006060606060606060606060606060606AA
:10867000060606060606060606060606060606069A
:108680000606060606060606063F11010101010759
:1086900002020202020202020701010D03036AC282
:1086A000010101010101BE2F030303D331010101C7
:1086B000010101521503030324110101010101010C
:1086C000010101010101010101010101010101019A
:1086D000010101010101010101010101010101018A
:1086E000010101010101010101010101010101017A
:1086F000010101010101010101010101010101016A
:108700000101010101010101010101010101010159
:10871000010101010101010101010107020202023F
:10872000020202020701010D034A0D0101010101CC
:108730000101D903030303B2010101010101411C3D
:108740000303031C410101010101010101010101B8
:108750000101010101010101010101010101010109
:1087600001010101010101010101010101010101F9
:1087700001010101010101010101010101010101E9
:1087800001010101010101010101010101010101D9
:1087900001010101010101010101010101010101C9
:1087A00001010101010101070202020202020202AB
:1087B0000701010D0378010101010101013B0303E0
:1087C0000303A8010101010101112403030315B4EE
:1087D0000101010101010101010101010101010189
:1087E0000101010101010101010101010101010179
:1087F0000101010101010101010101010101010169
:108800000101010101010101010101010101010158
:108810000101010101010101010101010101010148
:108820000101010101010101010101010101010138
:108830000101010702020202020202020701010D08
:10884000990101010101010140150303036B33018B
:108850000101010101980303030326010101010144
:1088600001010101010101010101010101010101F8
:1088700001010101010101010101010101010101E8
:1088800001010101010101010101010101010101D8
:1088900001010101010101010101010101010101C8
:1088A00001010101010101010101010101010101B8
:1088B00001010101010101010101010101010107A2
:1088C0000202020202020202070101C011010101BB
:1088D000010101BD690303033741010101010101E8
:1088E000AE030303034D01010101010128ECE02562
:1088F00025A1F60F0101010101010E0B0B0B0B0B62
:108900000B0B0B3E0F01010101010104E69F9D705D
:10891000720E010101010101010101011075719D3A
:108920006F510C01010101010101013E0B0B0B0B09
:108930000B0B0B0B0701010101FCF80B0B0B0B0BD5
:108940000C210101010101010101010702020202E2
:10895000020202020701010101010101010112905D
:108960000303030379010101010101578A03030392
:108970004B220101010101715E0202020202022C7E
:108980002001010101DD02020202020202020202D2
:108990008401010101FB630A020202020202833D1B
:1089A00001010101010110661E02020202020247DA
:1089B00020010101010187020202020202020202F9
:1089C00002170101165D0202020202020202C84FF2
:1089D0002801010101010107020202020202020252
:1089E000070101010101010101017703030303ED07
:1089F000010101010101224C0303031A5601010187
:108A000001017002020218CE855E020202720101AB
:108A100001480202020202020202020219010101DD
:108A200030350202023536610202020AE701010115
:108A3000010447020202341846020202026E0101DA
:108A400001010A02020202020202020202250101DF
:108A50009C020202020202020202020288010101D9
:108A600001010107020202020202020207010101E2
:108A700001010101015215030303D7330101010173
:108A800001016C03030303AC01010101010F5F024B
:108A900002A40101015B63020284010101180202C8
:108AA000710E0E0E0E0E0E040101011B8002021F3C
:108AB000EB0101013C2C020236010101018202029C
:108AC00034A4090101F98202025D280101090202B0
:108AD00002740E0E0E0E0E0EFC010101170202852D
:108AE000040404217A63020202FB0101010101076F
:108AF0000202020202020202070101010101010158
:108B0000591C03030368BC0101010101013B03037C
:108B10000303970101010101011B020202F9010196
:108B20000101093A19140101011802025101010160
:108B3000010101010101016E02021E3E010101015C
:108B400001FBC90A25010101A6020202A6010101D9
:108B50000101FECF0A1901010109020202300101DF
:108B600001010101010101011702021901010101C5
:108B7000011B0202023C0101010101070202020283
:108B8000020202020701010101010133D6030303BE
:108B90001555010101010101551503030323C2010C
:108BA00001010101010F5E02022CA03E0101010141
:108BB0000101010101180202A4FFFFFFFFFF0F01E5
:108BC000010101470202650101010101010101FFEB
:108BD00001010101640202480101010101010101D9
:108BE000FF01010101090202023DFFFFFFFFFF013A
:108BF000010101011702021901010101010E020226
:108C000002540101010101070202020202020202F2
:108C100007010101010101A903030303AA010101E5
:108C20000101017D1C030303373101010101010131
:108C300001017002020202025ECC6E530F010101BB
:108C4000011802020202020202020236FD01090AB2
:108C50000202A5010101010110101010FF01010124
:108C6000180202670101010101FE10101009010143
:108C700001090202020202020202020A8601010145
:108C80001702024920202020E3180202CD01010131
:108C900001010107020202020202020207010101B0
:108CA0000101B30303030391120101010101116BDF
:108CB00003030303790101010101010101010173B2
:108CC00049020202020202022C760101011802028C
:108CD000020202020202021E21011B0202027501AF
:108CE0000101102C02020202C6E401018102029E6F
:108CF0000101010162020202020A66010109020287
:108D000002020202020202021F0101011702020214
:108D10000202020202020A895B010101010101074C
:108D200002020202020202020701010101313703BD
:108D30000303695A0101010101014E030303037793
:108D4000010101010101010101010101010EE59B88
:108D5000CA0A0202025D7A0101180202DC16161626
:108D6000161614040101090A020250010101FC2B2C
:108D700002020202022D0101180202890101010111
:108D800013020202020218010109020202E316168E
:108D900016161653FD0101011702020A1E1E1E0AB5
:108DA00002020235B50101010101010702020202BE
:108DB000020202020701010111240303031540010D
:108DC0000101010101AF0303030338120101010195
:108DD000010101010101287B0F01010101279F5DB4
:108DE00002029C010118020251010101010101016D
:108DF000010101130202D001010101273D3D1702CB
:108E0000022D01012D02021301010101FEF73DA314
:108E100002021801010902020230010101010101EF
:108E20000101010117020219010101017B1F020268
:108E300019010101010101070202020202020202FC
:108E4000070101019A030303033B01010101010131
:108E5000B98A0303038C32010101010101010101FF
:108E60000101360283280101010101D10202D20170
:108E70000118020251010101010101010101013A40
:108E800002025D300101010101094802022D0101C8
:108E9000E802020250010101010101D002021801A1
:108EA0000109020202300101010101010101010178
:108EB00017020219010101010167020247010101C4
:108EC000010101070202020202020202070101324D
:108ED000150303039201010101010101940303033E
:108EE0001A7C0101010101010101010101FF2B02B5
:108EF0000287FC01010154810202E401011802020F
:108F0000DC141414141414140E0101108102025FF5
:108F1000512801010CCC0202022D010101CB0202F9
:108F20005D3A1B0101FB6502020218010109020200
:108F300002A214141414141453FC01011702021990
:108F40000101010101A0020260010101010101070B
:108F50000202020202020202070101BF1A03032FEA
:108F6000320101010101010198030303AB01010179
:108F700001010101010101010101E10202025D495A
:108F800062180A02023628010148020202020202A5
:108F9000020202020AB501017AC70202025D8135AE
:108FA00002025E2B022D01010127180202020A1F94
:108FB0008002020A6002180101010A020202020292
:108FC00002020202025EFD01170202190101010103
:108FD00001740202020401010101010702020202FE
:108FE0000202020207010101B14C235701010101F4
:108FF000010101015A382F2601010101010101017E
:1090000001010101010101A6470202020202020A56
:10901000D01B010101250202020202020202020229
:10902000347B010101FB880A0202020202180B864E
:1090300002650101010110661E020202020280E9BE
:109040002502490101011902020202020202020282
:109050000261FE01E20202670101010101FC34022A
:109060005D07010101010107020202020202020280
:1090700007010101010101010101010101010101DA
:1090800001010101010101010101010101010101D0
:10909000010101010130A2254F3A720401010101D1
:1090A0000101FB0C0C0C0C0C0C0C0C0CFD01010157
:1090B00001010121A59E4FDF140F01079F540101FB
:1090C00001010101FDE79F4F3A752801FDDEF50121
:1090D000010101540C0C0C0C0C0C0C0C7B28010134
:1090E0000116EA0901010101010107207B010101CB
:1090F000010101070202020202020202070101014C
:10910000010101010101010101010101010101014F
:10911000010101010101010101010101010101013F
:10912000010101010101010101010101010101012F
:10913000010101010101010101010101010101011F
:10914000010101010101010101010101010101010F
:1091500001010101010101010101010101010101FF
:1091600001010101010101010101010101010101EF
:1091700001010101010101010101010101010107D9
:1091800002020202020202020701010101010101C1
:1091900001010101010101010101010101010101BF
:1091A00001010101010101010101010101010101AF
:1091B000010101010101010101010101010101019F
:1091C000010101010101010101010101010101018F
:1091D000010101010101010101010101010101017F
:1091E000010101010101010101010101010101016F
:1091F000010101010101010101010101010101015F
:109200000101010101010101010101070202020244
:109210000202020207010101010101010101010134
:10922000010101010101010101010101010101012E
:10923000010101010101010101010101010101011E
:10924000010101010101010101010101010101010E
:1092500001010101010101010101010101010101FE
:1092600001010101010101010101010101010101EE
:1092700001010101010101010101010101010101DE
:1092800001010101010101010101010101010101CE
:10929000010101010101010702020202430202026F
:1092A000A701010101010101010101010101010108
:1092B000010101010101010101010101010101019E
:1092C000010101010101010101010101010101018E
:1092D000010101010101010101010101010101017E
:1092E000010101010101010101010101010101016E
:1092F000010101010101010101010101010101015E
:10930000010101010101010101010101010101014D
:10931000010101010101010101010101010101013D
:10932000010101760202024381020202463C04046A
:1093300004040404040404040404040404040404ED
:1093400004040404040404040404040404040404DD
:1093500004040404040404040404040404040404CD
:1093600004040404040404040404040404040404BD
:1093700004040404040404040404040404040404AD
:10938000040404040404040404040404040404049D
:10939000040404040404040404040404040404048D
:1093A00004040404040404040404040404043C4603
:1093B000020202815F0202020202020202020202B1
:1093C000020202020202020202020202020202027D
:1093D000020202020202020202020202020202026D
:1093E000020202020202020202020202020202025D
:1093F000020202020202020202020202020202024D
:10940000020202020202020202020202020202023C
:10941000020202020202020202020202020202022C
:10942000020202020202020202020202020202021C
:109430000202020202020202020202020202025FAF
:109440004529020202020202020202020202020292
:1094500002020202020202020202020202020202EC
:1094600002020202020202020202020202020202DC
:1094700002020202020202020202020202020202CC
:1094800002020202020202020202020202020202BC
:1094900002020202020202020202020202020202AC
:1094A000020202020202020202020202020202029C
:1094B000020202020202020202020202020202028C
:1094C000020202020202020202022945007E2A0270
:1094D000020202020202020202020202020202026C
:1094E000020202020202020202020202020202025C
:1094F000020202020202020202020202020202024C
:10950000020202020202020202020202020202023B
:10951000020202020202020202020202020202022B
:10952000020202020202020202020202020202021B
:10953000020202020202020202020202020202020B
:1095400002020202020202020202020202020202FB
:109550000202020202347F00000008422A44020292
:1095600002020202020202020202020202020202DB
:1095700002020202020202020202020202020202CB
:1095800002020202020202020202020202020202BB
:1095900002020202020202020202020202020202AB
:1095A000020202020202020202020202020202029B
:1095B000020202020202020202020202020202028B
:1095C000020202020202020202020202020202027B
:1095D0000202020202020202020202020202442A01
:1095E000424200008C0046008C0008009C6F02087C
:1095F000906F02080000000000FF0000FFFFFF0066
:10960000231F20002020A000F3F3F3006E6EC100A2
:10961000AFAFDD00EFEFEF00E0E0E000EEEEF800CE
:10962000FDFDFD007B797A00EAEAEA002424A2002D
:10963000FAFAFA0024202100FAFAFD002825260073
:10964000524F5000828080008A888800A2A0A0002B
:10965000EAEAF600F8F8F800FEFEFE00FEFEFF0063
:10966000211D1E002D292A002A2AA400B0AFAF0018
:109670009D9DD500B1B1DE00FBFBFD00FCFCFC00B4
:10968000FCFCFE00242122002B2728006D6A6A00C2
:109690004343AF007777C5007D7DC800838182009A
:1096A0009B999A00DADAEF00DBDBF000F6F6F600C1
:1096B0001310110013111100201D1E002C28290069
:1096C0002E2A2B002E2B2C0034303100423E3F003E
:1096D000433F400042404100494647004A47480056
:1096E0005A5657006B686900767474007D7B7C0065
:1096F0002121A0002323A1002525A2002B2BA500BA
:109700002C2CA5002E2EA6003434A8003535A90037
:109710003636AA003838AA003B3BAB003E3EAD00CF
:109720004141AE004444AF004C4CB3004D4DB3003A
:109730005353B6005555B6005959B8005D5DBA008F
:109740006262BC006363BD006A6ABF006B6BC000ED
:109750007070C2007C7CC700817F7F0084828200A1
:109760008C8A8A008F8D8D0097959600A3A1A20008
:10977000BBBABA008282CA008383CA008D8DCF0033
:109780009393D1009797D3009B9BD500A3A3D800B8
:10979000B2B2DE00B3B3DF00B4B4DF00C5C4C400AE
:1097A000C6C5C500C9C8C800D6D5D500D8D7D7000A
:1097B000C7C7E700C9C9E800CACAE800CACAE900C1
:1097C000CECEEA00CFCFEA00D3D3EC00DEDEF1004C
:1097D000E2E1E100E2E1E200E8E8E800ECEBEB00C6
:1097E000EDECEC00E8E8F500EFEFF800F4F4F4003D
:1097F000F0F0F800F0F0F900F1F1F900F3F3FA00FD
:10980000F4F4FA00F7F7FC00F9F9FC00FDFDFE00A6
:109810000101010012121200262223002723240036
:1098200028242500312D2E00312E2F00332F30001B
:1098300033303100343132003935360039363700B3
:109840003B3738003E3A3B003F3B3C003F3C3D004D
:10985000413E3F00434041004642430048454600E8
:109860004A4647004E4B4C00524E4F005450510058
:109870005451520055515200565253005653540001
:109880005754550058555600595657005A575800C6
:109890005C595A005F5C5D00605D5E00625F600065
:1098A00063616100666364006F6D6D00716F6F00CE
:1098B0007472720075737300787576007B78790026
:1098C0007C797A007D7A7B007F7C7D002626A30050
:1098D0002727A3004949B1004949B2006767BE0084
:1098E0006868BE007878C500807E7E008987870022
:1098F0008C8C8C00929091009391920093939300A2
:109900009796960098969700999798009A9899003C
:109910009C9A9B009D9B9B009D9C9C009E9C9C00F8
:109920009F9D9E00A09E9E00A09E9F00A19F9F00C5
:10993000A3A2A200A4A2A300A5A3A400A6A4A5007C
:10994000AAA9A900ADACAC00B1B0B000B3B2B200EE
:10995000B4B3B300B5B4B400BAB9B900BDBBBC0070
:10996000BEBDBD008080C9008181C900AEAEDC00F3
:10997000AEAEDD00B8B8E100B9B9E100C1C0C000C9
:10998000C5C3C400C7C6C600C7C6C700CAC9C90088
:10999000CAC9CA00CBCACA00CCCBCB00CDCCCC0044
:1099A000CECDCD00D1D1D100D2D1D100D4D3D400ED
:1099B000D5D4D500DBDADA00DBDBDB00DDDCDD0073
:1099C000DFDEDE00E0DFDF00E4E3E300E4E4E40008
:1099D000E5E4E400E7E6E600ECECEC00EDEDED009C
:1099E000E1E1F200E2E2F200F0EFEF00F1F1F1006C
:1099F000F3F2F300F8F7F8000001000001000000A6
:109A0000F8950208862F1A020202020202020202DE
:109A10000202020202020202020202020202020226
:109A20000202020202020202020202020202020216
:109A30000202020202020202020202020202020206
:109A4000020202020202021A86862E0202020202AA
:109A500002020202020202020202020202020202E6
:109A600002020202020202020202020202020202D6
:109A700002020202020202020202020202020202C6
:109A80000202020202020202020202020202022E8A
:109A900030021D0404040404040404040404040443
:109AA0000404040404040404040404040404040476
:109AB0000404040404040404040404040404040466
:109AC0000404040404040404040404040404040456
:109AD0000404041D02300202070101010101010119
:109AE0000101010101010101010101010101010166
:109AF0000101010101010101010101010101010156
:109B00000101010101010101010101010101010145
:109B10000101010101010101010702020202070125
:109B20000101010101010101010101010101010125
:109B30000101010101010101010101010101010115
:109B40000101010101010101010101010101010105
:109B500001010101010101010101010101010107EF
:109B60000202020207204C5110010101274A7B0129
:109B700001010101010101010101010101010101D5
:109B800001010101010101010101010101010101C5
:109B900001010101010101010101010101010101B5
:109BA00001010101010702020202071047036001DF
:109BB000010153034E1001010101010101010101E5
:109BC0000101010101010101010101010101010185
:109BD0000101010101010101010101010101010175
:109BE000010101010101010101010107020202025B
:109BF0000701700D3EE00101164603DC0101010181
:109C00000101010101010101010101010101010144
:109C10000101010101010101010101010101010134
:109C20000101010101010101010101010101010124
:109C3000010702020202070101630343FB010171F4
:109C40000D03660101010101010101010101010191
:109C500001010101010101010101010101010101F4
:109C600001010101010101010101010101010101E4
:109C700001010101010101070202020207010119AC
:109C800052034D8401011E031C2B0101010101013E
:109C900001010101010101010101010101010101B4
:109CA00001010101010101010101010101010101A4
:109CB000010101010101010101010101010702028C
:109CC0000202070101017C48032801010155032616
:109CD00081010101010101010101010101010101F4
:109CE0000101010101010101010101010101010164
:109CF0000101010101010101010101010101010154
:109D000001010107020202020722850101724003DC
:109D1000670101824B0354010101010101010101AD
:109D20000101010101010101010101010101010123
:109D30000101010101010101010101010101010113
:109D400001010101010101010107020202020709EB
:109D5000620101011E03427501012C4103640101EE
:109D600001010101010101010101010101010101E3
:109D700001010101010101010101010101010101D3
:109D800001010101010101010101010101010107BD
:109D90000202020207093F6E010119B903B88301EB
:109DA0000168030D6F0101010101010101010101C0
:109DB0000101010101010101010101010101010193
:109DC0000101010101010101010101010101010183
:109DD0000101010101070202020207090345160100
:109DE00001804903BB0101015F0344050505050529
:109DF0000505050505050505050505050505050513
:109E00000505050505050505050505050505050502
:109E10000505050505050505567301070202020241
:109E2000070903035022010174B503DE0101204F2D
:109E300003030303030303030303030303030303F2
:109E400003030303030303030303030303030303E2
:109E5000030303030303030303030303030303577E
:109E60000107020202020709030303610101016500
:109E7000031C2C01017F1F060606060606060606C1
:109E80000606060606060606060606060606060672
:109E90000606060606060606060606060606060662
:109EA000060606061F7E01070202020207090303D7
:109EB000030D160101012603280101010101010121
:109EC0000101010101010101010101010101010182
:109ED0000101010101010101010101010101010172
:109EE000010101010101010101010101010702025A
:109EF000020207090303036101010165031C2B0131
:109F0000017F1F0606060606060606060606060664
:109F100006060606060606060606060606060606E1
:109F200006060606060606060606060606060606D1
:109F30001F7E0107020202020709030350220101EA
:109F400074B603DD0101204F03030303030303037E
:109F500003030303030303030303030303030303D1
:109F600003030303030303030303030303030303C1
:109F70000303030303030357010702020202070955
:109F80000345160101804903270101015F034405D0
:109F90000505050505050505050505050505050571
:109FA0000505050505050505050505050505050561
:109FB0000505050505050505050505055673010794
:109FC0000202020207093F6E010119BA03B78301B9
:109FD0000168030D6F01010101010101010101018E
:109FE0000101010101010101010101010101010161
:109FF0000101010101010101010101010101010151
:10A0000001010101010702020202070962010101C7
:10A010001E03427501012C4103640101010101018C
:10A020000101010101010101010101010101010120
:10A030000101010101010101010101010101010110
:10A0400001010101010101010101010702020202F6
:10A050000722850101724003670101824B035419F5
:10A0600001F658A5A6BD790176B40B0B0BB3EE0132
:10A0700017C7A9A3AFE4010101F03DA4A75BF80154
:10A08000015C0B0B0B0BCD01D6B20B0BBCD30A0141
:10A09000010702020202070101017C4803280101B5
:10A0A000015503268101183597D2CB8F9E01CE0230
:10A0B000AC1313296D0EA11129CA120FDA01E9247C
:10A0C00098C55B33930A0A0F99131313D1019D8B23
:10A0D0005959A8022A0101070202020207010119C7
:10A0E00052034D8401011E031C2B01010E88A2F1B5
:10A0F00018776B011502EB0A0A1801D502C9010194
:10A10000172A77013A1B7A01016CCC012102B00AAF
:10A110000A0A0101123601010402B101010702021B
:10A120000202070101630343FA0101710D03660195
:10A13000010101C41B028EABD901150202020232D9
:10A140007D14026D01E61414D4018C9F01012A14C0
:10A150005AF2210202020202D001121B3B3B39914A
:10A16000ED010107020202020701700D3EDF01014D
:10A17000164603DB010101010104FFE7C2950F6CE4
:10A1800015025E08080C01C302E201E13C923801AD
:10A19000943501011425025D2102250808760E017F
:10A1A000128DC0BFA089E801010702020202071058
:10A1B00047036001010153034E10010101011833EF
:10A1C000AE0E011502E315025E767676FFF3119C62
:10A1D000F7016B1B38015A025C0E1758025D210211
:10A1E000257676767901123601016A02C8010107E7
:10A1F0000202020207204C5110010101274A7B0193
:10A200000101010101C62432900FAD0AD7020202FA
:10A2100002023D01D8340F3131AA39010E3C0F1131
:10A220008A9B96CF18340202020224173A9A01013F
:10A23000782329010107020202020701010101013D
:10A24000010101010101010101010101FEE569F5C1
:10A25000010101F90C0C0C0C0E010117EA6AFCFF5C
:10A26000EF0101017869EC0A08FD012D0C0C0C0CC2
:10A270000401077A010101F42D0101070202020223
:10A2800007010101010101010101010101010101B8
:10A2900001010101010101010101010101010101AE
:10A2A000010101010101010101010101010101019E
:10A2B000010101010101010101010101010101018E
:10A2C0000107020211021D0404040404040404042E
:10A2D000040404040404040404040404040404043E
:10A2E000040404040404040404040404040404042E
:10A2F000040404040404040404040404040404041E
:10A30000040404040404041D0211230202020202D4
:10A31000020202020202020202020202020202021D
:10A32000020202020202020202020202020202020D
:10A3300002020202020202020202020202020202FD
:10A3400002020202020202020202020202020223CC
:10A35000872F1A0202020202020202020202020213
:10A3600002020202020202020202020202020202CD
:10A3700002020202020202020202020202020202BD
:10A3800002020202020202020202020202020202AD
:10A390000202021A868600004600230046000800DA
:10A3A000049A0208F89902080000000051A8A800C9
:10A3B00058ACAC0062B0B0006DB6B6007ABDBD005E
:10A3C00089C4C40097CBCB00A5D2D200B4D9D900A0
:10A3D000C1E0E000CCE6E600D6EAEA000C000000AE
:10A3E00000000000ACA30208030405060708090AE0
:10A3F0000B0B0A0908070605040302010000000010
:10A4000000000000000001020405060708090A0B0D
:10A410000B0A0908070605040302010000000000FA
:10A42000000000000001020305060708090A0B0BE3
:10A430000A090807060504030201000000000000E5
:10A440000000000001020304060708090A0B0B0ABA
:10A4500009080706050403020100000000000000CF
:10A4600000000001020304050708090A0B0B0A0992
:10A4700008070605040302010000000000000000B8
:10A48000000001020304050608090A0B0B0A09086B
:10A4900007060504030201000000000000000000A0
:10A4A0000001020304050607090A0B0B0A09080745
:10A4B0000605040302010000000000000000000087
:10A4C00001020304050607080A0B0B0A0908070620
:10A4D000050403020100000000000000000000016C
:10A4E00002030405060708090B0B0A0908070605FD
:10A4F000040302010000000000000000000001024F
:10A50000030405060708090A0B0A090807060504DB
:10A51000030201000000000000000000000102032F
:10A520000405060708090A0B20000A00200008009D
:10A53000E8A30208DCA3020800000000000000FFFE
:10A54000000000FF000000FF000000FF319898FFAE
:10A55000289494FC379B9BCB41A0A07B45A2A245AD
:10A5600047A3A33C50A7A70851A8A80051A8A8003A
:10A5700051A8A80051A8A80051A8A80051A8A80057
:10A5800051A8A80051A8A80051A8A80051A8A80047
:10A5900051A8A80051A8A80051A8A80051A8A80037
:10A5A00051A8A8004BA5A52C45A2A24444A1A16195
:10A5B0003B9D9DB2319898F3319898FF000000FFC1
:10A5C000000000FF000000FF000000FF000000FF8F
:10A5D000000000FF000000FF44A1A1FF3A9C9CD7AF
:10A5E00045A2A26E5DAEAE1A7EBEBE0198CBCB0078
:10A5F00099CCCC009ECFCF009FCFCF009FCFCF0074
:10A600009FCFCF009FCFCF009FCFCF009FCFCF0056
:10A610009FCFCF009FCFCF009FCFCF009FCFCF0046
:10A620009FCFCF009FCFCF009FCFCF009FCFCF0036
:10A630009FCFCF009ACDCD0098CBCB0080BFBF007D
:10A6400060B0B00C4BA5A54D3F9F9FB7299494FCDB
:10A65000319898FF000000FF000000FF000000FF9D
:10A660002C9696FF1F8F8FFC389C9CB655AAAA305B
:10A670008BC5C500CCE5E500E7F3F300EEF6F60088
:10A68000EFF6F600EFF7F700EFF7F700EFF7F70058
:10A69000EFF7F700EFF7F700EFF7F700EFF7F70046
:10A6A000EFF7F700EFF7F700EFF7F700EFF7F70036
:10A6B000EFF7F700EFF7F700EFF7F700EFF7F70026
:10A6C000EFF7F700EFF7F700EEF6F600E7F3F30029
:10A6D000CDE6E6008FC7C7005BADAD1142A1A18BEF
:10A6E0002B9595F0309898FF000000FF000000FFC8
:10A6F000409F9FFF399C9CB55CADAD11B4D9D9008A
:10A70000E7F3F300E6F2F200DEEEEE00DBEDED0043
:10A71000DCEDED00DDEEEE00DDEEEE00DDEEEE0058
:10A72000DDEEEE00DDEEEE00DDEEEE00DDEEEE0045
:10A73000DDEEEE00DDEEEE00DDEEEE00DDEEEE0035
:10A74000DDEEEE00DDEEEE00DDEEEE00DDEEEE0025
:10A75000DDEEEE00DCEDED00DBEDED00DFEEEE001A
:10A76000E7F2F200E7F3F300B7DBDB0065B2B2011A
:10A7700040A0A0740D8686FD329898FF3E9E9EFFF5
:10A78000399C9CD855AAAA31B4D9D900EBF5F5006B
:10A79000DAECEC00D1E8E800CDE5E500CEE6E60035
:10A7A000CFE6E600D1E7E700D1E7E700D1E7E70031
:10A7B000D1E7E700D1E7E700D1E7E700D1E7E7001D
:10A7C000D1E7E700D1E7E700D1E7E700D1E7E7000D
:10A7D000D1E7E700D1E7E700D1E7E700D1E7E700FD
:10A7E000D1E7E700CFE7E700CEE6E600CEE6E600F9
:10A7F000D2E8E800DBEDED00EBF5F500B8DCDC00BD
:10A800005EAEAE1043A1A1A462B0B0FF006C6CFDBF
:10A8100045A2A26E8BC5C500E1F0F000D2E8E800C9
:10A82000C6E2E200C2E0E000C1DFDF00C3E1E10018
:10A83000C5E1E100C7E2E200C7E3E300C7E3E300EC
:10A84000C7E3E300C7E3E300C7E3E300C7E3E300D4
:10A85000C7E3E300C7E3E300C7E3E300C7E3E300C4
:10A86000C7E3E300C7E3E300C7E3E300C7E3E300B4
:10A87000C7E3E300C5E2E200C4E1E100C2E0E000BA
:10A88000C4E1E100C8E3E300D4E9E900E3F1F10049
:10A8900092C8C80050A7A731329898E2369B9BCA4D
:10A8A0005EAEAE1CC7E3E300CFE7E700B7DADA003D
:10A8B000B2D8D800B4D9D900B8DBDB00BDDDDD00EB
:10A8C000BEDEDE00C1E0E000C1E0E000C1E0E0008B
:10A8D000C1E0E000C1E0E000C1E0E000C1E0E00074
:10A8E000C1E0E000C1E0E000C1E0E000C1E0E00064
:10A8F000C1E0E000C1E0E000C1E0E000C1E0E00054
:10A90000C1E0E000BFDFDF00BDDEDE00BADCDC005E
:10A91000B6DADA00B5D9D900BADCDC00D1E8E80053
:10A92000CAE4E40068B3B30442A1A18341A0A07CBF
:10A930007EBEBE00C5E1E100A4D1D100A5D1D10009
:10A94000AFD7D700B9DCDC00C0DFDF00C5E2E20032
:10A95000C7E3E300CAE4E400CAE4E400CAE4E400B4
:10A96000CAE4E400CAE4E400CAE4E400CAE4E4009F
:10A97000CAE4E400CAE4E400CAE4E400CAE4E4008F
:10A98000CAE4E400CAE4E400CAE4E400CAE4E4007F
:10A99000CAE4E400C8E3E300C6E2E200C2E0E0008B
:10A9A000BBDDDD00B3D8D800A9D3D300A9D3D30031
:10A9B000C8E3E30087C3C3004CA5A52C47A3A34469
:10A9C00086C2C2009CCDCD009BCCCC00ABD4D400C1
:10A9D000B7DBDB00C1E0E000C9E4E400CFE7E7005B
:10A9E000D2E8E800D4E9E900D4EAEA00D4EAEA00CF
:10A9F000D4EAEA00D4EAEA00D4EAEA00D4EAEA00B7
:10AA0000D4EAEA00D4EAEA00D4EAEA00D4EAEA00A6
:10AA1000D4EAEA00D4EAEA00D4EAEA00D4EAEA0096
:10AA2000D4EAEA00D2E9E900D0E7E700CBE5E500A7
:10AA3000C4E1E100BBDDDD00AFD7D700A0CFCF0080
:10AA4000A2D0D00090C7C70054A9A9004BA5A53C2F
:10AA500077BBBB008EC6C600A1D0D000B1D7D7004F
:10AA6000BEDEDE00C8E3E300D1E8E800D8EBEB008F
:10AA7000DBEDED00DDEEEE00DDEEEE00DDEEEE00F6
:10AA8000DDEEEE00DDEEEE00DDEEEE00DDEEEE00E2
:10AA9000DDEEEE00DDEEEE00DDEEEE00DDEEEE00D2
:10AAA000DDEEEE00DDEEEE00DDEEEE00DDEEEE00C2
:10AAB000DDEEEE00DCEDED00D9ECEC00D4E9E900D0
:10AAC000CBE5E500C2E0E000B5DADA00A7D2D200BB
:10AAD00095CACA0082C0C00056AAAA0055AAAA08F0
:10AAE00082C0C00091C8C800A3D0D000B4D9D9009A
:10AAF000C2E0E000CEE6E600D8ECEC00DFEFEF00CD
:10AB0000E4F1F100E6F3F300E6F3F300E6F3F3001B
:10AB1000E6F3F300E6F3F300E6F3F300E6F3F30005
:10AB2000E6F3F300E6F3F300E6F3F300E6F3F300F5
:10AB3000E6F3F300E6F3F300E6F3F300E6F3F300E5
:10AB4000E6F3F300E5F2F200E1F0F000DBEDED00FA
:10AB5000D2E8E800C6E3E300B9DCDC00A8D3D30008
:10AB600095CACA0085C2C20056AAAA0056AAAA005F
:10AB70007CBDBD0095CACA00A7D3D300B7DBDB00FC
:10AB8000C4E1E100D1E8E800DDEEEE00E6F2F2001B
:10AB9000ECF5F500EFF7F700EFF7F700EFF7F70048
:10ABA000EFF7F700EFF7F700EFF7F700EFF7F70031
:10ABB000EFF7F700EFF7F700EFF7F700EFF7F70021
:10ABC000EFF7F700EFF7F700EFF7F700EFF7F70011
:10ABD000EFF7F700EDF6F600E8F4F400E0EFEF0031
:10ABE000D5EAEA00C7E3E300B9DCDC00A8D3D30070
:10ABF00095CACA007CBDBD0055AAAA004FA7A72CC4
:10AC000077BBBB0094C9C900A8D3D300B9DCDC0072
:10AC1000C7E3E300D4EAEA00E0EFEF00EAF5F5006D
:10AC2000F3F8F800F7FBFB00F7FBFB00F7FBFB007A
:10AC3000F7FBFB00F7FBFB00F7FBFB00F7FBFB0060
:10AC4000F7FBFB00F7FBFB00F7FBFB00F7FBFB0050
:10AC5000F7FBFB00F7FBFB00F7FBFB00F7FBFB0040
:10AC6000F7FBFB00F4F9F900ECF6F600E1F0F00078
:10AC7000D5EAEA00C7E3E300B9DCDC00A8D3D300DF
:10AC800095CACA007CBDBD0055AAAA0049A4A44427
:10AC900070B8B8008FC6C600A4D1D100B7DBDB0006
:10ACA000C7E3E300D5EAEA00E1F0F000EDF6F600D4
:10ACB000F7FBFB00FBFDFD00FBFDFD00FBFDFD00C8
:10ACC000FBFDFD00FBFDFD00FBFDFD00FBFDFD00B0
:10ACD000FBFDFD00FBFDFD00FBFDFD00FBFDFD00A0
:10ACE000FBFDFD00FBFDFD00FBFDFD00FBFDFD0090
:10ACF000FBFDFD00F7FBFB00EDF6F600E1F0F000D8
:10AD0000D5EAEA00C7E3E300B9DCDC00A8D3D3004E
:10AD100095CACA007CBDBD0055AAAA0044A1A17C69
:10AD200068B3B3008AC4C400A1CFCF00B3D9D9009F
:10AD3000C3E1E100D2E8E800E0EFEF00ECF5F50058
:10AD4000F7FBFB00FBFDFD00FBFDFD00FBFDFD0037
:10AD5000FBFDFD00FBFDFD00FBFDFD00FBFDFD001F
:10AD6000FBFDFD00FBFDFD00FBFDFD00FBFDFD000F
:10AD7000FBFDFD00FBFDFD00FBFDFD00FBFDFD00FF
:10AD8000FBFDFD00F7FBFB00EDF6F600E1F0F00047
:10AD9000D5EAEA00C7E3E300B8DBDB00A7D2D200C4
:10ADA00092C8C80075BABA004EA7A72C389B9BCA98
:10ADB0005AADAD1C80BFBF0099CCCC00ADD5D5003D
:10ADC000BEDEDE00CCE6E600DAEDED00E6F3F300F1
:10ADD000F1F8F800F7FBFB00F7FBFB00F7FBFB00CB
:10ADE000F7FBFB00F7FBFB00F7FBFB00F7FBFB00AF
:10ADF000F7FBFB00F7FBFB00F7FBFB00F7FBFB009F
:10AE0000F7FBFB00F7FBFB00F7FBFB00F7FBFB008E
:10AE1000F7FBFB00F3F9F900EAF4F400DEEFEF00D2
:10AE2000D1E8E800C3E1E100B3D9D900A0CFCF0059
:10AE300089C4C40068B3B30443A1A183006969FD58
:10AE400049A4A46E6DB6B6008EC6C600A2D0D000CE
:10AE5000B4D9D900C3E1E100D0E8E800DBEDED00B2
:10AE6000E2F1F100E7F3F300E8F3F300E8F3F300B5
:10AE7000E8F3F300E8F3F300E8F3F300E8F3F3009A
:10AE8000E8F3F300E8F3F300E8F3F300E8F3F3008A
:10AE9000E8F3F300E8F3F300E8F3F300E8F3F3007A
:10AEA000E8F3F300E4F2F200DEEFEF00D4EAEA00A8
:10AEB000C8E3E300B9DCDC00A9D3D30095CACA001B
:10AEC0007ABCBC0054A9A931319898E23E9E9EFFFD
:10AED000399C9CD856AAAA317ABCBC0093C9C90037
:10AEE000A6D2D200B5DADA00C2E0E000CBE5E50098
:10AEF000D0E8E800D5EAEA00D6EAEA00D6EAEA00B5
:10AF0000D6EAEA00D6EAEA00D6EAEA00D6EAEA0099
:10AF1000D6EAEA00D6EAEA00D6EAEA00D6EAEA0089
:10AF2000D6EAEA00D6EAEA00D6EAEA00D6EAEA0079
:10AF3000D6EAEA00D2E8E800CDE6E600C5E2E200A3
:10AF4000BADCDC00ABD5D50099CCCC0084C1C10003
:10AF500062B0B01043A1A1A461B0B0FF000000FF37
:10AF600040A0A0FF3B9D9DB556ABAB117BBDBD0086
:10AF700092C8C800A2D0D000AED6D600B7DBDB00A6
:10AF8000BBDDDD00C1E0E000C2E0E000C1E0E000C8
:10AF9000C1E0E000C1E0E000C1E0E000C1E0E000AD
:10AFA000C1E0E000C1E0E000C1E0E000C1E0E0009D
:10AFB000C1E0E000C1E0E000C1E0E000C1E0E0008D
:10AFC000C1E0E000BDDEDE00B9DCDC00B2D8D800B4
:10AFD000A7D2D20098CBCB0084C1C10063B1B1012C
:10AFE00042A0A074078383FD329898FF000000FF01
:10AFF0002C9696FF1B8D8DFC3B9D9DB657ABAB30C1
:10B0000071B8B80087C3C30095CACA009FCFCF00EC
:10B01000A1D0D000A8D3D300AAD4D400A9D4D400FE
:10B02000A9D4D400A9D4D400A9D4D400A9D4D400DC
:10B03000A9D4D400A9D4D400A9D4D400A9D4D400CC
:10B04000A9D4D400A9D4D400A9D4D400A9D4D400BC
:10B05000A9D4D400A4D1D100A0CFCF0099CCCC00EA
:10B060008DC6C60079BCBC0060AFAF1145A2A28BF3
:10B070002A9494F0309797FF000000FF000000FF33
:10B08000000000FF000000FF45A2A2FF3A9C9CD7F1
:10B090004AA4A46E5DAEAE1A6EB6B6017ABDBD000E
:10B0A0007DBEBE0089C4C4008BC5C5008BC5C5006C
:10B0B0008BC5C5008BC5C5008BC5C5008BC5C5003C
:10B0C0008BC5C5008BC5C5008BC5C5008BC5C5002C
:10B0D0008BC5C5008BC5C5008BC5C5008BC5C5001C
:10B0E0008BC5C50081C0C0007BBDBD0073B9B90070
:10B0F00063B1B10C50A7A74D3F9F9FB7279393FC17
:10B10000309797FF000000FF000000FF000000FFE5
:10B11000000000FF000000FF000000FF2F9797FFD6
:10B12000239191FC389C9CCB44A1A17B4BA5A545C8
:10B130004EA6A63C59ACAC085AACAC005AACAC001C
:10B140005AACAC005AACAC005AACAC005AACAC0037
:10B150005AACAC005AACAC005AACAC005AACAC0027
:10B160005AACAC005AACAC005AACAC005AACAC0017
:10B170005AACAC0052A8A82C4BA5A54448A3A36187
:10B180003C9D9DB22F9797F32E9797FF000000FFED
:10B19000000000FF000000FF000000FF2400160078
:10B1A000900020003CA5020800000000A4C0020896
:10B1B000000000FF000000FF000000FF000000FF93
:10B1C000339999FF349999FA329898C12F97976ECD
:10B1D0002E9797382F97972A2F9797062F97970094
:10B1E0002F9797002F9797002F9797002F979700EB
:10B1F0002F9797002F9797002F9797002F979700DB
:10B200002F9797002F9797002F9797002F979700CA
:10B210002F9797002F9797002F9797232E97973266
:10B220003097975D329999AA339999F3FFFFFFFF01
:10B23000FFFFFFFFFFFFFFFFFFFFFFFFFFFFFFFF1E
:10B24000000000FF000000FF339999FF359A9AFE35
:10B25000339999CE2F979766369A9A1652A8A800D6
:10B260006BB5B5006BB5B5006BB5B5006CB5B50089
:10B270006CB5B5006CB5B5006CB5B5006CB5B50076
:10B280006CB5B5006CB5B5006CB5B5006CB5B50066
:10B290006CB5B5006CB5B5006CB5B5006CB5B50056
:10B2A0006CB5B5006CB5B5006BB5B5006BB5B50048
:10B2B00052A8A800369A9A0C3097974D339999B6B0
:10B2C000339999FAFFFFFFFFFFFFFFFFFFFFFFFF2B
:10B2D000000000FF339999FF349A9AFC3298989AAB
:10B2E0003299991C59ACAC00A7D3D300D6EAEA0036
:10B2F000DFEFEF00DFEFEF00DFEFEF00DFEFEF005A
:10B30000DFEFEF00DFEFEF00DFEFEF00DFEFEF0049
:10B31000DFEFEF00DFEFEF00DFEFEF00DFEFEF0039
:10B32000DFEFEF00DFEFEF00DFEFEF00DFEFEF0029
:10B33000DFEFEF00DFEFEF00DFEFEF00DFEFEF0019
:10B34000D6EAEA00A7D3D30059ACAC003299990EE3
:10B3500032999974339999F0FFFFFFFFFFFFFFFFC8
:10B36000339999FF2C9595FF3298989A359A9A0EB1
:10B3700080BFBF00D3E9E900D5EAEA00C3E1E100FC
:10B38000B9DCDC00B9DBDB00B9DBDB00B9DBDB00FF
:10B39000B9DBDB00B9DBDB00B9DBDB00B9DBDB00F1
:10B3A000B9DBDB00B9DBDB00B9DBDB00B9DBDB00E1
:10B3B000B9DBDB00B9DBDB00B9DBDB00B9DBDB00D1
:10B3C000B9DBDB00B9DBDB00B9DBDB00B9DCDC00BF
:10B3D000C3E1E100D5EAEA00D3E9E90080BFBF009C
:10B3E000359A9A033299996D339999F6FFFFFFFFC9
:10B3F000339999FF339999CD3299991E7FBFBF0038
:10B40000D5EAEA00BEDEDE00A5D2D20095CACA00A7
:10B410008EC6C6008EC6C6008EC6C6008EC6C600C4
:10B420008EC6C6008EC6C6008EC6C6008EC6C600B4
:10B430008EC6C6008EC6C6008EC6C6008EC6C600A4
:10B440008EC6C6008EC6C6008EC6C6008EC6C60094
:10B450008EC6C6008EC6C6008EC6C6008EC6C60084
:10B4600095CACA00A5D2D200BEDEDE00D5EAEA0047
:10B4700080BFBF0032999908339999A2FFFFFFFF5F
:10B48000349999FB2F97976759ACAC00CBE5E50051
:10B49000AED6D60089C3C30070B7B70060AFAF00A7
:10B4A0005BADAD005BADAD005BADAD005BADAD00C8
:10B4B0005BADAD005BADAD005BADAD005BADAD00B8
:10B4C0005BADAD005BADAD005BADAD005BADAD00A8
:10B4D0005BADAD005BADAD005BADAD005BADAD0098
:10B4E0005BADAD005BADAD005BADAD005BADAD0088
:10B4F00060AFAF0070B7B70089C3C300AED6D60047
:10B50000CBE5E50059ACAC0030989838339999E711
:10B51000329898C1369B9B17A0CFCF00A8D3D300F9
:10B5200065B2B20046A2A200399C9C00349A9A00EF
:10B530003399990033999900339999003399990077
:10B540003399990033999900339999003399990067
:10B550003399990033999900339999003399990057
:10B560003399990033999900339999003399990047
:10B570003399990033999900339999003399990037
:10B58000349A9A00399C9C0046A2A20065B2B2008F
:10B59000A8D3D300A0D0D000369A9A053299998CBE
:10B5A0002F97976E52A9A900A1D0D0004EA6A60051
:10B5B00033999900329898003399990033999900FA
:10B5C00033999900339999003399990033999900E7
:10B5D00033999900339999003399990033999900D7
:10B5E00033999900339999003399990033999900C7
:10B5F00033999900339999003399990033999900B7
:10B6000033999900339999003399990033999900A6
:10B610003399990033999900329898003399990099
:10B620004EA6A600A2D0D00052A9A9003098983208
:10B630003098983855AAAA0056ABAB0031989800BC
:10B640003399990033999900339999003399990066
:10B650003399990033999900339999003399990056
:10B660003399990033999900339999003399990046
:10B670003399990033999900339999003399990036
:10B680003399990033999900339999003399990026
:10B690003399990033999900339999003399990016
:10B6A0003399990033999900339999003399990006
:10B6B0003198980056ABAB0055AAAA00319898066D
:10B6C0003399992B399C9C00349A9A0033999900AC
:10B6D00033999900339999003399990033999900D6
:10B6E00033999900339999003399990033999900C6
:10B6F00033999900339999003399990033999900B6
:10B7000033999900339999003399990033999900A5
:10B710003399990033999900339999003399990095
:10B720003399990033999900339999003399990085
:10B730003399990033999900339999003399990075
:10B7400033999900349A9A003A9C9C003399990055
:10B75000339999063A9D9D00349A9A00339999003D
:10B760003399990033999900339999003399990045
:10B770003399990033999900339999003399990035
:10B780003399990033999900339999003399990025
:10B790003399990033999900339999003399990015
:10B7A0003399990033999900339999003399990005
:10B7B00033999900339999003399990033999900F5
:10B7C00033999900339999003399990033999900E5
:10B7D00033999900349A9A003A9D9D0033999900C3
:10B7E00033999900339999003399990033999900C5
:10B7F00033999900339999003399990033999900B5
:10B8000033999900339999003399990033999900A4
:10B810003399990033999900339999003399990094
:10B820003399990033999900339999003399990084
:10B830003399990033999900339999003399990074
:10B840003399990033999900339999003399990064
:10B850003399990033999900339999003399990054
:10B860003399990033999900339999003399990044
:10B870003399992333999900339999003399990011
:10B880003399990033999900339999003399990024
:10B890003399990033999900339999003399990014
:10B8A0003399990033999900339999003399990004
:10B8B00033999900339999003399990033999900F4
:10B8C00033999900339999003399990033999900E4
:10B8D00033999900339999003399990033999900D4
:10B8E00033999900339999003399990033999900C4
:10B8F00033999900339999003399990033999900B4
:10B90000339999383399990033999900339999006B
:10B910003399990033999900339999003399990093
:10B920003399990033999900339999003399990083
:10B930003399990033999900339999003399990073
:10B940003399990033999900339999003399990063
:10B950003399990033999900339999003399990053
:10B960003399990033999900339999003399990043
:10B970003399990033999900339999003399990033
:10B98000339999003399990033999900339999061D
:10B990003399996E339999003399990033999900A5
:10B9A0003399990033999900339999003399990003
:10B9B00033999900339999003399990033999900F3
:10B9C00033999900339999003399990033999900E3
:10B9D00033999900339999003399990033999900D3
:10B9E00033999900339999003399990033999900C3
:10B9F00033999900339999003399990033999900B3
:10BA000033999900339999003399990033999900A2
:10BA10003399990033999900339999003399993260
:10BA2000339999C1339999173399990033999900AA
:10BA30003399990033999900339999003399990072
:10BA40003399990033999900339999003399990062
:10BA50003399990033999900339999003399990052
:10BA60003399990033999900339999003399990042
:10BA70003399990033999900339999003399990032
:10BA80003399990033999900339999003399990022
:10BA90003399990033999900339999003399990012
:10BAA0003399990033999900339999053399998C71
:10BAB000339999FB33999967339999003399990090
:10BAC00033999900339999003399990033999900E2
:10BAD00033999900339999003399990033999900D2
:10BAE00033999900339999003399990033999900C2
:10BAF00033999900339999003399990033999900B2
:10BB000033999900339999003399990033999900A1
:10BB10003399990033999900339999003399990091
:10BB20003399990033999900339999003399990081
:10BB3000339999003399990033999938339999E752
:10BB4000FFFFFFFF339999CD3399991E33999900DF
:10BB50003399990033999900339999003399990051
:10BB60003399990033999900339999003399990041
:10BB70003399990033999900339999003399990031
:10BB80003399990033999900339999003399990021
:10BB90003399990033999900339999003399990011
:10BBA0003399990033999900339999003399990001
:10BBB00033999900339999003399990033999900F1
:10BBC0003399990033999908339999A2FFFFFFFFA0
:10BBD000FFFFFFFFFFFFFFFF3399999A3399990EFB
:10BBE00033999900339999003399990033999900C1
:10BBF00033999900339999003399990033999900B1
:10BC000033999900339999003399990033999900A0
:10BC10003399990033999900339999003399990090
:10BC20003399990033999900339999003399990080
:10BC30003399990033999900339999003399990070
:10BC40003399990033999900339999003399990060
:10BC5000339999033399996D339999F6FFFFFFFF53
:10BC6000FFFFFFFFFFFFFFFF339999FC3399999A7C
:10BC70003399991C33999900339999003399990014
:10BC80003399990033999900339999003399990020
:10BC90003399990033999900339999003399990010
:10BCA0003399990033999900339999003399990000
:10BCB00033999900339999003399990033999900F0
:10BCC00033999900339999003399990033999900E0
:10BCD0003399990033999900339999003399990EC2
:10BCE00033999974339999F0FFFFFFFFFFFFFFFF2E
:10BCF000FFFFFFFFFFFFFFFFFFFFFFFF339999FEED
:10BD0000339999CE33999966339999163399990055
:10BD1000339999003399990033999900339999008F
:10BD2000339999003399990033999900339999007F
:10BD3000339999003399990033999900339999006F
:10BD4000339999003399990033999900339999005F
:10BD5000339999003399990033999900339999004F
:10BD6000339999003399990C3399994D339999B630
:10BD7000339999FAFFFFFFFFFFFFFFFFFFFFFFFF70
:10BD8000FFFFFFFFFFFFFFFFFFFFFFFFFFFFFFFFC3
:10BD9000FFFFFFFF339999FA339999C13399996E4F
:10BDA000339999383399992A339999063399990097
:10BDB00033999900339999003399990033999900EF
:10BDC00033999900339999003399990033999900DF
:10BDD00033999900339999003399990033999900CF
:10BDE000339999003399990033999923339999326A
:10BDF0003399995D339999AA339999F3FFFFFFFF1E
:10BE0000FFFFFFFFFFFFFFFFFFFFFFFFFFFFFFFF42
:10BE10002400160090002000B0B1020800000000CD
:10BE2000A4C002080002D347080F00032FB3420A40
:10BE300000000222070A0000020B0F0A0000020F96
:10BE40000F0A0000020F0F0A0000020F0F0A000085
:10BE5000020F0F0A0000020F0F0A0000020F0A0A69
:10BE60000000020D270A00000315B02B080F000286
:10BE70001F8700000C000C000C00000024BE02080C
:10BE800000000000C0C0020803FF00039F7FFE08FF
:10BE9000FF00059700007DFD07FF0006AE0F0000C4
:10BEA00058FC07FF0006B912000058FC07FF000607
:10BEB000B912000058FC07FF0005C6280000520711
:10BEC000FF0005E64100003B06FF0006D626000005
:10BED00040F505FF0006D626000040F505FF0006E8
:10BEE000C625000040F506FF00056D000058F70864
:10BEF000FF00037A54F906FF000000000C000C005C
:10BF00000C00000088BE020800000000C0C002084B
:10BF100003FF000254D80AFF00030822D309FF00E0
:10BF2000040F000ABF08FF00060F00000999FD0674
:10BF3000FF010F040000027DFD05FF010F05000158
:10BF40005205FF010F0500013B05FF010F04000032
:10BF50000258F705FF00060F00000567F906FF000D
:10BF6000040F0002A608FF00030B0EB609FF000233
:10BF700034B807FF000000000C000C000C000000AB
:10BF800010BF020800000000C0C00208506C6561CC
:10BF900073652075736520746865207374796C759A
:10BFA0007320636C69636B207468652063726F73C0
:10BFB00073206F6E207468652073637265656E2EE2
:10BFC0005468652063726F73732077696C6C2061AD
:10BFD0006C77617973206D6F766520756E74696C0E
:10BFE000207468652073637265656E2061646A758C
:10BFF00073746D656E7420697320636F6D706C650A
:10C000007465642E00000000436F6E74726F6C00E4
:10C01000656D57696E2044656D6F000048616C74F2
:10C02000000000004E657874000000003D03010828
:10C030005DA700088D45010801000000710201089C
:10C0400019480108010000000A0000006400000017
:10C05000E803000010270000A086010040420F0006
:10C060008096980000E1F50500CA9A3B30313233E2
:10C07000343536373839414243444546B5A1000886
:10C0800009A2000853454747455220656D57696E20
:10C0900020560000E12901088DA7000800000000DB
:10C0A00000000000B929010859A70008C1280108AB
:10C0B0000000000000000000000000006D310008DA
:10C0C000092A010800000000000000000000000034
:10C0D000B12E0008D53100082132000829320008AD
:10C0E000000000000000000008080101F4C0020880
:10C0F00007050700A000FF0000C102082CC70208C6
:10C100000303010000C7020802020100F8C602088A
:10C1100006060100F0C6020806060100E8C602088D
:10C1200007070100E0C6020806060100D8C602089B
:10C1300002020100D0C6020806060100C8C60208B5
:10C1400004040100C0C6020808080100B8C60208BD
:10C1500004040100B0C6020806060100A8C60208D1
:10C1600006060100A0C602080404010098C60208E1
:10C170000808010090C602080606010088C60208E9
:10C180000404010080C602080606010078C6020801
:10C190000404010070C602080404010068C6020815
:10C1A0000404010060C602080606010058C6020821
:10C1B0000606010050C602080303010048C6020833
:10C1C0000404010040C602080404010038C6020845
:10C1D0000505010030C602080606010028C602084F
:10C1E0000808010020C602080808010018C6020855
:10C1F0000808010010C602080606010008C6020869
:10C200000808010000C6020808080100F8C5020875
:10C2100008080100F0C5020808080100E8C5020886
:10C2200008080100E0C5020808080100D8C5020896
:10C2300008080100D0C5020807070100C8C50208A8
:10C2400006060100C0C5020806060100B8C50208BE
:10C2500006060100B0C5020806060100A8C50208CE
:10C2600002020100A0C502080202010098C50208EE
:10C270000202010090C502080202010088C50208FE
:10C280000808010080C502080707010078C50208F8
:10C290000808010070C502080808010068C5020806
:10C2A0000808010060C502080808010058C5020816
:10C2B0000808010050C502080606010048C502082A
:10C2C0000808010040C502080707010038C5020838
:10C2D0000707010030C502080707010028C502084A
:10C2E0000707010020C502080808010018C5020858
:10C2F0000707010010C502080707010008C502086A
:10C300000606010000C5020806060100F8C402087E
:10C3100006060100F0C4020806060100E8C402088F
:10C3200006060100E0C4020806060100D8C402089F
:10C330000A0A0200C8C4020806060100C0C40208B6
:10C3400006060100B8C4020806060100B0C40208CF
:10C3500006060100A8C4020806060100A0C40208DF
:10C360000202010098C402080202010090C40208FF
:10C370000202010088C402080202010080C402080F
:10C380000606010078C402080606010070C402080F
:10C390000606010068C402080606010060C402081F
:10C3A0000606010058C402080606010050C402082F
:10C3B0000606010048C402080606010040C402083F
:10C3C0000606010038C402080606010030C402084F
:10C3D0000606010028C402080606010020C402085F
:10C3E0000606010018C402080606010010C402086F
:10C3F0000606010008C402080606010000C402087F
:10C4000000285088502020400080F08888F080006C
:10C4100010208888502020400050008888986800AC
:10C42000205000888898680010200088889868004C
:10C43000402000888898680000006898A8C8B0006C
:10C44000002000F8002000005000708888887000EC
:10C450002850708888887000205070888888700004
:10C46000102070888888700040207088888870004C
:10C470002850F088888888000038507888887000B4
:10C48000A00040404040400040A0004040404000EC
:10C49000408000808080800080400080808080001C
:10C4A00050007088F880700020507088F88070000C
:10C4B00010207088F880700040207088F88070002C
:10C4C00000007088808870100000770008807F80EE
:10C4D00088008880770000007050700878887800A5
:10C4E00050007008788878002850700878887800A4
:10C4F00020507008788878001020700878887800BC
:10C5000020107008788878000070889098A49800AF
:10C510000080F88484F8800010A2442810101000D5
:10C520004800848484847800205084848484780043
:10C53000102084848484780020108484848478008B
:10C540003A448A92A244B8000088502050880000E3
:10C550004800788484847800285078848484780023
:10C56000205078848484780008107884848478004B
:10C5700040207884848478005084C4A4948C8400FF
:10C58000784442F24244780000A00040404040001D
:10C590000040A000404040000040800080808000BB
:10C5A000008040008080800050F88080F08080F81B
:10C5B00070F88080F08080F810F88080F08080F83B
:10C5C00040F88080F08080F80078848080847C0847
:10C5D000001E28484E78888E00382838447C828295
:10C5E00000441028447C828200324C38447C828291
:10C5F00000102838447C828200081028447C828203
:10C6000000201028447C8282002000202040887076
:10C61000C244C854EC141E04848890205C04081C96
:10C62000848890244C141E0400A0502850A00000C0
:10C63000708888887000000040C04040E000000022
:10C64000000000000000206000000030300000000A
:10C6500078989878181818000000888888C8B080E2
:10C660001820000000000000E0106010E000000052
:10C6700060902040F000000000207020007000005A
:10C680002050200000000000F80000000000000022
:10C69000F888A88898A8F800000000700000000042
:10C6A000000000F808080000002850A050280000F2
:10C6B0007008788870000000F888A8B8A888F8008A
:10C6C00088000000000000003048205020906000EA
:10C6D00020202000202020008850F820F820200072
:10C6E0000000887050708800304040E04048B00042
:10C6F000002070A0A0A870200040004040404040B2
:10C700000000000000000000B12E0008D531000834
:10C71000213200082932000800000000000000005B
:10C72000080801012CC702080705070020007E0049
:10C7300038C70208000000000303010030CA0208E5
:10C740000202010038CA02080404010040CA0208BB
:10C750000606010048CA02080606010050CA02087F
:10C760000606010058CA02080606010060CA02084F
:10C770000303010068CA02080404010070CA020829
:10C780000404010078CA02080606010080CA0208F3
:10C790000606010088CA02080303010090CA0208C5
:10C7A0000606010098CA020803030100A0CA020895
:10C7B00006060100A8CA020806060100B0CA02085F
:10C7C00006060100B8CA020806060100C0CA02082F
:10C7D00006060100C8CA020806060100D0CA0208FF
:10C7E00006060100D8CA020806060100E0CA0208CF
:10C7F00006060100E8CA020806060100F0CA02089F
:10C8000006060100F8CA02080303010000CB020873
:10C810000303010008CB02080505010010CB020844
:10C820000606010018CB02080505010020CB02080E
:10C830000606010028CB02080606010030CB0208DC
:10C840000606010038CB02080606010040CB0208AC
:10C850000606010048CB02080606010050CB02087C
:10C860000606010058CB02080606010060CB02084C
:10C870000606010068CB02080606010070CB02081C
:10C880000404010078CB02080606010080CB0208F0
:10C890000606010088CB02080606010090CB0208BC
:10C8A0000606010098CB020806060100A0CB02088C
:10C8B00006060100A8CB020806060100B0CB02085C
:10C8C00006060100B8CB020806060100C0CB02082C
:10C8D00006060100C8CB020806060100D0CB0208FC
:10C8E00006060100D8CB020806060100E0CB0208CC
:10C8F00006060100E8CB020806060100F0CB02089C
:10C9000006060100F8CB02080606010000CC02086A
:10C910000404010008CC02080606010010CC02083D
:10C920000404010018CC02080606010020CC02080D
:10C930000606010028CC02080606010030CC0208D9
:10C940000606010038CC02080606010040CC0208A9
:10C950000505010048CC02080606010050CC02087B
:10C960000606010058CC02080505010060CC02084B
:10C970000606010068CC02080606010070CC020819
:10C980000202010078CC02080404010080CC0208F5
:10C990000505010088CC02080404010090CC0208BF
:10C9A0000606010098CC020805050100A0CC02088B
:10C9B00005050100A8CC020805050100B0CC02085D
:10C9C00005050100B8CC020804040100C0CC02082F
:10C9D00005050100C8CC020804040100D0CC0208FF
:10C9E00005050100D8CC020806060100E0CC0208CB
:10C9F00006060100E8CC020806060100F0CC020899
:10CA000005050100F8CC02080606010000CD020869
:10CA10000404010008CD02080303010010CD020840
:10CA20000404010018CD02080606010020CD02080A
:10CA300000000000000000008080808080008000F6
:10CA4000A0A0A000000000005050F850F850500086
:10CA50002078A07028F02000C0C81020409818004E
:10CA60006090A040A8906800C040800000000000D6
:10CA70002040808080402000804020202040800096
:10CA8000005020F820500000002020F82020000056
:10CA90000000000000C04080000000F8000000001E
:10CAA0000000000000C0C00000081020408000000E
:10CAB000708898A8C888700020602020202070000E
:10CAC000708808304080F80070880830088870004E
:10CAD00010305090F8101000F880F00808887000AE
:10CAE000304080F088887000F808102040404000F6
:10CAF0007088887088887000708888780810600056
:10CB000000C0C000C0C000000000C0C000C0408025
:10CB100010204080402010000000F800F8000000C5
:10CB200080402010204080007088081020002000E5
:10CB300070880868A8A87000708888F888888800BD
:10CB4000F08888F08888F000708880808088700085
:10CB5000E09088888890E000F88080F08080F8007D
:10CB6000F88080F0808080007088808098887800CD
:10CB7000888888F888888800E04040404040E0008D
:10CB800038101010109060008890A0C0A09088000D
:10CB9000808080808080F80088D8A8A88888880055
:10CBA0008888C8A8988888007088888888887000D5
:10CBB000F08888F08080800070888888A89068005D
:10CBC000F08888F0A09088007088807008887000D5
:10CBD000F8202020202020008888888888887000FD
:10CBE0008888888888502000888888A8A8A850004D
:10CBF0008888502050888800888850202020200075
:10CC0000F80810204080F800E08080808080E000FC
:10CC10000080402010080000E02020202020E000BC
:10CC2000205088000000000000000000000000F814
:10CC30008040200000000000000070087888780024
:10CC40008080B0C88888F00000006090809060000C
:10CC5000080868988888780000007088F88070005C
:10CC6000205040E0404040000000788888780870FC
:10CC70008080B0C8888888008000808080808000A4
:10CC800020006020202020C0808090A0C0A09000C4
:10CC9000C04040404040E0000000D0A888888800A4
:10CCA0000000B0D0909090000000609090906000E4
:10CCB0000000E09090E08080000070909070101074
:10CCC0000000A0C080808000000070806010E00044
:10CCD0004040E04040404000000090909090700044
:10CCE000000088888850200000008888A8A850008C
:10CCF00000008850205088000000909090701060D4
:10CD00000000F8102040F800204040804040200003
:10CD10004040404040404000804040204040800033
:10CD20006890000000000000B12E0008D531000816
:10CD30002132000829320008000000000000000035
:10CD40000A0A01014CCD02080804060020007E00FA
:10CD500058CD02080000000002020100C0D4020801
:10CD600002020100B4D4020804040100A8D402089D
:10CD7000060601009CD402080404010090D40208B5
:10CD80000505010084D402080505010078D40208D5
:10CD9000020201006CD402080303010060D40208FF
:10CDA0000303010054D402080303010048D402081D
:10CDB000040401003CD402080202010030D402083D
:10CDC0000303010024D402080202010018D402085F
:10CDD000030301000CD402080505010000D4020879
:10CDE00003030100F4D3020805050100E8D302089B
:10CDF00005050100DCD3020805050100D0D30208B7
:10CE000004040100C4D3020805050100B8D30208D8
:10CE100004040100ACD3020805050100A0D30208F8
:10CE20000505010094D302080202010088D302081C
:10CE3000020201007CD302080404010070D302083E
:10CE40000404010064D302080404010058D302085A
:10CE5000050501004CD302080808010040D3020870
:10CE60000606010034D302080606010028D3020892
:10CE7000060601001CD302080606010010D30208B2
:10CE80000505010004D3020805050100F8D20208D7
:10CE900006060100ECD2020805050100E0D20208F6
:10CEA00002020100D4D2020804040100C8D2020820
:10CEB00005050100BCD2020804040100B0D202083A
:10CEC00008080100A4D202080606010098D2020850
:10CED000060601008CD202080505010080D2020876
:10CEE0000606010074D202080606010068D2020894
:10CEF000050501005CD202080505010050D20208B8
:10CF00000606010044D202080606010038D20208D3
:10CF1000080801002CD202080606010020D20208EF
:10CF20000606010014D202080505010008D2020815
:10CF300003030100FCD1020803030100F0D1020841
:10CF400003030100E4D1020804040100D8D102085F
:10CF500005050100CCD1020803030100C0D102087D
:10CF600004040100B4D1020805050100A8D102089B
:10CF7000040401009CD102080505010090D10208BB
:10CF80000404010084D102080303010078D10208DF
:10CF9000050501006CD102080404010060D10208FB
:10CFA0000202010054D102080202010048D1020825
:10CFB000040401003CD102080202010030D1020841
:10CFC0000606010024D102080404010018D1020859
:10CFD000050501000CD102080505010000D1020879
:10CFE00005050100F4D0020803030100E8D002089F
:10CFF00004040100DCD0020803030100D0D00208C1
:10D0000004040100C4D0020804040100B8D00208DE
:10D0100006060100ACD0020804040100A0D00208FA
:10D020000404010094D002080404010088D002081E
:10D03000030301007CD002080202010070D0020844
:10D040000303010064D002080404010058D0020860
:10D050000000000000000000000050A000000000E0
:10D060000000000000004040402040404000000020
:10D0700000004040404040404000000000002020B0
:10D0800020402020200000000000000070104070B0
:10D090000000000000000000505050202040000020
:10D0A00000000000502020500000000000000000A0
:10D0B0005454282800000000000000005050202098
:10D0C0000000000000000000505050300000000040
:10D0D0000000004060404020000000000000000010
:10D0E0003040106000000000000000006040404040
:10D0F0000000000000000000384848380808000020
:10D10000000000007048487040400000000000002F
:10D1100030484830000000000000000060505050CF
:10D12000000000000000000078545454000000008B
:10D1300000004040404040400000000000004040EF
:10D14000506050500000000000004000404040404F
:10D15000404000000000400040404040000000000F
:10D1600000004040605050500000000000000000EF
:10D1700038484838083000000000204060404040F7
:10D1800000000000000000002050403000000000BF
:10D19000000008083848483800000000000000007F
:10D1A00030404030000000000000404070484870AF
:10D1B000000000000000000060105030000000007F
:10D1C00000402000000000000000000000000000FF
:10D1D00000000000F80000000000205000000000E7
:10D1E00000000000000060202020202060000000DF
:10D1F000000040404020202000000000000060406F
:10D200004040404060000000000078081020407856
:10D210000000000000004428101010100000000062
:10D220000000442810102844000000000000414184
:10D230002A2A14140000000000004444282810107A
:10D240000000000000004444444444380000000052
:10D250000000F820202020200000000000003048BE
:10D260002010483000000000000078444478444416
:10D27000000000000000384444544834000000001E
:10D280000000704848704040000000000000384432
:10D2900044444438000000000000646454544C4C82
:10D2A000000000000000636355554949000000007C
:10D2B0000000404040404070000000000000485026
:10D2C0006060504800000000000010101010506016
:10D2D00000000000000040404040404000000000CE
:10D2E00000004848784848480000000000003844E2
:10D2F000404C443C0000000000007840704040403A
:10D3000000000000000078407040407800000000FD
:10D310000000784444444478000000000000384491
:10D3200040404438000000000000784478444478CD
:10D3300000000000000010102838444400000000E5
:10D3400000001C2249554E201C00000000003048FF
:10D3500010200020000000000000004020102040AD
:10D3600000000000000000007000700000000000DD
:10D37000000000102040201000000000000000000D
:10D38000400000404000000000000000400000405D
:10D39000000000000000304838084830000000005D
:10D3A0000000304830484830000000000000701095
:10D3B000202020200000000000003040704848304D
:10D3C00000000000000070406010106000000000CD
:10D3D000000010303050781000000000000030488D
:10D3E0001008483000000000000030480830407845
:10D3F000000000000000206020202020000000002D
:10D40000000030484848483000000000000020205C
:10D4100020404040000000000000000000000040EC
:10D42000000000000000000000600000000000009C
:10D43000000000000000004040000000000000006C
:10D44000207020000000000000006060000000006C
:10D45000000000000000402020202020204000008C
:10D46000000020404040404040200000000040407C
:10D47000000000000000000000002050205850284C
:10D480000000000000006068102058180000000034
:10D490000000207060203070200000000000287C18
:10D4A00028287C28000000000000505000000000E8
:10D4B000000000000000404040400040000000002C
:10D4C000000000000000000000000000B12E000875
:10D4D000D531000821320008293200080000000080
:10D4E000000000000D0D0101F0D402080B06080039
:10D4F00020007E00FCD402080000000003030100AD
:10D50000F8DD020804040100E8DD0208040401005B
:10D51000D8DD020808080100C8DD0208060601007F
:10D52000B8DD02080B0B02009CDD020807070100B2
:10D530008CDD0208020201007CDD02080404010007
:10D540006CDD0208040401005CDD0208060601002F
:10D550004CDD0208080801003CDD0208040401005B
:10D560002CDD0208040401001CDD02080404010093
:10D570000CDD020804040100FCDC020806060100C0
:10D58000ECDC020806060100DCDC020806060100ED
:10D59000CCDC020806060100BCDC0208060601001D
:10D5A000ACDC0208060601009CDC0208060601004D
:10D5B0008CDC0208060601007CDC0208060601007D
:10D5C0006CDC0208060601005CDC020804040100B1
:10D5D0004CDC0208040401003CDC020808080100DD
:10D5E0002CDC0208080801001CDC02080808010005
:10D5F0000CDC020805050100FCDB02080A0A020037
:10D60000E0DB020807070100D0DB02080606010084
:10D61000C0DB020807070100B0DB020807070100B2
:10D62000A0DB02080606010090DB020806060100E6
:10D6300080DB02080707010070DB02080707010012
:10D6400060DB02080404010050DB0208050501004C
:10D6500040DB02080606010030DB02080505010078
:10D6600020DB02080808010010DB020807070100A0
:10D6700000DB020808080100F0DA020806060100D3
:10D68000E0DA020808080100D0DA02080707010002
:10D69000C0DA020806060100B0DA02080606010038
:10D6A000A0DA02080707010090DA02080606010066
:10D6B00080DA02080A0A020064DA0208060601009B
:10D6C00054DA02080606010044DA020806060100E0
:10D6D00034DA02080404010024DA02080404010018
:10D6E00014DA02080404010004DA02080808010040
:10D6F000F4D9020806060100E4D902080606010072
:10D70000D4D9020806060100C4D9020806060100A1
:10D71000B4D9020805050100A4D9020806060100D3
:10D7200094D902080606010084D902080404010005
:10D7300074D902080606010064D902080606010031
:10D7400054D902080202010044D90208030301006F
:10D7500034D902080505010024D90208020201009B
:10D7600014D902080808010004D9020806060100BD
:10D77000F4D8020806060100E4D8020806060100F3
:10D78000D4D8020806060100C4D802080404010027
:10D79000B4D8020805050100A4D802080404010059
:10D7A00094D802080606010084D802080606010083
:10D7B00074D802080808010064D8020806060100AF
:10D7C00054D802080606010044D8020805050100E5
:10D7D00034D802080505010024D802080404010019
:10D7E00014D802080505010004D802080808010041
:10D7F000F4D7020800000000000062928C000000D4
:10D800000000000000008040404040304040404068
:10D810008000000000004040404040404040404008
:10D820004000000000001020202020C020202020E8
:10D83000100000000000000000F010204080F00008
:10D8400000000000000000000088885050202040A8
:10D850004000000000000000008850202050880098
:10D860000000000000000000009292AAAA444400B8
:10D8700000000000000000000088885050202000B8
:10D880000000000000000000008888888888780078
:10D89000000000000000008080E080808080600048
:10D8A0000000000000000000007080C03010E000A8
:10D8B000000000000000000000A0C0808080800008
:10D8C0000000000000000000007888888888780840
:10D8D000080000000000000000F088888888F080C0
:10D8E00080000000000000000070888888887000B8
:10D8F000000000000000000000F088888888880090
:10D90000000000000000000000EC92929292920051
:10D910000000000000008080808080808080800087
:10D9200000000000000080808090A0C0A0908800CF
:10D93000000000000000004000C040404040404067
:10D9400080000000000000800080808080808000D7
:10D95000000000000000808080F0888888888800AF
:10D96000000000000000000000788888888878089F
:10D97000700000000000608080E080808080800077
:10D980000000000000000000007088F8808870002F
:10D99000000000000000080808788888888878005F
:10D9A0000000000000000000007080808080700097
:10D9B000000000000000808080F088888888F000E7
:10D9C00000000000000000000070087888887800DF
:10D9D00000000000000040200000000000000000E7
:10D9E0000000000000000000000000000000000037
:10D9F000FC0000000000001028448200000000002D
:10DA0000000000000000E020202020202020202016
:10DA1000E000000000008080804040404040202026
:10DA2000200000000000E080808080808080808076
:10DA3000E0000000000000F8081020204080F800FE
:10DA400000000000000000888850502020202000A6
:10DA500000000000000000888850202050888800C6
:10DA6000000000000000000000008880888088809E
:10DA70005500550055002200220000000000000063
:10DA800000000088888850505020200000000000CE
:10DA90000000008484848484848478000000000072
:10DAA000000000F82020202020202000000000009E
:10DAB00000000078808070080808F0000000000076
:10DAC000000000F0888888F0908884000000000042
:10DAD0000000003844828282824438080600000038
:10DAE000000000F0888888F080808000000000003E
:10DAF0000000003844828282824438000000000026
:10DB0000000000C4C4A4A494948C8C000000000005
:10DB1000000000C6C6AAAA929282820000000000FD
:10DB200000000080808080808080F0000000000085
:10DB30000000008890A0C0C0A090880000000000F5
:10DB400000000070101010101010E0000000000025
:10DB5000000000E0404040404040E0000000000085
:10DB6000000000848484FC8484848400000000001D
:10DB70000000003C4080809C84443C000000000089
:10DB8000000000F88080F8808080800000000000A5
:10DB9000000000F88080F0808080F8000000000025
:10DBA000000000F0888484848488F0000000000075
:10DBB0000000003C4080808080403C00000000006D
:10DBC000000000F08888F0888888F00000000000DD
:10DBD0000000003030484848FC8484000000000009
:10DBE0000000000000003E0041009C80A480A48052
:10DBF000A4809F0040003C0000000000000000E006
:10DC00001010204040004000000000000000000014
:10DC100040300C020C30400000000000000000000A
:10DC20000000FE00FE0000000000000000000000F8
:10DC3000020C3040300C0200000000000000000028
:10DC40000040400000404040800000000000000014
:10DC50000040400000404000000000000000007054
:10DC600088888878081060000000000000000070BC
:10DC7000888870888888700000000000000000F824
:10DC8000081010202040400000000000000000307C
:10DC90004080F0888888700000000000000000F8D4
:10DCA0008080F0080888700000000000000000106C
:10DCB000305090F8101010000000000000000070BC
:10DCC000880830080888700000000000000000701C
:10DCD000880810204080F8000000000000000020AC
:10DCE0006020202020207000000000000000007054
:10DCF0008888888888887000000000000000202044
:10DD00002040404040408080800000000000000033
:10DD10000000000000404000000000000000000083
:10DD2000000000E000000000000000000000000013
:10DD300000000000004040408000000000000000A3
:10DD4000101010FE1010100000000000000020A8AD
:10DD500070A82000000000000000000000008040CB
:10DD60004020202020204040800000000000204073
:10DD70004080808080804040200000000000808043
:10DD800080000000000000000000000000000060B3
:10DD900090906494888C72000000000000000000E5
:10DDA0000000620092009400640009800A40124062
:10DDB00011800000000000000000202078A0A0706A
:10DDC0002828F0202000000000000014147E2828DD
:10DDD000FC505000000000000000A0A0A0000000C7
:10DDE00000000000000000000000004040404040F3
:10DDF00040004000000000000000000000000000A3
:10DE00000000000000000000B12E0008D53100081D
:10DE10002132000829320008000000000000000044
:10DE2000141401012CDE0208100A0D0020007E00EF
:10DE300038DE02080000000005050100C4ED0208FC
:10DE400006060100B0ED0208060601009CED02087E
:10DE50000A0A020074ED02080A0A02004CED0208E8
:10DE60001010020024ED02080C0C0200FCEC020869
:10DE700003030100E8EC020806060100D4EC0208E6
:10DE800006060100C0EC020807070100ACEC02081E
:10DE90000B0B020084EC02080505010070EC02087F
:10DEA000060601005CEC02080505010048EC0208CA
:10DEB0000505010034EC02080A0A02000CEC020815
:10DEC0000A0A0200E4EB02080A0A0200BCEB02089C
:10DED0000A0A020094EB02080A0A02006CEB02082C
:10DEE0000A0A020044EB02080A0A02001CEB0208BC
:10DEF0000A0A0200F4EA02080A0A0200CCEA02084E
:10DF00000A0A0200A4EA02080505010090EA0208D4
:10DF1000050501007CEA02080B0B020054EA020826
:10DF20000B0B02002CEA02080B0B020004EA0208A9
:10DF30000A0A0200DCE9020812120300A0E9020842
:10DF40000B0B020078E902080C0C020050E90208F1
:10DF50000D0D020028E902080D0D020000E902087B
:10DF60000C0C0200D8E802080B0B0200B0E8020813
:10DF70000E0E020088E802080D0D020060E802089B
:10DF8000040401004CE802080909020024E8020820
:10DF90000C0C0200FCE702080A0A0200D4E702089F
:10DFA0000F0F0200ACE702080D0D020084E7020823
:10DFB0000E0E02005CE702080C0C020034E70208B7
:10DFC0000E0E02000CE702080D0D0200E4E6020846
:10DFD0000C0C0200BCE602080C0C020094E60208DD
:10DFE0000D0D02006CE602080B0B020044E602086D
:10DFF0001111030008E602080B0B0200E0E502081D
:10E000000C0C0200B8E502080B0B020090E50208B8
:10E01000050501007CE502080505010068E5020828
:10E020000505010054E502080707010040E5020864
:10E030000A0A020018E502080606010004E50208C3
:10E040000A0A0200DCE402080A0A0200B4E4020838
:10E05000090902008CE402080A0A020064E40208CA
:10E060000A0A02003CE402080505010028E402084F
:10E070000A0A020000E402080A0A0200D8E30208C1
:10E0800004040100C4E3020804040100B0E3020830
:10E090000909020088E302080404010074E302088D
:10E0A0000E0E02004CE302080A0A020024E30208F2
:10E0B0000A0A0200FCE202080A0A0200D4E202088C
:10E0C0000A0A0200ACE202080606010098E2020811
:10E0D0000909020070E20208050501005CE202087D
:10E0E0000A0A020034E20208090902000CE20208EE
:10E0F0000D0D0200E4E1020808080100D0E1020869
:10E1000009090200A8E102080808010094E10208D8
:10E110000606010080E10208060601006CE1020823
:10E120000606010058E102080B0B020030E102086C
:10E1300000000000000000000000000000000000DF
:10E140007000FC408FC00380000000000000000051
:10E150000000000000000000000000E0F03030305F
:10E1600030381C1C383030303030F0E000000030E7
:10E17000303030303030303030303030303030309F
:10E180000000001C3C3030303070E0E07030303047
:10E1900030303C1C000000000000FFFF070E1C3860
:10E1A00070E0FFFF00000000000000000000000021
:10E1B00000000000C180C1806300630033003600AE
:10E1C0001E001E000C000C000C00180078007000EF
:10E1D000000000000000C366663C18183C6666C379
:10E1E000000000000000000000000000000000002F
:10E1F000C218C718C71865306DB06DB028A038E0D8
:10E2000038E018C00000000000000000000000001E
:10E210000000000000000000C180C18063006300B6
:10E220006300360036001C001C00080000000000DF
:10E2300000000000000000000000000000000000DE
:10E2400061806180618061806180618061806380C4
:10E250007F803D80000000000000000000000060A2
:10E260006060F0F0606060606060707000000000EE
:10E270000000000000000000000000003E007F00E1
:10E28000630070003C000E00070063007F003E004A
:10E2900000000000000000000000000000006C7C96
:10E2A000706060606060606000000000000000005E
:10E2B00000000000000000001D803F80738061802E
:10E2C00061806180618073803F801D80018001805A
:10E2D000018001800000000000000000000000003C
:10E2E0006E007F00738061806180618061807380D7
:10E2F0007F006E00600060006000600000000000B1
:10E3000000000000000000001E003F0073806180DC
:10E3100061806180618073803F001E00000000000A
:10E3200000000000000000000000000000000000ED
:10E330006F007F8071806180618061806180618019
:10E34000618061800000000000000000000000000B
:10E3500000000000000000006E707EF873986318E3
:10E3600063186318631863186318631800000000CB
:10E37000000000000000006060606060606060603D
:10E3800060606060000000000000000000006000AD
:10E3900060006000638067006E0078007C006C00A5
:10E3A000660066006300638000000000000000005B
:10E3B00000000060600060606060606060606060DD
:10E3C0006060E0C0000000606000606060606060ED
:10E3D000606060600000000000000000000060005D
:10E3E000600060006F007F8071806180618061806B
:10E3F0006180618061806180000000000000000099
:10E400000000000000000000000000001D803F80B0
:10E410007380618061806180618073803F801D8036
:10E42000018063807F003E00000000387860F8F8CB
:10E4300060606060606060600000000000000000DC
:10E4400000000000000000001E003F00730061801B
:10E450007F807F80600071803F001E000000000010
:10E460000000000000000000000001800180018029
:10E470001D803F80738061806180618061807380D6
:10E480003F801D8000000000000000000000000030
:10E4900000000000000000001E003F00730060004C
:10E4A00060006000600073003F001E00000000007C
:10E4B000000000000000000000006000600060003C
:10E4C0006E007F00738061806180618061807380F5
:10E4D0007F006E000000000000000000000000004F
:10E4E00000000000000000001F003F8061800780E6
:10E4F0003F807980618063807F803D8000000000E4
:10E50000000000000000006030000000000000007B
:10E5100000000000000000000000000000000000FB
:10E5200000000000000000000000000000000000EB
:10E53000000000000000000000000000FFC0FFC05D
:10E540000000001038286C6C44C600000000000079
:10E5500000000000000000F0F0303030303030308B
:10E56000303030303030F0F0000000C0C06060600B
:10E57000303030181818080800000000000000783B
:10E580007860606060606060606060606060787843
:10E590000000000000007FC07FC001800300070072
:10E5A00006000C001800380030006000FFC0FFC0FB
:10E5B0000000000000000000000000000000E0700B
:10E5C000606030C039C019800F000F0006000600DF
:10E5D0000600060006000600000000000000000023
:10E5E00000000000000071C031801B001B000E0005
:10E5F0000E000E001B001B003B80318060C0E0E07D
:10E60000000000000000000000000000000000000A
:10E6100000C1C180C1C180636300636300636300A4
:10E620006363006623003636003636003636003621
:10E6300036001C1C001C1C00000000000000000034
:10E6400000000000000000000000C060C06060C06A
:10E6500060C060C03180318031801B001B001B0016
:10E660000E000E000000000000000000000000008E
:10E6700000006030603060306030603060306030AA
:10E6800060306030603070703FE00F80000000004C
:10E69000000000000000000000007FE07FE00600B6
:10E6A000060006000600060006000600060006003A
:10E6B000060006000000000000000000000000004E
:10E6C00000000F803FC070E0606060003C001F8071
:10E6D00003C00060606070E03FC01F800000000069
:10E6E000000000000000000000007FC07FE06070BC
:10E6F000603060707FE07FC0618061C060E060601A
:10E7000060706038000000000000000000000000A1
:10E7100000000FC01FE038703038601860186018B3
:10E720006018601831B038E01FE00FB8000000003A
:10E73000000000000000000000007F807FC060E05B
:10E740006060606060E07FC07F80600060006000AB
:10E7500060006000000000000000000000000000F9
:10E76000000007C01FE03870303060186018601873
:10E7700060186018303038701FE00780000000001B
:10E7800000000000000000000000603070307830B1
:10E7900078306C3066306730633061B060F060F0C4
:10E7A0006070603000000000000000000000000009
:10E7B0000000701C783C783C783C6C6C6C6C6C6C29
:10E7C000644C66CC66CC66CC638C638C0000000025
:10E7D0000000000000000000000060006000600019
:10E7E0006000600060006000600060006000600029
:10E7F0007F807F800000000000000000000000001B
:10E80000000060E061C0638067006E007C007E00F5
:10E8100077006380618061C060E06070000000008C
:10E8200000000000000000000000030003000300DF
:10E830000300030003000300030003006300630000
:10E840007E003C00000000000000000000000060AE
:10E850006060606060606060606060600000000038
:10E8600000000000000060306030603060306030D8
:10E870007FF07FF06030603060306030603060305A
:10E88000000000000000000000000000000007C0C1
:10E890001FF0383030186000600061F861F86018CF
:10E8A000301838381FF007C00000000000000000DA
:10E8B0000000000000007FC07FC0600060006000BA
:10E8C0007F807F806000600060006000600060000A
:10E8D00000000000000000000000000000007FE0D9
:10E8E0007FE06000600060007FC07FC0600060006B
:10E8F000600060007FE07FE000000000000000009A
:10E900000000000000007F807FC060E06070603029
:10E910006030603060306030607060E07FC07F8069
:10E9200000000000000000000000000000000F8058
:10E930001FE03870303060006000600060006000F0
:10E94000303038601FE00780000000000000000049
:10E950000000000000007F807FC060606060606039
:10E960007FC07FC060606060606060E07FC07F806B
:10E9700000000000000000000000000000000E0089
:10E980000E001B001B001B00318031803F807FC0C8
:10E9900060C060C0C060C0600000000000000000F7
:10E9A00000000000000000000001F80007FE000E5B
:10E9B000070018EF8031FDC03338C06718C06618F3
:10E9C000C06610C066318067338073FF0033BC00BF
:10E9D0003801C01E03800FFF0003FC000000000090
:10E9E00000001E003F00738061800180030006006C
:10E9F0000C001800180000001800180000000000AB
:10EA000000000000000000000000000000004000C6
:10EA100070003E00078000C007803E00700040008C
:10EA200000000000000000000000000000000000E6
:10EA300000000000000000007FC07FC00000000058
:10EA40007FC07FC000000000000000000000000048
:10EA50000000000000000000000000000000004076
:10EA600001C00F803C0060003C000F8001C00040EE
:10EA70000000000000000000000000000000000096
:10EA80000000303000000000000030301020000096
:10EA900000000000000030300000000000003030B6
:10EAA000000000000000000000001E003F00618028
:10EAB0006180618063803F801D80018001806300F0
:10EAC0003F001E00000000000000000000000000E9
:10EAD00000001E003F006180618061803F003F00B8
:10EAE00061806180618061803F001E000000000045
:10EAF000000000000000000000007F807F80010017
:10EB00000300060006000C000C000C000C001800AE
:10EB100018001800000000000000000000000000C5
:10EB200000001E003F003180600060006E007F002A
:10EB300071806180618031803F001E000000000014
:10EB4000000000000000000000003F003F00300017
:10EB500060006E007F0061800180018061806180C3
:10EB60003F001E0000000000000000000000000048
:10EB7000000006000E000E001E0036003600660083
:10EB8000C600FF80FF8006000600060000000000AF
:10EB9000000000000000000000001C003F006300B7
:10EBA000030003000E000F0001800180618061807E
:10EBB0003F001E00000000000000000000000000F8
:10EBC00000001E003F00738061800180018003000F
:10EBD00006000C00180030007F807F8000000000DD
:10EBE0000000000000000000000006000E001E00F3
:10EBF0003600260006000600060006000600060095
:10EC000006000600000000000000000000000000F8
:10EC100000001E003F007380618061806180618020
:10EC200061806180618073803F001E0000000000F1
:10EC3000000000000000000808181818303030608C
:10EC40006060C0C000000000000000000000000084
:10EC50000000000000003030000000000000000054
:10EC6000000000000000F8F80000000000000000B4
:10EC70000000000000000000000000000000303034
:10EC8000102000000000000000000000000006004E
:10EC90000600060006007FE07FE006000600060092
:10ECA000060000000000000000000000000000104E
:10ECB0007C10282800000000000000000000000078
:10ECC000000000804020303018181818181818302C
:10ECD0003020408000000004081030306060606028
:10ECE0006060603030100804000000C0C0C0C0C0C8
:10ECF0000000000000000000000000000000000014
:10ED000000000F001F80198019801B000E003E00BC
:10ED10003660636061C071C03FE01E3000000000DB
:10ED2000000000000000000000003C3066606660EB
:10ED300066C066C067C03DBC01E603660366066642
:10ED400006660C3C0000000000000000000000000F
:10ED500004001F003F8064C0640074003E000F8008
:10ED600007C004C064C075C03F801F0004000400D9
:10ED7000000000000000000000000CC00CC0198062
:10ED8000FFC0FFC019803B803300FFC0FFC03300CD
:10ED90006600660000000000000000000000006C3B
:10EDA0006C6C6C6C000000000000000000000000B3
:10EDB0000000003030303030303030303000303013
:10EDC0000000000000000000000000000000000043
:10EDD0000000000000000000412C0008892D000800
:10EDE000A12D0008A92D000800000000000000006F
:10EDF0000809010120EE020807050700412C000860
:10EE0000892D0008A12D0008A92D00080000000090
:10EE1000000000000808010120EE020807050700B5
:10EE2000FCEF0208FCEF020834EE020820007E002E
:10EE3000060601009000FF003CEE02089D00FFFF67
:10EE40009E00FFFF9F00FFFFA000FFFFA100FFFF4C
:10EE5000A200FFFFFFFFFFFFFFFFFFFFFFFFFFFF1E
:10EE6000FFFFFFFFFFFFFFFFFFFFFFFFFFFFFFFFB2
:10EE7000FFFFFFFFFFFFFFFFFFFFFFFF7E00FFFF22
:10EE80007600FFFF7F00FFFF8000FFFF8100FFFF94
:10EE90008200FFFF8300FFFF8400FFFF8500FFFF6C
:10EEA0008600FFFF8700FFFF8800FFFF8900FFFF4C
:10EEB0008A00FFFF8B00FFFF8C00FFFF8D00FFFF2C
:10EEC0008E00FFFF8F00FFFF9000FFFF9100FFFF0C
:10EED0009200FFFF9300FFFF9400FFFF7D00FFFF04
:10EEE0009500FFFF9600FFFF9700FFFF9800FFFFD0
:10EEF0009900FFFF9A00FFFF7700FFFF7000790085
:10EF00007000780070007A0070007C0070007B0058
:10EF10006600FFFF6800FFFF23007D00710079009D
:10EF20007100780071007A0071007B007200790036
:10EF30007200780072007A0072007B006900FFFFA7
:10EF400075007C00730079007300780073007A000C
:10EF500073007C0073007B009B00FFFF6E00FFFFCF
:10EF6000740079007400780074007A0074007B00EB
:10EF7000390078006A00FFFF6500FFFF4100600074
:10EF800041005F00410061004100630041006200F8
:10EF90006700FFFF6B00FFFF43007D00450060003E
:10EFA00045005F00450061004500620064006000AC
:10EFB00064005F0064006100640062006C00FFFF99
:10EFC0004E0063004F0060004F005F004F00610083
:10EFD0004F0063004F0062009C00FFFF6F00FFFFC7
:10EFE0005500600055005F0055006100550062004B
:10EFF00059005F006D00FFFF590062000000000033
:10F000000000000020202020200020004848480068
:10F01000000000005050F850F85050002078A070C8
:10F0200028F02000C0C81020409818006090A04030
:10F03000A8906800602040000000000010204040C0
:10F04000402010004020101010204000005020F8F8
:10F0500020500000002020F82020000000000000C8
:10F0600000602040000000F80000000000000000E8
:10F07000006060000008102040800000708898A8A0
:10F08000C888700020602020202070007088083020
:10F090004080F80070880830088870001030509068
:10F0A000F8101000F880F00808887000304080F0F8
:10F0B00088887000F80810204040400070888870F0
:10F0C0008888700070888878081060000060600090
:10F0D0006060000000006060006020401020408000
:10F0E000402010000000F800F800000080402010D0
:10F0F0002040800070880810200020007088086878
:10F10000A8A87000708888F888888800F08888F03F
:10F110008888F0007088808080887000E0908888FF
:10F120008890E000F88080F08080F800F88080F01F
:10F13000808080007088808098887800888888F82F
:10F14000888888007020202020207000381010103F
:10F15000109060008890A0C0A0908800808080807F
:10F160008080F80088D8A8A8888888008888C8A8DF
:10F17000988888007088888888887000F08888F06F
:10F180008080800070888888A8906800F08888F067
:10F19000A09088007088807008887000F820202077
:10F1A000202020008888888888887000888888883F
:10F1B00088502000888888A8A8A8500088885020F7
:10F1C000508888008888885020202000F808102067
:10F1D0004080F80070404040404070000080402077
:10F1E00010080000701010101010700020508800DF
:10F1F0000000000000000000000000F840201000A7
:10F200000000000000007008788878008080B0C896
:10F210008888F00000007080808870000808689876
:10F220008888780000007088F8807000304840E0DE
:10F230004040400000007888887808708080B0C81E
:10F240008888880020006020202070001000301086
:10F2500010109060808090A0C0A0900060202020BE
:10F26000202070000000D0A8888888000000B0C866
:10F270008888880000007088888870000000F08806
:10F2800088F0808000007888887808080000B0C87E
:10F2900080808000000078807008F0004040E040EE
:10F2A00040483000000088888898680000008888FE
:10F2B0008850200000008888A8A8500000008850CE
:10F2C0002050880000008888887808700000F810B6
:10F2D0002040F80010202040202010002020202076
:10F2E00020202000402020102020400068900000B6
:10F2F000000000001820000000000000C0200000F6
:10F3000000000000708800000000000050000000B5
:10F310000000000068900000000000000000006095
:10F3200020207000006090F08888B08020007088F5
:10F33000F888880020007008788878003860A0B8C5
:10F34000E0A0B800704848E848487000E0407048C5
:10F35000487040E00000D02878A05800A040A010DD
:10F36000788870006020302830207000708898A85D
:10F37000C888700000007098A8C8700000007088ED
:10F38000F88888000000F880E080F8000000702015
:10F390002020700000007088888870000000888835
:10F3A00088887000000088C8A89888002000202065
:10F3B00020202000200020408088700018200000BD
:10F3C00000000000C02000000000000020500000ED
:10F3D00000000000500000000000000068900000E5
:10F3E00000000000000000000000002000000000FD
:10F3F00000000000002070A0A0A87020304040E075
:10F400004048B00000008870507088008850F82094
:10F41000F82020002020200020202000304820500C
:10F42000209060008800000000000000F888A8B864
:10F43000A888F8007008788870000000002850A0A4
:10F4400050280000000000F80808000000000070CC
:10F4500000000000F888A88898A8F800F8000000CC
:10F46000000000002050200000000000002070205C
:10F470000070000060902040F0000000E01060107C
:10F48000E000000018200000000000000000888854
:10F4900088C8B08078989878181818000000003054
:10F4A0003000000040C04040E000000070888888C4
:10F4B0007000000000A0502850A000008890A050CC
:10F4C000B05078108890A040B8081038C040C048AC
:10F4D000D82838080088502050880000002000F804
:10F4E00000200000103070FC70301000203038FC1C
:10F4F00038302000002070F820200000002020F884
:10F500007020000000082868F8602000000404084B
:10F510000890502004000000E50C0108F52E0108B9
:10F5200099320108C1380108954501083161010887
:10F5300015690108C56001087D420108C54201083E
:10F5400059420108AD46010800000000010000001A
:10F55000020000000300000004000000050000009D
:10F56000060000000700000008000000090000007D
:10F570000A0000000B0000000C0000000D0000005D
:10F580000E0000000F000000DC010020BC01002084
:10F590009C0100207C0100203C0200206802002029
:10F5A0003903010859A7000885450108000000003B
:10F5B000CD02010881480108100400200B00000062
:10F5C0000B00000064000000000000000F000000BD
:10F5D000160016000B0004007C040308FCF6020869
:10F5E00000000000160016000B000400880303084A
:10F5F000FCF6020800000000160016000B000400D4
:10F6000094020308FCF60208000000001600160031
:10F610000B000400A0010308FCF602080000000033
:10F62000160016000B000400AC000308FCF60208EC
:10F6300000000000160016000B000400B8FF0208CE
:10F64000FCF6020800000000160016000B00040083
:10F65000C4FE0208FCF602080000000016001600B6
:10F660000B000400D0FD0208FCF6020800000000B8
:10F67000160016000B000400DCFC0208FCF6020871
:10F6800000000000160016000B000400E8FB020852
:10F69000FCF6020800000000160016000B00040033
:10F6A000F4FA0208FCF6020800000000160016003A
:10F6B0000B00040000FA0208FCF60208000000003B
:10F6C000160016000B0004000CF90208FCF60208F4
:10F6D00000000000160016000B00040018F80208D5
:10F6E000FCF6020800000000160016000B000400E3
:10F6F00024F70208FCF602080000000007000000E2
:10F700000100000008F70208FF000000CCCCCC008C
:10F710000000000000999900FFFFFF0099999900EF
:10F7200000FFFF00000000022000000000000000B9
:10F730000000232000000000000000000233200031
:10F740000000000000000023331200000000000051
:10F75000000233311120000000000000236311116A
:10F7600012000000000002363111111200000000EA
:10F7700000236311111212000000000033314421F4
:10F7800021220000000000000512421212000000B9
:10F7900000000000512424215555200000000002E3
:10F7A000222241111112000000000000005411112A
:10F7B000112000000000000054111111122200005D
:10F7C00000000054111111233200000000005441C8
:10F7D00011123330000000000051441123330000A7
:10F7E000000000000514423330000000000000005B
:10F7F00051236300000000000000000236300000CA
:10F800000000000000000363000000000000000092
:10F8100000033000000000000000000000000000B5
:10F8200000000000000000000000000000000000D8
:10F8300000000000000000000000000000000000C8
:10F840000000000033000000000000000000323320
:10F850002555500000000555533236211112000085
:10F8600000511113623621444120000514444362C3
:10F87000362144411200514444436236214441112F
:10F88000251441111362332111111111111111139A
:10F89000323321212121221111111332332212126C
:10F8A00012002111111332332121212000021111E4
:10F8B000133233221212000000211113323322229C
:10F8C000200000000222223222000000000000007E
:10F8D0000000220000000000000000000000000006
:10F8E0000000000000000000000000000000000018
:10F8F0000000000000000000000000000000000008
:10F9000000000000000000000000000000000000F7
:10F91000000003200000000000000000000332008F
:10F920000000000000000000036320000000000051
:10F9300000000051363200000000000000051443B2
:10F940006320000000000000514411333200000029
:10F950000000005441111333200000000000541136
:10F960001111333200000000005411111112220055
:10F9700000000000541111112000000005555541F0
:10F9800011111200000000514444112222200000F5
:10F990000005144111120000000000332124211140
:10F9A0001200000000003632421211120000000066
:10F9B00000036321212122000000000000363212E2
:10F9C000121200000000000003332121200000007B
:10F9D00000000000333212000000000000000003AD
:10F9E0003320000000000000000000332000000071
:10F9F00000000000000002200000000000000000E5
:10FA00000000033333333333320000000003366623
:10FA10006333333200000000002222222222200021
:10FA200000000000511111111120000000000051D0
:10FA30004411111120000000000051441111112047
:10FA400000000000005144111111200000000000CE
:10FA500002111111120000000000000021111120FC
:10FA60000000000000000002111200000000000071
:10FA700000000021200000000000000000005120D4
:10FA8000000000000000000005111200000000004E
:10FA90000000005141112000000000000005144149
:10FAA000111200000000000051441211112000004A
:10FAB00000000051442121112000000000005142AB
:10FAC00012121120000000000051242121212000E9
:10FAD00000000000333333333320000000000336CE
:10FAE00066633333320000000002222222222222E7
:10FAF00000000000000003333333333332000000D2
:10FB000000033666633333320000000000222222F5
:10FB100022222000000000005111111111200000CC
:10FB20000000005144111111200000000000514458
:10FB3000111111200000000000514411111120008A
:10FB4000000000000211111112000000000000006E
:10FB5000211111200000000000000002111200001D
:10FB60000000000000000021200000000000000054
:10FB700000005120000000000000000005111200EC
:10FB800000000000000000514211200000000000B1
:10FB90000005144111120000000000005144121130
:10FBA000112000000000005144211111200000002C
:10FBB00000005142121211200000000000512421C7
:10FBC00021212000000000003333333333200000B4
:10FBD0000000033666633333320000000002222245
:10FBE000222222220000000000000333333333338B
:10FBF0003200000000033666633333320000000039
:10FC000000222222222220000000000051111111A6
:10FC100011200000000000514411111120000000CB
:10FC20000000514411111120000000000051441146
:10FC3000111120000000000002111111120000003B
:10FC4000000000002111112000000000000000024F
:10FC5000121200000000000000000021200000003F
:10FC60000000000000005120000000000000000023
:10FC70000511120000000000000000514211200098
:10FC800000000000000514411112000000000000F7
:10FC900051441211112000000000005144111111B3
:10FCA000200000000000514212121120000000004C
:10FCB0000051242121212000000000003333333380
:10FCC0003320000000000336666333333200000047
:10FCD0000002222222222222000000000000033320
:10FCE000333333333200000000033666633333327C
:10FCF000000000000022222222222000000000003A
:10FD00005111111111200000000000514411111176
:10FD100020000000000051441111112000000000DB
:10FD200000514411111120000000000002111111B6
:10FD3000120000000000000021211120000000003E
:10FD4000000000021212000000000000000000216C
:10FD50002000000000000000000051200000000012
:10FD6000000000000511120000000000000000511A
:10FD70004211200000000000000514411112000093
:10FD80000000000051441211112000000000005139
:10FD900044111111200000000000514212111120E5
:10FDA000000000000051242121212000000000005B
:10FDB00033333333332000000000033666633333BC
:10FDC0003200000000022222222222220000000033
:10FDD0000000033333333333320000000003366650
:10FDE000633333320000000000222222222220004E
:10FDF00000000000511111111120000000000051FD
:10FE00004411111120000000000051441111112073
:10FE100000000000005144111111200000000000FA
:10FE20000211111112000000000000002121212008
:10FE3000000000000000000212120000000000009C
:10FE40000000002120000000000000000000512000
:10FE5000000000000000000005111200000000007A
:10FE60000000005142112000000000000005144174
:10FE70001112000000000000514412111120000076
:10FE800000000051441111112000000000005144F5
:10FE90001211112000000000005124212121200016
:10FEA00000000000333333333320000000000336FA
:10FEB0006663333332000000000222222222222213
:10FEC00000000000000003333333333332000000FE
:10FED0000003366663333332000000000022222222
:10FEE00022222000000000005111111111200000F9
:10FEF0000000005144111111200000000000514485
:10FF000011111120000000000051441111112000B6
:10FF10000000000002121111120000000000000099
:10FF20002121212000000000000000021212000028
:10FF30000000000000000021200000000000000080
:10FF40000000512000000000000000000511120018
:10FF500000000000000000514211200000000000DD
:10FF6000000514411112000000000000514412115C
:10FF70001120000000000051441111112000000068
:10FF800000005144121111200000000000512421F2
:10FF900021112000000000003333333333200000F0
:10FFA0000000033666633333320000000002222271
:10FFB00022222222000000000000033333333333B7
:10FFC0003200000000033666633333320000000065
:10FFD00000222222222220000000000051111111D3
:10FFE00011200000000000514411111120000000F8
:10FFF0000000514411111120000000000051441173
:020000040803EF
:100000001111200000000000021211121200000065
:10001000000000002121212000000000000000025B
:10002000121200000000000000000021200000006B
:10003000000000000000512000000000000000004F
:1000400005111200000000000000005142112000C4
:100050000000000000051441111200000000000023
:1000600051441211112000000000005144111111DF
:100070002000000000005144121111200000000077
:10008000005144212111200000000000333333339C
:100090003320000000000336666333333200000073
:1000A000000222222222222200000000000003334C
:1000B00033333333320000000003366663333332A8
:1000C0000000000000222222222220000000000066
:1000D00051111111112000000000005144111111A3
:1000E0002000000000005144111111200000000008
:1000F00000514411111120000000000002121212E0
:10010000120000000000000021212120000000005A
:100110000000000212120000000000000000002198
:10012000200000000000000000005120000000003E
:100130000000000005111200000000000000005146
:1001400042112000000000000005144111120000BF
:100150000000000051441211112000000000005165
:10016000441111112000000000005144121111200F
:100170000000000000514421111120000000000087
:1001800033333333332000000000033666633333E8
:10019000320000000002222222222222000000005F
:1001A000000003333333333332000000000336667C
:1001B000633333320000000000222222222220007A
:1001C0000000000051111111112000000000005129
:1001D00044111111200000000000514411111120A0
:1001E0000000000000512411111120000000000047
:1001F0000212121212000000000000002121212032
:1002000000000000000000021212000000000000C8
:10021000000000212000000000000000000031204C
:1002200000000000000000000511120000000000A6
:1002300000000051421120000000000000051441A0
:1002400011120000000000005144121111200000A2
:100250000000005144111111200000000000514421
:100260001211112000000000005144111111200052
:100270000000000033333333332000000000033626
:10028000666333333200000000022222222222223F
:10029000000000000000033333333333320000002A
:1002A000000336666333333200000000002222224E
:1002B0002222200000000000511111111120000025
:1002C00000000051441111112000000000005144B1
:1002D00011111120000000000051241111212000F3
:1002E00000000000021212121200000000000000C4
:1002F0002121212000000000000000021212000055
:1003000000000000000000212000000000000000AC
:100310000000512000000000000000000511120044
:100320000000000000000051421120000000000009
:100330000005144111120000000000005144121188
:100340001120000000000051441111112000000094
:10035000000051441111112000000000005144110F
:10036000111120000000000033333333332000002C
:10037000000003366663333332000000000222229D
:1003800022222222000000000000033333333333E3
:100390003200000000033666633333320000000091
:1003A00000222222222220000000000051111111FF
:1003B0001120000000000051441111112000000024
:1003C00000005144111111200000000000512421AF
:1003D0001121200000000000021212121200000081
:1003E0000000000021212120000000000000000288
:1003F0001212000000000000000000212000000098
:10040000000000000000512000000000000000007B
:1004100005111200000000000000005142112000F0
:10042000000000000005144111120000000000004F
:10043000514411111120000000000051441111110C
:1004400020000000000051441111112000000000A4
:1004500000514411111120000000000033333333E8
:10046000332000000000033666633333320000009F
:100470000002222222222222000000000000033378
:1004800033333333320000000003366663333332D4
:100490000000000000222222222220000000000092
:1004A00051111111112000000000005144111111CF
:1004B0002000000000005144111111200000000034
:1004C00000512421212120000000000002121212FC
:1004D0001200000000000000212121200000000087
:1004E00000000002121200000000000000000021C5
:1004F000200000000000000000005120000000006B
:100500000000000005111200000000000000005172
:1005100041112000000000000005144111120000EC
:100520000000000051441111112000000000005192
:10053000441111112000000000005144111111203C
:1005400000000000005144111111200000000000C3
:100550003333333333200000000003366663333314
:10056000320000000002222222222222000000008B
:100570007C050308080000000800000011001100BD
:1005800005000200B0050308280A03080000000067
:100590009C0503080800000008000000110011007D
:1005A00005000200B0050308400A0308000000002F
:1005B0000001900000000190000000019000000088
:1005C0000190000000019000000001900000040173
:1005D00090040019559559006AAAAAAA4019559580
:1005E00059000401900400000190000000019000F7
:1005F0000000019000000001900000000190000048
:10060000000190000000000014060308050000002F
:10061000050000000B000B00030002004806030861
:10062000280A030800000000340603080500000043
:10063000050000000B000B00030002004806030841
:10064000400A030800000000005400006400006439
:10065000000064005565546A9AA45565540064000E
:1006600000640000640000540000000078060308E5
:100670000A0000000A000000150015000600020034
:10068000AC060308280A03080000000098060308C7
:100690000A0000000A000000150015000600020014
:1006A000AC060308400A0308000000000000150023
:1006B0000000000019000000000019000000000008
:1006C00019000000000019000000000019000000DF
:1006D00000001900000000001900000000001900CF
:1006E00000005555595555406AAAA6AAAA40555525
:1006F0005955554000001900000000001900000085
:10070000000019000000000019000000000019009E
:1007100000000000190000000000190000000000A7
:100720001900000000001500000000003807030851
:100730000F0000000F0000001F001F000800020053
:100740006C070308280A0308000000005807030884
:100750000F0000000F0000001F001F000800020033
:100760006C070308400A03080000000000000005B1
:1007700040000000000000064000000000000006ED
:1007800040000000000000064000000000000006DD
:1007900040000000000000064000000000000006CD
:1007A00040000000000000064000000000000006BD
:1007B00040000000000000064000000000000006AD
:1007C000400000000000000640000000000000069D
:1007D000400000000000000640000000555555563E
:1007E000555555546AAAAAA9AAAAAAA45555555658
:1007F000555555540000000640000000000000065A
:10080000400000000000000640000000000000065C
:10081000400000000000000640000000000000064C
:10082000400000000000000640000000000000063C
:10083000400000000000000640000000000000062C
:10084000400000000000000640000000000000061C
:10085000400000000000000640000000000000050D
:1008600040000000700803080000000000000000C5
:1008700009000F0003000200A4080308280A030867
:1008800000000000900803080000000000000000C5
:1008900009000F0003000200A4080308400A03082F
:1008A00000000000400000500000640000690000EB
:1008B0006A40006A90006AA4006AA9006A954066CE
:1008C000900051A40041A4000069000069000014D8
:1008D00000000000E0080308000000000000000025
:1008E0000C0014000300020014090308280A03087E
:1008F00000000000000903080000000000000000E4
:100900000C0014000300020014090308400A030845
:10091000000000004000005000006400006900007A
:100920006A40006A90006AA4006AA9006AAA406A44
:10093000AA906AAAA46AA95569A900646A40506A83
:1009400040401A90001A900006A40006A40001502E
:100950005C090308000000000000000012001E00F7
:100960000500020090090308280A0308000000009F
:100970007C090308000000000000000012001E00B7
:100980000500020090090308400A03080000000067
:1009900040000000005000000000640000000069FA
:1009A000000000006A400000006A900000006AA495
:1009B0000000006AA90000006AAA4000006AAA902C
:1009C00000006AAAA400006AAAA900006AAAAA40B4
:1009D000006AAAAA90006AAAAAA4006AAAAAA90000
:1009E0006AAAAAAA406AAA9555506A9A9000006A13
:1009F00046A400006906A400006401A9000050019B
:100A0000A9000040006A400000006A400000001A8F
:100A1000900000001A9000000006A400000006A448
:100A20000000000150000000030000000100000071
:100A3000340A0308FF000000FFFFFF000000000071
:100A400003000000010000004C0A0308FF00000042
:100A500000000000FFFFFF0000006400C800290143
:100A60008801E30139028A02D40218035303870381
:100A7000B203D403EC03FB030004000000002900D0
:100A800051007900A000C500EA000D012E014E01C1
:100A90006C018901A301BD01D501EB010002000039
:100AA0000300000019170108052F01087D33010814
:100AB0002D3A0108D5450108A96101089969010885
:100AC000D16001088D420108DD4201086942010838
:100AD000E546010815420108194201086D020108A6
:100AE0005D3701080000000101010102020202035A
:100AF00003030304040404050505050606060607AA
:100B000007070708080808090909090A0A0A0A0B59
:100B10000B0B0B0C0C0C0C0D0D0D0D0E0E0E0E0F09
:100B20000F0F0F10101010111111111212121213B9
:100B3000131313141414141515151515161616166B
:100B40001717171718181818191919191A1A1A1A1D
:100B50001B1B1B1B1C1C1C1C1D1D1D1D1E1E1E1ECD
:100B60001F1F1F1F2020202021212121222222227D
:100B7000232323232424242425252525262626262D
:100B80002727272728282828292929292A2A2A2ADD
:100B90002A2B2B2B2B2C2C2C2C2D2D2D2D2E2E2E91
:100BA0002E2F2F2F2F303030303131313132323241
:100BB00032333333333434343435353535363636F1
:100BC000363737373738383838393939393A3A3AA1
:100BD0003A3B3B3B3B3C3C3C3C3D3D3D3D3E3E3E51
:100BE0003E3F3F3F00000000000101010101010103
:100BF00001020202020202020203030303030303CF
:100C0000030404040404040404050505050505059E
:100C10000505060606060606060607070707070770
:100C20000707080808080808080809090909090940
:100C30000909090A0A0A0A0A0A0A0A0B0B0B0B0B12
:100C40000B0B0B0C0C0C0C0C0C0C0C0D0D0D0D0DE2
:100C50000D0D0D0D0E0E0E0E0E0E0E0E0F0F0F0FB4
:100C60000F0F0F0F10101010101010101111111184
:100C70001111111112121212121212121213131355
:100C80001313131313141414141414141415151526
:100C900015151515151616161616161616161717F7
:100CA00017171717171718181818181818181919C8
:100CB0001919191919191A1A1A1A1A1A1A1A1B1B98
:100CC0001B1B1B1B1B1B1B1C1C1C1C1C1C1C1C1D6A
:100CD0001D1D1D1D1D1D1D1E1E1E1E1E1E1E1E1F3A
:100CE0001F1F1F1F00000000000000000001010185
:100CF00001010101010101010101010101010202E2
:100D000002020202020202020202020202020203C2
:100D100003030303030303030303030303030303A3
:100D20000404040404040404040404040404040483
:100D30000405050505050505050505050505050564
:100D40000505060606060606060606060606060645
:100D50000606060707070707070707070707070726
:100D60000707070708080808080808080808080807
:100D700008080808080909090909090909090909E8
:100D80000909090909090A0A0A0A0A0A0A0A0A0AC9
:100D90000A0A0A0A0A0A0A0B0B0B0B0B0B0B0B0BAA
:100DA0000B0B0B0B0B0B0B0B0C0C0C0C0C0C0C0C8B
:100DB0000C0C0C0C0C0C0C0C0C0D0D0D0D0D0D0D6C
:100DC0000D0D0D0D0D0D0D0D0D0D0E0E0E0E0E0E4D
:100DD0000E0E0E0E0E0E0E0E0E0E0E0F0F0F0F0F2E
:100DE0000F0F0F0F0004080C1014181C2024282DBE
:100DF0003135393D4145494D5155595D6165696D03
:100E00007175797D82868A8E92969A9EA2A6AAAEE6
:100E1000B2B6BABEC2C6CACED2D7DBDFE3E7EBEFCB
:100E2000F3F7FBFF000810192129313A424A525BBF
:100E3000636B737B848C949CA5ADB5BDC5CED6DEAB
:100E4000E6EFF7FF00112233445566778899AABB75
:100E5000CCDDEEFF5D6001085D5F01089560010873
:100E6000008040C020A060E0109050D030B070F002
:100E7000088848C828A868E8189858D838B878F872
:100E8000048444C424A464E4149454D434B474F4A2
:100E90000C8C4CCC2CAC6CEC1C9C5CDC3CBC7CFC12
:100EA000028242C222A262E2129252D232B272F2A2
:100EB0000A8A4ACA2AAA6AEA1A9A5ADA3ABA7AFA12
:100EC000068646C626A666E6169656D636B676F642
:100ED0000E8E4ECE2EAE6EEE1E9E5EDE3EBE7EFEB2
:100EE000018141C121A161E1119151D131B171F172
:100EF000098949C929A969E9199959D939B979F9E2
:100F0000058545C525A565E5159555D535B575F511
:100F10000D8D4DCD2DAD6DED1D9D5DDD3DBD7DFD81
:100F2000038343C323A363E3139353D333B373F311
:100F30000B8B4BCB2BAB6BEB1B9B5BDB3BBB7BFB81
:100F4000078747C727A767E7179757D737B777F7B1
:100F50000F8F4FCF2FAF6FEF1F9F5FDF3FBF7FFF21
:100F6000B12E0008D53100082132000829320008CE
:100F700000000000000000000D0D0101840F0308B7
:100F80000B060800A000FF00900F0308F0D4020831
:100F900003030100D418030804040100C418030863
:100FA00006060100B418030806060100A418030889
:100FB00006060100941803080606010084180308B9
:100FC00004040100741803080606010064180308ED
:100FD00006060100541803080A0A0200381803081C
:100FE0000505010028180308060601001818030863
:100FF000080801000818030804040100F817030892
:101000000A0A0200DC17030806060100CC170308D1
:1010100005050100BC17030808080100AC17030808
:10102000050501009C170308050501008C1703083E
:10103000060601007C170308060601006C1703086A
:10104000060601005C170308030301004C170308A0
:10105000060601003C170308050501002C170308CC
:10106000050501001C170308060601000C170308FC
:101070000B0B0200F01603080B0B0200D41603083A
:101080000B0B0200B816030805050100A81603089B
:1010900007070100981603080707010088160308D0
:1010A0000707010078160308070701006816030800
:1010B0000707010058160308070701004816030830
:1010C0000A0A02002C160308070701001C16030871
:1010D000060601000C16030806060100FC150308AD
:1010E00006060100EC15030806060100DC150308DE
:1010F00004040100CC15030804040100BC15030816
:1011000004040100AC150308040401009C15030845
:10111000080801008C150308070701007C15030867
:10112000080801006C150308080801005C15030895
:10113000080801004C150308080801003C150308C5
:10114000080801002C150308080801001C150308F5
:10115000080801000C15030807070100FC14030828
:1011600007070100EC14030807070100DC1403085B
:1011700007070100CC14030806060100BC1403088D
:1011800006060100AC140308060601009C140308BF
:10119000060601008C140308060601007C140308EF
:1011A000060601006C140308060601005C1403081F
:1011B000060601004C140308060601003C1403084F
:1011C0000A0A020020140308050501001014030890
:1011D000060601000014030806060100F0130308C8
:1011E00006060100E013030806060100D0130308F9
:1011F00003030100C013030803030100B013030835
:1012000003030100A0130308030301009013030864
:101210000606010080130308060601007013030888
:1012200006060100601303080606010050130308B8
:1012300006060100401303080606010030130308E8
:101240000606010020130308080801001013030814
:10125000060601000013030806060100F012030849
:1012600006060100E012030806060100D01203087A
:1012700006060100C012030806060100B0120308AA
:1012800006060100A01203080606010090120308DA
:10129000000000500088885050202040400000008E
:1012A0000000808080F088888888F08080000000BE
:1012B000000010200088885050202040400000008E
:1012C00000000050008888888888780000000000AE
:1012D0000000304800888888888878000000000076
:1012E00000001020008888888888780000000000AE
:1012F000000040200088888888887800000000006E
:1013000000000000087098A8A8C8708000000000C5
:1013100000000000101000FE00101000000000008F
:10132000000000500070888888887000000000006D
:1013300000006858007088888888700000000000ED
:101340000000304800708888888870000000000025
:10135000000010200070888888887000000000005D
:10136000000040200070888888887000000000001D
:101370000000685800F08888888888000000000015
:101380000000003050087888888870000000000055
:10139000000000A00040404040404000000000002D
:1013A000000040A0004040404040400000000000DD
:1013B000000020400040404040404000000000004D
:1013C00000008040004040404040400000000000DD
:1013D00000000050007088F8808870000000000055
:1013E00000003048007088F880887000000000001D
:1013F00000001020007088F8808870000000000055
:1014000000004020007088F8808870000000000014
:10141000000000000070808080807020C00000000C
:1014200000000000000000000000770008807F80BE
:1014300088008C80730000000000000000304848E5
:1014400030700878888878000000000000000050A4
:101450000070087888887800000000000000685854
:10146000007008788888780000000000000030488C
:1014700000700878888878000000000000001020C4
:1014800000700878888878000000000000002010B4
:1014900000700878888878000000000000007088DC
:1014A00088B088888888B0000000000000000080B4
:1014B00080F08888F0808000000000001020008804
:1014C00088505020202020000000000000480084A8
:1014D0008484848484847800000000003048008480
:1014E00084848484848478000000000010200084B8
:1014F00084848484848478000000000020100084A8
:101500008484848484847800000000000000003A11
:10151000448A9292A244B80000000000000000003B
:1015200000221408142200000000000000280038E7
:10153000448282828244380000000000342C00384B
:10154000448282828244380000000000182400385F
:101550004482828282443800000000000810003873
:10156000448282828244380000000000201000384B
:10157000448282828244380000000000685800C41F
:10158000C4A4A494948C8C00000000000000007897
:101590004442F242424478000000000000A000E013
:1015A000404040404040E00000000000609000E00B
:1015B000404040404040E00000000000204000E08B
:1015C000404040404040E00000000000804000E01B
:1015D000404040404040E00000000000005000F863
:1015E0008080F0808080F80000000000304800F823
:1015F0008080F0808080F80000000000102000F85B
:101600008080F0808080F80000000000201000F84A
:101610008080F0808080F800000000000000003C26
:101620004080808080403C083000000000000000C6
:1016300000003F80280048004F00780088008800A4
:101640008F80000000000000304848303048484893
:10165000FC84840000000000004800303048484806
:10166000FC8484000000000068580030304848487E
:10167000FC848400000000003048003030484848B6
:10168000FC848400000000001020003030484848EE
:10169000FC848400000000002010003030484848DE
:1016A000FC84840000000000000000200020204096
:1016B0008080700000000000000000000000710049
:1016C0000A0032000C8075800A800BC01080000078
:1016D0000000000000000000000021006200220065
:1016E000258024400840088011C000000000000050
:1016F00000000000000021006200220024802580FC
:101700000A800BC0108000000000000000000000F4
:1017100000A0502850A00000000000000000006061
:101720009090906000000000000000000000002089
:101730006020207000000000000000000000000099
:101740000000000000000008300000000000000061
:101750000000404000000000000000000000007891
:10176000E8E8E86828282828280000000000000091
:10177000008888888898E880800000000000102099
:1017800000000000000000000000000000000060F9
:101790001020106000000000000000000000006049
:1017A0001010207000000000000000000000001079
:1017B0001010FE1010FE000000000000000000608D
:1017C00090906000000000000000000000FC00009D
:1017D0000000000000000000000000000000000009
:1017E00000003E0041009C8092809C80948092800A
:1017F00041003E000000000000000000000000E08A
:101800000000000000000000000000000000007E5A
:10181000020202000000000000000000002850A0AA
:101820005028000000000000000000E010709070E0
:1018300000000000000000000000000000003E006A
:1018400041009C80A080A080A0809C8041003E0040
:101850000000000000000050000000000000000038
:101860000000000000000078808070888870080800
:10187000F000000000004040404000004040404078
:10188000400000000000008850502020F820200078
:101890000000000000000000008870507088000008
:1018A0000000000000000038404040F04040F800D8
:1018B00000000000000000202078A0A0A0A0782058
:1018C0002000000000000040004040404040400038
:1018D0000000000000000000000000000000000008
:1018E0000000000004000000E91E01080D3201089C
:1018F0007D3601088D3D01086D460108A962010889
:10190000A56A0108DD600108B5420108E942010845
:101910006D420108F14601080000000001000000CE
:1019200002000000030000000400000005000000A9
:101930000600000007000000080000000900000089
:101940000A0000000B0000000C0000000D00000069
:101950000E0000000F0000004D810008D980000833
:101960007D81000800000000B9410108E9810008FC
:10197000000000001D3201085D320108C12C010881
:10198000012D01083D2D01080000000001000000AC
:101990002132010861320108C52C0108052D01081A
:1019A0000000000000000000E10201089548010865
:1019B00039450108000000000000000000000000A0
:1019C00000000000E419030800000020F4040000F7
:1019D000E0090008C81C0308F404002014D1010029
:1019E0007CA701085122F833FFFF2205100AC50524
:1019F0000208B908020875033C02082317EF1E2DE0
:101A0000F90108E90413401532203210166840A588
:101A100001201AF00C440C0F68E2024201298C1AD2
:101A20001F960011111FF8E007FF07E0FF07FC30C9
:101A30008418C640BC3B24F4312959013845582E3E
:101A400058581351A61F08FCED0208FF7D2808D046
:101A5000C00120E560010C14FF71302E08B8C101EF
:101A6000200429102901320518086D4E0108AAAA80
:101A7000AAAC12FF94D3D3D39440404017600F0315
:101A800008810C73080E137001180B20814F010898
:101A900069030108600C14ADB2B514FCFCFCFCF445
:101AA000F4F4042A04303B70702014DFDFDF14F3F9
:101AB000F3F33CECECEC0C3CD0D0D020143C7FB1E8
:101AC0000C1746D8FB20142C628B149EB0BA1498C5
:101AD000D1EF14E5F4FC3CC4E5F60C3C68B3DB2024
:101AE00029A049B092FF29D013411B1408BD13222D
:101AF00008120332011328021F2009500108A1B85F
:101B00001A340C5CBD41012049303C9AB6D2041411
:101B1000B9D1EA7205290829043202296C3C4C4CDF
:101B20004C2C3CC0CEDC040C17D7E4F22C1E9D518B
:101B30000108CD6C13A8041520707070FCFCFCFC2F
:101B4000E029B81AD88C1008FCED02085555553C10
:101B5000AAAAAA604113CDB11F08B5520108F944E1
:101B60001AD42414CDFFCD249CEEAC13D4293C1CF4
:101B7000E2335014DADADA14CBCBCB14D5D5D55402
:101B8000A0A0A0180A2954010825040108C478144B
:101B90003C7FB114FDFEFF14E0E0E014E3F4FC141C
:101BA000D6EEFB14A9DBF63C9CCAE31454F0F0F02B
:101BB00014377DA33C959595A0291814F2F2F214E0
:101BC000E8E8E814D8D8D87CBCBCBC2C29B02904DF
:101BD0001AE1641A5D641AE464142C628B149EB0DA
:101BE000BA1AE5607C68B3DB483CC0C0C02C415ADF
:101BF00003043C707070B829602958091A2C45609C
:101C00000F030845FFFFFF0F700A8C190308C52B4F
:101C1000010810659CC20120520413EC033910180E
:101C20000A254A0108D0F50208E4041AF8041E0C3B
:101C3000F6020820041A34041A48041A5C041A70C4
:101C4000041A84041A98041AAC041AC0041AD4049E
:101C50001AE8041AE058290413ED95140851961453
:101C60000823021B087704100F294701081D4201B1
:101C700008540E0308319E1A0898211010070D13FE
:101C8000191F262E3946576D87A7CFFF1A01B04975
:101C9000B42EFF90050308C494AAAAAA132D9B147E
:101CA000089402332002320B29F8548080801329D3
:101CB000B91B080CC429CE1947391C290481138982
:081CC000BB5B0870E441000069
:040000050800018965
:00000001FF
