:020000040800F2
:1000000090B201205D020008BF150008A11300088E
:10001000BD150008790500086518000800000000FB
:100020000000000000000000000000009D0100082A
:100030007B05000800000000F9010008C115000858
:1000400077020008770200087702000877020008AC
:10005000770200087702000877020008770200089C
:10006000770200087702000877020008770200088C
:10007000770200087702000877020008770200087C
:10008000770200087702000877020008770200086C
:10009000770200087702000877020008770200085C
:1000A000770200088516000877020008770200082A
:1000B000770200087702000877020008770200083C
:1000C000770200087702000877020008770200082C
:1000D000770200087702000877020008770200081C
:1000E000770200087702000877020008770200080C
:1000F00077020008770200087702000877020008FC
:1001000077020008770200087702000877020008EB
:1001100077020008770200087702000877020008DB
:1001200077020008770200087702000877020008CB
:1001300077020008770200087702000877020008BB
:1001400077020008770200087702000877020008AB
:10015000770200087702000877020008770200089B
:10016000770200087702000877020008770200088B
:1001700077020008770200087702000800000000FC
:100180007702000877020008DFF80CD000F0E2F9EF
:1001900000480047554F000890B201202C4B1968C9
:1001A0000868B0E8F04F80F30988BFF36F8F4FF015
:1001B000000080F3118870470000000008480068C4
:1001C000006880F308884FF0000080F3148862B65E
:1001D00061B6BFF34F8FBFF36F8F00DF00BF00BF6B
:1001E00008ED00E0DFF80C00016841F470010160E7
:1001F000704700BF88ED00E0EFF30980BFF36F8F19
:10020000134B1A681EF0100F08BF20ED108A20E96A
:10021000F04F106009B44FF0500080F31188BFF325
:100220004F8FBFF36F8F05F075FC4FF0000080F328
:10023000118809BC19680868B0E8F04F1EF0100F6B
:1002400008BFB0EC108A80F30988BFF36F8F704746
:100250007C000020EFF305807047000006488047CF
:1002600006480047FEE7FEE7FEE7FEE7FEE7FEE79B
:10027000FEE7FEE7FEE7FEE77516000889010008C5
:100280002DE9F05F0546002092469B4688460646CB
:10029000814640241BE0284641464746224600F05E
:1002A000EBF853465A46C01A914110D311461846EE
:1002B000224600F0D2F82D1A67EB01084F4622467D
:1002C0000120002100F0C9F817EB00094E41201E63
:1002D000A4F10104DFDC484631462A464346BDE826
:1002E000F09F40EA01039B0703D009E008C9121FF1
:1002F00008C0042AFAD203E011F8013B00F8013BE0
:10030000521EF9D27047D2B201E000F8012B491E0B
:10031000FBD270470022F6E710B513460A460446A2
:100320001946FFF7F0FF204610BD2DE9FE4F81EA88
:10033000030404F0004421F0004100944FF0000B4E
:1003400023F0004350EA01045ED052EA03045BD07C
:10035000C3F30A54C1F30A552C44A4F2F3340194B4
:10036000A0FB0254C1F3130141F48011C3F3130342
:1003700043F4801301FB024400FB034E840A970AF6
:1003800044EA815447EA8357A4FB076802958D0A23
:1003900005FB07854FEA932C04FB0C542705029DAF
:1003A0004FEA065847EA1637B5EB08056EEB070C1F
:1003B000870E920E47EA811742EA8312A7FB0201D9
:1003C000B6EB0B0164EB00042B0D43EA0C335E1813
:1003D00044EB1C50DA465146E7FB0201C5F3130417
:1003E0004FEA0B3343EA14534FEA0432019C43EAC9
:1003F0000603A4F10C040294009CCDE900B400F0C3
:100400005AF803B0BDE8F08F00200146F9E70EB5B9
:1004100040F2334102910021CDE900110A460B461A
:1004200000F049F803B000BDC1F30A5210B5C1F3A2
:10043000130140F2FF3341F480119A4201DA0020A7
:1004400010BD40F233439A42A2F2334203DC5242DF
:1004500000F012F810BD904010BD202A04DB203AB5
:1004600000FA02F1002070479140C2F1200320FA07
:1004700003F3194390407047202A04DB203A21FA05
:1004800002F00021704721FA02F3D040C2F12002AD
:10049000914008431946704710B5141E73F10004CB
:1004A00008DA401C41F1000192185B411A4301D166
:1004B00020F0010010BD2DE9F04D92469B4611B190
:1004C000B1FA81F202E0B0FA80F220329046FFF7F2
:1004D000C4FF04460F4640EA0A0041EA0B015346B6
:1004E0005A46084313D0114653EA010019D0C8F107
:1004F00040025046FFF7C0FF05460E46504659469B
:100500004246FFF7AAFF084305D0012004E0204639
:100510003946BDE8F08D0020054346EAE0762C43DD
:1005200037430A986305E40AA0EB08000022FD0A9D
:1005300044EA47540A3002D500200146E9E70105A4
:1005400010196941DDE9084500196941BDE8F04D20
:10055000A2E70000064C074D06E0E06840F001030A
:1005600094E8070098471034AC42F6D3FFF710FE2A
:10057000BC8E0008DC8E0008FEE770477047000064
:1005800070B5B3F5804F05D06FF0704140F8221080
:10059000002070BD50F82240084B8E891C40D1E9E4
:1005A000003543EA05138D6889692D0245EA064541
:1005B0002B430B43234340F82230E9E70000F0CF00
:1005C000F0B50C6850F82430114A1340D1E90125E8
:1005D000D1E903672A433E4332434E6932438E6971
:1005E0003243CE6932430E6A32434E6A32438E6AD8
:1005F0003243CE6A3243CE6B096B32430A431A430D
:10060000082D01D142F0400240F824200020F0BD26
:100610008000F0FF30B500EB820250688D8900F059
:100620004043D1E9000440EA04108C68240244EA03
:10063000054420430C8A074D05EB045420430C7DF0
:100640006D0105EB04648969204308431843506039
:10065000002030BD0000F0FF2DE9F04387B01421E9
:100660006846FFF757FE26480168002945D1012456
:10067000046024488946016841F001010160006876
:10068000022500F0010005904FF23F00CDE9000582
:1006900002AA03260C2782E8D00069461A4800F017
:1006A0003BF840F23F40CDE9000502AADFF85C804C
:1006B00082E8D0006946404600F02EF84FF683707D
:1006C000CDE9000502AA694682E8D000104800F092
:1006D00023F84FF63370CDE9000502AA694682E897
:1006E000D0000C4800F018F820038DE8210269467C
:1006F0004046CDE9036700F00FF807B0BDE8F0838E
:100700006400002038380240001402400018024003
:1007100000100240000C02402DE9F84FDFF8B8A1AC
:10072000002201250AF1040B03264FF00F090BF1FB
:10073000040E00BF0B6805FA02F42340A3426FD1F8
:100740000F7907F00307012F01D0022F16D1876818
:100750004FEA420806FA08FC27EA0C07D1F80CC059
:100760000CFA08FC4CEA070CC0F808C04768A7431D
:100770000C79C4F3001494403C4344600C79E44386
:10078000A4070AD0C4684FEA420C06FA0CF7BC432F
:100790008F6807FA0CF72743C7600C7904F003044D
:1007A000022C12D1D40800EB840CDCF8204057074F
:1007B000FF0E09FA07F824EA0804D1F8108008FAB5
:1007C00007F848EA0408CCF8208004684FEA420C95
:1007D00006FA0CF7BC430F7907F0030707FA0CF78A
:1007E000274307604C68E40070D53C4C276847F409
:1007F00080472760246822F0030704F480440094B3
:10080000374C07EB040CDCF8084897074FEA1778D9
:1008100009FA08F7BC43334FB84202D1002724E05D
:1008200054E0314FB84201D101271EE02F4FB842AA
:1008300001D1022719E02E4FB84201D1032714E05D
:100840002C4FB84201D104270FE02B4FB84201D101
:1008500005270AE0294FB84201D1062705E0284FB5
:10086000B84201D1072700E0082707FA08F7274315
:10087000CCF80878DAF800405746D1F804C09C4319
:100880005FEACC3C00D51C433C60DBF800405F468F
:10089000D1F804C09C435FEA8C3C00D51C433C600B
:1008A000DEF800407746D1F804C09C435FEACC2CC8
:1008B00000D51C433C60084F0C373C68D1F804C09D
:1008C0009C435FEA8C2C00D51C433C60521C102AD0
:1008D000FFF430AFBDE8F88F003C014044380240DF
:1008E00000300140000002400004024000080240C5
:1008F000000C0240001002400014024000180240A8
:10090000001C02400069084000D0012070470AB175
:10091000816170470904FBE7014880687047000067
:100920006C000020024881680278114481607047A1
:100930006C0000200B4810B5016841F400710160A3
:10094000016841F480610160016841F480710160D7
:10095000032000F08DF8002000F006F800F03EF8CB
:10096000002010BD003C024010B5014688B00022B6
:10097000192000F05DF8192000F04CF8134800240D
:10098000016841F001010160006805A900F0010063
:100990000690684600F018F900F046F90C4940004E
:1009A000B0FBF1F10C480B4A491E026040F2E732FD
:1009B000C0E90324C0E9011400F05BFB10B1012081
:1009C00008B010BD044800F083FBF9E7443802404A
:1009D00040420F000000014058AD01200C4882B099
:1009E000016841F480410160006800F4804000909B
:1009F0000748001F016841F0805101600068002233
:100A000000F0805000900F21901E02B000F010B84E
:100A100044380240002809DB00F01F020121914008
:100A20004009800000F1E020C0F80011704700008C
:100A3000F0B40E4B1B680C46C3F30223C3F1070549
:100A4000042D00D90425191D072901D2002300E037
:100A5000DB1E012606FA05F1491E214099409E4001
:100A6000761E16403143F0BC00F022BF0CED00E0D2
:100A7000064900F0070208684FF6FF03184040EAF5
:100A80000220034A10430860704700000CED00E0AC
:100A90000000FA052DE9F0470E46050065D0DFF8A5
:100AA0001481D8F80000F7B200F00700B04207D276
:100AB00088F80070D8F8000000F00700B04254D168
:100AC00028683D4C810712D5400703D5206840F4C3
:100AD000E05020602878000703D5206840F460408B
:100AE00020602068A96820F0F00008432060287882
:100AF000C0072DD0304968680839012812D0022873
:100B000013D0032811D00968890700292DDA21683C
:100B100021F0030101432160FFF7FEFE814641F20F
:100B2000883A0EE009688903EFE709688901ECE774
:100B3000FFF7F2FEA0EB0901514502D90320BDE801
:100B4000F0872068696800F00C00B0EB810FEFD1EE
:100B5000D8F80010404601F00701B14207D90770EC
:100B6000006800F00700B04201D00120E7E72878D4
:100B7000400705D52068E96820F4E050084320606C
:100B80002878000706D52068296920F4604040EAEB
:100B9000C100206000F058F82168084AC1F3031131
:100BA000515CC8400649086006480068FFF7DCFE53
:100BB0000020C4E7003C0240083802408C8E000848
:100BC00078000020700000200F2202600C4A136899
:100BD00003F003034360136803F0F00383601368BA
:100BE00003F4E053C36012684FF4E05303EAD20207
:100BF00002610448006800F00700086070470000C8
:100C000008380240003C0240044805490068096871
:100C1000044AC1F38221515CC8407047780000202B
:100C2000083802409C8E000804480549006809689D
:100C3000044AC1F34231515CC8407047780000203B
:100C4000083802409C8E0008154810B5006810F066
:100C50000C02144813D04110042A0FD0082A0ED1D8
:100C60000F4C241F2268236802F03F025B0207D565
:100C70002068C0F38810A0FB010106E0084610BD03
:100C80002168C1F38811A1FB00010023FFF7F8FAE6
:100C90002168C1F30141491C4900B0FBF1F010BDCE
:100CA000083802400024F4002DE9F84F04006ED00B
:100CB0002078DFF84C93C007A9F104054AD009F168
:100CC00004000168C1F38101012908D00068C0F364
:100CD000810002280AD1D9F80000400206D5286810
:100CE000800337D560680028E1D033E06068B0F554
:100CF000803F10D0B0F5A02F286810D020F48030AD
:100D00002860286820F4802028606068A8B1FFF778
:100D100003FE06460DE0286840F48030F4E740F416
:100D200080202860F7E700BFFFF7F6FD801B6428EE
:100D300073D828688003F7D50CE0FFF7EDFD064671
:100D400005E000BFFFF7E8FD801B6428F0D82868A5
:100D50008003F7D42078DFF8AC8280074FF0000AD8
:100D60003ED5A748001D016811F00C0F08D000689F
:100D7000C0F3810002280BD1D9F80000400207D44B
:100D80002868800716D5E068012800D112E033E119
:100D9000E068B8B10120C8F80000FFF7BDFD0646C5
:100DA00005E000BFFFF7B8FD801B0228C0D8286807
:100DB0008007F7D52868216920F0F80040EAC100D3
:100DC00028600DE0C8F800A0FFF7A6FD064604E085
:100DD000FFF7A2FD801B02281FD828688007F7D4E0
:100DE0002078000722D5864F87486169703771B136
:100DF00001210160FFF790FD064604E0FFF78CFD3E
:100E0000801B022809D838688007F7D50EE0C0F8A3
:100E100000A0FFF781FD064605E082E0FFF77CFDBC
:100E2000801B02287DD838688007F7D420784007D7
:100E300068D5DFF8CCB100270BF13C0BDBF80000E4
:100E4000C0000BD4DBF8001041F08051CBF800104B
:100E5000DBF80000012700F0805000906B4E3068F6
:100E6000C00510D4306840F480703060FFF754FD46
:100E7000009005E0FFF750FD0099401A022850D875
:100E80003068C005F6D55E4EA0686C3601280FD0DC
:100E90000528306810D020F001003060306820F064
:100EA00004003060A068B8B1FFF736FD00900FE095
:100EB000306840F00100F4E740F004003060F7E7EC
:100EC000FFF72AFD0099411A41F28830814266D825
:100ED00030688007F4D50EE0FFF71EFD009007E0B4
:100EE000FFF71AFD0099411A41F28830814256D825
:100EF00030688007F4D42FB1DBF8001021F0805166
:100F0000CBF80010A069C8B33D49091D0968C1F3B9
:100F1000810102294AD00228504607D0C8F8600053
:100F200000E03CE0FFF7F8FC04463BE04746C8F829
:100F30006000FFF7F1FC064605E000BFFFF7ECFCA0
:100F4000801B02282BD828688001F7D4D4E9070138
:100F50000843A16A2E4A490802EB0141626A41EA4C
:100F60008211084394F82C1040EA0161C9F800107E
:100F700001203866FFF7D0FC044606E03EE000BFE3
:100F8000FFF7CAFC001B022809D828688001F7D5A2
:100F900034E000BFFFF7C0FC001B022802D9032089
:100FA000BDE8F88F28688001F4D427E00128F7D045
:100FB000D9F80000E26900F4800191421CD1226A54
:100FC00000F03F01914217D147F6C071626A0140BB
:100FD000B1EB821F10D1A26A4FF0FF3300F4403111
:100FE00003EB5202B1EB024F06D194F82C1000F043
:100FF0007060B0EB016F01D00120D1E70020CFE796
:101000000438024000004742800E47420070004012
:101010000000FFFF70B515460E46040003D094F89B
:10102000490010B107E0012070BD002084F848009D
:10103000204600F01AF804F108012068FFF7C0FA12
:101040003146A2682068FFF7E5FAD4E90102294693
:10105000236BFFF795FAA168206850F8212042F031
:10106000010240F82120002070BDFFF7F5BA70475B
:10107000704710B5040003D094F83D0010B107E0AC
:10108000012010BD002084F83C00204600F01EF82E
:10109000022084F83D00211D206800F0F9FA0120AB
:1010A00084F8460084F83E0084F83F0084F840004D
:1010B00084F8410084F8420084F8430084F8440036
:1010C00084F8450084F83D00002010BD7047000002
:1010D00090F83D10012901D001207047022180F8CD
:1010E0003D100168CA6842F00102CA6000681149F7
:1010F000884214D0B0F1804F11D00F4988420ED0F1
:101100000E4988420BD00E49884208D00D498842CA
:1011100005D00D49884202D00C49884204D181682B
:1011200001F00701062903D0016841F001010160C7
:10113000002070470000014000040040000800400B
:10114000000C004000040140004001400018004035
:10115000704770B50446006801694FF00005C94347
:10116000890715D4C168C943890711D4E91E0161F3
:1011700001202077206880698007204602D0FFF791
:10118000E7FF04E000F098F8204600F096F8257795
:1011900020680169C943490717D4C168C943490791
:1011A00013D46FF004010161022020772068806968
:1011B00010F4407F204602D0FFF7CAFF04E000F0A1
:1011C0007BF8204600F079F8257720680169C9434B
:1011D000090716D4C168C943090712D46FF0080182
:1011E0000161042020772068C0698007204602D072
:1011F000FFF7AEFF04E000F05FF8204600F05DF876
:10120000257720680169C943C90617D4C168C94355
:10121000C90613D46FF010010161082020772068FF
:10122000C06910F4407F204602D0FFF791FF04E030
:1012300000F042F8204600F040F825772068016968
:10124000C943C90708D1C168C943C90704D1891E68
:101250000161204600F032F820680169C94309069F
:1012600009D4C168C943090605D46FF08001016142
:101270002046FFF7FCFE20680169C943490609D4EE
:10128000C168C943490605D46FF040010161204699
:1012900000F01EF820680169C94389060BD4C168B3
:1012A000C943890607D46FF0200101612046BDE8DB
:1012B0007040FFF7DDBE70BD70477047006803499E
:1012C000884201D1FFF72EBB7047000000000140AB
:1012D000704770B5040004D094F83D00002510B1AB
:1012E00006E0012070BD84F83C50204600F022F852
:1012F000242084F83D002068C16821F40051C160B9
:10130000204600F029FA2068016921F4904101612A
:101310002068416921F02A0141612068C16841F4D7
:101320000051C1602564202084F83D0084F83E000F
:10133000002070BD10B586B0044614216846FEF743
:10134000E9FF14492068884221D11348016841F01F
:1013500010010160006800F0100005900E4814387C
:10136000016841F0010101600068694600F0010078
:1013700005904FF4C060009002200190012002907F
:1013800003200390072004900448FFF7C5F906B036
:1013900010BD00000010014044380240000002402F
:1013A000FEE7000010B58EB01C220B496846FEF720
:1013B00098FF0021684603F078FE084C06491C227D
:1013C00020601C3107A8FEF78CFF002107A803F05E
:1013D0006CFE60600EB010BD548E00085C000020F2
:1013E0002DE9F0478EB01C216846FEF793FF1C21C3
:1013F00007A8FEF78FFF304804210024C0E902143B
:101400001025C0E904458461C4614FF4805A046228
:10141000C0E9094AC46204634463DFF8A0808463BE
:101420004FF020464464C0E9006802200F27CDE950
:10143000000702A908204FF0110981E831020022BB
:1014400069461D480694FFF7E5FD08B1FFF796F8D9
:1014500019480621503007AAC0E90214C0E9044522
:101460008461C4610462C0E9094A4FF48041C0E963
:101470000B41446384634464C0E900683C200097E6
:10148000CDE90170CDF81490CDE903750921CDE9BE
:101490000641CDE90871CDE90C940748CDE90A75FC
:1014A00069465030FFF7B6FD002801D0FFF766F817
:1014B0000EB0BDE8F087000074AC0120040100A06C
:1014C00070B586B014216846FEF724FF2A48002430
:1014D000016841F010010160016801F010010591FF
:1014E000016841F020010160016801F020010591CF
:1014F000016841F080010160016801F080010591FF
:10150000016841F040010160016801F0400105916E
:10151000016841F002010160016801F002010591DA
:10152000016841F008010160016801F008010591BE
:10153000016841F0010101600068012200F0010032
:101540000E4ED503059029463046FFF7E0F91820E6
:10155000CDE900040124694609480294FFF7DCF84C
:1015600002210095CDE90141039169463046FFF71C
:10157000D3F806B070BD00003038024000040240CD
:10158000001002400C4810B50A4901604FF4E131E7
:101590004160002181600C22C160C0E904128161B8
:1015A000C161FFF796FE002803D0BDE81040FEF7AA
:1015B000E5BF10BD0010014014AD0120FEE77047EB
:1015C00010B5502080F31188BFF34F8FBFF36F8F9A
:1015D00004F0A6FB18B104494FF0805008600020C9
:1015E00080F3118810BD000004ED00E030B593B029
:1015F00030216846FEF78EFE14210CA8FEF78AFE05
:101600001A480025016841F080510160006800F02F
:10161000805011901648016841F4804101600068D3
:10162000022400F4804011900120009000040190F9
:101630008001CDE90640082008904FF4A870CDE95C
:10164000090404200B906846FFF72EFB0CA90F201D
:1016500081E831004FF4A0500F90E0021090052176
:101660000CA8FFF717FA13B030BD00004038024055
:10167000007000400248016841F470010160704749
:1016800088ED00E00148FFF764BD000058AD01207F
:10169000F0B50268254C264D264E274F274B4FF0BC
:1016A000804CA04209D0604507D0A84205D0B04286
:1016B00003D0B84201D0984204D122F0700E4A689B
:1016C00042EA0E02A0421BD0604519D0A84217D0B2
:1016D000B04215D0B84213D0984211D0184DA8424C
:1016E0000ED0184DA8420BD0174DA84208D0174D68
:1016F000A84205D0164DA84202D0164DA84203D1EB
:1017000022F44075CA682A434D6922F080022A43B8
:1017100002608A68C2620A688262A04201D098426E
:1017200001D10969016301214161F0BD000001405F
:101730000004004000080040000C0040000401408C
:1017400000400140004401400048014000180040B2
:10175000001C00400020004070B50446006801698C
:10176000E26821F44051114301612169A068E269F6
:1017700008436169114308432168CA6849F20C6350
:101780009A430243CA6020684169A26921F440710A
:101790001143416131492068884202D03049884272
:1017A00002D1FFF741FA01E0FFF72EFAE2690023C8
:1017B000192164253226B2F5004F626828D0A0FBBB
:1017C0000101930F9200FEF75BFD0146B0FBF5F0BF
:1017D0006FF01802504301EB800006EB0010B0FBE5
:1017E000F5F000F0F002B1FBF5F002EB0012B1FBF6
:1017F000F5F06FF01803584301EB800006EB001082
:10180000B0FBF5F000F00F0021681044886070BD57
:10181000A0FB010192185B41FEF732FD0146B0FBCF
:10182000F5F00201B1FBF5F06FF01803584301EB3E
:10183000800006EBC000B0FBF5F000F0F80002EB12
:101840004002B1FBF5F0584301EB800006EBC0000D
:10185000B0FBF5F000F00700D6E7000000100140F3
:1018600000140140FEE700000FB4054B10B503A9BA
:10187000044A029800F03CF810BC5DF814FB00002C
:10188000A91D0008E40000200FB4084B10B504A9FE
:1018900002AA039800F02CF8044602A9002000F0E8
:1018A00058FA204610BC5DF814FB0000531D0008D8
:1018B0000907090E002804DB00F1E02080F800147D
:1018C000704700F00F0000F1E02080F8141D704711
:1018D00002E008C8121F08C1002AFAD170477047F9
:1018E000002001E001C1121F002AFBD17047000057
:1018F0002DE9FF4F8DB00F460546002606E025284E
:101900000BD0DDE90F1290476D1C761C287800285B
:10191000F5D111B03046BDE8F08F0024A246A146B3
:101920000122EC4900E0044315F8013F203B02FA94
:1019300003F00842F7D128782A2810D06FF02F0240
:101940002878A0F13001092914D80AEB8A0102EBAA
:10195000410144F0020400EB010A6D1CF0E701CFE5
:101960005FEA000A03D544F40054CAF1000A44F0C7
:1019700002046D1C28782E2817D115F8010F44F0A9
:1019800004042A280ED06FF02F022878A0F130012D
:1019900009290AD809EB890102EB410100EB010991
:1019A0006D1CF2E757F8049B6D1C28786C280FD04B
:1019B00006DC4C2817D068280DD06A2814D104E022
:1019C000742810D07A280FD10DE044F400140AE0F6
:1019D00044F4801401E044F440146978814202D157
:1019E00004F580146D1C6D1C2A786E2A1FD00CDC47
:1019F000632A31D004DC002A8BD0582A11D1A3E00D
:101A0000642A68D0692A0CD165E0732A2ED004DCE0
:101A10006F2A73D0702A04D19BE0752A6FD0782A80
:101A20006ED01046DDE90F129047761C50E1C4F3EA
:101A30000250022806D0032809D0042801CF09D07B
:101A4000066045E101CFF117C0E9006140E101CF37
:101A500006803DE106703BE117F8040B8DF80000AD
:101A600000208DF80100EB46012003E057F804BB8D
:101A70004FF0FF3061074FF0000102D40DE008F194
:101A80000101884649450FDA8045F8DB1BF808104C
:101A90000029F4D108E008F1010188468142FADB0F
:101AA0001BF808100029F6D1DDE90F23AAEB080086
:101AB0008146214600F036F9304400EB080604E088
:101AC000DDE90F121BF8010B9047B8F10108F7D2BE
:101AD00021464846F7E00A21C4F302534FF0000BB9
:101AE0000891022B04D001CFC117032B09D00AE0C3
:101AF000FF1D27F00707F7E8020108E032E01FE0CA
:101B000020E000B2C117042B01D140B2C117031E5F
:101B100071F1000307DA4FF0000CD0EB0C006CEB16
:101B200001012D2302E0230504D52B238DF8243059
:101B3000012303E0E30701D02023F7E7984658E0AC
:101B40000A2110E010210EE010204FF0000B089049
:101B50000CE010214FF0000B44F004044FF0080992
:101B6000089103E008214FF0000B0891C4F30253E1
:101B7000022B04D001CF0021032B06D006E0FF1D6D
:101B800027F00707F7E8020103E080B2042B00D139
:101B9000C0B24FF0000823072BD5702A07D0DDF81C
:101BA00020C08CF0100C5CEA0B0C05D00EE040233A
:101BB0008DF82430012308E050EA010306D03023D9
:101BC0008DF824308DF8252002239846DDF820C0BA
:101BD0008CF0080C5CEA0B0C0BD150EA010301D12C
:101BE000630706D530238DF824304FF00108A9F1A2
:101BF0000109582A04D038A20B9208AA0A920BE0D5
:101C00003AA2F9E75B46089AFEF73AFB0B9B9B5C0E
:101C10000A9A521E0A92137050EA0102F2D10A98EF
:101C2000ADEB000000F1200B600702D524F48034F6
:101C300001E04FF00109D94502DDA9EB0B0000E0FE
:101C4000002000EB0B0141440890AAEB010AE003DD
:101C500006D4DDE90F232146504600F063F8064420
:101C60004FF0000908E009A911F80900DDE90F1299
:101C7000904709F10109761CC145F4DBE0030CD55E
:101C8000DDE90F232146504600F04CF8064404E0FD
:101C9000DDE90F1230209047761C0899481E089005
:101CA0000029F5DC08E00A980A990078491C0A9195
:101CB000DDE90F129047761CBBF10001ABF1010B7F
:101CC000F1DC21465046DDE90F2300F019F8064407
:101CD0006D1C1BE6092801003031323334353637AC
:101CE0003839616263646566000000003031323368
:101CF0003435363738394142434445460000000008
:101D00002DE9F041044600251E461746880404D4F8
:101D100005E039462020B0476D1C641EF9D52846E1
:101D2000BDE8F0812DE9F041044600251E469046AD
:101D3000C80301D5302700E02027880404D505E03A
:101D400041463846B0476D1C641EF9D52846BDE8AB
:101D5000F0810A68531C0B601070704701490860DD
:101D600070470000000000204FF47A71484300F0F3
:101D700001B8000070B54FF0E02400226569094900
:101D8000A36909684843A1699942FCD002D2A3EB38
:101D9000010302E0A5EB010633441A440B468242DC
:101DA000F1D370BD0000002002490A681206FCD57C
:101DB00048607047001001402DE9F04100241A4DA1
:101DC0001A4E012708B12F7001E0287848B1102180
:101DD0003046FEF797FD58B108213046FEF792FDD8
:101DE00030B110213046FEF78DFD012812D018E0E9
:101DF0000A20FFF7B9FF0020287010213046FEF7B7
:101E000081FD00B9012408213046FEF77BFD40B971
:101E1000022406E008213046FEF774FD012800D1B7
:101E20002F702046BDE8F0814800002000100240DD
:101E300070B50A490646002408884D882146454366
:101E4000204602F0DFFE03F075F84FF0D84002E0C4
:101E5000A0F88060641CAC42FAD370BDE80000209A
:101E60002DE9F04F38492C260A46887192884FF4A4
:101E7000305A4FF4285B41F6631E2B274FF02A0C93
:101E80004FF0F00845F210594FF448754FF4A07424
:101E90004FF4F07358B10C80A1F802804A4530D15C
:101EA000A1F808A0A1F80AB03802888141E0A1F8A1
:101EB00000804C804A4507D1A1F808A0A1F80AB0DB
:101EC0004FF42C50888105E072450E8105D14F8179
:101ED000A1F80CC00B804D8002E0A1F80AC08F81F0
:101EE000A2F5A640103803D0A2F5EE40963801D1F5
:101EF0000C804B80A2F5184006381FD10B804D8016
:101F00001CE0724511D0A2F5184006380DD00E81A4
:101F1000A1F80AC0A1F80C70A2F5A64010380BD0A9
:101F2000A2F5EE40963807D008E00E81A1F80AC06D
:101F30008F810D804B80EFE70B804C80BDE8F04F28
:101F4000002002F09DBD0000E800002010B51446FE
:101F500002F058FE02F0EEFF4FF0D840A0F88040AB
:101F600010BD10B5CF2002F0D9FF002002F0CAFF4B
:101F7000C12002F0C7FF302002F0C4FFED2002F0C4
:101F8000CDFF642002F0BEFF032002F0BBFF122051
:101F900002F0B8FF812002F0B5FFE82002F0BEFF9A
:101FA000852002F0AFFF102002F0ACFF7A2002F093
:101FB000A9FFCB2002F0B2FF392002F0A3FF2C20B2
:101FC00002F0A0FF002002F09DFF342002F09AFFF3
:101FD000022002F097FFF72002F0A0FF202002F07D
:101FE00091FFEA2002F09AFF002002F08BFF002010
:101FF00002F088FFC02002F091FF1B2002F082FF58
:10200000C12002F08BFF012002F07CFFC52002F00E
:1020100085FF302002F076FF302002F073FFC720EA
:1020200002F07CFFB72002F06DFF362002F076FF51
:10203000482002F067FF3A2002F070FF552002F0BE
:1020400061FFB12002F06AFF002002F05BFF1A205E
:1020500002F058FFB62002F061FF0A2002F052FFA2
:10206000A22002F04FFFF22002F058FF002002F001
:1020700049FF262002F052FF012002F043FFE0203A
:1020800002F04CFF0F2002F03DFF2A2002F03AFF41
:10209000282002F037FF082002F034FF0E2002F063
:1020A00031FF082002F02EFF542002F02BFFA92060
:1020B00002F028FF432002F025FF0A2002F022FF51
:1020C0000F2002F01FFF002002F01CFF002002F092
:1020D00019FF002002F016FF002002F013FFE1209C
:1020E00002F01CFF002002F00DFF152002F00AFF95
:1020F000172002F007FF072002F004FF112002F072
:1021000001FF062002F0FEFE2B2002F0FBFE56200F
:1021100002F0F8FE3C2002F0F5FE052002F0F2FE8F
:10212000102002F0EFFE0F2002F0ECFE3F2002F044
:10213000E9FE3F2002F0E6FE0F2002F0E3FE2B2036
:1021400002F0ECFE002002F0DDFE002002F0DAFEDC
:10215000012002F0D7FE3F2002F0D4FE2A2002F038
:10216000DDFE002002F0CEFE002002F0CBFE0020BB
:1021700002F0C8FEEF2002F0C5FE112002F0CEFEF4
:102180007820FFF7F1FDBDE81040292002F0C6BE1F
:1021900010B5FF2002F0C2FEFF2002F0B3FE98202F
:1021A00002F0B0FE062002F0ADFEBC2002F0B6FE4A
:1021B000012002F0A7FE0F2002F0A4FE612002F031
:1021C000A1FEFF2002F09EFE012002F09BFE0120F6
:1021D00002F098FE0B2002F095FE102002F092FE15
:1021E000372002F08FFE632002F08CFEFF2002F009
:1021F00089FEFF2002F086FE012002F083FE01200E
:1022000002F080FE002002F07DFE002002F07AFE47
:10221000FF2002F077FE522002F074FE012002F04F
:1022200071FE002002F06EFE402002F06BFEBD2029
:1022300002F074FE012002F065FE232002F062FE2F
:10224000452002F05FFE672002F05CFE012002F0F4
:1022500059FE232002F056FE452002F053FE67206F
:1022600002F050FEBE2002F059FE002002F04AFEAD
:10227000012002F047FEAB2002F044FE602002F095
:1022800041FE222002F03EFE222002F03BFE2220F0
:1022900002F038FE222002F035FE222002F032FE4B
:1022A000C72002F03BFE362002F02CFEED2002F0AB
:1022B00035FE7F2002F026FE0F2002F023FEC02014
:1022C00002F02CFE0F2002F01DFE0B2002F01AFE81
:1022D0000A2002F017FEFC2002F020FE082002F087
:1022E00011FEDF2002F01AFE002002F00BFE00209B
:1022F00002F008FE002002F005FE002002F002FEBF
:10230000002002F0FFFD202002F0FCFDF32002F08F
:1023100005FE742002F0F6FDB42002F0FFFD00205F
:1023200002F0F0FD002002F0EDFD002002F0EAFDD9
:10233000F72002F0F3FD822002F0E4FDB12002F06C
:10234000EDFD002002F0DEFD132002F0DBFD132086
:1023500002F0D8FDF22002F0E1FD802002F0D2FD73
:10236000042002F0CFFD402002F0CCFD282002F036
:10237000C9FDC12002F0D2FD172002F0C3FD882064
:1023800002F0C0FD882002F0BDFD202002F0BAFD61
:10239000E02002F0C3FD002002F0B4FD0A2002F0AC
:1023A000B1FD122002F0AEFD102002F0ABFD0E20B8
:1023B00002F0A8FD202002F0A5FDCC2002F0A2FD35
:1023C000072002F09FFD062002F09CFD0B2002F08A
:1023D00099FD0E2002F096FD0F2002F093FD0D20D6
:1023E00002F090FD152002F08DFD102002F08AFD14
:1023F000002002F087FDE12002F090FD002002F0B5
:1024000081FD0B2002F07EFD132002F07BFD0D20EC
:1024100002F078FD0E2002F075FD1B2002F072FD27
:10242000712002F06FFD062002F06CFD062002F024
:1024300069FD0A2002F066FD0F2002F063FD0E2008
:1024400002F060FD0F2002F05DFD152002F05AFD44
:102450000C2002F057FD002002F054FD2A2002F06B
:102460005DFD002002F04EFD002002F04BFD01203A
:1024700002F048FDDF2002F045FD2B2002F04EFD6A
:10248000002002F03FFD002002F03CFD032002F09E
:1024900039FD1F2002F036FD3A2002F03FFD5520A5
:1024A00002F030FD362002F039FD002002F02AFD56
:1024B000112002F033FD7820FFF756FC292002F0AE
:1024C0002DFD1420FFF750FCBDE810402C2002F039
:1024D00025BD10B5ED2002F021FD012002F012FD16
:1024E000FE2002F00FFDEE2002F018FDDE2002F0CB
:1024F00009FD212002F006FDF12002F00FFD012070
:1025000002F000FDDF2002F009FD102002F0FAFCCD
:10251000C42002F003FD8F2002F0F4FCC62002F07C
:10252000FDFC002002F0EEFCE22002F0EBFCE220D9
:1025300002F0E8FCE22002F0E5FCBF2002F0EEFC35
:10254000AA2002F0DFFCB02002F0E8FC0D2002F02F
:10255000D9FC002002F0D6FC0D2002F0D3FC0020B4
:1025600002F0D0FC112002F0CDFC002002F0CAFCE9
:10257000192002F0C7FC002002F0C4FC212002F068
:10258000C1FC002002F0BEFC2D2002F0BBFC0020AC
:1025900002F0B8FC3D2002F0B5FC002002F0B2FCD5
:1025A0005D2002F0AFFC002002F0ACFC5D2002F0E8
:1025B000A9FC002002F0A6FCB12002F0AFFC8020B4
:1025C00002F0A0FC002002F09DFC8B2002F09AFC9F
:1025D000002002F097FC962002F094FC002002F00C
:1025E00091FCB22002F09AFC002002F08BFC00204B
:1025F00002F088FC022002F085FC002002F082FC40
:10260000032002F07FFC002002F07CFCB32002F0EB
:1026100085FC002002F076FC002002F073FC002014
:1026200002F070FC002002F06DFC002002F06AFC59
:10263000002002F067FC002002F064FC002002F0A1
:1026400061FC002002F05EFC002002F05BFC002038
:1026500002F058FC002002F055FC002002F052FC71
:10266000002002F04FFC002002F04CFC002002F0A1
:1026700049FC002002F046FC002002F043FC002050
:1026800002F040FC002002F03DFC002002F03AFC89
:10269000002002F037FC002002F034FC002002F0A1
:1026A00031FCB42002F03AFC8B2002F02BFC00201D
:1026B00002F028FC962002F025FC002002F022FC0B
:1026C000A12002F01FFC002002F01CFCB52002F04B
:1026D00025FC022002F016FC002002F013FC03206F
:1026E00002F010FC002002F00DFC042002F00AFCB5
:1026F000002002F007FCB62002F010FC002002F0DF
:1027000001FC002002F0FEFBB72002F007FC0020D5
:1027100002F0F8FB002002F0F5FB3F2002F0F2FB94
:10272000002002F0EFFB5E2002F0ECFB002002F044
:10273000E9FB642002F0E6FB002002F0E3FB8C20C2
:1027400002F0E0FB002002F0DDFBAC2002F0DAFB3F
:10275000002002F0D7FBDC2002F0D4FB002002F0C6
:10276000D1FB702002F0CEFB002002F0CBFB9020CA
:1027700002F0C8FB002002F0C5FBEB2002F0C2FB18
:10278000002002F0BFFBDC2002F0BCFB002002F0C6
:10279000B9FBB82002F0C2FB002002F0B3FB00201E
:1027A00002F0B0FB002002F0ADFB002002F0AAFB1B
:1027B000002002F0A7FB002002F0A4FB002002F0A2
:1027C000A1FB002002F09EFBBA2002F0A7FB242010
:1027D00002F098FB002002F095FB002002F092FB33
:1027E000002002F08FFBC12002F098FB202002F0B5
:1027F00089FB002002F086FB542002F083FB0020BE
:1028000002F080FBFF2002F07DFB002002F07AFB4B
:10281000C22002F083FB0A2002F074FB002002F0C9
:1028200071FB042002F06EFB002002F06BFBC32062
:1028300002F074FB3C2002F065FB002002F062FB1A
:102840003A2002F05FFB002002F05CFB392002F02E
:1028500059FB002002F056FB372002F053FB00200A
:1028600002F050FB3C2002F04DFB002002F04AFB3E
:10287000362002F047FB002002F044FB322002F039
:1028800041FB002002F03EFB2F2002F03BFB00202A
:1028900002F038FB2C2002F035FB002002F032FB66
:1028A000292002F02FFB002002F02CFB262002F052
:1028B00029FB002002F026FB242002F023FB00204D
:1028C00002F020FB242002F01DFB002002F01AFB86
:1028D000232002F017FB002002F014FB3C2002F042
:1028E00011FB002002F00EFB362002F00BFB002053
:1028F00002F008FB322002F005FB002002F002FB90
:102900002F2002F0FFFA002002F0FCFA2C2002F047
:10291000F9FA002002F0F6FA292002F0F3FA00207A
:1029200002F0F0FA262002F0EDFA002002F0EAFAB6
:10293000242002F0E7FA002002F0E4FA242002F05A
:10294000E1FA002002F0DEFA232002F0DBFA002098
:1029500002F0D8FAC42002F0E1FA622002F0D2FAC2
:10296000002002F0CFFA052002F0CCFA002002F09D
:10297000C9FA842002F0C6FA002002F0C3FAF0205F
:1029800002F0C0FA002002F0BDFA182002F0BAFAF4
:10299000002002F0B7FAA42002F0B4FA002002F0FE
:1029A000B1FA182002F0AEFA002002F0ABFA502083
:1029B00002F0A8FA002002F0A5FA0C2002F0A2FA18
:1029C000002002F09FFA172002F09CFA002002F08B
:1029D00099FA952002F096FA002002F093FAF3207B
:1029E00002F090FA002002F08DFAE62002F08AFA56
:1029F000002002F087FAC52002F090FA322002F09F
:102A000081FA002002F07EFA442002F07BFA0020D6
:102A100002F078FA652002F075FA002002F072FAEE
:102A2000762002F06FFA002002F06CFA882002F0A3
:102A300069FA002002F066FAC62002F06FFA202040
:102A400002F060FA002002F05DFA172002F05AFA54
:102A5000002002F057FA012002F054FA002002F0A0
:102A600051FAC72002F05AFA002002F04BFA002077
:102A700002F048FA002002F045FA002002F042FA83
:102A8000C82002F04BFA002002F03CFA002002F0CD
:102A900039FA002002F036FA002002F033FAC92099
:102AA00002F03CFA002002F02DFA002002F02AFA8F
:102AB000002002F027FA002002F024FA002002F0A1
:102AC00021FA002002F01EFA002002F01BFA00207A
:102AD00002F018FA002002F015FA002002F012FAB3
:102AE000002002F00FFA002002F00CFA002002F0A1
:102AF00009FA002002F006FA002002F003FA002092
:102B000002F000FAE02002F009FA162002F0FAF9C9
:102B1000002002F0F7F91C2002F0F4F9002002F086
:102B2000F1F9212002F0EEF9002002F0EBF9362055
:102B300002F0E8F9002002F0E5F9462002F0E2F99F
:102B4000002002F0DFF9522002F0DCF9002002F050
:102B5000D9F9642002F0D6F9002002F0D3F97A20E6
:102B600002F0D0F9002002F0CDF98B2002F0CAF972
:102B7000002002F0C7F9992002F0C4F9002002F009
:102B8000C1F9A82002F0BEF9002002F0BBF9B9207B
:102B900002F0B8F9002002F0B5F9C42002F0B2F951
:102BA000002002F0AFF9CA2002F0ACF9002002F0D8
:102BB000A9F9D22002F0A6F9002002F0A3F9D92049
:102BC00002F0A0F9002002F09DF9E02002F09AF94D
:102BD000002002F097F9F32002F094F9002002F0AF
:102BE00091F9E12002F09AF9162002F08BF9002009
:102BF00002F088F91C2002F085F9002002F082F929
:102C0000222002F07FF9002002F07CF9362002F049
:102C100079F9002002F076F9452002F073F90020DE
:102C200002F070F9522002F06DF9002002F06AF90A
:102C3000642002F067F9002002F064F97A2002F0C3
:102C400061F9002002F05EF98B2002F05BF90020B0
:102C500002F058F9992002F055F9002002F052F9DB
:102C6000A82002F04FF9002002F04CF9B92002F040
:102C700049F9002002F046F9C42002F043F900208F
:102C800002F040F9CA2002F03DF9002002F03AF9C2
:102C9000D22002F037F9002002F034F9D82002F0F7
:102CA00031F9002002F02EF9E02002F02BF900208B
:102CB00002F028F9F32002F025F9002002F022F9B1
:102CC000E22002F02BF9052002F01CF9002002F0AE
:102CD00019F90B2002F016F9002002F013F91B205D
:102CE00002F010F9002002F00DF9342002F00AF988
:102CF000002002F007F9442002F004F9002002F05D
:102D000001F94F2002F0FEF8002002F0FBF86120EC
:102D100002F0F8F8002002F0F5F8792002F0F2F85D
:102D2000002002F0EFF8882002F0ECF8002002F01A
:102D3000E9F8972002F0E6F8002002F0E3F8A62078
:102D400002F0E0F8002002F0DDF8B72002F0DAF837
:102D5000002002F0D7F8C22002F0D4F8002002F0E0
:102D6000D1F8C72002F0CEF8002002F0CBF8D12035
:102D700002F0C8F8002002F0C5F8D62002F0C2F830
:102D8000002002F0BFF8DD2002F0BCF8002002F0C5
:102D9000B9F8F32002F0B6F8002002F0B3F8E3200F
:102DA00002F0BCF8052002F0ADF8002002F0AAF80D
:102DB0000A2002F0A7F8002002F0A4F81C2002F07C
:102DC000A1F8002002F09EF8332002F09BF80020CA
:102DD00002F098F8442002F095F8002002F092F8F2
:102DE000502002F08FF8002002F08CF8622002F0F0
:102DF00089F8002002F086F8782002F083F800209D
:102E000002F080F8882002F07DF8002002F07AF8C5
:102E1000972002F077F8002002F074F8A62002F064
:102E200071F8002002F06EF8B72002F06BF8002075
:102E300002F068F8C22002F065F8002002F062F8A3
:102E4000C72002F05FF8002002F05CF8D12002F009
:102E500059F8002002F056F8D52002F053F800206F
:102E600002F050F8DD2002F04DF8002002F04AF8A0
:102E7000F32002F047F8002002F044F8E42002F0CA
:102E80004DF8012002F03EF8002002F03BF801204E
:102E900002F038F8002002F035F8022002F032F893
:102EA000002002F02FF82A2002F02CF8002002F077
:102EB00029F83C2002F026F8002002F023F84B20ED
:102EC00002F020F8002002F01DF85D2002F01AF850
:102ED000002002F017F8742002F014F8002002F02D
:102EE00011F8842002F00EF8002002F00BF8932075
:102EF00002F008F8002002F005F8A22002F002F823
:102F0000002001F0FFFFB32001F0FCFF002001F0E2
:102F1000F9FFBE2001F0F6FF002001F0F3FFC4200E
:102F200001F0F0FF002001F0EDFFCD2001F0EAFFFD
:102F3000002001F0E7FFD32001F0E4FF002001F0C2
:102F4000E1FFDD2001F0DEFF002001F0DBFFF320D8
:102F500001F0D8FF002001F0D5FFE52001F0DEFFF1
:102F6000002001F0CFFF002001F0CCFF002001F095
:102F7000C9FF002001F0C6FF022001F0C3FF0020BE
:102F800001F0C0FF292001F0BDFF002001F0BAFFD1
:102F90003C2001F0B7FF002001F0B4FF4B2001F00E
:102FA000B1FF002001F0AEFF5D2001F0ABFF00207B
:102FB00001F0A8FF742001F0A5FF002001F0A2FF9E
:102FC000842001F09FFF002001F09CFF932001F07E
:102FD00099FF002001F096FFA22001F093FF00204E
:102FE00001F090FFB32001F08DFF002001F08AFF77
:102FF000BE2001F087FF002001F084FFC42001F013
:1030000081FF002001F07EFFCD2001F07BFF00203A
:1030100001F078FFD32001F075FF002001F072FF6E
:10302000DC2001F06FFF002001F06CFFF32001F0C5
:1030300069FF002001F066FFE62001F06FFF11201C
:1030400001F060FF002001F05DFF342001F05AFF25
:10305000002001F057FF562001F054FF002001F03E
:1030600051FF762001F04EFF002001F04BFF77204A
:1030700001F048FF002001F045FF662001F042FF0B
:10308000002001F03FFF882001F03CFF002001F00C
:1030900039FF992001F036FF002001F033FFBB20FB
:1030A00001F030FF002001F02DFF992001F02AFFF0
:1030B000002001F027FF662001F024FF002001F02E
:1030C00021FF552001F01EFF002001F01BFF5520BD
:1030D00001F018FF002001F015FF452001F012FF5C
:1030E000002001F00FFF432001F00CFF002001F051
:1030F00009FF442001F006FF002001F003FFE72054
:1031000001F00CFF322001F0FDFE002001F0FAFE7C
:10311000552001F0F7FE002001F0F4FE762001F0CA
:10312000F1FE002001F0EEFE662001F0EBFE002033
:1031300001F0E8FE672001F0E5FE002001F0E2FE6C
:10314000672001F0DFFE002001F0DCFE872001F0A7
:10315000D9FE002001F0D6FE992001F0D3FE002018
:1031600001F0D0FEBB2001F0CDFE002001F0CAFE30
:10317000992001F0C7FE002001F0C4FE772001F085
:10318000C1FE002001F0BEFE442001F0BBFE002085
:1031900001F0B8FE562001F0B5FE002001F0B2FEAD
:1031A000232001F0AFFE002001F0ACFE332001F03F
:1031B000A9FE002001F0A6FE452001F0A3FE00209C
:1031C00001F0A0FEE82001F0A9FE002001F09AFE27
:1031D000002001F097FE992001F094FE002001F0FC
:1031E00091FE872001F08EFE002001F08BFE8820EA
:1031F00001F088FE002001F085FE772001F082FEBC
:10320000002001F07FFE662001F07CFE002001F02E
:1032100079FE882001F076FE002001F073FEAA20DE
:1032200001F070FE002001F06DFEBB2001F06AFE8F
:10323000002001F067FE992001F064FE002001F0FB
:1032400061FE662001F05EFE002001F05BFE55206D
:1032500001F058FE002001F055FE552001F052FE0D
:10326000002001F04FFE442001F04CFE002001F050
:1032700049FE442001F046FE002001F043FE5520A7
:1032800001F040FE002001F03DFEE92001F046FE85
:10329000AA2001F037FE002001F034FE002001F0EA
:1032A00031FE002001F02EFE002001F037FEAA20A2
:1032B00001F028FECF2001F031FE002001F022FEB7
:1032C000002001F01FFE002001F01CFE002001F094
:1032D00019FE002001F016FE002001F013FE002070
:1032E00001F010FE002001F00DFE002001F00AFEAA
:1032F000002001F007FE002001F004FE002001F094
:1033000001FE002001F0FEFD002001F0FBFD002089
:1033100001F0F8FD002001F0F5FD002001F0F2FDC4
:10332000F02001F0FBFD002001F0ECFD502001F049
:10333000E9FD002001F0E6FD002001F0E3FD0020A2
:1033400001F0E0FDF32001F0E9FD002001F0DAFDDD
:10335000F92001F0E3FD062001F0D4FD102001F07A
:10336000D1FD292001F0CEFD002001F0CBFD3A2057
:1033700001F0D4FD552001F0C5FD112001F0CEFD76
:103380006420FEF7F1FC292001F0C8FD352001F092
:10339000C5FD002001F0B6FD512001F0BFFDFF206A
:1033A00001F0B0FD532001F0B9FD2C2001F0AAFD81
:1033B000552001F0B3FD822001F0A4FDBDE81040CE
:1033C0002C2001F0ABBD2DE9F05F4FF47043552187
:1033D000184601F0B9FD4FF20104AA21204601F080
:1033E000B3FD651C5221284601F0AEFDA61C082144
:1033F000304601F0A9FDE71C0121384601F0A4FD8B
:103400000D214FF4304001F09FFD0D214BF20100E2
:1034100001F09AFD0D214BF2020001F095FD4FF4F1
:1034200036483421404601F08FFD34214BF20160D3
:1034300001F08AFD34214BF2026001F085FD4FF46A
:1034400031490D21484601F07FFD4BF2011A0D2153
:10345000504601F079FD0D214BF2021001F074FD90
:103460004FF4374B3421584601F06EFD34214BF2B6
:10347000017001F069FD34214BF2027001F064FD2E
:1034800000214FF4324001F05FFD00214BF201209A
:1034900001F05AFD00214BF2022001F055FD2421DC
:1034A0004FF4384001F050FD24214BF6010001F0AB
:1034B0004BFD24214BF6020001F046FD01214FF4A3
:1034C0003F4001F041FD0F214FF4334001F03CFD3E
:1034D0000F214BF2013001F037FD0F214BF202308A
:1034E00001F032FD34214FF4394001F02DFD34213B
:1034F0004BF6011001F028FD34214BF6021001F0CB
:1035000023FD08214FF4354001F01EFD08214BF248
:10351000015001F019FD08214BF2025001F014FD99
:1035200003214FF4424001F00FFD24214FF43A40B3
:1035300001F00AFD24214BF6012001F005FD2421B4
:103540004BF6022001F000FD00214FF43C4001F059
:10355000FBFC78214BF6014001F0F6FC00214BF614
:10356000024001F0F1FC00214FF43D4001F0ECFC81
:1035700078214BF6015001F0E7FC00214BF6025098
:1035800001F0E2FC00214FF43E4001F0DDFC64213B
:103590004BF6016001F0D8FC00214FF4514001F0DE
:1035A000D3FC33214DF2011001F0CEFC00214DF28D
:1035B000021001F0C9FC34214DF2031001F0C4FCEB
:1035C00000214DF2041001F0BFFC3A214DF205102C
:1035D00001F0BAFC00214DF2061001F0B5FC4A21C1
:1035E0004DF2071001F0B0FC00214DF2081001F07F
:1035F000ABFC5C214DF2091001F0A6FC00214DF25C
:103600000A1001F0A1FC81214DF20B1001F09CFC8D
:1036100000214DF20C1001F097FCA6214DF20D1087
:1036200001F092FC00214DF20E1001F08DFCE5211D
:103630004DF20F1001F088FC01214DF2101001F045
:1036400083FC13214DF2111001F07EFC01214DF29B
:10365000121001F079FC54214DF2131001F074FCAA
:1036600001214DF2141001F06FFC82214DF2151072
:1036700001F06AFC01214DF2161001F065FCCA212F
:103680004DF2171001F060FC02214DF2181001F00C
:103690005BFC00214DF2191001F056FC02214DF2A5
:1036A0001A1001F051FC01214DF21B1001F04CFCED
:1036B00002214DF21C1001F047FC34214DF21D1087
:1036C00001F042FC02214DF21E1001F03DFC672189
:1036D0004DF21F1001F038FC02214DF2201001F0D4
:1036E00033FC84214DF2211001F02EFC02214DF219
:1036F000221001F029FCA4214DF2231001F024FC3A
:1037000002214DF2241001F01FFCB7214DF22510CB
:1037100001F01AFC02214DF2261001F015FCCF2118
:103720004DF2271001F010FC02214DF2281001F09B
:103730000BFCDE214DF2291001F006FC02214DF2B6
:103740002A1001F001FCF2214DF22B1001F0FCFBDC
:1037500002214DF22C1001F0F7FBFE214DF22D104D
:1037600001F0F2FB03214DF22E1001F0EDFB1021D0
:103770004DF22F1001F0E8FB03214DF2301001F063
:10378000E3FB33214DF2311001F0DEFB03214DF25A
:10379000321001F0D9FB6D214DF2331001F0D4FB52
:1037A00000214FF4524001F0CFFB33214DF20120B4
:1037B00001F0CAFB00214DF2022001F0C5FB3421CB
:1037C0004DF2032001F0C0FB00214DF2042001F076
:1037D000BBFB3A214DF2052001F0B6FB00214DF272
:1037E000062001F0B1FB4A214DF2072001F0ACFBAD
:1037F00000214DF2082001F0A7FB5C214DF20920C9
:1038000001F0A2FB00214DF20A2001F09DFB812175
:103810004DF20B2001F098FB00214DF20C2001F03D
:1038200093FBA6214DF20D2001F08EFB00214DF2FD
:103830000E2001F089FBE5214DF20F2001F084FB01
:1038400001214DF2102001F07FFB13214DF21120D8
:1038500001F07AFB01214DF2122001F075FB542199
:103860004DF2132001F070FB01214DF2142001F004
:103870006BFB82214DF2152001F066FB01214DF218
:10388000162001F061FBCA214DF2172001F05CFB0C
:1038900002214DF2182001F057FB00214DF21920B2
:1038A00001F052FB02214DF21A2001F04DFB0121E3
:1038B0004DF21B2001F048FB02214DF21C2001F0CB
:1038C00043FB34214DF21D2001F03EFB02214DF25D
:1038D0001E2001F039FB67214DF21F2001F034FB5F
:1038E00002214DF2202001F02FFB84214DF22120F6
:1038F00001F02AFB02214DF2222001F025FBA42138
:103900004DF2232001F020FB02214DF2242001F092
:103910001BFBB7214DF2252001F016FB02214DF2D1
:10392000262001F011FBCF214DF2272001F00CFBE6
:1039300002214DF2282001F007FBDE214DF2292063
:1039400001F002FB02214DF22A2001F0FDFAF221E2
:103950004DF22B2001F0F8FA02214DF22C2001F05B
:10396000F3FAFE214DF22D2001F0EEFA03214DF283
:103970002E2001F0E9FA10214DF22F2001F0E4FA97
:1039800003214DF2302001F0DFFA33214DF23120D6
:1039900001F0DAFA03214DF2322001F0D5FA6D215F
:1039A0004DF2332001F0D0FA00214FF4534001F0E2
:1039B000CBFA33214DF2013001F0C6FA00214DF26D
:1039C000023001F0C1FA34214DF2033001F0BCFAAB
:1039D00000214DF2043001F0B7FA3A214DF20530E2
:1039E00001F0B2FA00214DF2063001F0ADFA4A21A1
:1039F0004DF2073001F0A8FA00214DF2083001F035
:103A0000A3FA5C214DF2093001F09EFA00214DF23B
:103A10000A3001F099FA81214DF20B3001F094FA4D
:103A200000214DF20C3001F08FFAA6214DF20D303D
:103A300001F08AFA00214DF20E3001F085FAE521FD
:103A40004DF20F3001F080FA01214DF2103001F0FB
:103A50007BFA13214DF2113001F076FA01214DF27B
:103A6000123001F071FA54214DF2133001F06CFA6A
:103A700001214DF2143001F067FA82214DF2153028
:103A800001F062FA01214DF2163001F05DFACA210F
:103A90004DF2173001F058FA02214DF2183001F0C2
:103AA00053FA00214DF2193001F04EFA02214DF285
:103AB0001A3001F049FA01214DF21B3001F044FAAD
:103AC00002214DF21C3001F03FFA34214DF21D303D
:103AD00001F03AFA02214DF21E3001F035FA672169
:103AE0004DF21F3001F030FA02214DF2203001F08A
:103AF0002BFA84214DF2213001F026FA02214DF2F9
:103B0000223001F021FAA4214DF2233001F01CFAF9
:103B100002214DF2243001F017FAB7214DF2253081
:103B200001F012FA02214DF2263001F00DFACF21F8
:103B30004DF2273001F008FA02214DF2283001F051
:103B400003FADE214DF2293001F0FEF902214DF297
:103B50002A3001F0F9F9F2214DF22B3001F0F4F99D
:103B600002214DF22C3001F0EFF9FE214DF22D3003
:103B700001F0EAF903214DF22E3001F0E5F91021B0
:103B80004DF22F3001F0E0F903214DF2303001F019
:103B9000DBF933214DF2313001F0D6F903214DF23A
:103BA000323001F0D1F96D214DF2333001F0CCF912
:103BB00000214FF4544001F0C7F933214DF2014088
:103BC00001F0C2F900214DF2024001F0BDF93421AB
:103BD0004DF2034001F0B8F900214DF2044001F02C
:103BE000B3F93A214DF2054001F0AEF900214DF252
:103BF000064001F0A9F94A214DF2074001F0A4F96D
:103C000000214DF2084001F09FF95C214DF209407E
:103C100001F09AF900214DF20A4001F095F9812155
:103C20004DF20B4001F090F900214DF20C4001F0F3
:103C30008BF9A6214DF20D4001F086F900214DF2DD
:103C40000E4001F081F9E5214DF20F4001F07CF9C1
:103C500001214DF2104001F077F913214DF211408E
:103C600001F072F901214DF2124001F06DF9542179
:103C70004DF2134001F068F901214DF2144001F0BA
:103C800063F982214DF2154001F05EF901214DF2F8
:103C9000164001F059F9CA214DF2174001F054F9CC
:103CA00002214DF2184001F04FF900214DF2194068
:103CB00001F04AF902214DF21A4001F045F90121C3
:103CC0004DF21B4001F040F902214DF21C4001F081
:103CD0003BF934214DF21D4001F036F902214DF23D
:103CE0001E4001F031F967214DF21F4001F02CF91F
:103CF00002214DF2204001F027F984214DF22140AC
:103D000001F022F902214DF2224001F01DF9A42117
:103D10004DF2234001F018F902214DF2244001F048
:103D200013F9B7214DF2254001F00EF902214DF2B1
:103D3000264001F009F9CF214DF2274001F004F9A6
:103D400002214DF2284001F0FFF8DE214DF229401A
:103D500001F0FAF802214DF22A4001F0F5F8F221C3
:103D60004DF22B4001F0F0F802214DF22C4001F011
:103D7000EBF8FE214DF22D4001F0E6F803214DF263
:103D80002E4001F0E1F810214DF22F4001F0DCF857
:103D900003214DF2304001F0D7F833214DF231408C
:103DA00001F0D2F803214DF2324001F0CDF86D213F
:103DB0004DF2334001F0C8F800214FF4554001F0B6
:103DC000C3F833214DF2015001F0BEF800214DF24D
:103DD000025001F0B9F834214DF2035001F0B4F86B
:103DE00000214DF2045001F0AFF83A214DF2055098
:103DF00001F0AAF800214DF2065001F0A5F84A2181
:103E00004DF2075001F0A0F800214DF2085001F0EA
:103E10009BF85C214DF2095001F096F800214DF21B
:103E20000A5001F091F881214DF20B5001F08CF80D
:103E300000214DF20C5001F087F8A6214DF20D50F3
:103E400001F082F800214DF20E5001F07DF8E521DD
:103E50004DF20F5001F078F801214DF2105001F0B1
:103E600073F813214DF2115001F06EF801214DF25B
:103E7000125001F069F854214DF2135001F064F82A
:103E800001214DF2145001F05FF882214DF21550DE
:103E900001F05AF801214DF2165001F055F8CA21EF
:103EA0004DF2175001F050F802214DF2185001F078
:103EB0004BF800214DF2195001F046F802214DF265
:103EC0001A5001F041F801214DF21B5001F03CF86D
:103ED00002214DF21C5001F037F834214DF21D50F3
:103EE00001F032F802214DF21E5001F02DF8672149
:103EF0004DF21F5001F028F802214DF2205001F040
:103F000023F884214DF2215001F01EF802214DF2D8
:103F1000225001F019F8A4214DF2235001F014F8B9
:103F200002214DF2245001F00FF8B7214DF2255037
:103F300001F00AF802214DF2265001F005F8CF21D8
:103F40004DF2275001F000F802214DF2285000F008
:103F5000FBFFDE214DF2295000F0F6FF02214DF269
:103F60002A5000F0F1FFF2214DF22B5000F0ECFF4F
:103F700002214DF22C5000F0E7FFFE214DF22D50B2
:103F800000F0E2FF03214DF22E5000F0DDFF102182
:103F90004DF22F5000F0D8FF03214DF2305000F0C9
:103FA000D3FF33214DF2315000F0CEFF03214DF20B
:103FB000325000F0C9FF6D214DF2335000F0C4FFC4
:103FC00000214FF4564000F0BFFF33214DF2016055
:103FD00000F0BAFF00214DF2026000F0B5FF34217D
:103FE0004DF2036000F0B0FF00214DF2046000F0DC
:103FF000ABFF3A214DF2056000F0A6FF00214DF223
:10400000066000F0A1FF4A214DF2076000F09CFF1E
:1040100000214DF2086000F097FF5C214DF209602D
:1040200000F092FF00214DF20A6000F08DFF812127
:104030004DF20B6000F088FF00214DF20C6000F0A3
:1040400083FFA6214DF20D6000F07EFF00214DF2AE
:104050000E6000F079FFE5214DF20F6000F074FF73
:1040600001214DF2106000F06FFF13214DF211603D
:1040700000F06AFF01214DF2126000F065FF54214B
:104080004DF2136000F060FF01214DF2146000F06A
:104090005BFF82214DF2156000F056FF01214DF2C9
:1040A000166000F051FFCA214DF2176000F04CFF7E
:1040B00002214DF2186000F047FF00214DF2196017
:1040C00000F042FF02214DF21A6000F03DFF012195
:1040D0004DF21B6000F038FF02214DF21C6000F031
:1040E00033FF34214DF21D6000F02EFF02214DF20E
:1040F0001E6000F029FF67214DF21F6000F024FFD1
:1041000002214DF2206000F01FFF84214DF221605A
:1041100000F01AFF02214DF2226000F015FFA421E9
:104120004DF2236000F010FF02214DF2246000F0F8
:104130000BFFB7214DF2256000F006FF02214DF282
:10414000266000F001FFCF214DF2276000F0FCFE59
:1041500002214DF2286000F0F7FEDE214DF22960C9
:1041600000F0F2FE02214DF22A6000F0EDFEF22195
:104170004DF22B6000F0E8FE02214DF22C6000F0C1
:10418000E3FEFE214DF22D6000F0DEFE03214DF234
:104190002E6000F0D9FE10214DF22F6000F0D4FE09
:1041A00003214DF2306000F0CFFE33214DF231603B
:1041B00000F0CAFE03214DF2326000F0C5FE6D2111
:1041C0004DF2336000F0C0FE5521184600F0BCFEF1
:1041D000AA21204600F0B8FE5221284600F0B4FE85
:1041E0000821304600F0B0FE0021384600F0ACFE59
:1041F000CC21484600F0A8FE0021504600F0A4FE65
:104200000521404600F0A0FE7021584600F09CFEBB
:1042100070214BF2017000F097FE01214FF43840FD
:1042200000F092FE03214BF6010000F08DFE032109
:104230004BF6020000F088FE03214BF6030000F06D
:1042400083FE02214FF43C4000F07EFE00214BF63D
:10425000014000F079FE00214BF6024000F074FEB0
:10426000D0214FF4494000F06FFE02214CF60110BE
:1042700000F06AFE50214CF6021000F065FE50215D
:104280004CF6031000F060FE50214CF6041000F0D4
:104290005BFE00214FF4545000F056FE55214FF4C0
:1042A000685000F051FE4FF4885000F037FE78203F
:1042B000FDF75AFDBDE8F05F4FF4245000F02EBE2C
:1042C00010B5E22000F02AFE1D2000F01BFE0220A7
:1042D00000F018FE042000F015FE6420FDF744FDF8
:1042E000E02000F01BFE012000F00CFE0A20FDF78C
:1042F0003BFDE02000F012FE032000F003FE0C2046
:10430000FDF732FD012000F009FE0A20FDF72CFD2B
:10431000E62000F003FE2F2000F0F4FDFF2000F067
:10432000F1FDFF2000F0EEFDB02000F0F7FD2020B1
:1043300000F0E8FD002000F0E5FD032000F0E2FDC4
:1043400040F21F3000F0DEFD012000F0DBFD40F206
:10435000DF1000F0D7FD002000F0D4FDB42000F005
:10436000DDFD042000F0CEFD40F21F4000F0CAFD4C
:10437000002000F0C7FD2E2000F0C4FD002000F05A
:10438000C1FD002000F0BEFD002000F0BBFD0020BC
:1043900000F0B8FDB62000F0C1FD022000F0B2FD33
:1043A0004FF4037000F0AEFD002000F0ABFD1720CD
:1043B00000F0A8FD152000F0A5FD002000F0A2FDF2
:1043C000002000F09FFDF02000F0A8FD032000F089
:1043D00099FD292000F0A2FDD02000F09FFD0020D3
:1043E00000F090FDBE2000F099FD052000F08AFD50
:1043F000FE2000F087FD012000F084FD002000F089
:1044000081FD002000F07EFD002000F07BFDB82043
:1044100000F084FD032000F075FD012000F072FD26
:10442000BA2000F07BFDBDE81040012000F06ABD1D
:1044300010B5112000F072FD7820FDF795FC3620B4
:1044400000F06CFD002000F05DFD3A2000F066FDFC
:10445000052000F057FDB22000F060FD0C2000F0B8
:1044600051FD0C2000F04EFD002000F04BFD3320EC
:1044700000F048FD332000F045FDB72000F04EFD70
:10448000352000F03FFDBB2000F048FD322000F059
:1044900039FDC02000F042FD0C2000F033FDC220A9
:1044A00000F03CFD012000F02DFDC32000F036FDA2
:1044B000102000F027FDC42000F030FD202000F087
:1044C00021FDC62000F02AFD0F2000F01BFDD020AA
:1044D00000F024FDA42000F015FDA12000F012FD45
:1044E000E02000F01BFDD02000F00CFD002000F0CB
:1044F00009FD022000F006FD072000F003FD0A2060
:1045000000F000FD282000F0FDFC322000F0FAFC55
:10451000442000F0F7FC422000F0F4FC062000F0FC
:10452000F1FC0E2000F0EEFC122000F0EBFC142059
:1045300000F0E8FC172000F0E5FCE12000F0EEFCC4
:10454000D02000F0DFFC002000F0DCFC022000F0B6
:10455000D9FC072000F0D6FC0A2000F0D3FC28206C
:1045600000F0D0FC312000F0CDFC542000F0CAFC5B
:10457000472000F0C7FC0E2000F0C4FC1C2000F017
:10458000C1FC172000F0BEFC1B2000F0BBFC1E206D
:1045900000F0B8FC2A2000F0C1FC002000F0B2FCC2
:1045A000002000F0AFFC002000F0ACFCEF2000F099
:1045B000A9FC2B2000F0B2FC002000F0A3FC00209E
:1045C00000F0A0FC012000F09DFC3F2000F09AFCD0
:1045D000BDE81040292000F0A1BC10B5112000F06A
:1045E0009DFC7820FDF7C0FB362000F097FC4820AA
:1045F00000F088FC3A2000F091FC552000F082FC8D
:10460000F02000F08BFCC32000F07CFCF02000F0D8
:1046100085FC962000F076FCB42000F07FFC0120A1
:1046200000F070FCB62000F079FC0A2000F06AFC73
:10463000A22000F067FCB72000F070FCC62000F05C
:1046400061FCB92000F06AFC022000F05BFCE02075
:1046500000F058FCC02000F061FC802000F052FC0B
:10466000162000F04FFCC12000F058FC192000F08B
:1046700049FCC22000F052FCA72000F043FCC520FA
:1046800000F04CFC162000F03DFCE82000F046FC59
:10469000402000F037FC8A2000F034FC002000F0BD
:1046A00031FC002000F02EFC292000F02BFC19200A
:1046B00000F028FCA52000F025FC332000F022FCAF
:1046C000E02000F02BFCF02000F01CFC072000F0A4
:1046D00019FC0D2000F016FC042000F013FC05204E
:1046E00000F010FC142000F00DFC362000F00AFC55
:1046F000542000F007FC4C2000F004FC382000F0AF
:1047000001FC132000F0FEFB142000F0FBFB2E2028
:1047100000F0F8FB342000F0F5FBE12000F0FEFB98
:10472000F02000F0EFFB102000F0ECFB142000F074
:10473000E9FB0E2000F0E6FB0C2000F0E3FB082074
:1047400000F0E0FB352000F0DDFB442000F0DAFB58
:104750004C2000F0D7FB262000F0D4FB102000F006
:10476000D1FB122000F0CEFB2C2000F0CBFB32203E
:1047700000F0C8FBF02000F0D1FB3C2000F0C2FBB1
:10478000F02000F0CBFB692000F0BCFB7820FDF7A7
:10479000EBFA212000F0C2FBBDE81040292000F018
:1047A000BDBB00002DE9F05F3220FDF7DDFAD3201C
:1047B00000F0B4FB00F056F9A14CA08000F052F9D3
:1047C000A08000F04FF94FF6FF7101EA0020A080B1
:1047D00000F048F9A18849F241360843A08047F229
:1047E000897545F2103747F2967845F2105949F627
:1047F000060A41F6631BB0427DD0042000F08EFB18
:1048000000F030F9A08000F02DF9A08000F02AF926
:104810004FF6FF7101EA0020A08000F023F9A18883
:104820000843A0F50541A080523965D0A84262D066
:10483000D42000F073FB00F015F9A08000F012F90D
:10484000A08000F00FF94FF6FF7101EA0020A08070
:1048500000F008F9A1880843A080B8427ED0D32098
:1048600000F05CFB00F0FEF8A08000F0FBF8A080F8
:1048700000F0F8F84FF6FF7101EA0020A08000F088
:10488000F1F8A1880843A080404567D055214FF436
:10489000704000F059FBAA214FF2010000F054FBD8
:1048A00052214FF2020000F04FFB08214FF20300AB
:1048B00000F04AFB01214FF2040000F045FB4FF4E9
:1048C000454000F02BFB00F0CDF84FF6FF7101EAF8
:1048D0000020A0804CF2015000F020FB00F0C2F854
:1048E000A1880843A0800520FDF73EFAA18849452C
:1048F00034D0D32001E02CE02CE000F00FFB00F0DE
:10490000B1F8A08000F0AEF8A08000F0ABF84FF650
:10491000FF7101EA0020A08000F0A4F8A1880843FC
:10492000A08050451AD0A12000F0F8FA00F09AF8C3
:10493000A08000F097F84FF6FF7101EA0020A080F8
:1049400000F090F8A1880843A0F5AE41A08061393D
:1049500002D003E0A58001E0A4F804B0A18839A04A
:10496000FCF782FFA088A84202D1FFF761FD1FE09B
:10497000B04202D1FDF7F5FA1AE0B84202D1FDF7D4
:10498000A8FD15E0404502D1FFF727FE10E048459D
:1049900002D1FEF718FD0BE0504502D1FDF7F8FB00
:1049A00006E0584504D1FFF78BFC642000F082FA42
:1049B000A1884FF02040A94203D0B14201D059450F
:1049C00010D1D0F81C1121F00F01C0F81C11D0F843
:1049D0001C1141F00301C0F81C11D0F81C1141F466
:1049E00040711DE0B94205D0414503D0494501D091
:1049F000514517D1D0F81C1121F00F01C0F81C113E
:104A0000D0F81C1141F00201C0F81C11D0F81C11A3
:104A100021F47061C0F81C11D0F81C1141F4007130
:104A2000C0F81C110020FDF71BFA0122D103084831
:104A3000FBF76DFFBDE8F05F4FF6FF70FDF7F8B9CB
:104A4000E80000204C43442049443A25780D0A00F0
:104A5000000402400246012000E05043491EC9B252
:104A6000FBD2704708B50220401EFDD24FF0D8405F
:104A7000B0F88000ADF80000BDF8000008BD0000EF
:104A800070B55F4C00232146A279898841F66316F0
:104A9000012A01D01AB10CE0B14202D109E0B142C1
:104AA00007D1082805D2DFE800F0161812140C19F7
:104AB000100E082812D2DFE800F0110406080A0CD4
:104AC0000E1080230AE0402308E0C02306E02023E4
:104AD00004E0602302E0A02300E0E023362045F25A
:104AE0001055A94200D10002A1F51342413A07D066
:104AF000A1F5EE42893A03D0A1F5EE42963A01D1F2
:104B000043F00803194600F01FFAA188B1420AD009
:104B100098062088628802D5904202D303E0904232
:104B200001D9228060806089A94240D100F0F6F965
:104B3000002000F0E7F96089401C80B200F0EEF937
:104B4000002000F0DFF96089801C80B200F0E6F9F7
:104B50002088401EC0F30F2000F0D4F96089C01CEB
:104B600080B200F0DBF92078401EC0B200F0CAF934
:104B7000A08900F0D3F9002000F0C4F9A089401CFE
:104B800080B200F0CBF9002000F0BCF9A089801CB5
:104B900080B200F0C3F96088401EC0F30F2000F01F
:104BA000B1F9A089C01C80B200F0B8F921E000F092
:104BB000B5F9002000F0A6F9002000F0A3F9208844
:104BC000401EC0F30F2000F09DF92078401EC0B2B7
:104BD00000F098F9A08900F0A1F9002000F092F906
:104BE000002000F08FF96088401EC0F30F2000F015
:104BF00089F9A078BDE87040401EC0B200F082B9CB
:104C0000E8000020F0B53B4A0D460446060A9188AC
:104C100010462F0A4089A1F5C853633B16D0A1F571
:104C2000AA43103B4CD000F079F9304600F06AF905
:104C3000E0B200F067F9908900F070F9384600F0B2
:104C400061F9E8B2BDE8F04000F05CB9917931B3A8
:104C500000F064F9304600F055F9E0B200F052F986
:104C60001088401EC0F30F2000F04CF91078401E51
:104C70005FFA80F000F046F9908900F04FF938466D
:104C800000F040F9E8B200F03DF95088401EC0F352
:104C90000F2000F037F99078401EC0B2D2E711889B
:104CA000091B491E8CB200F039F9002000F02AF9E6
:104CB000002000F027F9200A00F024F9E0B2D9E73B
:104CC00000F02CF9304600F01DF95089401C80B2EC
:104CD00000F024F9E0B200F015F9908900F01EF917
:104CE000384600F00FF99089401C80B200F016F9A8
:104CF000A7E70000E80000202DE9FF4F1D460C4605
:104D00008B46580700D0012000EBD500690810FB46
:104D100001F0203A00F0FF0AD0B20C2D0AD0102D7D
:104D20000CD0182D0ED0202D46D1244901EB801631
:104D300000203EE000EB4001214806E0214901EB64
:104D40000016F5E700EBC0011F4800EB8106EFE716
:104D500016F808704FF00009380601D50E9A03E0E6
:104D60000D9828B91948026821460098FDF7EEF819
:104D70007806070E1648641CA4B24088A0421BD9CE
:104D8000A4EB0B00A8420AD100985C46401C80B2FC
:104D900000900F480188009881420DD906E009F182
:104DA000010000F0FF09B9F1080FD5D308F10100A7
:104DB000C0B280465045CBD3BDE8FF8F7076000867
:104DC000B05E000824630008146900080400002095
:104DD000E80000202DE9FC4F044600F0FF091019FF
:104DE0000D46DDE90BB61FFA80F8581987B24FF06F
:104DF000000A13E0444503D305EB0B004C4685B293
:104E0000BD4210D20D985B46CDE900A02946204650
:104E1000FFF772FF04EB5B0084B2761C3278A2F1DC
:104E200020005E28E6D9BDE8FC8F2DE9FF4F83B056
:104E30008146DDE911BA10984FF000081E4644463D
:104E40000BF0010547082EE0301B401EC1B20A20BE
:104E5000FFF700FE0599B1FBF0F00A21B0FBF1F27B
:104E600001FB1200B8F1000F05D1711E8C4202DA6D
:104E700050B14FF001083030C2B2CDE9005A07FB03
:104E8000049080B2109B09E0CDE9005A5FEA0B6004
:104E900007FB0490109B80B20AD530220499FFF7DB
:104EA0002BFF641CE4B2B442CED307B0BDE8F08F50
:104EB0002022F3E710B50246BE2000F02FF80520AF
:104EC00000F020F81046FBF7A2FA9FED0C1B53EC04
:104ED000112BFBF72AFAFBF7A7FA80B200F012F8C1
:104EE000012000F00FF8FF2000F00CF8002000F087
:104EF00009F8BDE81040002000F004B86666666658
:104F00006666044001B5BDF80000ADF80000BDF8CC
:104F100000004FF0D841A1F8800008BD01B5BDF8F0
:104F20000000ADF80000BDF800004FF0D841A1F836
:104F30007E0008BD03484FF0D8410089A1F87E00EB
:104F400070470000E80000204FF0D84222F87E0FA2
:104F500051807047FBF7EEFCFCF748FBFCF7B0FA1A
:104F6000FCF710FBFCF73CFA134800F09BFC00F048
:104F7000B5FA022000F03AF84FF42041022000F088
:104F80004BF8022000F060F80B49091F48800A2105
:104F9000B0FBF1F201FB1203B0FBF1F207A10A48EA
:104FA000FCF772FC084909A0FCF75EFCFCF7FAF973
:104FB00000F076F8FEE700004C00002025642E2566
:104FC000303164252500000000AA01205352414DD4
:104FD0004558202020555345443A2025730A0000A7
:104FE00001460020842900D0C81C704730B5044613
:104FF0000748084D002150F82400420005EB8400CA
:10500000406900F03FF80120291981F8200030BDE7
:10501000308E00080800002010B5094A094C52F8EB
:10502000202004EB8000B1FBF2F2002193B203E0F8
:10503000446924F81130491C9142F9D310BD000095
:105040003C8E00080800002010B50C4B0C4C0022D0
:1050500053F82030114604EB800005E0446934F831
:10506000114004B1521C491C8B42F7D84FF47A709E
:105070004243B2FBF3F080B210BD0000308E000856
:105080000800002002E000BF00F8011B521EFBD206
:10509000704710B500B9012000F0D8FC002010BD09
:1050A00010B500F0F9FC002010BD7FB50D46044698
:1050B0004169B0F9080081B1A16971B1FFF790FFB2
:1050C000D4E905128DE80700D4E900102B462269C7
:1050D00000F0FBFD039004B070BDFFF781FF03A952
:1050E000CDE90001208A2B4682B2D4E9001000F0FD
:1050F000BFFD012801D00020EDE70398EBE7000099
:105100002DE9F041184C0F460546E6682068001D61
:1051100000F078FB38B9206890F82C100120884006
:10512000216981432161681C07D137B12168BDE83D
:10513000F0410E48091D00F0A9BB20683544B54276
:105140004560216805D2A06BBDE8F041091D00F063
:1051500085BB606B091D00F081FBA06A854200D20F
:10516000A562BDE8F08100007C0000207CAE01203B
:105170002DE9F041054600F0F1FB2E4CA068401CE3
:10518000A06020682C4F10B1606940B32DE025600D
:10519000A068012829D1002606EB860007EB8000D5
:1051A00000F04EFB761C072EF6D323488C3000F01F
:1051B00047FB2148A03000F043FB1F48B43000F00B
:1051C0003FFB1D48C83000F03BFB1B48DC3000F0C3
:1051D00037FB19488C3060631430A06305E0206809
:1051E000E96AC06A884200D82560606A401C606233
:1051F000E96A0120226988401043206101EB8100A7
:1052000007EB8000291D00F041FB00F0C7FB60693F
:1052100000280CD02068E96AC06A884207D2074992
:105220004FF080500860BFF34F8FBFF36F8FBDE822
:10523000F08100007C000020A0AD012004ED00E022
:1052400010B5044690F8510058B101280CD002283E
:105250000FD0502080F31188BFF34F8FBFF36F8FB3
:10526000FEE7206B00F0AEFB2046BDE8104000F0EA
:10527000A9BB10BD144E154CA6F1C8074FF08058BD
:10528000DFF84C9012E000BF00F068FBF068C568E2
:10529000281D00F0B7FAA068401EA0606068401E9C
:1052A000606000F07BFB2846FFF7CAFF60680028BB
:1052B000EAD138680128F9D9C9F80080BFF34F8FC7
:1052C000BFF36F8FF2E7000068AE01207C00002082
:1052D00004ED00E02DE9F0479A46DDE909848146B6
:1052E0006FF00303206B03EB82021044089E20F052
:1052F0000707780707D0502080F31188BFF34F8F3E
:10530000BFF36F8FFEE7002561B1002023180A5C10
:1053100083F834200A5C12B1401C1028F6D384F8BC
:10532000435001E084F83450072E00D30626E6628D
:10533000C4E91165201D00F08EFA04F1180000F098
:105340008AFA2461C6F107006462A061E56484F80A
:10535000505052464946384600F0AAF82060B8F14D
:10536000000F01D0C8F80040BDE8F08730B5114902
:1053700000E011460A688242FBD34B685C18844205
:1053800003D1406818444860084643681C1894429A
:1053900009D1084C183C2468A24209D052681A442A
:1053A00042600A6812680260814200D0086030BD25
:1053B0000460F9E7D00000200648416B096829B174
:1053C000416BC968C9684968816270474FF0FF3115
:1053D000FAE700007C00002008484068401C4FF0BD
:1053E000500080F3118804D0BFF34F8FBFF36F8F4D
:1053F000FEE7BFF34F8FBFF36F8FFEE7D8000020AB
:105400002DE9F041294E054600273068B0B100F083
:1054100079FB7069054243D1F5B30835680704D0BC
:1054200005F00700C0F108000544ADB3706885427F
:1054300036D81E48183001460C6809E0502080F329
:105440001188BFF34F8FBFF36F8FFEE720460C46E6
:105450006168A94202D221680029F7D131688C42E3
:105460001ED007682168016060680837411B102959
:1054700004D9601941606560FFF778FF6168706862
:10548000401A7060B268904200D2B0607069014307
:105490000020C4E9000100E002E0F068401CF06078
:1054A00000F0A4FC3846BDE8F0810000B800002000
:1054B00010B5031F4FF080741C601B1F21F0010109
:1054C0001960191F044B0B6014390A60091F6FF033
:1054D000020244380A6010BDD95300082DE9F04398
:1054E00050488DB00024016841F04001016001681E
:1054F00001F040010C91016841F008010160016870
:1055000001F008010C91016841F008010160016897
:1055100001F008010C91434908310A6842F0010288
:105520000A60096801F001010C91016841F008016D
:105530000160016801F008010C91016841F010015F
:105540000160016801F010010C91016841F0200137
:105550000160016801F020010C91016841F04001F7
:1055600001600068022500F040000C904FF480605C
:1055700001278DE8A1000C20CDE90350DFF8A890A9
:1055800069464846FBF7C8F82020DFF8A080009065
:1055900069464046FBF7C0F810266946404600962B
:1055A000FBF7BAF84FF603708DE8A1006946404654
:1055B0000395FBF7B1F84FF68370009069461C48DD
:1055C000FBF7AAF84FF23F00009069461948FBF735
:1055D000A3F83F20009069464846FBF79DF816481F
:1055E0004FF0204105AA0160144941600421C0E93F
:1055F0000214C0E9044684618902C461C0E909411A
:10560000C4620463446384630820CDE906400595C1
:105610000894114608480B94FBF7FCFC0DB0BDE85C
:10562000F08300003038024000180240000C0240B5
:10563000001002400014024074AC0120040100A0DC
:105640000EB500F08BF9A820FCF788FBFFF7AAF84D
:1056500029482AA182882C48FCF716F92C492B48A6
:10566000097830F81100FCF7E3FB202129A0CDE9EF
:1056700000100B464FF478440A21DC2202940846BD
:10568000FFF7A8FB182125A0CDE900100B46DC226E
:1056900002942F210A20FFF79DFB102522A00095E0
:1056A000CDE901042B46DC224C210A20FFF792FBB6
:1056B00021A00095CDE901041023C82276211E20E7
:1056C000FFF788FB23A00095CDE901041023C82231
:1056D0008B211E20FFF77EFB25A00095CDE901045C
:1056E0001023C822A0211E20FFF774FB00F056F9FA
:1056F0006420FFF7CEFCFBE7E80000204C43442089
:1057000049443A253034580014AA01202C000020C6
:105710004400002053544D33320000004D656D208D
:105720004D616E616765000041544F4D40414C49E9
:10573000454E54454B000000546F74616C20486521
:105740006170204D656D3A20202020202042797420
:1057500065730000467265652048656170204D657F
:105760006D3A2020202020204279746573000000CB
:105770004D616C6C6F6320416464723A00000000FC
:105780000EB500241F25274610264FF42048002080
:10579000FCF712FB012802D0022817D111E01E20CD
:1057A000FFF72EFE0446024614A1FCF76DF80096A2
:1057B0001023C822A0218220CDE90145FFF70AFB72
:1057C00004E01CB1204600F0FDF800240096CDE96D
:1057D00001750523424676219520FFF726FB00F050
:1057E000C7F90096CDE90175024605238B2190206B
:1057F000FFF71BFB0120FFF74CFCC8E73078257052
:1058000000000000D0E9013201699A60D0E901236B
:105810005A604A68824201D182684A60002202616D
:105820000868401E0860086870470000034B03606A
:1058300003F15400086080201060704720AA012006
:1058400000F108014FF0FF32C0E90112C1600161AF
:1058500000210160704700210161704730B50B687D
:105860005A1C02D000F1080202E0026904E022465C
:10587000546825689D42FAD953684B6099608A60E4
:10588000516008610168491C016030BD42684A608E
:1058900093688B6093685960916008610168491C46
:1058A00001607047F0B52C4A00242546116839B1D3
:1058B000502080F31188BFF34F8FBFF36F8FFEE747
:1058C000014600262DE009680F465FEA417C04D0BE
:1058D000F91D21F00701CF1BDB1B5DB1176857B322
:1058E000B9420BD8502080F31188BFF34F8FBFF31C
:1058F0006F8FFEE7184F1837C7E900160B44083BB7
:1059000023F00703176813605E60A3EB010C1E60B1
:10591000C1E9003C07B1396049686D1C0C4400EBDB
:10592000C5014B68002BCED1946054605CB14FF040
:1059300000405061F0BD502080F31188BFF34F8FBD
:10594000BFF36F8FFEE7502080F31188BFF34F8FB6
:10595000BFF36F8FFEE70000B8000020502080F3F7
:105960001188BFF34F8FBFF36F8F0A494868401CFF
:10597000486001280CD10848006810F0FF0F07D0DC
:10598000502080F31188BFF34F8FBFF36F8FFEE776
:1059900070470000D800002004ED00E00849486886
:1059A00028B1401E486001D180F311887047502013
:1059B00080F31188BFF34F8FBFF36F8FFEE70000B6
:1059C000D800002070B500282AD0164DA0F1080498
:1059D00060686969084207D1502080F31188BFF3DD
:1059E0004F8FBFF36F8FFEE722683AB1502080F3EC
:1059F0001188BFF34F8FBFF36F8FFEE7884360605E
:105A000000F080F860686968084468602046FFF725
:105A1000ADFC2869401C2861BDE8704000F0E6B983
:105A200070BD0000B80000204FF0E02000210161AF
:105A3000816105494FF47A720968B1FBF2F1491EA0
:105A400041610721016170477800002010B5020014
:105A500014D00F48006B38B1502080F31188BFF389
:105A60004F8FBFF36F8FFEE700F04CF80021104618
:105A7000FFF746FB00F0BAF9002807D105494FF0BF
:105A800080500860BFF34F8FBFF36F8F10BD0000D1
:105A90007C00002004ED00E010B586B000240394E3
:105AA00005AA04A903A80494FFF7C0FEDDE90301D9
:105AB0000094CDE9011000230EA11048059A00F0D2
:105AC00004F90F490028C86211D0502080F31188D2
:105AD000BFF34F8FBFF36F8F4FF0FF30886201200D
:105AE0004861CC6006B0BDE8104000F047B806B091
:105AF00010BD000049444C450000000075520008EC
:105B00007C0000200248016B491C016370470000C3
:105B10007C0000201448016B11B10121C161704764
:105B20000021C1610169B1FA81F1C1F11F0101EBED
:105B300081020E4951F822306BB101EB820101F173
:105B400008034A6852684A609A4201D152684A6022
:105B5000D16801607047502080F31188BFF34F8FE8
:105B6000BFF36F8FFEE700007C000020A0AD012096
:105B70000148406870470000B80000201CB5374855
:105B80000168374A914207D1502080F31188BFF352
:105B90004F8FBFF36F8FFEE700683149491E88427F
:105BA00007D1502080F31188BFF34F8FBFF36F8F61
:105BB000FEE72C4908780190FF20087008788DF8DE
:105BC00000009DF800009DF8002000F0F0009042D9
:105BD00007D0502080F31188BFF34F8FBFF36F8F32
:105BE000FEE79DF80000204C00F0500020700720D8
:105BF000A06005E09DF8002052008DF80020401EB6
:105C00009DF800201206F5D4A060032807D050208C
:105C100080F31188BFF34F8FBFF36F8FFEE74FF410
:105C20004070A060019808700C482030016841F471
:105C300070010160016841F070410160FFF7F4FEFE
:105C400000206060FAF7CEFA0848016841F0404150
:105C50000160FAF7B3FA00201CBD000000ED00E07F
:105C600071C20F4100E400E0D800002034EF00E0F2
:105C70002DE9FF5F8346DDE90E87994616468A4681
:105C80009000FFF7BDFB05001CD05420FFF7B8FBC8
:105C9000040014D00020256384F85100CDE90240AF
:105CA000CDE900874B46324651465846FFF712FB76
:105CB0002046FFF75DFA012004B0BDE8F09F2846BA
:105CC000FFF780FE4FF0FF30F6E7F0B585B0DDE975
:105CD0000B640A9DA6B1DCB1542700972663022607
:105CE00084F85160002604AFCDE90246CDE90057A3
:105CF000FFF7F0FA2046FFF73BFA049805B0F0BD35
:105D0000502080F31188BFF34F8FBFF36F8FFEE7F2
:105D1000502080F31188BFF34F8FBFF36F8FFEE7E2
:105D20002DE9F0412F4C0026206B28B1A069401CC2
:105D3000A0613046BDE8F081E5686D1CE56013D1D7
:105D4000606B006838B1502080F31188BFF34F8F2B
:105D5000BFF36F8FFEE7606BA16B6163A063206A86
:105D6000401C2062FFF728FBA06ADFF87C80854298
:105D700009D3606B0068A0B1606BC068C7687868C1
:105D8000854211D2A0622068C06A00EB800158F8F9
:105D90002100012800D90126E0690028C9D0012688
:105DA000C7E74FF0FF30EDE7381DFFF72BFDB86A6E
:105DB00018B107F11800FFF725FDF96A01202269E3
:105DC00088401043206101EB810108EB8100391DFF
:105DD000FFF75CFDF86A2168C96A8842C9D30126C9
:105DE000C7E700007C000020A0AD01202DE9F047AE
:105DF0002C4D00242746286B38B1FFF7AFFD286BE8
:105E0000401E2863286B40B146E0502080F3118883
:105E1000BFF34F8FBFF36F8FFEE7A968224E0120BB
:105E2000D1B3A6F1B40980463068E8B1F068C4681F
:105E300004F11800FFF7E6FC201DFFF7E3FCE06A21
:105E40002A6908FA00F11143296100EB800109EB8E
:105E50008100211DFFF71AFDE06A2968C96A88429E
:105E6000E2D3C5F81C80DFE70CB1FFF7A5FAAC69F7
:105E700044B14646FFF754FF00B1EE61641EF9D10C
:105E80000020A861E86938B108490127380708608F
:105E9000BFF34F8FBFF36F8FFFF780FD3846BDE82C
:105EA000F08700007C00002054AE012004ED00E0EB
:105EB00000000000000000000000000000000000E2
:105EC0003F400000000000000000300040003000B3
:105ED0004000000009000BC03D000BC03D00090060
:105EE00018C024407FE0224031800000180024C008
:105EF0001B000D803240018003801C4027401C8025
:105F0000074000401000600000000000000000009A
:105F10000000000000001F802040402000004020C2
:105F200020401F8000000000090006001F800600BE
:105F300009000000040004003F8004000400000089
:105F400000100060000000000000000004000400D9
:105F500004000400040000000000004000000000F5
:105F600000000000002001C00600380040000000D2
:105F70001F802040204020401F8000000000104073
:105F80003FC000400000000018C0214022402440D3
:105F90001840000010802040244024401B80000056
:105FA00002000D0011003FC0014000003C80244071
:105FB00024402440238000001F802440244034409B
:105FC000038000003000200027C0380020000000BF
:105FD0001B802440244024401B8000001C0022C061
:105FE000224022401F800000000000000840000006
:105FF000000000000000000004600000000000003D
:10600000000004000A00110020804040090009003F
:106010000900090009000000000040402080110034
:106020000A0004001800200023402400180000008B
:106030001F802040274029401F400000004007C02B
:1060400039000F0001C0004020403FC024402440E0
:106050001B8000001F802040204020403080000036
:1060600020403FC0204020401F80000020403FC013
:1060700024402E4030C0000020403FC024402E006D
:10608000300000000F0010802040224033800200CA
:1060900020403FC0040004003FC02040204020407A
:1060A0003FC02040204000000060202020203FC052
:1060B0002000200020403FC024400B0030C0204082
:1060C00020403FC020400040004000C03FC03C0096
:1060D00003C03C003FC0000020403FC00C402300F4
:1060E0003FC020001F802040204020401F80000033
:1060F00020403FC024402400180000001F802140A1
:10610000214020E01FA0000020403FC02440260086
:1061100019C0004018C024402440224031800000B3
:10612000300020403FC020403000000020003F8071
:10613000004000403F80200020003E0001C00700DA
:1061400038002000380007C03C0007C038000000BD
:10615000204039C0060039C02040000020003840EF
:1061600007C0384020000000304021C026403840A1
:1061700020C00000000000007FE040204020000020
:10618000000070000C000380004000000000402070
:1061900040207FE0000000000000200040002000C0
:1061A000000000000010001000100010001000108F
:1061B000000000004000000000000000000002801D
:1061C0000540054003C0004020003FC0044004409B
:1061D00003800000000003800440044006400000EB
:1061E00000000380044024403FC0004000000380C2
:1061F0000540054003400000000004401FC024404B
:1062000024402000000002E0055005500650042004
:1062100020403FC00440040003C000400000044090
:1062200027C000400000000000100010041027E00C
:106230000000000020403FC00140070004C00440AF
:10624000204020403FC000400040000007C0040044
:1062500007C0040003C00000044007C0044004005D
:1062600003C000400000038004400440038000009D
:10627000041007F004500440038000000000038075
:106280000440045007F00010044007C0024004001E
:1062900004000000000006400540054004C0000066
:1062A000000004001F80044000400000040007803C
:1062B0000040044007C000400400070004C0018003
:1062C00006000400060001C0070001C0060000002F
:1062D000044006C0010006C004400000041007107E
:1062E00004E00180060004000000044005C00640F0
:1062F000044000000000000004007BE0402000009B
:10630000000000000000FFF000000000000040203E
:106310007BE00400000000004000800040002000FE
:10632000200040000000000000000000000000000D
:10633000000000000000000000001FCC000C000066
:10634000000000000000080030006000080030007D
:1063500060000000022003FC1E20022003FC1E201F
:106360000220000000000E1811043FFF10840C787A
:10637000000000000F0010840F3800C00778188458
:106380000078000000780F8410C411240E9800E4F7
:106390000084000808006800700000000000000091
:1063A0000000000000000000000007E018182004B2
:1063B00040020000000040022004181807E000001E
:1063C000000000000240024001800FF00180024006
:1063D000024000000080008000800FF800800080F4
:1063E000008000000001000D000E00000000000011
:1063F000000000000000008000800080008000801D
:10640000008000800000000C000C00000000000074
:106410000000000000000006001800600180060077
:1064200018002000000007F00808100410040808F5
:1064300007F000000000080408041FFC000400042A
:106440000000000000000E0C1014102410441184F1
:106450000E0C000000000C18100411041104128826
:106460000C700000000000E00320042408241FFC3E
:106470000024000000001F981084110411041088EB
:1064800010700000000007F008881104110418883B
:106490000070000000001C00100010FC13001C0025
:1064A0001000000000000E381144108410841144C4
:1064B0000E38000000000700088C104410440888C3
:1064C00007F00000000000000000030C030C0000B7
:1064D00000000000000000000001010600000000B4
:1064E00000000000000000800140022004100808A5
:1064F00010040000022002200220022002200220BC
:1065000002200000000010040808041002200140CE
:106510000080000000000E001200100C106C1080B3
:106520000F00000003E00C1813E4142417C408281B
:1065300007D000000004003C03C41C40074000E4F6
:10654000001C000410041FFC1104110411040E8827
:106550000070000003E00C18100410041004100870
:106560001C10000010041FFC100410041004080884
:1065700007F0000010041FFC1104110417C41004DC
:106580000818000010041FFC1104110017C01000AF
:106590000800000003E00C181004100410441C78DC
:1065A0000040000010041FFC108400800080108454
:1065B0001FFC10040000100410041FFC1004100441
:1065C0000000000000030001100110011FFE100078
:1065D0001000000010041FFC110403801464181C38
:1065E0001004000010041FFC100400040004000448
:1065F000000C000010041FFC1F0000FC1F001FFC0B
:106600001004000010041FFC0C04030000E010182C
:106610001FFC100007F008081004100410040808FC
:1066200007F0000010041FFC108410801080108000
:106630000F00000007F0081810241024101C080A8E
:1066400007F2000010041FFC1104110011C01130EA
:106650000E0C000400000E1C110410841084104461
:106660001C3800001800100010041FFC100410005B
:106670001800000010001FF81004000400041004AB
:106680001FF8100010001E0011E0001C00701380A5
:106690001C0010001FC0103C00E01F0000E0103C78
:1066A0001FC000001004180C163401C001C01634BD
:1066B000180C100410001C00130400FC13041C0030
:1066C000100000000804101C1064108413041C0443
:1066D000101800000000000000007FFE4002400291
:1066E00040020000000030000C0003800060001C2D
:1066F0000003000000004002400240027FFE000054
:1067000000000000000000002000400040004000A9
:106710002000000000010001000100010001000153
:1067200000010001000040004000200000000000C7
:1067300000000000000000980124014401440144CD
:1067400000FC000410001FFC008801040104008804
:1067500000700000000000700088010401040104C2
:106760000088000000000070008801040104110886
:106770001FFC0004000000F80144014401440144EE
:1067800000C800000000010401040FFC1104110402
:1067900011001800000000D601290129012901C9B2
:1067A0000106000010041FFC008401000100010428
:1067B00000FC000400000104190419FC000400049A
:1067C000000000000000000300010101190119FE92
:1067D0000000000010041FFC0024004001B4010C64
:1067E000010400000000100410041FFC0004000459
:1067F00000000000010401FC0104010001FC01048F
:10680000010000FC010401FC0084010001000104FE
:1068100000FC0004000000F801040104010401046C
:1068200000F80000010101FF008501040104008857
:1068300000700000000000700088010401040105E0
:1068400001FF00010104010401FC008401040100B6
:1068500001800000000000CC012401240124012457
:106860000198000000000100010007F80104010484
:1068700000000000010001F8000400040004010809
:1068800001FC0004010001800170000C0010016097
:106890000180010001F0010C003001C00030010C4A
:1068A00001F0010000000104018C00740170018CF2
:1068B00001040000010101810171000E0018016056
:1068C0000180010000000184010C013401440184B5
:1068D000010C0000000000000000000001003EFC70
:1068E000400240020000000000000000FFFF000026
:1068F000000000000000400240023EFC01000000D9
:1069000000000000000060008000800040004000A7
:106910002000200000000000000000000000000037
:106920000000000000000000000000000000000067
:106930000000000000000000000000000000000057
:10694000000000000000000F80380FFE380F803874
:106950000000000000000000000000000000000037
:1069600000000100000600000C00003800003100AB
:10697000000600000C00003800003000000000009D
:106980000000000061800067F807F9800061800066
:1069900061800061800061800067F807F980006114
:1069A0008000000000000000000001C0E003E0F0F3
:1069B0000630080418081FFFFE040E080787F003BE
:1069C00081E000000000000001F000060C0004045B
:1069D00008060C7001F9C0000E00003BE000EC1846
:1069E000070808040C180003E00000000001E000A4
:1069F00007F003F818041C0804170807E1D003C0C7
:106A0000E00023B0003C0800200800001000000057
:106A10000000000100003100003200001C000000F6
:106A20000000000000000000000000000000000066
:106A30000000000000000000000000000000000056
:106A4000000000007F0001FFC00780F00C0018105C
:106A500000042000020000000000002000021000DE
:106A6000040C00180780F001FFC0007F0000000048
:106A70000000000000000000000000000000000016
:106A80004200006600006600003C0000180003FFA2
:106A9000C0001800003C00006600006600004200D4
:106AA00000000000080000080000080000080000C6
:106AB000080001FFC00008000008000008000008EE
:106AC000000008000000000000010000310000325A
:106AD00000001C000000000000000000000000009A
:106AE0000000000000000000000000000800000896
:106AF000000008000008000008000008000008006E
:106B0000000800000800000800000000000000006D
:106B100000000000380000380000380000000000CD
:106B20000000000000000000000000000000000065
:106B300000000000000600001C0000700001800042
:106B40000E0000380000C0000700001C00003000EC
:106B500000000000000000007F8001FFE003807063
:106B600006001804000804000806001803807001DD
:106B7000FFE0007F80000000000000000000010036
:106B80000801000801000803FFF807FFF8000008EB
:106B900000000800000800000000000000000001E4
:106BA000C03802C0580400980401180402180404F4
:106BB00018061C1803F81801E0F800000000000097
:106BC00000000001C0E003C0F0040008040808044D
:106BD000080806180803F41801E7F00001E00000B7
:106BE00000000000000000000300000D0000110084
:106BF00000610000810803010807FFF80FFFF8009B
:106C000001080001080000000000000000E007FC8F
:106C1000D0060808061008061008061008061838DE
:106C2000060FF00607C00000000000000000000092
:106C30003F8001FFE00384300208180410080410AC
:106C400008041008071810030FF00007C000000028
:106C500000000000000003C000070000060000065E
:106C600000F80607F806180006E000070000060016
:106C70000000000000000001E1E003F7F00634101E
:106C8000041808041808040C08040C080616180355
:106C9000F3F001C1E000000000000000F80003FC78
:106CA0003003063804020804020804020804041031
:106CB0000308F001FFC0007F00000000000000009A
:106CC00000000000000000000000000070380070AC
:106CD00038007038000000000000000000000000D4
:106CE00000000000000000000000000000000000A4
:106CF000301A00301C0000000000000000000000FE
:106D00000000000000000000000000080000140067
:106D100000220000410000808001004002002004A9
:106D20000010080008000000000000002100002101
:106D300000002100002100002100002100002100AE
:106D400000210000210000210000000000000000E0
:106D5000000008000804001002002001004000802C
:106D60008000410000220000140000080000000024
:106D700000000003C00004C0000400000800380840
:106D80000F380808380810000C300007E00003C076
:106D900000000000000000003F8000FFE003807062
:106DA000020F1006708804C088048308047F8802DC
:106DB000C09003012000FE40000008000018000100
:106DC000F8003E0801C20007020007E20000FE00D2
:106DD000001FC80001F80000380000080400080780
:106DE000FFF807FFF8040808040808040808040866
:106DF0000806180803F41801E7F00001E00000009D
:106E0000000000003F8001FFE003807002001804D2
:106E10000008040008040008040010060020078091
:106E2000C000000004000807FFF807FFF80400088E
:106E30000400080400080400180200100380700118
:106E4000FFE0007F8000000004000807FFF807FF54
:106E5000F8040808040808040808040808043E08A0
:106E60000400080600180100600000000400080784
:106E7000FFF807FFF80408080408000408000408E5
:106E800000043E0006000006000001800000000033
:106E9000000000003F8001FFE0038070060018043E
:106EA00000080402080402080203F00783F000024D
:106EB0000000020004000807FFF807FFF8040808B4
:106EC0000008000008000008000008000408080787
:106ED000FFF807FFF80400080000000000000400AD
:106EE0000804000804000807FFF807FFF80400087A
:106EF000040008040008000000000000000000007A
:106F00000006000007000001040001040001040065
:106F10000307FFFE07FFFC0400000400000400005C
:106F200004000807FFF807FFF8040C080018000029
:106F30003E0004C7800503C80600F80400380400BA
:106F40001800000804000807FFF807FFF80400080D
:106F50000000080000080000080000080000080009
:106F6000001800006000000004000807FFF8078018
:106F70000807FC00007FC00003F80007C00078008D
:106F800007800807FFF807FFF80400080400080757
:106F9000FFF807000803C00000E000003800001EF2
:106FA000000007000001C00400F007FFF804000023
:106FB000000000007F8001FFE003807006001804DD
:106FC000000804000806001803003001FFE0007FFD
:106FD0008000000004000807FFF807FFF804040819
:106FE000040400040400040400040400060C00036C
:106FF000F80001F000000000000000007F8001FFA9
:10700000E00380700600880400880400C806003C85
:1070100003003E01FFE6007F840000000400080733
:10702000FFF807FFF8040808040800040C00040F28
:1070300000040BC00610F003F03801E0080000085F
:1070400000000001E0F803F03006301004180804D6
:107050001808040C08040C080206180207F007813F
:10706000E0000000018000060000040000040000B1
:1070700004000807FFF807FFF804000804000004F4
:10708000000006000001800004000007FFE007FF89
:10709000F0040018000008000008000008000008C4
:1070A00000000804001007FFE004000004000006D0
:1070B000000007E00007FE00041FE00001F80000E8
:1070C000380001E0043E0007C00006000004000094
:1070D00004000007E00007FFC0041FF80007C00716
:1070E000F80007FF80043FF80007C004F80007001D
:1070F0000004000000000004000806001807C07823
:1071000005F1C8003E00001F800463E80780F80610
:1071100000180400080000000400000600000780BA
:107120000007E008047C08001FF80007F8001808B2
:1071300004E0080700000600000400000000000151
:1071400000080600380400F80403E8040F08047C73
:107150000805F00807C008070018040060000000D8
:107160000000000000000000000000000000003FE0
:10717000FFFE20000220000220000220000220006A
:1071800002000000000000000000080000070000EE
:1071900000C0000038000006000001C00000300000
:1071A000000E0000010000000000000000002000B0
:1071B000022000022000022000022000023FFFFE09
:1071C00000000000000000000000000000000000BF
:1071D0000000000000080000100000300000200047
:1071E0000030000010000008000000000000000057
:1071F000000001000001000001000001000001008A
:107200000001000001000001000001000001000079
:10721000010000010000000000000000002000004C
:10722000200000100000100000000000000000001E
:1072300000000000000000000000000000F0001945
:10724000F8001B180022080026080024080024105B
:10725000003FF8001FF800000800001800000004BC
:10726000000007FFF80FFFF00018180010080020BA
:1072700008002008003018001FF0000FC0000000B8
:107280000000000007C0001FF000183000200800B8
:107290002008002008003C08001C100000600000CE
:1072A000000000000000000007C0001FF0003818B8
:1072B00000200800200800200804101007FFF80F25
:1072C000FFF00000100000000000000000000007B8
:1072D000C0001FF00012300022180022080022080F
:1072E000003208001E10000E200000000000000008
:1072F000200000200800200801FFF803FFF8062006
:1073000008042008042008072000030000000000F3
:1073100000000000000E000E6E001FF30031B100EF
:1073200020B10020B1003191001F13002E1E00205B
:107330000E00300000000004000807FFF80FFFF8FF
:10734000001008002000002000002008003FF80086
:107350001FF80000080000000000000000000020EE
:1073600008002008002008063FF8063FF800000843
:1073700000000800000800000000000000000000FD
:107380000000000003000003002001002001002095
:1073900003063FFE063FFC00000000000000000066
:1073A00000000004000807FFF80FFFF80001880044
:1073B0000300002FC00038F800203800200800002B
:1073C000080000000000000000000400080400089D
:1073D00004000807FFF80FFFF8000008000008008D
:1073E0000008000000000000002008003FF8003FF7
:1073F000F8001008002000003FF8003FF8001008D7
:10740000002000003FF8003FF800000800000000E6
:107410002008003FF8003FF800100800100000208E
:1074200000002008003FF8001FF8000008000000DE
:107430000000000007C0000FF00018300030080006
:107440002008002008003008001830000FF0000766
:10745000C0000000000000002001003FFF003FFFCF
:10746000001011002009002008002008003038001A
:107470001FF0000FC00000000000000007C0001F48
:10748000F000381800200800200800200900101122
:10749000001FFF003FFF0000010000000020080067
:1074A0002008002008003FF8003FF80008080010FE
:1074B000080020080020000030000030000000001C
:1074C000000000000000000C78001E1800330800C7
:1074D00023080021080021880021980030F000389E
:1074E00060000000000000002000002000002000DC
:1074F00000FFF003FFF8002008002008002008002B
:107500000030000000000000000000002000003FEC
:10751000F0007FF8000018000008000008002010AC
:10752000003FF8007FF000001000000000000000A5
:107530002000003000003C00003F800023F00000ED
:1075400078000070002380003C0000300000200024
:10755000002000003C00003FE00023F80000E000B5
:107560002700003E00003FE00021F80001E0003E5F
:10757000000020000000000020080020080038382B
:10758000003E680027800003C8002CF8003838004F
:10759000201800200800000000000000200000303B
:1075A00003003C01003F830023EC000070002380B7
:1075B000003C00002000002000000000000000004F
:1075C00000000038080020380020F80023E8002FD1
:1075D00088003E08003808002018000070000000F5
:1075E000000000000000000000000000000000009B
:1075F00008000014001FF7FC300006200002000005
:10760000000000000000000000000000000000007A
:10761000000000000000FFFFFF000000000000006D
:10762000000000000000000000000000000020003A
:10763000023000061FF7FC001400000800000000E4
:107640000000000000000000000000000000001822
:10765000000060000040000040000020000010001A
:10766000000800000400000400000C0000100000EE
:10767000000000000000000000000000000000000A
:1076800000000000000000000000000000000000FA
:1076900000000000000000000000000000000000EA
:1076A00000000000000000000000000000000000DA
:1076B00000000000000000000000000000000000CA
:1076C000000000000000000007F000C007FFE1E03C
:1076D00007F001E0000000C0000000000000000012
:1076E000000000000000000000000000000000009A
:1076F00000000000000000000020000001C00000A9
:10770000078000001F0000001E0000001C20000079
:1077100001C00000078000001F0000001E000000E4
:107720001C0000000000000000000000000000003D
:107730000000000000180C0000180C0000180FE0FA
:10774000001FFC0003F80C0000180C0000180C00CF
:1077500000180C0000180C0000180FE0001FFC00BF
:1077600003F80C0000180C0000180C0000000000CA
:10777000000000000000000000000780007807C043
:1077800000FC0640010E00200307002002038020B9
:107790000FFFFFFC0201C0200200E06001307040DA
:1077A00001F03F8000F01F0000000000000000001A
:1077B00000FE000001FF0000030180000200806065
:1077C000030181C001FF070000FE18000000E00077
:1077D0000003BF00000CFFC00071806001C10020E9
:1077E000030180600000FFC000003F0000000000B7
:1077F00000001F0000007FC000FCC0C001FF8060CF
:107800000303E0200202782002061E2003FC07404A
:1078100001F00380000103C000011C600001E020B2
:107820000001002000010040000001800000000075
:1078300000000000002000001C6000001C40000050
:107840001F8000000F00000000000000000000008A
:107850000000000000000000000000000000000028
:107860000000000000000000000000000000000018
:107870000000000000000000000000000000000008
:107880000000000000000000000000000007F800F9
:10789000003FFF00007807C001C000E00300003097
:1078A00004000008080000041000000200000000AE
:1078B000000000001000000208000004040000089E
:1078C0000300003001C000E0007807C0003FFF0067
:1078D0000007F800000000000000000000000000A9
:1078E0000000000000000000000000000000000098
:1078F0000000000000000000000C1800000E38001E
:10790000000E380000063000000360000061438074
:1079100000FFFF80006143000003600000063000AC
:10792000000E3800000E3800000C180000000000A7
:107930000000000000000000000080000000800047
:107940000000800000008000000080000000800037
:10795000007FFF0000008000000080000000800029
:107960000000800000008000000080000000000097
:107970000000000000000001000000E3000000E241
:10798000000000FC00000078000000000000000083
:1079900000000000000000000000000000000000E7
:1079A00000000000000000000000000000000000D7
:1079B0000000000000008000000080000000800047
:1079C00000008000000080000000800000008000B7
:1079D00000008000000080000000800000008000A7
:1079E0000000800000008000000080000000000017
:1079F0000000000000000000000000C0000001E0E6
:107A0000000001E0000000C00000000000000000D5
:107A10000000000000000000000000000000000066
:107A20000000000000000000000000000000000056
:107A3000000000000000000C00000038000000E022
:107A40000000038000000E00000038000000E0008D
:107A500000038000000E00000038000000E000007D
:107A6000038000000E00000018000000000000006D
:107A70000000000000000000000FF800007FFF0081
:107A800000F00780018000C00300006002000020B9
:107A9000020000200200002003000060018000C0FE
:107AA00000E00380007FFF00000FF80000000000EE
:107AB0000000000000000000000000000080002026
:107AC00000800020008000200080006001FFFFE0B7
:107AD00003FFFFE000000060000000200000002025
:107AE0000000002000000000000000000000000076
:107AF0000000000000000000007800E00098016035
:107B000001000260020004600200086002001060D0
:107B1000020020600200406003008060018300607A
:107B200001FE00E0007C0780000000000000000073
:107B3000000000000000000000F0078001F007C016
:107B4000010000400200002002010020020100208C
:107B500002010020030380200186804001FCC0C098
:107B600000787F8000001E00000000000000000080
:107B7000000000000000080000003800000048007D
:107B80000001880000060800000C081000300810F2
:107B90000040081001FFFFF003FFFFF003FFFFF0BC
:107BA000000008100000081000000810000000008D
:107BB000000000000000000000000780001F864059
:107BC00003E100200302002003040020030400203E
:107BD000030400200304002003060040030301C047
:107BE0000301FF8003007E00000000000000000091
:107BF00000000000000000000007FC00003FFF0044
:107C00000070C380008180C0010100600302002079
:107C100002020020020200200202002002030040B3
:107C200001C180C000C0FF8000007E000000000095
:107C3000000000000000000000F0000003C0000091
:107C40000380000003000000030007E003003FE0A2
:107C50000301C000030600000318000003600000D9
:107C6000038000000300000000000000000000008E
:107C70000000000000001F0000783F8000FC60C092
:107C8000018EC040030780200203002002018020F3
:107C9000020180200201C0200301E040018670C083
:107CA00000FC3F8000781F00000000000000000082
:107CB00000000000003F000000FF81C001C0C1C003
:107CC000010060200200202002002020020020206D
:107CD00002002060020040C00100C18000C18F008E
:107CE000007FFE00001FF000000000000000000008
:107CF0000000000000000000000000000000000084
:107D00000000000000000000000300C0000781E048
:107D1000000781E0000300C0000000000000000038
:107D20000000000000000000000000000000000053
:107D30000000000000000000000000000000000043
:107D40000000000000000000000600660006007849
:107D50000000000000000000000000000000000023
:107D60000000000000000000000000000000000013
:107D70000000000000000000000080000001C000C2
:107D80000003600000063000000C180000180C0012
:107D9000003006000060030000C0018001000040C8
:107DA000020000200400001000000000000000009D
:107DB0000000000000041000000410000004100087
:107DC0000004100000041000000410000004100063
:107DD0000004100000041000000410000004100053
:107DE0000004100000041000000410000000000057
:107DF000000000000000000004000010020000204D
:107E00000100004000C00180006003000030060057
:107E100000180C00000C1800000630000003600081
:107E20000001C00000008000000000000000000011
:107E300000000000000000000078000001F80000D1
:107E40000238000002000000040000C0040079E0D5
:107E5000040081E0040100C00403000002020000ED
:107E60000306000001FC000000F800000000000014
:107E700000000000000FF800003FFE0000700780C7
:107E800000C000C00101F8400307FC20021E0420CE
:107E90000230082002203020023FFC20013F044035
:107EA00001800CC000E03180001FC2000000000013
:107EB0000000002000000060000003E000003E2001
:107EC0000003E020003E200003E0200003802000AB
:107ED00007FC2000003FE0000003FE2000003FE020
:107EE000000001E000000020000000200000000071
:107EF00000000000020000200200002003FFFFE05D
:107F000003FFFFE002010020020100200201002027
:107F1000020100200201002003030020018680608E
:107F200001FCC0C000F87F8000001F0000000000BE
:107F3000000000000007F800003FFF00007007800D
:107F400000C000C00100004003000020020000202B
:107F5000020000200200002002000020010000407A
:107F6000018000C003C00180003006000000000056
:107F700000000000020000200200002003FFFFE0DC
:107F800003FFFFE0020000200200002002000020AA
:107F9000020000200300006001000040018000C0DA
:107FA00000F00780007FFE00000FF80000000000D6
:107FB00000000000020000200200002003FFFFE09C
:107FC00003FFFFE002010020020100200201002067
:107FD000020100200201002002038020020FE020A5
:107FE0000300006003C000E0006003000000000028
:107FF00000000000020000200200002003FFFFE05C
:1080000003FFFFE002010020020100200201000046
:1080100002010000020100000201000002038000D2
:10802000030FE0000300000003C000000060000038
:10803000000000000007F800003FFE00007007800D
:1080400001C001C001000040030000200200002028
:10805000020000200200002001002020010020403A
:1080600003C03F8000303F8000002000000020005F
:10807000020000200200002003FFFFE003FFFFE0FA
:1080800002008020020080200000800000008000AC
:1080900000008000020080200200802003FFFFE03B
:1080A00003FFFFE0020000200200002000000000AB
:1080B000000000000000000000000000020000209E
:1080C00002000020020000200200002003FFFFE069
:1080D00003FFFFE002000020020000200200002059
:1080E000020000200000000000000000000000006E
:1080F000000000000000000E0000000F0000000F54
:108100000000000102000001020000010200000363
:108110000200000603FFFFFC03FFFFF8020000005F
:108120000200000002000000020000000000000049
:1081300000000000020000200200002003FFFFE01A
:1081400003FFFFE00200C0200201002000078000C2
:10815000000FE0000030F80002603E2003800F2096
:10816000030003E0020000E0020000200000002005
:1081700000000000020000200200002003FFFFE0DA
:1081800003FFFFE0020000200200002000000020AA
:10819000000000200000002000000020000000205F
:1081A00000000060000000E000000300000000008C
:1081B000020000200200002003FFFFE003E0002097
:1081C00003FF0020001FF0000001FF8000000FE00F
:1081D00000001E000003E000003E002003E000203D
:1081E00003FFFFE003FFFFE0020000200200002089
:1081F000020000200200002003FFFFE003800020B7
:1082000003F0002000FC0000001F00000007C00079
:108210000001F00000007C0002001F80020007E067
:1082200003FFFFE002000000020000000000000069
:1082300000000000000FF800003FFE0000F0078083
:10824000018000C001000040020000200200002068
:10825000020000200200002001000040018000C058
:1082600000F00380003FFE00000FF8000000000057
:1082700000000000020000200200002003FFFFE0D9
:1082800003FFFFE002008020020080200200800047
:1082900002008000020080000200800003018000D4
:1082A0000183000000FE0000007C000000000000D0
:1082B00000000000000FF800007FFF0000F00380C6
:1082C000018001C0010006400200042002000420D9
:1082D00002000620020003E0010000F80180005CBB
:1082E00000E0038C003FFF0C000FFC1800000000B2
:1082F00000000000020000200200002003FFFFE059
:1083000003FFFFE0020100200201002002018000C3
:108310000201E0000201FC0003033F80018607E048
:1083200001FC00E000F80020000000200000000038
:1083300000000000000000000078060000FE01E0E0
:10834000018600C0030300400203002002018020D8
:10835000020180200201C0200200C0200100E06074
:10836000018070C003E03F8000001F00000000009B
:108370000000000000600000038000000300000017
:1083800002000000020000200200002003FFFFE0C6
:1083900003FFFFE0020000200200002002000000B6
:1083A000020000000380000000E000000000000068
:1083B000020000000200000003FFFF0003FFFFC0F7
:1083C00002000040020000600000002000000020C9
:1083D0000000002000000020020000400200008099
:1083E00003FFFF0002000000020000000000000088
:1083F00000000000020000000200000003C00000B6
:1084000003FC0000023FC0000003F80000007F8072
:10841000000007E000000780000078000203C000B1
:10842000023C000003C00000020000000200000047
:108430000200000003C0000003FF8000023FFE00B6
:1084400002007FE000000F000200F00003EF0000D8
:1084500003FF8000020FFE0000003FE000001F004D
:108460000207E00003F80000030000000200000023
:10847000000000000200002002000020038000E055
:1084800003F0032002FC0C20021F30000007C00094
:108490000007F00002187C0002601F20038003E048
:1084A000020000E0020000200000002000000000A8
:1084B00000000000020000000300000003C00000F4
:1084C00003F80000023E0020020FC0200001FFE080
:1084D00000007FE000038020021C002002700000EA
:1084E0000380000002000000020000000000000005
:1084F0000000000000000020006000E0038003E0B6
:1085000003000FA002003E200200F8200203E0203A
:10851000020F8020023E00200278002003E000606D
:10852000038000E0020003000000000000000000E3
:10853000000000000000000000000000000000003B
:1085400000000000000000001FFFFFFC10000004FE
:1085500010000004100000041000000410000004CB
:1085600010000004100000040000000000000000E3
:1085700000000000000000000000000007000000F4
:1085800003C0000000780000001E00000003C000CF
:108590000000F00000001E0000000780000000F056
:1085A0000000003C00000006000000000000000089
:1085B0000000000000000000100000041000000493
:1085C000100000041000000410000004100000045B
:1085D000100000041FFFFFFC00000000000000006E
:1085E000000000000000000000000000000000008B
:1085F000000000000000000000000000000000007B
:108600000200000004000000080000001800000044
:108610001000000018000000180000000400000016
:108620000200000000000000000000000000000048
:108630000000000100000001000000010000000136
:108640000000000100000001000000010000000126
:108650000000000100000001000000010000000116
:108660000000000100000001000000010000000106
:1086700000000000000000000000000010000000EA
:1086800010000000100000001800000008000000AA
:1086900004000000000000000000000000000000D6
:1086A00000000000000000000000000000000000CA
:1086B000000000000000038000018FC000038C60F8
:1086C00000061820000410200004102000042020C0
:1086D00000042040000620400003FFC00001FFE02E
:1086E0000000002000000020000000C0000000008A
:1086F00000000000020000000200000003FFFFE095
:1087000007FFFFC0000180C00002006000020020DF
:1087100000040020000400200004002000060040A7
:10872000000300C00001FF800000FE000000000008
:10873000000000000000000000007E000001FF803B
:10874000000381C000020040000600200004002059
:108750000004002000040020000600200003C040A8
:108760000001C080000003000000000000000000C5
:10877000000000000000000000007E000001FF80FB
:10878000000380C0000600600004002000040020F8
:1087900000040020020400400202008003FFFFE00A
:1087A00007FFFFC000000040000000400000000084
:1087B000000000000000000000007E000001FF80BB
:1087C000000311C0000210400004106000041020DB
:1087D00000041020000410200006102000031040A8
:1087E0000001F0C000007100000000000000000067
:1087F0000000000000000000000400000004002051
:108800000004002000040020007FFFE001FFFFE0E3
:1088100001040020030400200204002002040020C0
:10882000020400000200000001C0000001C00000BE
:1088300000000000000000000000001C0000E33EFB
:108840000003FFC200020CC3000404C1000404C101
:10885000000404C1000404C100060CC10003F8C3F5
:108860000005F0620006007E0006003C00000000EB
:1088700000000000020000200200002003FFFFE0D3
:1088800007FFFFE0000100200002002000060000BA
:108890000004000000040000000400200006002086
:1088A0000003FFE00001FFE00000002000000020C6
:1088B0000000000000000000000000000004002094
:1088C0000004002000040020000400200387FFE0D3
:1088D000038FFFE003800020000000200000002044
:1088E0000000002000000000000000000000000068
:1088F0000000000000000000000000000000000672
:108900000000000700000001000000010004000159
:108910000004000100040003000400060387FFFCBC
:10892000038FFFF80380000000000000000000003B
:1089300000000000020000200200002003FFFFE012
:1089400007FFFFE0000008200000102000003000BA
:108950000000FC0000058E00000707A0000601E0F3
:10896000000400E0000400200000002000000000DF
:1089700000000000000000000000000002000020D5
:1089800002000020020000200200002003FFFFE0A0
:1089900007FFFFE000000020000000200000002092
:1089A00000000020000000000000000000000000A7
:1089B00000000000000400200007FFE0000FFFE0BF
:1089C0000002002000040000000400200007FFE077
:1089D0000003FFE00002002000040000000400206B
:1089E0000007FFE00003FFE000000020000000009F
:1089F0000000000000040020000400200007FFE049
:108A0000000FFFE000010020000200200002000033
:108A10000004000000040000000400200006002004
:108A20000003FFE00001FFE0000000200000002044
:108A3000000000000000000000007E000000FF8039
:108A4000000381C000020040000600200004002056
:108A50000004002000040020000600200002004066
:108A6000000381C00001FF8000007E0000000000C4
:108A70000000000000040001000400010007FFFFE7
:108A8000000FFFFF000100C10002004100040020B0
:108A90000004002000040020000400200006004024
:108AA000000301C00001FF8000007E000000000004
:108AB000000000000000000000007E000001FF80B8
:108AC000000380C0000200600004002000040020B9
:108AD000000400200004002000020041000300C147
:108AE0000003FFFF0007FFFF00000001000000017E
:108AF000000000000004002000040020000400200A
:108B000000040020000FFFE0000FFFE00000C02085
:108B100000010020000200200006002000040000E8
:108B20000004000000070000000300000000000037
:108B30000000000000000000000003E00001C0E0B1
:108B40000003E0400006302000043020000418201C
:108B5000000418200004182000040C2000020C60FF
:108B6000000307C000078380000000000000000031
:108B700000000000000000000004000000040000ED
:108B800000040000000C0000001FFF8000FFFFC079
:108B90000004006000040020000400200004002005
:108BA0000004004000000180000000000000000000
:108BB0000000000000040000000400000007FF8027
:108BC000000FFFC000000060000000200000002037
:108BD000000000200000002000040040000400808D
:108BE0000007FFE0000FFFC0000000400000004051
:108BF00000000000000400000004000000078000E6
:108C00000007F0000004FE0000041FC0000003E0A5
:108C10000000038000001C000004600000078000CA
:108C2000000600000004000000000000000000003A
:108C300000040000000600000007C0000007FC0060
:108C400000043F80000003E000040F800006F000F5
:108C50000007F0000007FF8000040FE00000038021
:108C600000043C000007C0000006000000040000F3
:108C7000000000000000002000040020000400604C
:108C8000000700E0000783200007E6000004F8006A
:108C900000003C0000045E20000587A0000601E003
:108CA000000400600004002000000020000000001C
:108CB000000000000004000000040003000700039F
:108CC0000007E0010004F80100041F02000007FC97
:108CD000000000E000000700000438000007C000AA
:108CE0000006000000040000000400000000000076
:108CF000000000000000000000078060000600E0A7
:108D0000000403E0000407A000040E2000043C203F
:108D1000000470200005E0200007802000070060AC
:108D2000000400E0000003800000000000000000DC
:108D30000000000000000000000000000000000033
:108D400000000000000000000000000000008000A3
:108D5000000080000001400007FE3FF8080000040A
:108D600010000002100000020000000000000000DF
:108D700000000000000000000000000000000000F3
:108D800000000000000000000000000000000000E3
:108D9000FFFFFFFF000000000000000000000000D7
:108DA00000000000000000000000000000000000C3
:108DB000000000000000000010000002100000028F
:108DC0000800000407FE3FF800014000000080009A
:108DD0000000800000000000000000000000000013
:108DE0000000000000000000000000000000000083
:108DF00000000000180000003000000040000000EB
:108E00004000000040000000200000003000000092
:108E10000800000004000000020000000200000042
:108E2000020000000C00000018000000000000001C
:108E3000800C000080070000607800002000000027
:108E400020000000200000000090010000F0000061
:108E5000000C0F00B08E0008415600080100000011
:108E60000000000080000000000000000000000082
:108E7000A48E0008815700080200000000000000D6
:108E80008000000000000000000000000000000062
:108E900000000000010203040607080900000000AA
:108EA000010203047461736B315461736B00000041
:108EB00073746172745461736B000000DC8E00087F
:108EC00000000020E8000000D0180008C48F00084F
:108ED000E8000020A8B10100E01800080000000030
:108EE000FFFF0000ED4F000849500008000100207E
:108EF00000000010000000680091012000F0001048
:108F0000000C0F6800000000FFFF00001F0000F8C9
:108F10001FF8E007FF07E0FF07FC308418C640BCDD
:108F200000000000010000000000006800A0000038
:108F30000000000000000000000000000000000031
:108F40000000000000000000010000001000000010
:108F5000000000000024F4000000000000000000F9
:108F60000000000000000000000000000000000001
:108F700000000000000000000000000000000000F1
:108F800000000000000000000000000000000000E1
:108F900000000000000000000000000000000000D1
:108FA00000000000000000000000000000000000C1
:108FB0000000000000000000AAAAAAAA0000000009
:048FC00000000000AD
:040000050800018965
:00000001FF
