:020000040800F2
:1000000058C201205D020008EB230008F52000081B
:10001000E9230008790500088F320008000000007D
:100020000000000000000000000000009D0100082A
:100030001106000800000000F90100084D2F00081B
:1000400077020008770200087702000877020008AC
:10005000770200087702000877020008770200089C
:10006000770200087702000877020008770200088C
:10007000770200087702000877020008770200087C
:10008000770200087702000877020008770200086C
:10009000770200087702000877020008770200085C
:1000A0007702000811300008770200087702000884
:1000B000770200087702000877020008770200083C
:1000C000770200087702000877020008770200082C
:1000D000770200087702000877020008770200081C
:1000E000770200087702000877020008770200080C
:1000F00077020008770200087702000877020008FC
:10010000770200082124000877020008770200081F
:1001100077020008770200087702000877020008DB
:100120007702000877020008770200087D050008C2
:1001300077020008770200087702000877020008BB
:1001400077020008770200087702000877020008AB
:100150007702000889050008770200087702000886
:10016000770200087702000877020008770200088B
:1001700077020008770200087702000800000000FC
:100180007702000877020008DFF80CD000F0E2F9EF
:10019000004800476D68000858C201202C4B1968C0
:1001A0000868B0E8F04F80F30988BFF36F8F4FF015
:1001B000000080F3118870470000000008480068C4
:1001C000006880F308884FF0000080F3148862B65E
:1001D00061B6BFF34F8FBFF36F8F00DF00BF00BF6B
:1001E00008ED00E0DFF80C00016841F470010160E7
:1001F000704700BF88ED00E0EFF30980BFF36F8F19
:10020000134B1A681EF0100F08BF20ED108A20E96A
:10021000F04F106009B44FF0500080F31188BFF325
:100220004F8FBFF36F8F07F015FA4FF0000080F388
:10023000118809BC19680868B0E8F04F1EF0100F6B
:1002400008BFB0EC108A80F30988BFF36F8F704746
:1002500098000020EFF305807047000006488047B3
:1002600006480047FEE7FEE7FEE7FEE7FEE7FEE79B
:10027000FEE7FEE7FEE7FEE701300008890100081F
:100280002DE9F05F0546002092469B4688460646CB
:10029000814640241BE0284641464746224600F05E
:1002A000EBF853465A46C01A914110D311461846EE
:1002B000224600F0D2F82D1A67EB01084F4622467D
:1002C0000120002100F0C9F817EB00094E41201E63
:1002D000A4F10104DFDC484631462A464346BDE826
:1002E000F09F40EA01039B0703D009E008C9121FF1
:1002F00008C0042AFAD203E011F8013B00F8013BE0
:10030000521EF9D27047D2B201E000F8012B491E0B
:10031000FBD270470022F6E710B513460A460446A2
:100320001946FFF7F0FF204610BD2DE9FE4F81EA88
:10033000030404F0004421F0004100944FF0000B4E
:1003400023F0004350EA01045ED052EA03045BD07C
:10035000C3F30A54C1F30A552C44A4F2F3340194B4
:10036000A0FB0254C1F3130141F48011C3F3130342
:1003700043F4801301FB024400FB034E840A970AF6
:1003800044EA815447EA8357A4FB076802958D0A23
:1003900005FB07854FEA932C04FB0C542705029DAF
:1003A0004FEA065847EA1637B5EB08056EEB070C1F
:1003B000870E920E47EA811742EA8312A7FB0201D9
:1003C000B6EB0B0164EB00042B0D43EA0C335E1813
:1003D00044EB1C50DA465146E7FB0201C5F3130417
:1003E0004FEA0B3343EA14534FEA0432019C43EAC9
:1003F0000603A4F10C040294009CCDE900B400F0C3
:100400005AF803B0BDE8F08F00200146F9E70EB5B9
:1004100040F2334102910021CDE900110A460B461A
:1004200000F049F803B000BDC1F30A5210B5C1F3A2
:10043000130140F2FF3341F480119A4201DA0020A7
:1004400010BD40F233439A42A2F2334203DC5242DF
:1004500000F012F810BD904010BD202A04DB203AB5
:1004600000FA02F1002070479140C2F1200320FA07
:1004700003F3194390407047202A04DB203A21FA05
:1004800002F00021704721FA02F3D040C2F12002AD
:10049000914008431946704710B5141E73F10004CB
:1004A00008DA401C41F1000192185B411A4301D166
:1004B00020F0010010BD2DE9F04D92469B4611B190
:1004C000B1FA81F202E0B0FA80F220329046FFF7F2
:1004D000C4FF04460F4640EA0A0041EA0B015346B6
:1004E0005A46084313D0114653EA010019D0C8F107
:1004F00040025046FFF7C0FF05460E46504659469B
:100500004246FFF7AAFF084305D0012004E0204639
:100510003946BDE8F08D0020054346EAE0762C43DD
:1005200037430A986305E40AA0EB08000022FD0A9D
:1005300044EA47540A3002D500200146E9E70105A4
:1005400010196941DDE9084500196941BDE8F04D20
:10055000A2E70000064C074D06E0E06840F001030A
:1005600094E8070098471034AC42F6D3FFF710FE2A
:1005700080A90008A0A90008FEE70000014800F0DB
:10058000EBB80000B4BB0120014800F0E5B8000062
:1005900014BC012001681823CAB2103AB2FBF3F26E
:1005A000054B6FF30901032A9B5CC36500D9091D44
:1005B000816508467047000054A9000810B501463F
:1005C00000208B698A6A4FF0C07453B1B3F5005FA5
:1005D00015D072B1012A0CD0022A0AD0032A09D1FF
:1005E00004E01AB1012A06D0022A03D1C96AC9015E
:1005F00000D5012010BDC96AA142FAD010BD002A61
:10060000F7D0012AF2D0022AF3D0032AF3D010BD8A
:1006100070477047002200F001B8000030B50E4B63
:10062000054601209C7B022C15D2987B00241C548B
:10063000987B03EB800045609D7B03F10C002A54FE
:10064000987B421C9A73303008703A2048702F20F3
:100650008870CC70002030BD48BE012070B5B3F565
:10066000804F05D06FF0704140F82210002070BD1F
:1006700050F82240084B8E891C40D1E9003543EAEE
:1006800005138D6889692D0245EA06452B430B4306
:10069000234340F82230E9E70000F0CFF0B50C68C2
:1006A00050F82430114A1340D1E90125D1E90367FC
:1006B0002A433E4332434E6932438E693243CE6908
:1006C00032430E6A32434E6A32438E6A3243CE6AF6
:1006D0003243CE6B096B32430A431A43082D01D1D2
:1006E00042F0400240F824200020F0BD8000F0FFDE
:1006F00030B500EB820250688D8900F04043D1E9AB
:10070000000440EA04108C68240244EA05442043B3
:100710000C8A074D05EB045420430C7D6D0105EB5D
:10072000046489692043084318435060002030BDA9
:100730000000F0FF90F83510022903D080214165B8
:1007400001207047052180F835100068016821F00C
:1007500001010160002070472DE9F84304464FF085
:100760000009CDF8009063484FF41651A56D00685C
:10077000B0FBF1F72E6894F85C10082000FA01F144
:1007800031420FD021680A6852070BD50A6822F05F
:1007900004020A6094F85C108840A860606D40F024
:1007A0000100606594F85C104FF0010808FA01F050
:1007B000304208D021684969090604D5A860606DF7
:1007C00040F00200606594F85C10042088403042DC
:1007D00008D021680968890704D5A860606D40F0D9
:1007E0000400606594F85C1010208840304218D0F6
:1007F00021680968090714D5A860206801684903C1
:1008000004D50068000308D5A16C07E00168C9059C
:1008100003D4016821F008010160216C09B1204670
:10082000884794F85C1020208840304231D02168FD
:100830000968C9062DD5A86094F8350005282068F8
:10084000016806D0490347D5006800031DD4616CD8
:100850001CE021F0160101602068416921F080014F
:100860004161206C08B9A06C20B12068016821F0BA
:100870000801016094F85C103F208840A86084F86B
:10088000349084F83580216D1FE0E16B09B120467A
:100890008847606D00282BD0606DC00714D00520FC
:1008A00084F835002068016821F00101016000989A
:1008B000401C0090B84203D820680068C007F6D1F9
:1008C00084F8349084F83580E16C002910D001B0B0
:1008D0002046BDE8F04308470168C905D5D4016842
:1008E00021F01001016084F8349084F83580CCE761
:1008F000BDE8F883940000202DE9F041044600F0A3
:10090000B7F906465CB1002584F83450022084F81B
:1009100035002068016821F0010101600DE001202F
:10092000BDE8F08100F0A4F9801B052805D920203E
:100930006065032084F83500F2E720680068C0078E
:10094000F0D12268116820480140D4E9010318431E
:10095000D4E903363343184363691843A369184342
:10096000E3691843236A18430843616A042903D1E1
:10097000D4E90B1319430843106020684069666A84
:1009800020F0070130460E43012704280CD1A06A4D
:100990000643E06A40B12046FFF710FE20B1402038
:1009A000606584F83570BAE7206846612046FFF735
:1009B000F1FD94F85C203F2191408160656584F8E9
:1009C00035700020ACE700003F8010F080B202F0EC
:1009D000DFBE0000F0B587B014216846FFF79AFC2F
:1009E0001F480168002939D1012404601D480168AD
:1009F00041F0010101600068022500F0010005904E
:100A00004FF23F00CDE9000502AA03260C2782E839
:100A1000D0006946144800F02FF841F23F40CDE97C
:100A2000000502AA694682E8D000104800F024F8C8
:100A30004FF68370CDE9000502AA694682E8D0002E
:100A40000B4800F019F84FF63370CDE9000502AA03
:100A5000694682E8D000074800F00EF807B0F0BD04
:100A60008000002038380240001402400018024084
:100A700000100240000C02402DE9F84FDFF8B8A149
:100A8000002201250AF1040B03264FF00F090BF198
:100A9000040E00BF0B6805FA02F42340A3426FD195
:100AA0000F7907F00307012F01D0022F16D18768B5
:100AB0004FEA420806FA08FC27EA0C07D1F80CC0F6
:100AC0000CFA08FC4CEA070CC0F808C04768A743BA
:100AD0000C79C4F3001494403C4344600C79E44323
:100AE000A4070AD0C4684FEA420C06FA0CF7BC43CC
:100AF0008F6807FA0CF72743C7600C7904F00304EA
:100B0000022C12D1D40800EB840CDCF820405707EB
:100B1000FF0E09FA07F824EA0804D1F8108008FA51
:100B200007F848EA0408CCF8208004684FEA420C31
:100B300006FA0CF7BC430F7907F0030707FA0CF726
:100B4000274307604C68E40070D53C4C276847F4A5
:100B500080472760246822F0030704F4804400944F
:100B6000374C07EB040CDCF8084897074FEA177876
:100B700009FA08F7BC43334FB84202D1002724E0FA
:100B800054E0314FB84201D101271EE02F4FB84247
:100B900001D1022719E02E4FB84201D1032714E0FA
:100BA0002C4FB84201D104270FE02B4FB84201D19E
:100BB00005270AE0294FB84201D1062705E0284F52
:100BC000B84201D1072700E0082707FA08F72743B2
:100BD000CCF80878DAF800405746D1F804C09C43B6
:100BE0005FEACC3C00D51C433C60DBF800405F462C
:100BF000D1F804C09C435FEA8C3C00D51C433C60A8
:100C0000DEF800407746D1F804C09C435FEACC2C64
:100C100000D51C433C60084F0C373C68D1F804C039
:100C20009C435FEA8C2C00D51C433C60521C102A6C
:100C3000FFF430AFBDE8F88F003C0140443802407B
:100C40000030014000000240000402400008024061
:100C5000000C024000100240001402400018024044
:100C6000001C02400AB1816170470904FBE70000E3
:100C700001488068704700008800002002488168B1
:100C80000278114481607047880000200B4810B53D
:100C9000016841F400710160016841F48061016004
:100CA000016841F480710160032000F08DF800209C
:100CB00000F006F800F03EF8002010BD003C0240B5
:100CC00010B5014688B00022192000F05DF8192007
:100CD00000F04CF813480024016841F00101016064
:100CE000006805A900F001000690684600F018F9B8
:100CF00000F046F90C494000B0FBF1F10C480B4AFA
:100D0000491E026040F2E732C0E90324C0E9011441
:100D100001F05AF810B1012008B010BD044801F0EC
:100D200081F8F9E74438024040420F0000000140DA
:100D300010BD01200C4882B0016841F4804101607F
:100D4000006800F4804000900748001F016841F0EF
:100D5000805101600068002200F0805000900F2157
:100D6000901E02B000F010B844380240002809DBA1
:100D700000F01F02012191404009800000F1E020B5
:100D8000C0F8001170470000F0B40E4B1B680C4611
:100D9000C3F30223C3F10705042D00D90425191D4F
:100DA000072901D2002300E0DB1E012606FA05F127
:100DB000491E214099409E40761E16403143F0BCAA
:100DC00002F08ABA0CED00E0064900F0070208685C
:100DD0004FF6FF03184040EA0220034A1043086020
:100DE000704700000CED00E00000FA052DE9F04727
:100DF0000E46050065D0DFF81481D8F80000F7B280
:100E000000F00700B04207D288F80070D8F8000060
:100E100000F00700B04254D128683D4C810712D53C
:100E2000400703D5206840F4E05020602878000790
:100E300003D5206840F4604020602068A96820F055
:100E4000F000084320602878C0072DD0304968683A
:100E50000839012812D0022813D0032811D00968BC
:100E6000890700292DDA216821F00301014321605F
:100E7000FFF7FEFE814641F2883A0EE009688903D9
:100E8000EFE709688901ECE7FFF7F2FEA0EB090143
:100E9000514502D90320BDE8F0872068696800F059
:100EA0000C00B0EB810FEFD1D8F80010404601F0F4
:100EB0000701B14207D90770006800F00700B0428F
:100EC00001D00120E7E72878400705D52068E968C8
:100ED00020F4E050084320602878000706D52068F9
:100EE000296920F4604040EAC100206000F058F811
:100EF0002168084AC1F30311515CC84006490860E3
:100F000006480068FFF7DCFE0020C4E7003C024012
:100F1000083802405CA90008940000208C000020E2
:100F20000F2202600C4A136803F003034360136846
:100F300003F0F0038360136803F4E053C3601268A6
:100F40004FF4E05303EAD20202610448006800F063
:100F5000070008607047000008380240003C02406B
:100F60000448054900680968044AC1F38221515CBC
:100F7000C840704794000020083802406CA900085F
:100F80000448054900680968044AC1F34231515CCC
:100F9000C840704794000020083802406CA900083F
:100FA000154810B5006810F00C02144813D0411019
:100FB000042A0FD0082A0ED10F4C241F2268236860
:100FC00002F03F025B0207D52068C0F38810A0FB47
:100FD000010106E0084610BD2168C1F38811A1FB9C
:100FE00000010023FFF74CF92168C1F30141491CBE
:100FF0004900B0FBF1F010BD083802400024F400B5
:101000002DE9F84F04006ED02078DFF84C93C0072C
:10101000A9F104054AD009F104000168C1F3810176
:10102000012908D00068C0F3810002280AD1D9F84C
:101030000000400206D52868800337D56068002884
:10104000E1D033E06068B0F5803F10D0B0F5A02F5C
:10105000286810D020F480302860286820F4802090
:1010600028606068A8B1FFF703FE06460DE0286817
:1010700040F48030F4E740F480202860F7E700BFB8
:10108000FFF7F6FD801B642873D828688003F7D526
:101090000CE0FFF7EDFD064605E000BFFFF7E8FDB9
:1010A000801B6428F0D828688003F7D42078DFF804
:1010B000AC8280074FF0000A3ED5A748001D0168AA
:1010C00011F00C0F08D00068C0F3810002280BD18A
:1010D000D9F80000400207D42868800716D5E068D8
:1010E000012800D112E033E1E068B8B10120C8F86E
:1010F0000000FFF7BDFD064605E000BFFFF7B8FDA5
:10110000801B0228C0D828688007F7D52868216985
:1011100020F0F80040EAC10028600DE0C8F800A007
:10112000FFF7A6FD064604E0FFF7A2FD801B02289C
:101130001FD828688007F7D42078000722D5864F6B
:1011400087486169703771B101210160FFF790FD37
:10115000064604E0FFF78CFD801B022809D838689A
:101160008007F7D50EE0C0F800A0FFF781FD064626
:1011700005E082E0FFF77CFD801B02287DD83868FF
:101180008007F7D42078400768D5DFF8CCB1002776
:101190000BF13C0BDBF80000C0000BD4DBF80010B7
:1011A00041F08051CBF80010DBF80000012700F07F
:1011B000805000906B4E3068C00510D4306840F409
:1011C00080703060FFF754FD009005E0FFF750FDA0
:1011D0000099401A022850D83068C005F6D55E4EF6
:1011E000A0686C3601280FD00528306810D020F098
:1011F00001003060306820F004003060A068B8B1B1
:10120000FFF736FD00900FE0306840F00100F4E792
:1012100040F004003060F7E7FFF72AFD0099411A1B
:1012200041F28830814266D830688007F4D50EE0FC
:10123000FFF71EFD009007E0FFF71AFD0099411A25
:1012400041F28830814256D830688007F4D42FB1FB
:10125000DBF8001021F08051CBF80010A069C8B372
:101260003D49091D0968C1F3810102294AD00228BC
:10127000504607D0C8F8600000E03CE0FFF7F8FCFB
:1012800004463BE04746C8F86000FFF7F1FC06461D
:1012900005E000BFFFF7ECFC801B02282BD8286874
:1012A0008001F7D4D4E907010843A16A2E4A49080E
:1012B00002EB0141626A41EA8211084394F82C1062
:1012C00040EA0161C9F8001001203866FFF7D0FC40
:1012D000044606E03EE000BFFFF7CAFC001B022800
:1012E00009D828688001F7D534E000BFFFF7C0FCBB
:1012F000001B022802D90320BDE8F88F286880016E
:10130000F4D427E00128F7D0D9F80000E26900F40E
:10131000800191421CD1226A00F03F01914217D115
:1013200047F6C071626A0140B1EB821F10D1A26A18
:101330004FF0FF3300F4403103EB5202B1EB024FA8
:1013400006D194F82C1000F07060B0EB016F01D062
:101350000120D1E70020CFE70438024000004742D7
:10136000800E4742007000400000FFFF7047000001
:101370002DE9FE430446002603200D4684F8340080
:10138000606C03285ED0B5F5805F5BD04FF40067DA
:1013900000204FF08068BD421FD18146009001902F
:1013A0000021206801F038F8800113D469462046F6
:1013B00001F040FB07000DD10198400334D5B4F88B
:1013C00050000104206801F063F8070002D10221F7
:1013D000206823E0A06B384328E01DB1A06B40F0EB
:1013E000006023E08146009001900021206801F018
:1013F00013F88001EED46946204601F01BFB07007C
:10140000E8D10198C0030FD5B4F85000010420685A
:1014100001F03EF80700DDD10021206801F085F8D9
:101420000700D7D14F46D5E74746D3E7A063A06B67
:10143000144F4FF0010848B12068876384F8348066
:1014400001260EE0A06B40F08050EFE7211DD4E9AB
:10145000050C0EC9CDE90050CDF808C0206800F099
:10146000E5FF4FF40071206801F046F828B12168CB
:101470008F63A16B0143A163012684F83480304659
:10148000BDE8FE83FF05400070470000F0B5426EE6
:10149000920F0A70426EC2F383624A70426EC2F3C8
:1014A00001628A70426E120CCA70B0F86420120A8F
:1014B0000A7190F864204A71826E120DCA80826EA1
:1014C000C2F303420A72B0F86820C2F3C0324A7213
:1014D000B0F86820C2F380328A72B0F86820C2F394
:1014E0004032CA72B0F86820C2F300320A73002694
:1014F0004E73426C4FF40075012462B1012A3AD058
:10150000026847499163816B41F08051816380F8A3
:1015100034400120F0BDB0F86820C36E9205120D72
:1015200042EA93720A61C26EC2F3C2620A75C26E67
:10153000C2F302624A75C26EC2F342528A75C26E2B
:10154000C2F38242CA75C26EC2F3C2320A760A6917
:10155000521C42650B7E03F007039B1C9A404265B8
:101560000B7A03F00F0704FA07F383655B0A5A430B
:10157000C0E917250EE090F86820C36E9206920A23
:1015800042EA13420A610A69521C92024265C0E9AA
:101590001652056630F86C2FC2F3803201F8192F0D
:1015A0000288C2F3C6124A70027802F07F028A7083
:1015B0004268D20FCA704268C2F341720A7142682F
:1015C000C2F382624A714268C2F383528A714268EE
:1015D000C2F34052CA710E724268C2F300424A72AC
:1015E0008288C2F3C0328A728288C2F38032CA72A1
:1015F0008288C2F340320A738288C2F300324A738F
:101600008288C2F381228A738288C2F30122CA735C
:101610000079C0F3460008744C740020F0BD00004F
:10162000FF054000426C0A60826C4A60C26C8A60AE
:10163000026DCA60426D0A61826D4A61C26D8A6143
:10164000006EC8610020704770B50446B0F85000C5
:1016500000250104206801F040F818B1A16B014396
:10166000A16304E00021206800F0D6FE0546C5F322
:10167000432070BDF8B5056B04460068416B090452
:101680001BD5290719D5D4E90A56002E14D00027F6
:10169000206800F0E5FE05F8010B010A05F8011BC2
:1016A000010C05F8021B000E361F7F1C05F8010C0B
:1016B000082FEDD3C4E90A56F8BD416B4FF0000680
:1016C000C9054FF0010744D5390281632068C16B19
:1016D0004CF23A329143C1632068C16A21F00101A2
:1016E000C16228071DD515F0220F09D0206801F02E
:1016F00025F828B1A16B0143A1632046FFF7C4FE82
:10170000216840F23A50886384F834702663A80751
:1017100003D0204600F0A4F9F8BD204600F0A1F95E
:10172000F8BD2806FCD5A80609D5206801F006F802
:1017300028B1A16B0143A1632046FFF7A5FEA807CE
:10174000EED12068C16A21F00801C16284F83470CA
:10175000E3E7416B490424D5290722D5D4E908568B
:10176000002EDDD05FF0000715F8010B009015F892
:10177000011B361F40EA0120009015F8021B40EAC9
:101780000140009015F8011C40EA01600090694694
:10179000206800F078FE7F1C082FE5D3C4E90856C6
:1017A000F8BD416B40F23A221142F9D0416B8907F2
:1017B00003D5A16B41F00201A163416B090703D579
:1017C000A16B41F00801A163416B890603D5A16BB0
:1017D00041F02001A163416BC90603D5A16B41F023
:1017E0001001A163416B890503D5A16B41F008018C
:1017F000A16340F23A7181632068C16B40F23A32D2
:101800009143C163206800F099FFA16B0843A06376
:10181000280706D584F8347026632046FFF734FE87
:10182000F8BD2806FCD515F0300F0CD0E16B11483F
:101830000865E06BFEF77EFF0028F1D0E06BBDE8A5
:10184000F84001F0D5B8A8070CD0216C0A4808650B
:10185000206CFEF76FFF0028E2D0206CBDE8F84056
:1018600001F0A4B8A66384F8347026632046FFF71D
:101870007DFDF8BDF1290008AD29000870B5040010
:101880000ED094F83400002518B92577204600F0D2
:101890004BF8032084F83400204600F00BF808B120
:1018A000012070BDA5632563012084F83400002069
:1018B00070BD0000FEB50025044676200095CDE9F8
:1018C000015029460B460A46206800F0AFFD28BBB0
:1018D000134E46F8A05F206800F0BAFD0125356080
:1018E000204601F08BF928B184F83450A16B0143F4
:1018F000A16313E0204601F00AF90028F4D14FF467
:101900000071206800F0F8FD002808D02268054921
:101910009163A16B0143A16384F834500120FEBDA3
:1019200000802542FF0540002DE9F04F87B00546B5
:1019300014216846FEF7EEFC4349286888427FD1AF
:1019400042480068414940F400600860086800F4BB
:10195000006005903D481438016841F004010160C1
:10196000016801F004010591016841F0080101607E
:101970000068022400F0080005904FF4F8504FF082
:1019800001088DE8110103264FF00C09CDE9036928
:1019900069462F48FFF770F80427CDE90074CDE9B8
:1019A000028669462B48CDF81090FFF765F82B4C5E
:1019B00029484FF00068E4E80208002001C44FF411
:1019C00080694FF4805BA4E8010A38034FF0200AD5
:1019D00064E8060A0020C4E908077805C4E90A603B
:1019E00086101E482663FEF787FF08B1FEF711FE3A
:1019F0002C64A563194C184860344830E4E80208A8
:101A0000402001C40020A4E8010A032164E8060A7A
:101A1000C4E908072663C4E90A1010486030FEF7DD
:101A20006BFF08B1FEF7F5FDEC63002205213120C4
:101A3000A563FFF7A9F9312000E001E0FFF796F96F
:101A400007B0BDE8F08F0000002C01404438024090
:101A500000080240000C024058640240B4BB012060
:101A60007047704770B5040009D0606A002540B126
:101A700025616561A56294F8510040B10CE0012038
:101A800070BD6068B0F5827FF4D0E561F2E784F85C
:101A90005050204600F044F8022084F8510020689D
:101AA000016821F040010160A088218900F4827062
:101AB00001F404410843A18901F400610843217C39
:101AC00001F002010843217D01F001010843218B4F
:101AD00001F400710843217F01F03801084394F8B4
:101AE000201001F080010843218D01F400510843CA
:101AF00021680860A069042101EA104094F82410CC
:101B000001F010010843216848602068C16921F490
:101B10000061C1616565012084F85100002070BD3D
:101B200010B586B0044614216846FEF7F3FB13494E
:101B30002068884220D11248016841F48051016038
:101B4000006800F4805005900D481438016841F099
:101B5000020101600068694600F00200059038202B
:101B600000900220019001200290032003900520A4
:101B700004900448FEF780FF06B010BD003001401D
:101B800044380240000402402DE9F84F044690F822
:101B9000500000270A9E1D4692468B464FF00109D1
:101BA00001280ED0012084F85000FFF761F880462C
:101BB00094F85100616801280CD0B1F5827F07D1FB
:101BC00002E00220BDE8F88FA16809B9042801D01D
:101BD0000227C2E0BBF1000F27D0BAF1000F24D0DA
:101BE0001DB394F85100042802D0052084F8510058
:101BF00000206065C4F838A0E587A587C4F830B038
:101C0000E586A5862064606420680168490603D4DF
:101C1000016841F040010160E068B0F5006F606864
:101C200005D0E8B3012D46D07FE0012795E008B14B
:101C3000012D39D1206B21680088C860206B801C81
:101C40002063E08E401EE0862EE0206881688907D0
:101C50000FD5E18E69B1B9F1010F0AD1216B098865
:101C6000C160206B801C2063E08E401EE0864FF038
:101C7000000920688168C9070CD0E18F51B1C068A4
:101C8000A16B0880A06B801CA063E08F401EE087E2
:101C90004FF00109FEF7ECFFA0EB0800B04200E0B6
:101CA00009E001D3701C50D1E08E0028CDD1E08F27
:101CB0000028CAD13FE0206B216800780873206BB0
:101CC000401C2063E08E401EE0862EE02068816884
:101CD00089070FD5E18E69B1B9F1010F0AD1216BE6
:101CE00009780173206B401C2063E08E401EE08663
:101CF0004FF0000920688168C9070CD0E18F51B10D
:101D0000C068A16B0870A06B401CA063E08F401EF0
:101D1000E0874FF00109FEF7ABFFA0EB0800B042EF
:101D200002D3701C01D010E07EB1E08E0028CDD12E
:101D3000E08F0028CAD142463146204600F0B8FF65
:101D400028B101272020606507E0032705E0A0688F
:101D500018B92068C16880680090012084F851009B
:101D6000002084F8500038462CE770B515460E4622
:101D7000040003D094F8490010B107E0012070BDC1
:101D8000002084F84800204600F01AF804F1080109
:101D90002068FEF783FC3146A2682068FEF7A8FCA5
:101DA000D4E901022946236BFEF758FCA16820689C
:101DB00050F8212042F0010240F82120002070BD9F
:101DC000FEF708BE7047704710B5040003D094F8C2
:101DD0003D0010B107E0012010BD002084F83C0058
:101DE000204600F01EF8022084F83D00211D2068E6
:101DF00001F014F9012084F8460084F83E0084F8CC
:101E00003F0084F8400084F8410084F8420084F8E0
:101E1000430084F8440084F8450084F83D00002025
:101E200010BD704790F83D10012901D00120704786
:101E3000022180F83D100168CA6842F00102CA60C0
:101E400000681149884214D0B0F1804F11D00F4979
:101E500088420ED00E4988420BD00E49884208D0E5
:101E60000D49884205D00D49884202D00C4988426C
:101E700004D1816801F00701062903D0016841F00F
:101E80000101016000207047000001400004004093
:101E900000080040000C00400004014000400140E8
:101EA00000180040704770B50446006801694FF0A3
:101EB0000005C943890715D4C168C943890711D4EE
:101EC000E91E016101202077206880698007204693
:101ED00002D0FFF7E7FF04E000F098F8204600F09A
:101EE00096F8257720680169C943490717D4C16866
:101EF000C943490713D46FF0040101610220207720
:101F00002068806910F4407F204602D0FFF7CAFFA6
:101F100004E000F07BF8204600F079F8257720688F
:101F20000169C943090716D4C168C943090712D416
:101F30006FF008010161042020772068C0698007E4
:101F4000204602D0FFF7AEFF04E000F05FF8204625
:101F500000F05DF8257720680169C943C90617D4E8
:101F6000C168C943C90613D46FF01001016108208C
:101F700020772068C06910F4407F204602D0FFF728
:101F800091FF04E000F042F8204600F040F8257789
:101F900020680169C943C90708D1C168C943C90795
:101FA00004D1891E0161204600F032F820680169E1
:101FB000C943090609D4C168C943090605D46FF0AD
:101FC000800101612046FFF7FDFE20680169C943D9
:101FD000490609D4C168C943490605D46FF04001D8
:101FE0000161204600F01EF820680169C943890696
:101FF0000BD4C168C943890607D46FF02001016181
:102000002046BDE87040FFF7DEBE70BD70477047E8
:1020100000680349884201D1FEF730BE70470000D6
:1020200000000140704770B5040004D094F83D00F2
:10203000002510B106E0012070BD84F83C50204618
:1020400000F022F8242084F83D002068C16821F4C3
:102050000051C160204601F045F82068016921F473
:10206000904101612068416921F02A0141612068A5
:10207000C16841F40051C1602564202084F83D000E
:1020800084F83E00002070BD10B586B004461421CF
:102090006846FEF73FF914492068884221D1134869
:1020A000016841F010010160006800F01000059027
:1020B0000E481438016841F001010160006869466A
:1020C00000F0010005904FF4C060009002200190E4
:1020D0000120029003200390072004900448FEF79B
:1020E000CBFC06B010BD0000001001404438024097
:1020F00000000240FEE700000D4808B5016841F409
:10210000800101600068002200F480000090062138
:102110003B20FEF739FE3B20FEF728FE0022062179
:102120004520FEF731FEBDE808404520FEF71EBE03
:102130003038024010B504490448FEF76BFA0249F2
:10214000491E087010BD0000710000205C000020D6
:1021500000B585B0142206496846FEF7C2F8002192
:10216000684604F0E9FD0349486005B000BD000081
:1021700040A90008780000202DE9F0478EB01C210E
:102180006846FEF7C7F81C2107A8FEF7C3F83048D9
:1021900004210024C0E902141025C0E9044584612B
:1021A000C4614FF4805A0462C0E9094AC4620463FE
:1021B0004463DFF8A08084634FF020464464C0E9A4
:1021C000006802200F27CDE9000702A908204FF080
:1021D000110981E83102002269461D480694FFF783
:1021E000C4FD08B1FEF715FA19480621503007AAB8
:1021F000C0E90214C0E904458461C4610462C0E915
:10220000094A4FF48041C0E90B414463846344644C
:10221000C0E900683C200097CDE90170CDF814902A
:10222000CDE903750921CDE90641CDE90871CDE974
:102230000C940748CDE90A7569465030FFF795FDC3
:10224000002801D0FEF7E5F90EB0BDE8F0870000E8
:1022500090BA0120040100A070B586B01421684630
:10226000FEF758F82E48016841F02001016001682E
:1022700001F020010591016841F0800101600168D1
:1022800001F080010591016841F0400101600168A1
:1022900001F040010591016841F010010160016801
:1022A00001F010010591016841F00201016001682F
:1022B00001F002010591016841F008010160016827
:1022C00001F008010591016841F004010160016815
:1022D00001F004010591016841F00101016000680D
:1022E000104E00F00100059001224FF440413046AD
:1022F000FEF7B8FC01244FF48040CDE9000402252C
:1023000069463046CDE90245FEF7B6FBE0038DE8AD
:102310003100694630460395FEF7AEFB06B070BD4E
:1023200030380240000402400E4810B50C490160EC
:10233000002141608160C160016141618161FFF7FD
:102340009DFA08B1FEF765F94FF400610548FFF703
:102350000FF8002803D0BDE81040FEF75AB910BDB1
:10236000002C014030BB0120104810B50E4901601F
:102370004FF482714160002102228160C0E90312A2
:1023800001224261520282613822C0E90721416282
:1023900081620A21C162FFF765FB002803D0BDE816
:1023A0001040FEF736B910BD0030014074BC01206A
:1023B0000C4810B50A4901604FF4E1314160002139
:1023C00081600C22C160C0E904128161C161FFF724
:1023D0002AFE002803D0BDE81040FEF71AB910BD50
:1023E00000100140CCBC0120FEE770470A68426241
:1023F0004A688262D1E902231A43D1E904310B43CE
:10240000C16A1A4321F0F7011143C16200207047ED
:10241000006800F0030070470844406970470000FE
:102420000148FFF727B9000030BB012070B50DF15E
:10243000100C11439CE87000234319432943426860
:10244000314347F6FF639A430A434260002070BD60
:1024500010B5032101600220FEF7B8FA002010BD7C
:10246000D0F8800070470A688260D1E901231A43DE
:10247000D1E903310B43C1681A436FF30B011143D8
:10248000C160002070470968C0F8801000207047C4
:1024900010B586B004463720CDE9001040200290E8
:1024A000002003904FF48060049069462046FFF7B7
:1024B000DAFF41F288323721204600F059F906B0A0
:1024C00010BD000010B504460A4886B0014329201B
:1024D000CDE9001040200290002003904FF480606E
:1024E000049069462046FFF7BEFF204600F0F8F949
:1024F00006B010BD0000108010B586B00446102054
:10250000CDE9001040200290002003904FF480603D
:10251000049069462046FFF7A6FF41F28832102159
:10252000204600F025F906B010BD10B586B004466F
:102530000620CDE9001040200290002003904FF4C7
:102540008060049069462046FFF78DFF41F2883293
:102550000621204600F00CF906B010BD30B585B05C
:1025600000240546009401944FF480600294CDE964
:10257000034069462846FFF776FF0B484FF4FA51AF
:102580000068B0FBF1F041F288314843401E03D2AD
:102590004FF0004005B030BD696B0906F6D5C52087
:1025A000A8632046F6E700009400002070B585B0CF
:1025B00004464FF4D570009001A90820402500265C
:1025C00081E86100C001049069462046FFF74BFF97
:1025D00012484FF4FA510068B0FBF1F041F2883133
:1025E0004843401E03D24FF0004005B070BD616B00
:1025F00011F0450FF5D00905F3D4606B400701D504
:10260000042003E0606BC00702D00120A063ECE768
:10261000606B400600D5A5633046E6E794000020D5
:1026200010B586B004460720CDE900204020029076
:10263000002003904FF48060049069462046FFF725
:1026400012FF41F288320721204600F091F806B0CF
:1026500010BD10B586B0044600210220CDE900105F
:10266000C020CDE902014FF4806004906946204605
:10267000FFF7F9FE204600F00BF906B010BD10B5CB
:1026800086B004460920CDE90010C0200290002049
:1026900003904FF48060049069462046FFF7E3FE04
:1026A000204600F0F5F806B010BD10B586B004461F
:1026B00000213320CDE900104020CDE902010001C6
:1026C000049069462046FFF7CEFE41F2883233215E
:1026D000204600F04DF806B010BD10B586B0044697
:1026E0000D20CDE9001040200290002003904FF40F
:1026F0008060049069462046FFF7B5FE41F28832BB
:102700000D21204600F034F806B010BD30B585B07C
:102710000C46054600210320CDE900104020CDE9FC
:1027200002010001049069462846FFF79CFE2246FC
:102730000321284600F0F6F805B030BD10B586B08C
:10274000044600210C20CDE900104020CDE9020113
:102750000001049069462046FFF785FE034A0C21DC
:10276000204600F005F806B010BD000000E1F505B8
:10277000454B10B51B684FF4FA54B3FBF4F35343C5
:102780005B1E02D24FF0004010BD426B12F0450FAD
:10279000F6D01205F4D4426B520703D504218163AD
:1027A000084610BD426BD20702D00121816305E0CB
:1027B000C52282630269D2B28A4201D0012010BDD3
:1027C0000021FFF729FE3149084201D1002010BD48
:1027D000002802DA4FF0007010BD410001D5402002
:1027E00010BD810001D5802010BDC10002D54FF47D
:1027F000807010BD010102D54FF4007010BD410181
:1028000002D54FF4806010BDC10102D54FF40060C5
:1028100010BD010202D54FF4805010BD410202D517
:102820004FF4005010BD810202D54FF4804010BD1E
:10283000C10202D54FF4004010BD410302D54FF450
:10284000003010BD810302D54FF4802010BDC103BC
:1028500002D54FF4002010BD010402D54FF48010C2
:1028600010BD410402D54FF4001010BD810402D503
:102870004FF4800010BD000702D54FF4000010BDDA
:102880004FF4803010BD00009400002008E0FFFDF0
:1028900012494FF4FA520968B1FBF2F141F2883261
:1028A0005143491E02D24FF000407047426B12F074
:1028B000450FF6D01205F4D4416B490703D5042126
:1028C000816308467047416BC90703D001218163CA
:1028D00008467047C521816300207047940000209E
:1028E0000F494FF4FA520968B1FBF2F141F2883214
:1028F0005143491E02D24FF000407047426B12F024
:10290000450FF6D01205F4D4416B490703D50421D5
:10291000816308467047C52181630020704700002D
:102920009400002030B5204B4FF4FA541B68B3FBE1
:10293000F4F341F2883463435B1E02D24FF000404F
:1029400030BD446B14F0450FF6D02405F4D4436B2E
:102950005B0703D504218163084630BD436BDB0769
:1029600002D00121816303E00369DBB28B4201D015
:10297000012030BDC52181630021FFF74DFD10F41A
:10298000604F04D0410406D54FF4005030BD000C18
:102990001080002030BD000402D54FF4805030BDBF
:1029A0004FF4803030BD00009400002010B5846BDF
:1029B00040F23A50216888632046FEF745FE012127
:1029C00084F8341000212163062801D0052805D1A0
:1029D0002068FFF7B3FEA16B0843A063A06B00283B
:1029E000204602D0FEF750FD10BDFEF7BFFC10BD23
:1029F00010B5846B40F23A50216888632046FEF798
:102A000023FE012184F8341000212163062801D01F
:102A1000052805D12068FFF791FEA16B0843A0634C
:102A2000A06B0028204602D0FEF72EFD10BDFEF759
:102A30009DFC10BD2DE9F04788B00D460446FEF719
:102A400017F900268246009601963746082120682D
:102A5000FFF752FD002829D1B4F850000104206886
:102A6000FFF716FD002821D1401E4FF00808CDE9E0
:102A7000020830204FF00209CDE904090120CDE918
:102A8000067002A92068FFF7B1FC2068FFF70DFE71
:102A900000280BD16F462068416B11F02A0F08D037
:102AA000416B09071AD5C0F83880082008B0BDE886
:102AB000F087416B890205D5FFF7D2FC47F8260065
:102AC000761C02E0416B8904EAD5FEF7D1F8A0EB51
:102AD0000A00401CDFD14FF00040E7E7416B890757
:102AE00003D5C0F838900220E0E7416B890603D592
:102AF000202181630846D9E740F23A518163019869
:102B000000BA2860009800BA68600020CEE710B5CF
:102B100090B004460120ADF838002068FFF778FC3B
:102B2000002854D0606C032842D02068FFF791FD44
:102B300000284AD100212068FFF76EFC606704215D
:102B40002068FFF769FCA06708212068FFF764FC94
:102B5000E0670C212068FFF75FFCC4F88000606C20
:102B6000032825D00EA92068FFF7D0FD00282CD11E
:102B7000606C03281CD0BDF8380020650104206873
:102B8000FFF77DFD002820D100212068FFF744FCDD
:102B9000606604212068FFF73FFCA06608212068DA
:102BA000FFF73AFCE0660C212068FFF735FC206750
:102BB00004212068FFF730FC000DE06403A92046E3
:102BC000FEF764FC30B14FF0805010B010BD4FF0F4
:102BD0008060FAE7B4F85000002302042068FFF791
:102BE0001FFD0028F1D104F1100007C88DE807008F
:102BF00094E80F00FFF71AFC0020E6E72DE9F84FF4
:102C00000026044600963546B0460068FFF7A6FC4D
:102C1000002827D12068FFF7C9FC4FF0805B4FF0F8
:102C200001094FF6FF7748B1A6642068FFF796FCCC
:102C3000002817D1A06C012802D020E0C4F84890E9
:102C400000212068FFF724FC58B918E00021206813
:102C5000FFF71EFC002805D151462068FFF732FC23
:102C600010B15846BDE8F88F00212068FFF7D4FB6B
:102C700005464FEAD0780098401C009002E0DFF84B
:102C80002CA00098B84202D2B8F1000FDED0009814
:102C9000B84202D34FF08070E4E7680002D5C4F870
:102CA000449000E066640020DCE70000000010C1F2
:102CB00038B504461248134B0068B0FBF3F04FF4EC
:102CC0007A73584300906068B0F5827F0DD10B464F
:102CD000009200228021204600F016F870B1606D4D
:102CE00040F020006065032038BD009830B1401EE0
:102CF000009020688068C0430006F6D5002038BDEB
:102D00009400002000366E012DE9F8431E469146DE
:102D100088460446089DFDF7ABFF401B351AFDF7BA
:102D2000A7FF074625480068C0F3CB30684338E06A
:102D3000701C37D0FDF79CFFC01BA84203D215B111
:102D4000009860B32CE02068416821F0E001416008
:102D50006068B0F5827F0BD1A068B0F5004F02D05B
:102D6000B0F5806F04D12068016821F04001016056
:102D7000A06AB0F5005F09D12068016821F4005114
:102D800001602068016841F400510160012084F86D
:102D90005100002084F850000320BDE8F88300258E
:102DA000401E00902068816838EA010004D00021AC
:102DB0004945BDD10020F0E70121F9E7940000204A
:102DC0000EB5FFF7B7F904F06BFBA82000F0DAFCB2
:102DD00003F0C0F9324833A18288354800F068FA20
:102DE00035493448097830F8110000F0F9FC202109
:102DF00032A0CDE900100B464FF478440A21DC22C2
:102E00000294084603F0B6FC18212EA0CDE900106C
:102E10000B46DC2202942F210A2003F0ABFC102584
:102E20002BA00095CDE901042B46DC224C210A2081
:102E300003F0A0FC2AA00095CDE901041023C822CC
:102E40006C211E2003F096FC03F0D8FD03F032FE47
:102E50000446014629A000F01BFA2D4A2DA12E4858
:102E600000F026FA4FF4FA754FF6FF760BE02BA030
:102E700000F00EFA2846FDF7A9FD2EA000F008FA92
:102E80002846FDF7A3FD002CF1D0B442EFD02DA0D1
:102E900000F0FEF904F024FB642003F041FFFBE79F
:102EA000040100204C43442049443A253034580062
:102EB00054BA01202E0000204600002053544D3308
:102EC000320000004D656D204D616E616765000048
:102ED00041544F4D40414C49454E54454B00000034
:102EE0004672656552544F53207769746820464195
:102EF0005446532054657374210000006E6F72664F
:102F00006C6173682069642069732025640A00007D
:102F100030A900082573000060BA0120464C4153D7
:102F20004820436865636B204661696C6564210ACB
:102F300000000000506C6561736520436865636B39
:102F400021200A006675636B0A00000010B550204E
:102F500080F31188BFF34F8FBFF36F8F04F04EFCE7
:102F600018B104494FF080500860002080F31188A8
:102F700010BD000004ED00E030B593B0302168468C
:102F8000FDF7C8F914210CA8FDF7C4F91A4800256B
:102F9000016841F080510160006800F0805011909C
:102FA0001648016841F4804101600068022400F481
:102FB0008040119001200090000401908001CDE933
:102FC0000640082008904FF4A870CDE909040720B6
:102FD0000B906846FEF714F80CA90F2081E8310029
:102FE0004FF4A0500F90E002109005210CA8FDF7BF
:102FF000FDFE13B030BD00004038024000700040BC
:103000000248016841F470010160704788ED00E0FA
:103010000148FEF748BF000010BD0120F0B502686E
:10302000254C264D264E274F274B4FF0804CA04273
:1030300009D0604507D0A84205D0B04203D0B842BD
:1030400001D0984204D122F0700E4A6842EA0E0282
:10305000A0421BD0604519D0A84217D0B04215D06D
:10306000B84213D0984211D0184DA8420ED0184D36
:10307000A8420BD0174DA84208D0174DA84205D042
:10308000164DA84202D0164DA84203D122F4407535
:10309000CA682A434D6922F080022A4302608A6886
:1030A000C2620A688262A04201D0984201D10969D5
:1030B000016301214161F0BD0000014000040040B6
:1030C00000080040000C00400004014000400140A6
:1030D000004401400048014000180040001C00402E
:1030E0000020004070B5044600680169E26821F4E0
:1030F0004051114301612169A068E2690843616997
:10310000114308432168CA6849F20C639A43024399
:10311000CA6020684169A26921F44071114341618C
:1031200031492068884202D03049884202D1FDF7F7
:1031300027FF01E0FDF714FFE26900231921642550
:103140003226B2F5004F626828D0A0FB0101930F30
:103150009200FDF795F80146B0FBF5F06FF018020C
:10316000504301EB800006EB0010B0FBF5F000F0DF
:10317000F002B1FBF5F002EB0012B1FBF5F06FF0DD
:103180001803584301EB800006EB0010B0FBF5F08C
:1031900000F00F0021681044886070BDA0FB0101A1
:1031A00092185B41FDF76CF80146B0FBF5F00201A7
:1031B000B1FBF5F06FF01803584301EB800006EB0C
:1031C000C000B0FBF5F000F0F80002EB4002B1FBEC
:1031D000F5F0584301EB800006EBC000B0FBF5F0C2
:1031E00000F00700D6E70000001001400014014085
:1031F00010B518B1012804D0012010BD03F092FFD2
:1032000001E003F0FBFB002010BD81B101290BD0D0
:10321000022903D0032904D0042070474FF4007022
:1032200000E00820108002E04FF4C0401060002051
:1032300070472DE9F0411C0015460E460CD04FF4A6
:10324000007769023A46304603F00CFC641E05F133
:10325000010506F50076F4D10020BDE8F0810020DC
:1032600070472DE9F0411C0015460E460CD04FF476
:10327000007769023A46304603F088FC641E05F187
:10328000010506F50076F4D10020BDE8F081FEE7E7
:103290000FB4054B10B503A9044A029800F03CF89E
:1032A00010BC5DF814FB0000D137000800010020BD
:1032B0000FB4084B10B504A902AA039800F02CF82B
:1032C000044602A9002000F058FA204610BC5DF820
:1032D00014FB00007B3700080907090E002804DBF7
:1032E00000F1E02080F80014704700F00F0000F1BA
:1032F000E02080F8141D704702E008C8121F08C1C2
:10330000002AFAD170477047002001E001C1121F66
:10331000002AFBD1704700002DE9FF4F8DB00F460A
:103320000546002606E025280BD0DDE90F12904760
:103330006D1C761C28780028F5D111B03046BDE808
:10334000F08F0024A246A1460122EC4900E004438C
:1033500015F8013F203B02FA03F00842F7D1287824
:103360002A2810D06FF02F022878A0F13001092907
:1033700014D80AEB8A0102EB410144F0020400EB8D
:10338000010A6D1CF0E701CF5FEA000A03D544F49F
:103390000054CAF1000A44F002046D1C28782E285B
:1033A00017D115F8010F44F004042A280ED06FF04D
:1033B0002F022878A0F1300109290AD809EB8901E8
:1033C00002EB410100EB01096D1CF2E757F8049B89
:1033D0006D1C28786C280FD006DC4C2817D0682884
:1033E0000DD06A2814D104E0742810D07A280FD1A7
:1033F0000DE044F400140AE044F4801401E044F4C5
:1034000040146978814202D104F580146D1C6D1C52
:103410002A786E2A1FD00CDC632A31D004DC002A03
:103420008BD0582A11D1A3E0642A68D0692A0CD124
:1034300065E0732A2ED004DC6F2A73D0702A04D181
:103440009BE0752A6FD0782A6ED01046DDE90F1206
:103450009047761C50E1C4F30250022806D003289E
:1034600009D0042801CF09D0066045E101CFF1174A
:10347000C0E9006140E101CF06803DE106703BE11B
:1034800017F8040B8DF8000000208DF80100EB46C2
:10349000012003E057F804BB4FF0FF3061074FF005
:1034A000000102D40DE008F10101884649450FDA18
:1034B0008045F8DB1BF808100029F4D108E008F17A
:1034C000010188468142FADB1BF808100029F6D179
:1034D000DDE90F23AAEB08008146214600F036F90A
:1034E000304400EB080604E0DDE90F121BF8010B85
:1034F0009047B8F10108F7D221464846F7E00A2183
:10350000C4F302534FF0000B0891022B04D001CFFB
:10351000C117032B09D00AE0FF1D27F00707F7E8C2
:10352000020108E032E01FE020E000B2C117042BE6
:1035300001D140B2C117031E71F1000307DA4FF049
:10354000000CD0EB0C006CEB01012D2302E02305F5
:1035500004D52B238DF82430012303E0E30701D0A9
:103560002023F7E7984658E00A2110E010210EE0EA
:1035700010204FF0000B08900CE010214FF0000BD2
:1035800044F004044FF00809089103E008214FF0CB
:10359000000B0891C4F30253022B04D001CF002189
:1035A000032B06D006E0FF1D27F00707F7E802010E
:1035B00003E080B2042B00D1C0B24FF00008230713
:1035C0002BD5702A07D0DDF820C08CF0100C5CEAF7
:1035D0000B0C05D00EE040238DF82430012308E0C9
:1035E00050EA010306D030238DF824308DF82520D1
:1035F00002239846DDF820C08CF0080C5CEA0B0C26
:103600000BD150EA010301D1630706D530238DF8B1
:1036100024304FF00108A9F10109582A04D038A23A
:103620000B9208AA0A920BE03AA2F9E75B46089AC5
:10363000FCF726FE0B9B9B5C0A9A521E0A921370A3
:1036400050EA0102F2D10A98ADEB000000F1200B24
:10365000600702D524F4803401E04FF00109D94518
:1036600002DDA9EB0B0000E0002000EB0B01414460
:103670000890AAEB010AE00306D4DDE90F232146F6
:10368000504600F063F806444FF0000908E009A92D
:1036900011F80900DDE90F12904709F10109761CC4
:1036A000C145F4DBE0030CD5DDE90F23214650468C
:1036B00000F04CF8064404E0DDE90F12302090479A
:1036C000761C0899481E08900029F5DC08E00A9845
:1036D0000A990078491C0A91DDE90F129047761C7F
:1036E000BBF10001ABF1010BF1DC21465046DDE9F5
:1036F0000F2300F019F806446D1C1BE60928010091
:103700003031323334353637383961626364656657
:103710000000000030313233343536373839414219
:1037200043444546000000002DE9F04104460025D1
:103730001E461746880404D405E039462020B047C9
:103740006D1C641EF9D52846BDE8F0812DE9F041D5
:10375000044600251E469046C80301D5302700E0E8
:103760002027880404D505E041463846B0476D1C43
:10377000641EF9D52846BDE8F0810A68531C0B6029
:103780001070704701490860704700000000002079
:103790004FF47A71484300F001B8000070B54FF063
:1037A000E024002265690949A36909684843A169C1
:1037B0009942FCD002D2A3EB010302E0A5EB010683
:1037C00033441A440B468242F1D370BD00000020FE
:1037D00002490A681206FCD5486070470010014093
:1037E00070B50A490646002408884D88214645439D
:1037F000204602F0D7FE03F029F84FF0D84002E04F
:10380000A0F88060641CAC42FAD370BD04010020B3
:103810002DE9F04F38492C260A46887192884FF4DA
:10382000305A4FF4285B41F6631E2B274FF02A0CC9
:103830004FF0F00845F210594FF448754FF4A0745A
:103840004FF4F07358B10C80A1F802804A4530D192
:10385000A1F808A0A1F80AB03802888141E0A1F8D7
:1038600000804C804A4507D1A1F808A0A1F80AB011
:103870004FF42C50888105E072450E8105D14F81AF
:10388000A1F80CC00B804D8002E0A1F80AC08F8126
:10389000A2F5A640103803D0A2F5EE40963801D12B
:1038A0000C804B80A2F5184006381FD10B804D804C
:1038B0001CE0724511D0A2F5184006380DD00E81DB
:1038C000A1F80AC0A1F80C70A2F5A64010380BD0E0
:1038D000A2F5EE40963807D008E00E81A1F80AC0A4
:1038E0008F810D804B80EFE70B804C80BDE8F04F5F
:1038F000002002F095BD00000401002010B5144620
:1039000002F050FE02F0A2FF4FF0D840A0F8804035
:1039100010BD10B5CF2002F08DFF002002F07EFF19
:10392000C12002F07BFF302002F078FFED2002F092
:1039300081FF642002F072FF032002F06FFF12206B
:1039400002F06CFF812002F069FFE82002F072FFB4
:10395000852002F063FF102002F060FF7A2002F061
:103960005DFFCB2002F066FF392002F057FF2C20CC
:1039700002F054FF002002F051FF342002F04EFF0D
:10398000022002F04BFFF72002F054FF202002F04B
:1039900045FFEA2002F04EFF002002F03FFF00202A
:1039A00002F03CFFC02002F045FF1B2002F036FF72
:1039B000C12002F03FFF012002F030FFC52002F0DD
:1039C00039FF302002F02AFF302002F027FFC72005
:1039D00002F030FFB72002F021FF362002F02AFF6C
:1039E000482002F01BFF3A2002F024FF552002F08D
:1039F00015FFB12002F01EFF002002F00FFF1A2079
:103A000002F00CFFB62002F015FF0A2002F006FFBC
:103A1000A22002F003FFF22002F00CFF002002F0CF
:103A2000FDFE262002F006FF012002F0F7FEE02056
:103A300002F000FF0F2002F0F1FE2A2002F0EEFE5D
:103A4000282002F0EBFE082002F0E8FE0E2002F033
:103A5000E5FE082002F0E2FE542002F0DFFEA9207D
:103A600002F0DCFE432002F0D9FE0A2002F0D6FE6E
:103A70000F2002F0D3FE002002F0D0FE002002F062
:103A8000CDFE002002F0CAFE002002F0C7FEE120B9
:103A900002F0D0FE002002F0C1FE152002F0BEFEB2
:103AA000172002F0BBFE072002F0B8FE112002F042
:103AB000B5FE062002F0B2FE2B2002F0AFFE56202B
:103AC00002F0ACFE3C2002F0A9FE052002F0A6FEAA
:103AD000102002F0A3FE0F2002F0A0FE3F2002F013
:103AE0009DFE3F2002F09AFE0F2002F097FE2B2051
:103AF00002F0A0FE002002F091FE002002F08EFEF7
:103B0000012002F08BFE3F2002F088FE2A2002F006
:103B100091FE002002F082FE002002F07FFE0020D5
:103B200002F07CFEEF2002F079FE112002F082FE0E
:103B30007820FFF72DFEBDE81040292002F07ABE64
:103B400010B5FF2002F076FEFF2002F067FE9820FD
:103B500002F064FE062002F061FEBC2002F06AFE64
:103B6000012002F05BFE0F2002F058FE612002F0FF
:103B700055FEFF2002F052FE012002F04FFE012010
:103B800002F04CFE0B2002F049FE102002F046FE2F
:103B9000372002F043FE632002F040FEFF2002F0D7
:103BA0003DFEFF2002F03AFE012002F037FE012028
:103BB00002F034FE002002F031FE002002F02EFE62
:103BC000FF2002F02BFE522002F028FE012002F01E
:103BD00025FE002002F022FE402002F01FFEBD2044
:103BE00002F028FE012002F019FE232002F016FE4A
:103BF000452002F013FE672002F010FE012002F0C3
:103C00000DFE232002F00AFE452002F007FE672089
:103C100002F004FEBE2002F00DFE002002F0FEFDC8
:103C2000012002F0FBFDAB2002F0F8FD602002F065
:103C3000F5FD222002F0F2FD222002F0EFFD22200D
:103C400002F0ECFD222002F0E9FD222002F0E6FD68
:103C5000C72002F0EFFD362002F0E0FDED2002F07B
:103C6000E9FD7F2002F0DAFD0F2002F0D7FDC02031
:103C700002F0E0FD0F2002F0D1FD0B2002F0CEFD9E
:103C80000A2002F0CBFDFC2002F0D4FD082002F057
:103C9000C5FDDF2002F0CEFD002002F0BFFD0020B8
:103CA00002F0BCFD002002F0B9FD002002F0B6FDDC
:103CB000002002F0B3FD202002F0B0FDF32002F05E
:103CC000B9FD742002F0AAFDB42002F0B3FD00207B
:103CD00002F0A4FD002002F0A1FD002002F09EFDF4
:103CE000F72002F0A7FD822002F098FDB12002F03B
:103CF000A1FD002002F092FD132002F08FFD1320A1
:103D000002F08CFDF22002F095FD802002F086FD8D
:103D1000042002F083FD402002F080FD282002F004
:103D20007DFDC12002F086FD172002F077FD88207E
:103D300002F074FD882002F071FD202002F06EFD7B
:103D4000E02002F077FD002002F068FD0A2002F07A
:103D500065FD122002F062FD102002F05FFD0E20D2
:103D600002F05CFD202002F059FDCC2002F056FD4F
:103D7000072002F053FD062002F050FD0B2002F058
:103D80004DFD0E2002F04AFD0F2002F047FD0D20F0
:103D900002F044FD152002F041FD102002F03EFD2E
:103DA000002002F03BFDE12002F044FD002002F083
:103DB00035FD0B2002F032FD132002F02FFD0D2007
:103DC00002F02CFD0E2002F029FD1B2002F026FD42
:103DD000712002F023FD062002F020FD062002F0F3
:103DE0001DFD0A2002F01AFD0F2002F017FD0E2023
:103DF00002F014FD0F2002F011FD152002F00EFD5F
:103E00000C2002F00BFD002002F008FD2A2002F039
:103E100011FD002002F002FD002002F0FFFC012055
:103E200002F0FCFCDF2002F0F9FC2B2002F002FD86
:103E3000002002F0F3FC002002F0F0FC032002F06E
:103E4000EDFC1F2002F0EAFC3A2002F0F3FC5520C2
:103E500002F0E4FC362002F0EDFC002002F0DEFC73
:103E6000112002F0E7FC7820FFF792FC292002F0F5
:103E7000E1FC1420FFF78CFCBDE810402C2002F080
:103E8000D9BC10B5ED2002F0D5FC012002F0C6FC33
:103E9000FE2002F0C3FCEE2002F0CCFCDE2002F09B
:103EA000BDFC212002F0BAFCF12002F0C3FC01208D
:103EB00002F0B4FCDF2002F0BDFC102002F0AEFCEA
:103EC000C42002F0B7FC8F2002F0A8FCC62002F04C
:103ED000B1FC002002F0A2FCE22002F09FFCE220F4
:103EE00002F09CFCE22002F099FCBF2002F0A2FC50
:103EF000AA2002F093FCB02002F09CFC0D2002F0FE
:103F00008DFC002002F08AFC0D2002F087FC0020CE
:103F100002F084FC112002F081FC002002F07EFC03
:103F2000192002F07BFC002002F078FC212002F036
:103F300075FC002002F072FC2D2002F06FFC0020C6
:103F400002F06CFC3D2002F069FC002002F066FCEF
:103F50005D2002F063FC002002F060FC5D2002F0B6
:103F60005DFC002002F05AFCB12002F063FC8020CE
:103F700002F054FC002002F051FC8B2002F04EFCB9
:103F8000002002F04BFC962002F048FC002002F0DA
:103F900045FCB22002F04EFC002002F03FFC002065
:103FA00002F03CFC022002F039FC002002F036FC5A
:103FB000032002F033FC002002F030FCB32002F0BA
:103FC00039FC002002F02AFC002002F027FC00202F
:103FD00002F024FC002002F021FC002002F01EFC74
:103FE000002002F01BFC002002F018FC002002F070
:103FF00015FC002002F012FC002002F00FFC002053
:1040000002F00CFC002002F009FC002002F006FC8B
:10401000002002F003FC002002F000FC002002F06F
:10402000FDFB002002F0FAFB002002F0F7FB00206D
:1040300002F0F4FB002002F0F1FB002002F0EEFBA6
:10404000002002F0EBFB002002F0E8FB002002F071
:10405000E5FBB42002F0EEFB8B2002F0DFFB00203A
:1040600002F0DCFB962002F0D9FB002002F0D6FB28
:10407000A12002F0D3FB002002F0D0FBB52002F01B
:10408000D9FB022002F0CAFB002002F0C7FB03208C
:1040900002F0C4FB002002F0C1FB042002F0BEFBD2
:1040A000002002F0BBFBB62002F0C4FB002002F0AF
:1040B000B5FB002002F0B2FBB72002F0BBFB0020F2
:1040C00002F0ACFB002002F0A9FB3F2002F0A6FBAF
:1040D000002002F0A3FB5E2002F0A0FB002002F013
:1040E0009DFB642002F09AFB002002F097FB8C20DD
:1040F00002F094FB002002F091FBAC2002F08EFB5A
:10410000002002F08BFBDC2002F088FB002002F094
:1041100085FB702002F082FB002002F07FFB9020E4
:1041200002F07CFB002002F079FBEB2002F076FB32
:10413000002002F073FBDC2002F070FB002002F094
:104140006DFBB82002F076FB002002F067FB002038
:1041500002F064FB002002F061FB002002F05EFB35
:10416000002002F05BFB002002F058FB002002F070
:1041700055FB002002F052FBBA2002F05BFB24202A
:1041800002F04CFB002002F049FB002002F046FB4D
:10419000002002F043FBC12002F04CFB202002F083
:1041A0003DFB002002F03AFB542002F037FB0020D8
:1041B00002F034FBFF2002F031FB002002F02EFB66
:1041C000C22002F037FB0A2002F028FB002002F098
:1041D00025FB042002F022FB002002F01FFBC3207D
:1041E00002F028FB3C2002F019FB002002F016FB35
:1041F0003A2002F013FB002002F010FB392002F0FD
:104200000DFB002002F00AFB372002F007FB002024
:1042100002F004FB3C2002F001FB002002F0FEFA59
:10422000362002F0FBFA002002F0F8FA322002F009
:10423000F5FA002002F0F2FA2F2002F0EFFA002047
:1042400002F0ECFA2C2002F0E9FA002002F0E6FA83
:10425000292002F0E3FA002002F0E0FA262002F022
:10426000DDFA002002F0DAFA242002F0D7FA00206A
:1042700002F0D4FA242002F0D1FA002002F0CEFAA3
:10428000232002F0CBFA002002F0C8FA3C2002F012
:10429000C5FA002002F0C2FA362002F0BFFA002070
:1042A00002F0BCFA322002F0B9FA002002F0B6FAAD
:1042B0002F2002F0B3FA002002F0B0FA2C2002F016
:1042C000ADFA002002F0AAFA292002F0A7FA002095
:1042D00002F0A4FA262002F0A1FA002002F09EFAD1
:1042E000242002F09BFA002002F098FA242002F029
:1042F00095FA002002F092FA232002F08FFA0020B3
:1043000002F08CFAC42002F095FA622002F086FADC
:10431000002002F083FA052002F080FA002002F06B
:104320007DFA842002F07AFA002002F077FAF02079
:1043300002F074FA002002F071FA182002F06EFA0E
:10434000002002F06BFAA42002F068FA002002F0CC
:1043500065FA182002F062FA002002F05FFA50209D
:1043600002F05CFA002002F059FA0C2002F056FA32
:10437000002002F053FA172002F050FA002002F059
:104380004DFA952002F04AFA002002F047FAF32095
:1043900002F044FA002002F041FAE62002F03EFA70
:1043A000002002F03BFAC52002F044FA322002F06D
:1043B00035FA002002F032FA442002F02FFA0020F1
:1043C00002F02CFA652002F029FA002002F026FA09
:1043D000762002F023FA002002F020FA882002F072
:1043E0001DFA002002F01AFAC62002F023FA20205B
:1043F00002F014FA002002F011FA172002F00EFA6F
:10440000002002F00BFA012002F008FA002002F06E
:1044100005FAC72002F00EFA002002F0FFF9002092
:1044200002F0FCF9002002F0F9F9002002F0F6F9A0
:10443000C82002F0FFF9002002F0F0F9002002F09D
:10444000EDF9002002F0EAF9002002F0E7F9C920B6
:1044500002F0F0F9002002F0E1F9002002F0DEF9AC
:10446000002002F0DBF9002002F0D8F9002002F071
:10447000D5F9002002F0D2F9002002F0CFF9002097
:1044800002F0CCF9002002F0C9F9002002F0C6F9D0
:10449000002002F0C3F9002002F0C0F9002002F071
:1044A000BDF9002002F0BAF9002002F0B7F90020AF
:1044B00002F0B4F9E02002F0BDF9162002F0AEF9E6
:1044C000002002F0ABF91C2002F0A8F9002002F055
:1044D000A5F9212002F0A2F9002002F09FF9362070
:1044E00002F09CF9002002F099F9462002F096F9BA
:1044F000002002F093F9522002F090F9002002F01F
:104500008DF9642002F08AF9002002F087F97A2000
:1045100002F084F9002002F081F98B2002F07EF98C
:10452000002002F07BF9992002F078F9002002F0D7
:1045300075F9A82002F072F9002002F06FF9B92095
:1045400002F06CF9002002F069F9C42002F066F96B
:10455000002002F063F9CA2002F060F9002002F0A6
:104560005DF9D22002F05AF9002002F057F9D92063
:1045700002F054F9002002F051F9E02002F04EF967
:10458000002002F04BF9F32002F048F9002002F07D
:1045900045F9E12002F04EF9162002F03FF9002023
:1045A00002F03CF91C2002F039F9002002F036F943
:1045B000222002F033F9002002F030F9362002F018
:1045C0002DF9002002F02AF9452002F027F90020F9
:1045D00002F024F9522002F021F9002002F01EF925
:1045E000642002F01BF9002002F018F97A2002F092
:1045F00015F9002002F012F98B2002F00FF90020CB
:1046000002F00CF9992002F009F9002002F006F9F5
:10461000A82002F003F9002002F000F9B92002F00E
:10462000FDF8002002F0FAF8C42002F0F7F80020AC
:1046300002F0F4F8CA2002F0F1F8002002F0EEF8DF
:10464000D22002F0EBF8002002F0E8F8D82002F0C7
:10465000E5F8002002F0E2F8E02002F0DFF80020A8
:1046600002F0DCF8F32002F0D9F8002002F0D6F8CE
:10467000E22002F0DFF8052002F0D0F8002002F07E
:10468000CDF80B2002F0CAF8002002F0C7F81B207A
:1046900002F0C4F8002002F0C1F8342002F0BEF8A5
:1046A000002002F0BBF8442002F0B8F8002002F02D
:1046B000B5F84F2002F0B2F8002002F0AFF8612008
:1046C00002F0ACF8002002F0A9F8792002F0A6F878
:1046D000002002F0A3F8882002F0A0F8002002F0E9
:1046E0009DF8972002F09AF8002002F097F8A62093
:1046F00002F094F8002002F091F8B72002F08EF852
:10470000002002F08BF8C22002F088F8002002F0AE
:1047100085F8C72002F082F8002002F07FF8D1204F
:1047200002F07CF8002002F079F8D62002F076F84A
:10473000002002F073F8DD2002F070F8002002F093
:104740006DF8F32002F06AF8002002F067F8E32029
:1047500002F070F8052002F061F8002002F05EF827
:104760000A2002F05BF8002002F058F81C2002F04A
:1047700055F8002002F052F8332002F04FF80020E4
:1047800002F04CF8442002F049F8002002F046F80C
:10479000502002F043F8002002F040F8622002F0BE
:1047A0003DF8002002F03AF8782002F037F80020B7
:1047B00002F034F8882002F031F8002002F02EF8E0
:1047C000972002F02BF8002002F028F8A62002F033
:1047D00025F8002002F022F8B72002F01FF8002090
:1047E00002F01CF8C22002F019F8002002F016F8BE
:1047F000C72002F013F8002002F010F8D12002F0D8
:104800000DF8002002F00AF8D52002F007F8002089
:1048100002F004F8DD2002F001F8002001F0FEFFB4
:10482000F32001F0FBFF002001F0F8FFE42002F08C
:1048300001F8012001F0F2FF002001F0EFFF01205C
:1048400001F0ECFF002001F0E9FF022001F0E6FF9B
:10485000002001F0E3FF2A2001F0E0FF002001F03A
:10486000DDFF3C2001F0DAFF002001F0D7FF4B20F4
:1048700001F0D4FF002001F0D1FF5D2001F0CEFF58
:10488000002001F0CBFF742001F0C8FF002001F0F0
:10489000C5FF842001F0C2FF002001F0BFFF93207C
:1048A00001F0BCFF002001F0B9FFA22001F0B6FF2B
:1048B000002001F0B3FFB32001F0B0FF002001F0B1
:1048C000ADFFBE2001F0AAFF002001F0A7FFC42029
:1048D00001F0A4FF002001F0A1FFCD2001F09EFF18
:1048E000002001F09BFFD32001F098FF002001F091
:1048F00095FFDD2001F092FF002001F08FFFF320F3
:1049000001F08CFF002001F089FFE52001F092FF0B
:10491000002001F083FF002001F080FF002001F063
:104920007DFF002001F07AFF022001F077FF0020D8
:1049300001F074FF292001F071FF002001F06EFFEB
:104940003C2001F06BFF002001F068FF4B2001F0DC
:1049500065FF002001F062FF5D2001F05FFF002095
:1049600001F05CFF742001F059FF002001F056FFB8
:10497000842001F053FF002001F050FF932001F04C
:104980004DFF002001F04AFFA22001F047FF002068
:1049900001F044FFB32001F041FF002001F03EFF91
:1049A000BE2001F03BFF002001F038FFC42001F0E1
:1049B00035FF002001F032FFCD2001F02FFF002055
:1049C00001F02CFFD32001F029FF002001F026FF89
:1049D000DC2001F023FF002001F020FFF32001F094
:1049E0001DFF002001F01AFFE62001F023FF112037
:1049F00001F014FF002001F011FF342001F00EFF40
:104A0000002001F00BFF562001F008FF002001F00C
:104A100005FF762001F002FF002001F0FFFE772065
:104A200001F0FCFE002001F0F9FE662001F0F6FE28
:104A3000002001F0F3FE882001F0F0FE002001F0DC
:104A4000EDFE992001F0EAFE002001F0E7FEBB2018
:104A500001F0E4FE002001F0E1FE992001F0DEFE0D
:104A6000002001F0DBFE662001F0D8FE002001F0FE
:104A7000D5FE552001F0D2FE002001F0CFFE5520DA
:104A800001F0CCFE002001F0C9FE452001F0C6FE79
:104A9000002001F0C3FE432001F0C0FE002001F021
:104AA000BDFE442001F0BAFE002001F0B7FEE72071
:104AB00001F0C0FE322001F0B1FE002001F0AEFE98
:104AC000552001F0ABFE002001F0A8FE762001F099
:104AD000A5FE002001F0A2FE662001F09FFE00204E
:104AE00001F09CFE672001F099FE002001F096FE87
:104AF000672001F093FE002001F090FE872001F076
:104B00008DFE002001F08AFE992001F087FE002032
:104B100001F084FEBB2001F081FE002001F07EFE4A
:104B2000992001F07BFE002001F078FE772001F053
:104B300075FE002001F072FE442001F06FFE00209F
:104B400001F06CFE562001F069FE002001F066FEC7
:104B5000232001F063FE002001F060FE332001F00D
:104B60005DFE002001F05AFE452001F057FE0020B6
:104B700001F054FEE82001F05DFE002001F04EFE41
:104B8000002001F04BFE992001F048FE002001F0CA
:104B900045FE872001F042FE002001F03FFE882004
:104BA00001F03CFE002001F039FE772001F036FED6
:104BB000002001F033FE662001F030FE002001F0FD
:104BC0002DFE882001F02AFE002001F027FEAA20F9
:104BD00001F024FE002001F021FEBB2001F01EFEAA
:104BE000002001F01BFE992001F018FE002001F0CA
:104BF00015FE662001F012FE002001F00FFE552088
:104C000001F00CFE002001F009FE552001F006FE27
:104C1000002001F003FE442001F000FE002001F01E
:104C2000FDFD442001F0FAFD002001F0F7FD5520C4
:104C300001F0F4FD002001F0F1FDE92001F0FAFDA2
:104C4000AA2001F0EBFD002001F0E8FD002001F0BA
:104C5000E5FD002001F0E2FD002001F0EBFDAA20BF
:104C600001F0DCFDCF2001F0E5FD002001F0D6FDD4
:104C7000002001F0D3FD002001F0D0FD002001F064
:104C8000CDFD002001F0CAFD002001F0C7FD00208D
:104C900001F0C4FD002001F0C1FD002001F0BEFDC7
:104CA000002001F0BBFD002001F0B8FD002001F064
:104CB000B5FD002001F0B2FD002001F0AFFD0020A5
:104CC00001F0ACFD002001F0A9FD002001F0A6FDDF
:104CD000F02001F0AFFD002001F0A0FD502001F018
:104CE0009DFD002001F09AFD002001F097FD0020BD
:104CF00001F094FDF32001F09DFD002001F08EFDF8
:104D0000F92001F097FD062001F088FD102001F048
:104D100085FD292001F082FD002001F07FFD3A2071
:104D200001F088FD552001F079FD112001F082FD90
:104D30006420FEF72DFD292001F07CFD352001F0D7
:104D400079FD002001F06AFD512001F073FDFF2084
:104D500001F064FD532001F06DFD2C2001F05EFD9B
:104D6000552001F067FD822001F058FDBDE810409C
:104D70002C2001F05FBD2DE9F05F4FF47043552109
:104D8000184601F06DFD4FF20104AA21204601F002
:104D900067FD651C5221284601F062FDA61C082112
:104DA000304601F05DFDE71C0121384601F058FD59
:104DB0000D214FF4304001F053FD0D214BF2010065
:104DC00001F04EFD0D214BF2020001F049FD4FF4C0
:104DD00036483421404601F043FD34214BF2016056
:104DE00001F03EFD34214BF2026001F039FD4FF439
:104DF00031490D21484601F033FD4BF2011A0D21D6
:104E0000504601F02DFD0D214BF2021001F028FD5E
:104E10004FF4374B3421584601F022FD34214BF238
:104E2000017001F01DFD34214BF2027001F018FDFC
:104E300000214FF4324001F013FD00214BF201201C
:104E400001F00EFD00214BF2022001F009FD2421AA
:104E50004FF4384001F004FD24214BF6010001F02D
:104E6000FFFC24214BF6020001F0FAFC01214FF473
:104E70003F4001F0F5FC0F214FF4334001F0F0FC0E
:104E80000F214BF2013001F0EBFC0F214BF202300D
:104E900001F0E6FC34214FF4394001F0E1FC34210B
:104EA0004BF6011001F0DCFC34214BF6021001F04E
:104EB000D7FC08214FF4354001F0D2FC08214BF219
:104EC000015001F0CDFC08214BF2025001F0C8FC6A
:104ED00003214FF4424001F0C3FC24214FF43A4037
:104EE00001F0BEFC24214BF6012001F0B9FC242185
:104EF0004BF6022001F0B4FC00214FF43C4001F0DD
:104F0000AFFC78214BF6014001F0AAFC00214BF6E2
:104F1000024001F0A5FC00214FF43D4001F0A0FC4F
:104F200078214BF6015001F09BFC00214BF602501A
:104F300001F096FC00214FF43E4001F091FC642109
:104F40004BF6016001F08CFC00214FF4514001F060
:104F500087FC33214DF2011001F082FC00214DF25B
:104F6000021001F07DFC34214DF2031001F078FCB9
:104F700000214DF2041001F073FC3A214DF20510AE
:104F800001F06EFC00214DF2061001F069FC4A218F
:104F90004DF2071001F064FC00214DF2081001F001
:104FA0005FFC5C214DF2091001F05AFC00214DF22A
:104FB0000A1001F055FC81214DF20B1001F050FC5C
:104FC00000214DF20C1001F04BFCA6214DF20D100A
:104FD00001F046FC00214DF20E1001F041FCE521EC
:104FE0004DF20F1001F03CFC01214DF2101001F0C8
:104FF00037FC13214DF2111001F032FC01214DF26A
:10500000121001F02DFC54214DF2131001F028FC78
:1050100001214DF2141001F023FC82214DF21510F4
:1050200001F01EFC01214DF2161001F019FCCA21FD
:105030004DF2171001F014FC02214DF2181001F08E
:105040000FFC00214DF2191001F00AFC02214DF273
:105050001A1001F005FC01214DF21B1001F000FCBB
:1050600002214DF21C1001F0FBFB34214DF21D100A
:1050700001F0F6FB02214DF21E1001F0F1FB672159
:105080004DF21F1001F0ECFB02214DF2201001F057
:10509000E7FB84214DF2211001F0E2FB02214DF2E9
:1050A000221001F0DDFBA4214DF2231001F0D8FB0A
:1050B00002214DF2241001F0D3FBB7214DF225104F
:1050C00001F0CEFB02214DF2261001F0C9FBCF21E9
:1050D0004DF2271001F0C4FB02214DF2281001F01F
:1050E000BFFBDE214DF2291001F0BAFB02214DF287
:1050F0002A1001F0B5FBF2214DF22B1001F0B0FBAC
:1051000002214DF22C1001F0ABFBFE214DF22D10CF
:1051100001F0A6FB03214DF22E1001F0A1FB10219E
:105120004DF22F1001F09CFB03214DF2301001F0E5
:1051300097FB33214DF2311001F092FB03214DF228
:10514000321001F08DFB6D214DF2331001F088FB20
:1051500000214FF4524001F083FB33214DF2012036
:1051600001F07EFB00214DF2022001F079FB342199
:105170004DF2032001F074FB00214DF2042001F0F8
:105180006FFB3A214DF2052001F06AFB00214DF240
:10519000062001F065FB4A214DF2072001F060FB7B
:1051A00000214DF2082001F05BFB5C214DF209204B
:1051B00001F056FB00214DF20A2001F051FB812144
:1051C0004DF20B2001F04CFB00214DF20C2001F0C0
:1051D00047FBA6214DF20D2001F042FB00214DF2CC
:1051E0000E2001F03DFBE5214DF20F2001F038FBD0
:1051F00001214DF2102001F033FB13214DF211205B
:1052000001F02EFB01214DF2122001F029FB542167
:105210004DF2132001F024FB01214DF2142001F086
:105220001FFB82214DF2152001F01AFB01214DF2E6
:10523000162001F015FBCA214DF2172001F010FBDA
:1052400002214DF2182001F00BFB00214DF2192034
:1052500001F006FB02214DF21A2001F001FB0121B1
:105260004DF21B2001F0FCFA02214DF21C2001F04E
:10527000F7FA34214DF21D2001F0F2FA02214DF22D
:105280001E2001F0EDFA67214DF21F2001F0E8FA2F
:1052900002214DF2202001F0E3FA84214DF2212079
:1052A00001F0DEFA02214DF2222001F0D9FAA42108
:1052B0004DF2232001F0D4FA02214DF2242001F016
:1052C000CFFAB7214DF2252001F0CAFA02214DF2A2
:1052D000262001F0C5FACF214DF2272001F0C0FAB7
:1052E00002214DF2282001F0BBFADE214DF22920E7
:1052F00001F0B6FA02214DF22A2001F0B1FAF221B2
:105300004DF22B2001F0ACFA02214DF22C2001F0DD
:10531000A7FAFE214DF22D2001F0A2FA03214DF251
:105320002E2001F09DFA10214DF22F2001F098FA65
:1053300003214DF2302001F093FA33214DF2312058
:1053400001F08EFA03214DF2322001F089FA6D212D
:105350004DF2332001F084FA00214FF4534001F064
:105360007FFA33214DF2013001F07AFA00214DF23B
:10537000023001F075FA34214DF2033001F070FA79
:1053800000214DF2043001F06BFA3A214DF2053064
:1053900001F066FA00214DF2063001F061FA4A216F
:1053A0004DF2073001F05CFA00214DF2083001F0B7
:1053B00057FA5C214DF2093001F052FA00214DF20A
:1053C0000A3001F04DFA81214DF20B3001F048FA1C
:1053D00000214DF20C3001F043FAA6214DF20D30C0
:1053E00001F03EFA00214DF20E3001F039FAE521CC
:1053F0004DF20F3001F034FA01214DF2103001F07E
:105400002FFA13214DF2113001F02AFA01214DF249
:10541000123001F025FA54214DF2133001F020FA38
:1054200001214DF2143001F01BFA82214DF21530AA
:1054300001F016FA01214DF2163001F011FACA21DD
:105440004DF2173001F00CFA02214DF2183001F044
:1054500007FA00214DF2193001F002FA02214DF253
:105460001A3001F0FDF901214DF21B3001F0F8F97D
:1054700002214DF21C3001F0F3F934214DF21D30C0
:1054800001F0EEF902214DF21E3001F0E9F9672139
:105490004DF21F3001F0E4F902214DF2203001F00D
:1054A000DFF984214DF2213001F0DAF902214DF2C9
:1054B000223001F0D5F9A4214DF2233001F0D0F9CA
:1054C00002214DF2243001F0CBF9B7214DF2253005
:1054D00001F0C6F902214DF2263001F0C1F9CF21C9
:1054E0004DF2273001F0BCF902214DF2283001F0D5
:1054F000B7F9DE214DF2293001F0B2F902214DF267
:105500002A3001F0ADF9F2214DF22B3001F0A8F96B
:1055100002214DF22C3001F0A3F9FE214DF22D3085
:1055200001F09EF903214DF22E3001F099F910217E
:105530004DF22F3001F094F903214DF2303001F09B
:105540008FF933214DF2313001F08AF903214DF208
:10555000323001F085F96D214DF2333001F080F9E0
:1055600000214FF4544001F07BF933214DF201400A
:1055700001F076F900214DF2024001F071F9342179
:105580004DF2034001F06CF900214DF2044001F0AE
:1055900067F93A214DF2054001F062F900214DF220
:1055A000064001F05DF94A214DF2074001F058F93B
:1055B00000214DF2084001F053F95C214DF2094001
:1055C00001F04EF900214DF20A4001F049F9812124
:1055D0004DF20B4001F044F900214DF20C4001F076
:1055E0003FF9A6214DF20D4001F03AF900214DF2AC
:1055F0000E4001F035F9E5214DF20F4001F030F990
:1056000001214DF2104001F02BF913214DF2114010
:1056100001F026F901214DF2124001F021F9542147
:105620004DF2134001F01CF901214DF2144001F03C
:1056300017F982214DF2154001F012F901214DF2C6
:10564000164001F00DF9CA214DF2174001F008F99A
:1056500002214DF2184001F003F900214DF21940EA
:1056600001F0FEF802214DF21A4001F0F9F8012193
:105670004DF21B4001F0F4F802214DF21C4001F004
:10568000EFF834214DF21D4001F0EAF802214DF20D
:105690001E4001F0E5F867214DF21F4001F0E0F8EF
:1056A00002214DF2204001F0DBF884214DF221402F
:1056B00001F0D6F802214DF2224001F0D1F8A421E8
:1056C0004DF2234001F0CCF802214DF2244001F0CC
:1056D000C7F8B7214DF2254001F0C2F802214DF282
:1056E000264001F0BDF8CF214DF2274001F0B8F877
:1056F00002214DF2284001F0B3F8DE214DF229409D
:1057000001F0AEF802214DF22A4001F0A9F8F22191
:105710004DF22B4001F0A4F802214DF22C4001F093
:105720009FF8FE214DF22D4001F09AF803214DF231
:105730002E4001F095F810214DF22F4001F090F825
:1057400003214DF2304001F08BF833214DF231400E
:1057500001F086F803214DF2324001F081F86D210D
:105760004DF2334001F07CF800214FF4554001F038
:1057700077F833214DF2015001F072F800214DF21B
:10578000025001F06DF834214DF2035001F068F839
:1057900000214DF2045001F063F83A214DF205501A
:1057A00001F05EF800214DF2065001F059F84A214F
:1057B0004DF2075001F054F800214DF2085001F06D
:1057C0004FF85C214DF2095001F04AF800214DF2EA
:1057D0000A5001F045F881214DF20B5001F040F8DC
:1057E00000214DF20C5001F03BF8A6214DF20D5076
:1057F00001F036F800214DF20E5001F031F8E521AC
:105800004DF20F5001F02CF801214DF2105001F033
:1058100027F813214DF2115001F022F801214DF229
:10582000125001F01DF854214DF2135001F018F8F8
:1058300001214DF2145001F013F882214DF2155060
:1058400001F00EF801214DF2165001F009F8CA21BD
:105850004DF2175001F004F802214DF2185000F0FB
:10586000FFFF00214DF2195000F0FAFF02214DF226
:105870001A5000F0F5FF01214DF21B5000F0F0FF2F
:1058800002214DF21C5000F0EBFF34214DF21D506F
:1058900000F0E6FF02214DF21E5000F0E1FF67210B
:1058A0004DF21F5000F0DCFF02214DF2205000F0BD
:1058B000D7FF84214DF2215000F0D2FF02214DF29A
:1058C000225000F0CDFFA4214DF2235000F0C8FF7C
:1058D00002214DF2245000F0C3FFB7214DF22550B4
:1058E00000F0BEFF02214DF2265000F0B9FFCF219B
:1058F0004DF2275000F0B4FF02214DF2285000F085
:10590000AFFFDE214DF2295000F0AAFF02214DF237
:105910002A5000F0A5FFF2214DF22B5000F0A0FF1D
:1059200002214DF22C5000F09BFFFE214DF22D5034
:1059300000F096FF03214DF22E5000F091FF102150
:105940004DF22F5000F08CFF03214DF2305000F04B
:1059500087FF33214DF2315000F082FF03214DF2D9
:10596000325000F07DFF6D214DF2335000F078FF92
:1059700000214FF4564000F073FF33214DF20160D7
:1059800000F06EFF00214DF2026000F069FF34214B
:105990004DF2036000F064FF00214DF2046000F05E
:1059A0005FFF3A214DF2056000F05AFF00214DF2F1
:1059B000066000F055FF4A214DF2076000F050FFED
:1059C00000214DF2086000F04BFF5C214DF20960B0
:1059D00000F046FF00214DF20A6000F041FF8121F6
:1059E0004DF20B6000F03CFF00214DF20C6000F026
:1059F00037FFA6214DF20D6000F032FF00214DF27D
:105A00000E6000F02DFFE5214DF20F6000F028FF41
:105A100001214DF2106000F023FF13214DF21160BF
:105A200000F01EFF01214DF2126000F019FF542119
:105A30004DF2136000F014FF01214DF2146000F0EC
:105A40000FFF82214DF2156000F00AFF01214DF297
:105A5000166000F005FFCA214DF2176000F000FF4C
:105A600002214DF2186000F0FBFE00214DF219609A
:105A700000F0F6FE02214DF21A6000F0F1FE012165
:105A80004DF21B6000F0ECFE02214DF21C6000F0B4
:105A9000E7FE34214DF21D6000F0E2FE02214DF2DE
:105AA0001E6000F0DDFE67214DF21F6000F0D8FEA1
:105AB00002214DF2206000F0D3FE84214DF22160DE
:105AC00000F0CEFE02214DF2226000F0C9FEA421BA
:105AD0004DF2236000F0C4FE02214DF2246000F07C
:105AE000BFFEB7214DF2256000F0BAFE02214DF253
:105AF000266000F0B5FECF214DF2276000F0B0FE29
:105B000002214DF2286000F0ABFEDE214DF229604B
:105B100000F0A6FE02214DF22A6000F0A1FEF22163
:105B20004DF22B6000F09CFE02214DF22C6000F043
:105B300097FEFE214DF22D6000F092FE03214DF202
:105B40002E6000F08DFE10214DF22F6000F088FED7
:105B500003214DF2306000F083FE33214DF23160BD
:105B600000F07EFE03214DF2326000F079FE6D21DF
:105B70004DF2336000F074FE5521184600F070FEBF
:105B8000AA21204600F06CFE5221284600F068FE53
:105B90000821304600F064FE0021384600F060FE27
:105BA000CC21484600F05CFE0021504600F058FE33
:105BB0000521404600F054FE7021584600F050FE8A
:105BC00070214BF2017000F04BFE01214FF4384080
:105BD00000F046FE03214BF6010000F041FE0321D8
:105BE0004BF6020000F03CFE03214BF6030000F0F0
:105BF00037FE02214FF43C4000F032FE00214BF60C
:105C0000014000F02DFE00214BF6024000F028FE7E
:105C1000D0214FF4494000F023FE02214CF6011040
:105C200000F01EFE50214CF6021000F019FE50212B
:105C30004CF6031000F014FE50214CF6041000F056
:105C40000FFE00214FF4545000F00AFE55214FF48E
:105C5000685000F005FE4FF4885000F0EBFD78200E
:105C6000FDF796FDBDE8F05F4FF4245000F0E2BD73
:105C700010B5E22000F0DEFD1D2000F0CFFD022077
:105C800000F0CCFD042000F0C9FD6420FDF780FD8C
:105C9000E02000F0CFFD012000F0C0FD0A20FDF75C
:105CA00077FDE02000F0C6FD032000F0B7FD0C20DA
:105CB000FDF76EFD012000F0BDFD0A20FDF768FD37
:105CC000E62000F0B7FD2F2000F0A8FDFF2000F037
:105CD000A5FDFF2000F0A2FDB02000F0ABFD2020CC
:105CE00000F09CFD002000F099FD032000F096FDDF
:105CF00040F21F3000F092FD012000F08FFD40F2D5
:105D0000DF1000F08BFD002000F088FDB42000F0D3
:105D100091FD042000F082FD40F21F4000F07EFD66
:105D2000002000F07BFD2E2000F078FD002000F028
:105D300075FD002000F072FD002000F06FFD0020D6
:105D400000F06CFDB62000F075FD022000F066FD4D
:105D50004FF4037000F062FD002000F05FFD17209B
:105D600000F05CFD152000F059FD002000F056FD0C
:105D7000002000F053FDF02000F05CFD032000F057
:105D80004DFD292000F056FDD02000F053FD0020ED
:105D900000F044FDBE2000F04DFD052000F03EFD6A
:105DA000FE2000F03BFD012000F038FD002000F057
:105DB00035FD002000F032FD002000F02FFDB8205E
:105DC00000F038FD032000F029FD012000F026FD41
:105DD000BA2000F02FFDBDE81040012000F01EBDEC
:105DE00010B5112000F026FD7820FDF7D1FC3620FB
:105DF00000F020FD002000F011FD3A2000F01AFD17
:105E0000052000F00BFDB22000F014FD0C2000F086
:105E100005FD0C2000F002FD002000F0FFFC332007
:105E200000F0FCFC332000F0F9FCB72000F002FD8C
:105E3000352000F0F3FCBB2000F0FCFC322000F029
:105E4000EDFCC02000F0F6FC0C2000F0E7FCC220C6
:105E500000F0F0FC012000F0E1FCC32000F0EAFCBF
:105E6000102000F0DBFCC42000F0E4FC202000F057
:105E7000D5FCC62000F0DEFC0F2000F0CFFCD020C7
:105E800000F0D8FCA42000F0C9FCA12000F0C6FC62
:105E9000E02000F0CFFCD02000F0C0FC002000F09B
:105EA000BDFC022000F0BAFC072000F0B7FC0A207D
:105EB00000F0B4FC282000F0B1FC322000F0AEFC71
:105EC000442000F0ABFC422000F0A8FC062000F0CB
:105ED000A5FC0E2000F0A2FC122000F09FFC142074
:105EE00000F09CFC172000F099FCE12000F0A2FCDF
:105EF000D02000F093FC002000F090FC022000F085
:105F00008DFC072000F08AFC0A2000F087FC282086
:105F100000F084FC312000F081FC542000F07EFC75
:105F2000472000F07BFC0E2000F078FC1C2000F0E5
:105F300075FC172000F072FC1B2000F06FFC1E2087
:105F400000F06CFC2A2000F075FC002000F066FCDC
:105F5000002000F063FC002000F060FCEF2000F067
:105F60005DFC2B2000F066FC002000F057FC0020B8
:105F700000F054FC012000F051FC3F2000F04EFCEA
:105F8000BDE81040292000F055BC10B5112000F0EC
:105F900051FC7820FDF7FCFB362000F04BFC48203C
:105FA00000F03CFC3A2000F045FC552000F036FCA7
:105FB000F02000F03FFCC32000F030FCF02000F0A7
:105FC00039FC962000F02AFCB42000F033FC0120BC
:105FD00000F024FCB62000F02DFC0A2000F01EFC8E
:105FE000A22000F01BFCB72000F024FCC62000F02B
:105FF00015FCB92000F01EFC022000F00FFCE02090
:1060000000F00CFCC02000F015FC802000F006FC25
:10601000162000F003FCC12000F00CFC192000F059
:10602000FDFBC22000F006FCA72000F0F7FBC52016
:1060300000F000FC162000F0F1FBE82000F0FAFB75
:10604000402000F0EBFB8A2000F0E8FB002000F08D
:10605000E5FB002000F0E2FB292000F0DFFB192027
:1060600000F0DCFBA52000F0D9FB332000F0D6FBCC
:10607000E02000F0DFFBF02000F0D0FB072000F074
:10608000CDFB0D2000F0CAFB042000F0C7FB05206B
:1060900000F0C4FB142000F0C1FB362000F0BEFB72
:1060A000542000F0BBFB4C2000F0B8FB382000F07F
:1060B000B5FB132000F0B2FB142000F0AFFB2E2044
:1060C00000F0ACFB342000F0A9FBE12000F0B2FBB3
:1060D000F02000F0A3FB102000F0A0FB142000F043
:1060E0009DFB0E2000F09AFB0C2000F097FB08208F
:1060F00000F094FB352000F091FB442000F08EFB73
:106100004C2000F08BFB262000F088FB102000F0D4
:1061100085FB122000F082FB2C2000F07FFB322058
:1061200000F07CFBF02000F085FB3C2000F076FBCB
:10613000F02000F07FFB692000F070FB7820FDF775
:1061400027FB212000F076FBBDE81040292000F05D
:1061500071BB00002DE9F05F3220FDF719FBD32061
:1061600000F068FB00F04EF9A14CA08000F04AF965
:10617000A08000F047F94FF6FF7101EA0020A080EF
:1061800000F040F9A18849F241360843A08047F267
:10619000897545F2103747F2967845F2105949F65D
:1061A000060A41F6631BB0427DD0042000F042FB9A
:1061B00000F028F9A08000F025F9A08000F022F975
:1061C0004FF6FF7101EA0020A08000F01BF9A188C2
:1061D0000843A0F50541A080523965D0A84262D09D
:1061E000D42000F027FB00F00DF9A08000F00AF9A0
:1061F000A08000F007F94FF6FF7101EA0020A080AF
:1062000000F000F9A1880843A080B8427ED0D320D6
:1062100000F010FB00F0F6F8A08000F0F3F8A0808A
:1062200000F0F0F84FF6FF7101EA0020A08000F0C6
:10623000E9F8A1880843A080404567D055214FF474
:10624000704000F00DFBAA214FF2010000F008FBA6
:1062500052214FF2020000F003FB08214FF203002D
:1062600000F0FEFA01214FF2040000F0F9FA4FF4B9
:10627000454000F0DFFA00F0C5F84FF6FF7101EA83
:106280000020A0804CF2015000F0D4FA00F0BAF8DF
:10629000A1880843A0800520FDF77AFAA188494526
:1062A00034D0D32001E02CE02CE000F0C3FA00F061
:1062B000A9F8A08000F0A6F8A08000F0A3F84FF69F
:1062C000FF7101EA0020A08000F09CF8A18808433B
:1062D000A08050451AD0A12000F0ACFA00F092F84E
:1062E000A08000F08FF84FF6FF7101EA0020A08037
:1062F00000F088F8A1880843A0F5AE41A08061397C
:1063000002D003E0A58001E0A4F804B0A18839A080
:10631000FCF7BEFFA088A84202D1FFF761FD1FE095
:10632000B04202D1FDF7F5FA1AE0B84202D1FDF70A
:10633000A8FD15E0404502D1FFF727FE10E04845D3
:1063400002D1FEF718FD0BE0504502D1FDF7F8FB36
:1063500006E0584504D1FFF78BFC642000F036FAC4
:10636000A1884FF02040A94203D0B14201D0594545
:1063700010D1D0F81C1121F00F01C0F81C11D0F879
:106380001C1141F00301C0F81C11D0F81C1141F49C
:1063900040711DE0B94205D0414503D0494501D0C7
:1063A000514517D1D0F81C1121F00F01C0F81C1174
:1063B000D0F81C1141F00201C0F81C11D0F81C11DA
:1063C00021F47061C0F81C11D0F81C1141F4007167
:1063D000C0F81C110020FDF71BFA0122D103084868
:1063E000FAF740FCBDE8F05F4FF6FF70FDF7F8B933
:1063F000040100204C43442049443A25780D0A000A
:106400000004024008B50220401EFDD24FF0D840E3
:10641000B0F88000ADF80000BDF8000008BD000035
:1064200070B55F4C00232146A279898841F6631636
:10643000012A01D01AB10CE0B14202D109E0B14207
:1064400007D1082805D2DFE800F0161812140C193D
:10645000100E082812D2DFE800F0110406080A0C1A
:106460000E1080230AE0402308E0C02306E020232A
:1064700004E0602302E0A02300E0E023362045F2A0
:106480001055A94200D10002A1F51342413A07D0AC
:10649000A1F5EE42893A03D0A1F5EE42963A01D138
:1064A00043F00803194600F0DBF9A188B1420AD095
:1064B00098062088628802D5904202D303E0904279
:1064C00001D9228060806089A94240D100F0B2F9F0
:1064D000002000F0A3F96089401C80B200F0AAF906
:1064E000002000F09BF96089801C80B200F0A2F9C6
:1064F0002088401EC0F30F2000F090F96089C01C76
:1065000080B200F097F92078401EC0B200F086F902
:10651000A08900F08FF9002000F080F9A089401CCC
:1065200080B200F087F9002000F078F9A089801C83
:1065300080B200F07FF96088401EC0F30F2000F0A9
:106540006DF9A089C01C80B200F074F921E000F060
:1065500071F9002000F062F9002000F05FF9208856
:10656000401EC0F30F2000F059F92078401EC0B241
:1065700000F054F9A08900F05DF9002000F04EF918
:10658000002000F04BF96088401EC0F30F2000F09F
:1065900045F9A078BDE87040401EC0B200F03EB999
:1065A00004010020F0B53B4A0D460446060A9188D6
:1065B00010462F0A4089A1F5C853633B16D0A1F5B8
:1065C000AA43103B4CD000F035F9304600F026F9D4
:1065D000E0B200F023F9908900F02CF9384600F081
:1065E0001DF9E8B2BDE8F04000F018B9917931B377
:1065F00000F020F9304600F011F9E0B200F00EF999
:106600001088401EC0F30F2000F008F91078401EDB
:106610005FFA80F000F002F9908900F00BF938463B
:1066200000F0FCF8E8B200F0F9F85088401EC0F322
:106630000F2000F0F3F89078401EC0B2D2E7118826
:10664000091B491E8CB200F0F5F8002000F0E6F8B6
:10665000002000F0E3F8200A00F0E0F8E0B2D9E70B
:1066600000F0E8F8304600F0D9F85089401C80B2BC
:1066700000F0E0F8E0B200F0D1F8908900F0DAF82C
:10668000384600F0CBF89089401C80B200F0D2F878
:10669000A7E70000040100202DE9FF4F1D460C462E
:1066A0008B46580700D0012000EBD500690810FB8D
:1066B00001F0203A00F0FF0AD0B20C2D0AD0102DC4
:1066C0000CD0182D0ED0202D46D1244901EB801678
:1066D00000203EE000EB4001214806E0214901EBAB
:1066E0000016F5E700EBC0011F4800EB8106EFE75D
:1066F00016F808704FF00009380601D50E9A03E02D
:106700000D9828B91948026821460098FDF7F6F857
:106710007806070E1648641CA4B24088A0421BD914
:10672000A4EB0B00A8420AD100985C46401C80B242
:1067300000900F480188009881420DD906E009F1C8
:10674000010000F0FF09B9F1080FD5D308F10100ED
:10675000C0B280465045CBD3BDE8FF8F4C910008B6
:106760008C790008007E0008F083000804000020F7
:10677000040100202DE9FC4F044600F0FF09101928
:106780000D46DDE90BB61FFA80F8581987B24FF0B5
:10679000000A13E0444503D305EB0B004C4685B2D9
:1067A000BD4210D20D985B46CDE900A02946204697
:1067B000FFF772FF04EB5B0084B2761C3278A2F123
:1067C00020005E28E6D9BDE8FC8F000010B5024627
:1067D000BE2000F02FF8052000F020F81046F9F751
:1067E00016FE9FED0C1B53EC112BF9F79EFDF9F7EC
:1067F0001BFE80B200F012F8012000F00FF8FF201D
:1068000000F00CF8002000F009F8BDE8104000206E
:1068100000F004B8666666666666044001B5BDF8B9
:106820000000ADF80000BDF800004FF0D841A1F81D
:10683000800008BD01B5BDF80000ADF80000BDF84E
:1068400000004FF0D841A1F87E0008BD03484FF08A
:10685000D8410089A1F87E007047000004010020A3
:106860004FF0D84222F87E0F51807047FAF70EFAA7
:10687000FCF782FBFBF7F0FCFBF73EFCFBF77CFC34
:10688000FBF796FDFBF770FDFBF74EFD144800F09B
:10689000ABFD00F0B1FC022000F03CF8012000F05C
:1068A00039F84FF42041022000F04AF8022000F0AD
:1068B0005FF80B49091F08800A21B0FBF1F201FBC8
:1068C0001203B0FBF1F207A10948FCF7F1FC0849FB
:1068D00008A0FCF7DDFCFBF73BFC00F028FAFEE724
:1068E0004C00002025642E25303164252500000051
:1068F00040BA01205352414D455820202055534560
:10690000443A2025730A000001460020842900D063
:10691000C81C704730B504460748084D002150F8A0
:106920002400420005EB8400406900F03FF801209C
:10693000291981F8200030BD0CA9000808000020AA
:1069400010B5094A094C52F8202004EB8000B1FB35
:10695000F2F2002193B203E0446924F81130491C9B
:106960009142F9D310BD000018A9000808000020CA
:1069700010B50C4B0C4C002253F82030114604EBA0
:10698000800005E0446934F8114004B1521C491CF0
:106990008B42F7D84FF47A704243B2FBF3F080B2E7
:1069A00010BD00000CA900080800002002E000BF94
:1069B00000F8011B521EFBD27047000070B50403A3
:1069C00000F032F900F0DAF80B4E4FF48045002267
:1069D00029463046FAF746F9202000F0E3FB20462E
:1069E00000F0B2F8012229463046FAF73BF9BDE83B
:1069F000704000F0C3B800000004024070B50122EE
:106A0000164E950329463046FAF72CF9012000F07E
:106A1000D9FB00F04FF812490880A0F56F411839F2
:106A20001BD1032000F06CF80446C00715D100F01C
:106A3000FBF844F00201032000F04CF90022294643
:106A40003046FAF70FF9B72000F0ACFB2946304684
:106A5000BDE870400122FAF705B970BD000402409C
:106A60002C0000202DE9F041DFF8448015460C464B
:106A700006464FF48047002239464046FAF7F2F8BE
:106A8000032000F08FFB204600F05EF8002405E0B4
:106A9000FF2000F087FB3055641CA4B2AC42F7D352
:106AA00039464046BDE8F0410122FAF7DBB8000064
:106AB0000004024070B5114E4FF480450022294673
:106AC0003046FAF7CFF8902000F06CFB002000F081
:106AD00069FB002000F066FB002000F063FBFF2054
:106AE00000F060FB0402FF2000F05CFB0443012285
:106AF00029463046FAF7B6F8204670BD0004024039
:106B000070B5012803D0022803D0032803D0052440
:106B100002E0352400E015240A4E4FF4804500229F
:106B200029463046FAF79EF8204600F03BFBFF204E
:106B300000F038FB0446012229463046FAF792F865
:106B4000204670BD0004024010B504460A48008883
:106B5000A0F56F41183902D1200E00F023FBC4F3D9
:106B6000074000F01FFBC4F3072000F01BFBE0B25E
:106B7000BDE8104000F016BB2C00002010B501202D
:106B8000FFF7BEFFC007FAD110BD00002DE9F05F8E
:106B9000C1F30B06DFF88C800F0BC6F580548946D5
:106BA00082461546A24200D8144639038B464FF45C
:106BB00080524046FFF756FF002006E0321818F8D2
:106BC0000210FF2903D1401C80B2A042F6D3A0429C
:106BD00022D23846FFF7F2FE002006E01AF8002025
:106BE0008319401C08F8032080B2A042F6D359460E
:106BF0004FF480524FEA080000F02CF8A5420FD065
:106C0000281BA244A144002685B24FF480547F1C67
:106C1000A542CAD82C46C8E7224649465046EBE76B
:106C2000BDE8F09F40AA012070B5094D4FF48044A3
:106C3000002221462846FAF715F8062000F0B2FA9D
:106C400021462846BDE870400122FAF70BB8000043
:106C5000000402402DE9F05F8046C8B2C0F58074A0
:106C60000E461546A24200D81446DFF864A04FF441
:106C700080494FF4807B00BFFFF7D6FF00224946D2
:106C80005046F9F7EFFF022000F08CFA3046FFF78C
:106C90005BFF002706E000BF18F8070000F082FA4B
:106CA0007F1CBFB2A742F7D3012249465046F9F7ED
:106CB000D9FFFFF763FFA54208D0281BA044264454
:106CC00085B25C46A542D7D82C46D5E7BDE8F09FF3
:106CD000000402402DE9F0410E46012803D00228AD
:106CE00003D0032803D0012402E0312400E0112462
:106CF0000A4F4FF48045002229463846F9F7B2FF83
:106D0000204600F04FFA304600F04CFA294638464B
:106D1000BDE8F0410122F9F7A5BF000000040240E0
:106D200010B500B9012000F033FC002010BD10B5F3
:106D300000F054FC002010BD3EB504460D46B0F9ED
:106D40000800FFF7E1FD02A9CDE90001208A2B46EA
:106D500082B2D4E9001000F025FD012801D0002006
:106D60003EBD02983EBD00002DE9F041184C0F4693
:106D70000546E6682068001D00F0F0FA38B9206882
:106D800090F82C1001208840216981432161681C02
:106D900007D137B12168BDE8F0410E48091D00F068
:106DA00016BB20683544B5424560216805D2A06B0A
:106DB000BDE8F041091D00F0F2BA606B091D00F05A
:106DC000EEFAA06A854200D2A562BDE8F08100001B
:106DD0009800002034BE01202DE9F041054600F066
:106DE0005FFB2E4CA068401CA06020682C4F10B1A7
:106DF000606940B32DE02560A068012829D10026F4
:106E000006EB860007EB800000F0BBFA761C072E2D
:106E1000F6D323488C3000F0B4FA2148A03000F0BB
:106E2000B0FA1F48B43000F0ACFA1D48C83000F08A
:106E3000A8FA1B48DC3000F0A4FA19488C306063D3
:106E40001430A06305E02068E96AC06A884200D86F
:106E50002560606A401C6062E96A012022698840FE
:106E60001043206101EB810007EB8000291D00F039
:106E7000AEFA00F035FB606900280CD02068E96AA2
:106E8000C06A884207D207494FF080500860BFF3BC
:106E90004F8FBFF36F8FBDE8F08100009800002096
:106EA00058BD012004ED00E010B50446006B00F071
:106EB0002BFB2046BDE8104000F026BB144E154CBD
:106EC000A6F1C8074FF08058DFF84C9012E000BFE1
:106ED00000F0E6FAF068C568281D00F03FFAA068E7
:106EE000401EA0606068401E606000F0F9FA28460D
:106EF000FFF7DAFF60680028EAD138680128F9D97D
:106F0000C9F80080BFF34F8FBFF36F8FF2E7000027
:106F100020BE01209800002004ED00E02DE9F0479C
:106F20009A46DDE9098481466FF00303206B03EB89
:106F300082021044089E20F00707780707D05020EF
:106F400080F31188BFF34F8FBFF36F8FFEE70025EB
:106F500061B1002023180A5C83F834200A5C12B166
:106F6000401C1028F6D384F8435001E084F83450D4
:106F7000072E00D30626E662C4E91165201D00F045
:106F80000BFA04F1180000F007FA2461C6F10700BB
:106F90006462A061E56484F8505052464946384620
:106FA00000F0AAF82060B8F1000F01D0C8F8004046
:106FB000BDE8F08730B5114900E011460A68824209
:106FC000FBD34B685C18844203D140681844486086
:106FD000084643681C18944209D1084C183C2468A0
:106FE000A24209D052681A4442600A6812680260DC
:106FF000814200D0086030BD0460F9E7EC00002059
:107000000648416B096829B1416BC968C96849687C
:10701000816270474FF0FF31FAE7000098000020CE
:1070200008484068401C4FF0500080F3118804D09D
:10703000BFF34F8FBFF36F8FFEE7BFF34F8FBFF3E9
:107040006F8FFEE7F40000202DE9F041294E054640
:1070500000273068B0B100F0F5FA7069054243D1FD
:10706000F5B30835680704D005F00700C0F1080043
:107070000544ADB37068854236D81E4818300146C5
:107080000C6809E0502080F31188BFF34F8FBFF3E5
:107090006F8FFEE720460C466168A94202D2216844
:1070A0000029F7D131688C421ED007682168016041
:1070B00060680837411B102904D960194160656078
:1070C000FFF778FF61687068401A7060B26890429C
:1070D00000D2B060706901430020C4E9000100E003
:1070E00002E0F068401CF06000F0EEFB3846BDE8BE
:1070F000F0810000D400002010B5031F4FF0807411
:107100001C601B1F21F001011960191F044B0B604B
:1071100014390A60091F6FF0020244380A6010BD7A
:10712000217000080E4910B5002088630846FAF760
:10713000A5FB20B10BA0FCF7ABF8012010BD0E4958
:107140000748FAF76FFA4FF400610548FAF710F9AB
:107150000028F3D009A0FCF79BF8022010BD000026
:1071600030BB012048414C5F53445F496E69742035
:107170006572726F72210A0070BA012048414C5F3B
:1071800053445F436F6E6669675769646542757300
:107190004F7065726174696F6E206572726F7221D3
:1071A0000A00000001B582B04FF47A70009001230C
:1071B00001AA02A90248FAF7E7FC9DF804000EBDF7
:1071C00074BC01200B4910B50A68136823F0400312
:1071D00013600A6813684FF6C774234013600A6887
:1071E000136843EAC00010600868016841F040017C
:1071F000016010BD74BC01202DE9F04350488DB0F2
:107200000024016841F040010160016801F0400183
:107210000C91016841F008010160016801F008016A
:107220000C91016841F008010160016801F008015A
:107230000C91434908310A6842F001020A6009686A
:1072400001F001010C91016841F008010160016841
:1072500001F008010C91016841F010010160016822
:1072600001F010010C91016841F0200101600168FA
:1072700001F020010C91016841F0400101600068BB
:10728000022500F040000C904FF4806001278DE84B
:10729000A1000C20CDE90350DFF8A89069464846CC
:1072A000F9F7EAFB2020DFF8A0800090694640460D
:1072B000F9F7E2FB1026694640460096F9F7DCFB39
:1072C0004FF603708DE8A100694640460395F9F733
:1072D000D3FB4FF68370009069461C48F9F7CCFB4E
:1072E0004FF23F00009069461948F9F7C5FB3F206F
:1072F000009069464846F9F7BFFB16484FF0204119
:1073000005AA0160144941600421C0E90214C0E9E2
:10731000044684618902C461C0E90941C46204630E
:10732000446384630820CDE906400595089411461E
:1073300008480B94FAF719FD0DB0BDE8F083000082
:107340003038024000180240000C02400010024099
:107350000014024090BA0120040100A0D0E90132DB
:1073600001699A60D0E901235A604A68824201D1DA
:1073700082684A60002202610868401E086008684E
:10738000704700F108014FF0FF32C0E90112C160FF
:10739000016100210160704700210161704730B533
:1073A0000B685A1C02D000F1080202E0026904E0F6
:1073B0002246546825689D42FAD953684B6099600B
:1073C0008A60516008610168491C016030BD4268F3
:1073D0004A6093688B6093685960916008610168A6
:1073E000491C016070470000F0B52C4A0024254676
:1073F000116839B1502080F31188BFF34F8FBFF36C
:107400006F8FFEE7014600262DE009680F465FEA10
:10741000417C04D0F91D21F00701CF1BDB1B5DB1BE
:10742000176857B3B9420BD8502080F31188BFF3C7
:107430004F8FBFF36F8FFEE7184F1837C7E900165D
:107440000B44083B23F00703176813605E60A3EB4F
:10745000010C1E60C1E9003C07B1396049686D1C30
:107460000C4400EBC5014B68002BCED194605460F6
:107470005CB14FF000405061F0BD502080F31188A6
:10748000BFF34F8FBFF36F8FFEE7502080F311885B
:10749000BFF34F8FBFF36F8FFEE70000D4000020D3
:1074A000502080F31188BFF34F8FBFF36F8F0A49CD
:1074B0004868401C486001280CD10848006810F05A
:1074C000FF0F07D0502080F31188BFF34F8FBFF319
:1074D0006F8FFEE770470000F400002004ED00E02D
:1074E0000849486828B1401E486001D180F31188DE
:1074F0007047502080F31188BFF34F8FBFF36F8F19
:10750000FEE70000F400002070B500282AD0164DD8
:10751000A0F1080460686969084207D1502080F32F
:107520001188BFF34F8FBFF36F8FFEE722683AB128
:10753000502080F31188BFF34F8FBFF36F8FFEE7AA
:107540008843606000F07EF860686968084468609D
:107550002046FFF72FFD2869401C2861BDE87040D8
:1075600000F0B2B970BD0000D40000204FF0E02060
:1075700000210161816105494FF47A720968B1FB0C
:10758000F2F1491E4161072101617047940000201A
:1075900010B5020014D00F48006B38B1502080F3B2
:1075A0001188BFF34F8FBFF36F8FFEE700F04AF8EB
:1075B00000211046FFF7D8FB00F086F9002807D11C
:1075C00005494FF080500860BFF34F8FBFF36F8FB6
:1075D00010BD00009800002004ED00E01CB5154827
:1075E0000024CDE900402346802213A1144800F076
:1075F000D9F8012809D0401C1AD1502080F31188F5
:10760000BFF34F8FBFF36F8FFEE7502080F31188D9
:10761000BFF34F8FBFF36F8F06484FF0FF312C3809
:10762000816201214161C460BDE81C4000F040B8A6
:107630001CBD0000C400002049444C45000000006F
:10764000BD6E00080248016B491C016370470000D1
:10765000980000201448016B11B10121C1617047ED
:107660000021C1610169B1FA81F1C1F11F0101EB92
:1076700081020E4951F822306BB101EB820101F118
:1076800008034A6852684A609A4201D152684A60C7
:10769000D16801607047502080F31188BFF34F8F8D
:1076A000BFF36F8FFEE700009800002058BD012057
:1076B0001CB537480168374A914207D1502080F302
:1076C0001188BFF34F8FBFF36F8FFEE7006831491A
:1076D000491E884207D1502080F31188BFF34F8F95
:1076E000BFF36F8FFEE72C4908780190FF200870E8
:1076F00008788DF800009DF800009DF8002000F04B
:10770000F000904207D0502080F31188BFF34F8FD4
:10771000BFF36F8FFEE79DF80000204C00F0500093
:1077200020700720A06005E09DF8002052008DF831
:107730000020401E9DF800201206F5D4A06003280A
:1077400007D0502080F31188BFF34F8FBFF36F8FA6
:10775000FEE74FF44070A060019808700C4820309C
:10776000016841F470010160016841F070410160FD
:10777000FFF7FCFE00206060F8F734FD0848016860
:1077800041F040410160F8F719FD00201CBD0000E8
:1077900000ED00E071C20F4100E400E0F4000020C1
:1077A00034EF00E02DE9FF5F8346DDE90E8799465F
:1077B00016468A469000FFF747FC05001AD0542071
:1077C000FFF742FC040012D025630021CDE90241FD
:1077D000CDE900874B46324651465846FFF79EFB9F
:1077E0002046FFF7F9FA012004B0BDE8F09F2846D3
:1077F000FFF78AFE4FF0FF30F6E700002DE9F04179
:107800002F4C0026206B28B1A069401CA061304697
:10781000BDE8F081E5686D1CE56013D1606B006820
:1078200038B1502080F31188BFF34F8FBFF36F8FB3
:10783000FEE7606BA16B6163A063206A401C20625D
:10784000FFF7DEFBA06ADFF87C80854209D3606B1E
:107850000068A0B1606BC068C7687868854211D2C3
:10786000A0622068C06A00EB800158F8210001285E
:1078700000D90126E0690028C9D00126C7E74FF0EA
:10788000FF30EDE7381DFFF769FDB86A18B107F161
:107890001800FFF763FDF96A012022698840104350
:1078A000206101EB810108EB8100391DFFF78FFD9D
:1078B000F86A2168C96A8842C9D30126C7E700006F
:1078C0009800002058BD01202DE9F0472C4D0024E0
:1078D0002746286B38B1FFF7E3FD286B401E28636D
:1078E000286B40B146E0502080F31188BFF34F8FE2
:1078F000BFF36F8FFEE7A968224E0120D1B3A6F136
:10790000B40980463068E8B1F068C46804F1180032
:10791000FFF724FD201DFFF721FDE06A2A6908FA20
:1079200000F11143296100EB800109EB8100211D69
:10793000FFF74DFDE06A2968C96A8842E2D3C5F8BD
:107940001C80DFE70CB1FFF75BFBAC6944B1464636
:10795000FFF754FF00B1EE61641EF9D10020A86169
:10796000E86938B10849012738070860BFF34F8F2D
:10797000BFF36F8FFFF7B4FD3846BDE8F087000016
:10798000980000200CBE012004ED00E00000000083
:107990000000000000000000000000003F40000068
:1079A00000000000000030004000300040000000F7
:1079B00009000BC03D000BC03D00090018C0244069
:1079C0007FE0224031800000180024C01B000D80A1
:1079D0003240018003801C4027401C80074000404B
:1079E0001000600000000000000000000000000027
:1079F00000001F80204040200000402020401F80C9
:107A000000000000090006001F80060009000000B9
:107A1000040004003F800400040000000010006027
:107A20000000000000000000040004000400040046
:107A30000400000000000040000000000000000002
:107A4000002001C006003800400000001F802040D8
:107A5000204020401F800000000010403FC0004038
:107A60000000000018C021402240244018400000BF
:107A700010802040244024401B80000002000D00A4
:107A800011003FC0014000003C80244024402440BD
:107A9000238000001F8024402440344003800000E5
:107AA0003000200027C03800200000001B80244048
:107AB000244024401B8000001C0022C022402240A1
:107AC0001F800000000000000840000000000000CF
:107AD000000000000460000000000000000004003E
:107AE0000A00110020804040090009000900090037
:107AF0000900000000004040208011000A0004003E
:107B00001800200023402400180000001F8020409F
:107B1000274029401F400000004007C039000F00E7
:107B200001C0004020403FC0244024401B80000092
:107B30001F802040204020403080000020403FC077
:107B4000204020401F80000020403FC024402E40A5
:107B500030C0000020403FC024402E003000000014
:107B60000F001080204022403380020020403FC0A0
:107B7000040004003FC02040204020403FC020407F
:107B8000204000000060202020203FC02000200076
:107B900020403FC024400B0030C0204020403FC068
:107BA00020400040004000C03FC03C0003C03C00FB
:107BB0003FC0000020403FC00C4023003FC02000D9
:107BC0001F802040204020401F80000020403FC0F8
:107BD00024402400180000001F802140214020E0A4
:107BE0001FA0000020403FC02440260019C00040D4
:107BF00018C0244024402240318000003000204042
:107C00003FC020403000000020003F800040004086
:107C10003F80200020003E0001C007003800200007
:107C2000380007C03C0007C038000000204039C0C1
:107C3000060039C0204000002000384007C038400E
:107C400020000000304021C02640384020C0000005
:107C5000000000007FE04020402000000000700095
:107C60000C000380004000000000402040207FE026
:107C70000000000000002000400020000000000084
:107C80000010001000100010001000100000000094
:107C90004000000000000000000002800540054098
:107CA00003C0004020003FC00440044003800000A7
:107CB00000000380044004400640000000000380F0
:107CC000044024403FC000400000038005400540C0
:107CD00003400000000004401FC024402440200056
:107CE000000002E0055005500650042020403FC02F
:107CF0000440040003C000400000044027C00040CE
:107D00000000000000100010041027E00000000038
:107D100020403FC00140070004C0044020402040F4
:107D20003FC000400040000007C0040007C004003E
:107D300003C00000044007C00440040003C000402A
:107D4000000003800440044003800000041007F09A
:107D500004500440038000000000038004400450ED
:107D600007F00010044007C00240040004000000B7
:107D7000000006400540054004C00000000004006B
:107D80001F800440004000000400078000400440C1
:107D900007C000400400070004C001800600040082
:107DA000060001C0070001C006000000044006C034
:107DB000010006C0044000000410071004E0018028
:107DC000060004000000044005C006400440000016
:107DD0000000000004007BE04020000000000000E4
:107DE0000000FFF000000000000040207BE00400E5
:107DF0000000000040008000400020002000400003
:107E00000000000000000000000000000000000072
:107E10000000000000001FCC000C0000000000006B
:107E20000000080030006000080030006000000022
:107E3000022003FC1E20022003FC1E200220000062
:107E400000000E1811043FFF10840C7800000000A1
:107E50000F0010840F3800C00778188400780000E5
:107E600000780F8410C411240E9800E400840008E8
:107E70000800680070000000000000000000000022
:107E800000000000000007E0181820044002000075
:107E9000000040022004181807E000000000000065
:107EA0000240024001800FF00180024002400000C9
:107EB0000080008000800FF80080008000800000BB
:107EC0000001000D000E0000000000000000000096
:107ED0000000008000800080008000800080008022
:107EE0000000000C000C000000000000000000007A
:107EF0000000000600180060018006001800200045
:107F0000000007F0080810041004080807F000003B
:107F10000000080408041FFC000400040000000026
:107F200000000E0C10141024104411840E0C0000DC
:107F300000000C1810041104110412880C700000C9
:107F4000000000E00320042408241FFC002400009B
:107F500000001F9810841104110410881070000094
:107F6000000007F008881104110418880070000050
:107F700000001C00100010FC13001C00100000008A
:107F800000000E3811441084108411440E38000093
:107F900000000700088C10441044088807F0000017
:107FA000000000000000030C030C000000000000B3
:107FB00000000000000101060000000000000000B9
:107FC0000000008001400220041008081004000096
:107FD00002200220022002200220022002200000B3
:107FE0000000100408080410022001400080000076
:107FF00000000E001200100C106C10800F0000002A
:1080000003E00C1813E4142417C4082807D0000058
:108010000004003C03C41C40074000E4001C0004B2
:1080200010041FFC1104110411040E8800700000DC
:1080300003E00C1810041004100410081C100000B9
:1080400010041FFC100410041004080807F00000BE
:1080500010041FFC1104110417C4100408180000B8
:1080600010041FFC1104110017C0100008000000CC
:1080700003E00C181004100410441C7800400000A9
:1080800010041FFC10840080008010841FFC10046A
:108090000000100410041FFC100410040000000075
:1080A00000030001100110011FFE1000100000006D
:1080B00010041FFC110403801464181C1004000039
:1080C00010041FFC1004000400040004000C000055
:1080D00010041FFC1F0000FC1F001FFC1004000008
:1080E00010041FFC0C04030000E010181FFC10001B
:1080F00007F00808100410041004080807F0000036
:1081000010041FFC10841080108010800F000000ED
:1081100007F0081810241024101C080A07F20000A9
:1081200010041FFC1104110011C011300E0C0004CA
:1081300000000E1C11041084108410441C38000030
:108140001800100010041FFC10041000180000009C
:1081500010001FF810040004000410041FF81000A1
:1081600010001E0011E0001C007013801C001000A5
:108170001FC0103C00E01F0000E0103C1FC00000CA
:108180001004180C163401C001C01634180C100469
:1081900010001C00130400FC13041C00100000005D
:1081A0000804101C1064108413041C041018000030
:1081B0000000000000007FFE40024002400200007C
:1081C000000030000C0003800060001C0003000071
:1081D00000004002400240027FFE0000000000005C
:1081E000000000002000400040004000200000008F
:1081F0000001000100010001000100010001000177
:1082000000004000400020000000000000000000CE
:1082100000000098012401440144014400FC0004D2
:1082200010001FFC00880104010400880070000099
:1082300000000070008801040104010400880000AF
:108240000000007000880104010411081FFC0004F4
:10825000000000F8014401440144014400C800004A
:108260000000010401040FFC1104110411001800A6
:10827000000000D601290129012901C901060000D9
:1082800010041FFC008401000100010400FC000434
:1082900000000104190419FC00040004000000009F
:1082A0000000000300010101190119FE0000000097
:1082B00010041FFC0024004001B4010C0104000064
:1082C0000000100410041FFC000400040000000063
:1082D000010401FC0104010001FC0104010000FC97
:1082E000010401FC008401000100010400FC000401
:1082F000000000F8010401040104010400F800007A
:10830000010101FF008501040104008800700000E4
:1083100000000070008801040104010501FF000154
:108320000104010401FC008401040100018000003B
:10833000000000CC01240124012401240198000044
:1083400000000100010007F8010401040000000022
:10835000010001F8000400040004010801FC00040D
:10836000010001800170000C00100160018001001B
:1083700001F0010C003001C00030010C01F00100DF
:1083800000000104018C00740170018C01040000E4
:10839000010101810171000E0018016001800100DE
:1083A00000000184010C013401440184010C00002F
:1083B000000000000000000001003EFC40024002FE
:1083C0000000000000000000FFFF000000000000AF
:1083D0000000400240023EFC0100000000000000DE
:1083E000000060008000800040004000200020006D
:1083F000000000000000000000000000000000007D
:10840000000000000000000000000000000000006C
:10841000000000000000000000000000000000005C
:108420000000000F80380FFE380F80380000000079
:10843000000000000000000000000000000001003B
:10844000000600000C0000380000310000060000AB
:108450000C000038000030000000000000000000A8
:1084600061800067F807F980006180006180006129
:10847000800061800067F807F980006180000000DB
:1084800000000000000001C0E003E0F00630080436
:1084900018081FFFFE040E080787F00381E00000A4
:1084A0000000000001F000060C00040408060C7037
:1084B00001F9C0000E00003BE000EC1807080804BA
:1084C0000C180003E00000000001E00007F003F8D2
:1084D00018041C0804170807E1D003C0E00023B00B
:1084E000003C08002008000010000000000000010F
:1084F00000003100003200001C00000000000000FD
:10850000000000000000000000000000000000006B
:10851000000000000000000000000000000000005B
:108520007F0001FFC00780F00C001810000420003D
:10853000020000000000002000021000040C0018DF
:108540000780F001FFC0007F000000000000000075
:108550000000000000000000000000004200006673
:1085600000006600003C0000180003FFC000180077
:10857000003C0000660000660000420000000000B1
:10858000080000080000080000080000080001FFC3
:10859000C0000800000800000800000800000800F3
:1085A00000000000000100003100003200001C004B
:1085B00000000000000000000000000000000000BB
:1085C0000000000000000000080000080000080093
:1085D0000008000008000008000008000008000073
:1085E000080000080000000000000000000000007B
:1085F00038000038000038000000000000000000D3
:10860000000000000000000000000000000000006A
:10861000000600001C000070000180000E00003801
:108620000000C0000700001C000030000000000037
:10863000000000007F8001FFE00380700600180446
:10864000000804000806001803807001FFE0007FA6
:108650008000000000000000000001000801000888
:1086600001000803FFF807FFF800000800000800F9
:10867000000800000000000000000001C03802C037
:1086800058040098040118040218040418061C1861
:1086900003F81801E0F800000000000000000001ED
:1086A000C0E003C0F0040008040808040808061825
:1086B0000803F41801E7F00001E0000000000000EA
:1086C000000000000300000D000011000061000028
:1086D000810803010807FFF80FFFF80001080001F7
:1086E000080000000000000000E007FCD0060808B9
:1086F000061008061008061008061838060FF006BF
:1087000007C0000000000000000000003F8001FFE3
:10871000E00384300208180410080410080410084C
:10872000071810030FF00007C00000000000000051
:10873000000003C0000700000600000600F806075E
:10874000F806180006E00007000006000000000020
:1087500000000001E1E003F7F006341004180804FB
:108760001808040C08040C0806161803F3F001C1DD
:10877000E000000000000000F80003FC30030638B1
:108780000402080402080402080404100308F001AB
:10879000FFC0007F0000000000000000000000009B
:1087A00000000000000000007038007038007038D1
:1087B00000000000000000000000000000000000B9
:1087C000000000000000000000000000301A00302F
:1087D0001C0000000000000000000000000000007D
:1087E000000000000000000800001400002200004B
:1087F00041000080800100400200200400100800B9
:1088000008000000000000002100002100002100FD
:1088100000210000210000210000210000210000B3
:1088200021000021000000000000000000000800FE
:108830000804001002002001004000808000410078
:1088400000220000140000080000000000000003E7
:10885000C00004C000040000080038080F380808F1
:10886000380810000C300007E00003C000000000D2
:10887000000000003F8000FFE0038070020F100640
:10888000708804C088048308047F8802C0900301B4
:108890002000FE400000080000180001F8003E081B
:1088A00001C20007020007E20000FE00001FC8002E
:1088B00001F800003800000804000807FFF807FF6F
:1088C000F80408080408080408080408080618083A
:1088D00003F41801E7F00001E000000000000000D0
:1088E0003F8001FFE00380700200180400080400CC
:1088F000080400080400100600200780C0000000E3
:1089000004000807FFF807FFF80400080400080443
:10891000000804001802001003807001FFE0007FCF
:108920008000000004000807FFF807FFF8040808AB
:10893000040808040808040808043E08040008069F
:10894000001801006000000004000807FFF807FF9E
:10895000F8040808040800040800040800043E00A5
:10896000060000060000018000000000000000007A
:108970003F8001FFE0038070060018040008040235
:10898000080402080203F00783F00002000002005E
:1089900004000807FFF807FFF804080800080000B3
:1089A000080000080000080004080807FFF807FF97
:1089B000F80400080000000000000400080400089B
:1089C00004000807FFF807FFF80400080400080483
:1089D0000008000000000000000000000006000089
:1089E0000700000104000104000104000307FFFE6A
:1089F00007FFFC0400000400000400000400080756
:108A0000FFF807FFF8040C08001800003E0004C738
:108A1000800503C80600F8040038040018000008A8
:108A200004000807FFF807FFF8040008000008002A
:108A300000080000080000080000080000180000FE
:108A40006000000004000807FFF807800807FC002A
:108A5000007FC00003F80007C00078000780080707
:108A6000FFF807FFF804000804000807FFF80700F4
:108A70000803C00000E000003800001E00000700EE
:108A80000001C00400F007FFF8040000000000002F
:108A90007F8001FFE00380700600180400080400D6
:108AA0000806001803003001FFE0007F800000008E
:108AB00004000807FFF807FFF80404080404000492
:108AC0000400040400040400060C0003F80001F094
:108AD00000000000000000007F8001FFE0038070C4
:108AE0000600880400880400C806003C03003E011C
:108AF000FFE6007F8400000004000807FFF807FF7E
:108B0000F8040808040800040C00040F00040BC05B
:108B10000610F003F03801E0080000080000000132
:108B2000E0F803F030063010041808041808040CAC
:108B300008040C080206180207F00781E000000094
:108B40000180000600000400000400000400080783
:108B5000FFF807FFF8040008040000040000060006
:108B60000001800004000007FFE007FFF004001888
:108B700000000800000800000800000800000804C9
:108B8000001007FFE004000004000006000007E0FA
:108B90000007FE00041FE00001F80000380001E0BB
:108BA000043E0007C00006000004000004000007A7
:108BB000E00007FFC0041FF80007C007F80007FF28
:108BC00080043FF80007C004F8000700000400001C
:108BD00000000004000806001807C07805F1C8006E
:108BE0003E00001F800463E80780F80600180400B8
:108BF0000800000004000006000007800007E008ED
:108C0000047C08001FF80007F800180804E00807B3
:108C1000000006000004000000000001000806003B
:108C2000380400F80403E8040F08047C0805F00881
:108C300007C00807001804006000000000000000E2
:108C400000000000000000000000003FFFFE2000C8
:108C5000022000022000022000022000020000008A
:108C600000000000000008000007000000C0000035
:108C700038000006000001C000003000000E0000B7
:108C8000010000000000000000002000022000029F
:108C90002000022000022000023FFFFE0000000032
:108CA00000000000000000000000000000000000C4
:108CB000000800001000003000002000003000001C
:108CC000100000080000000000000000000001008B
:108CD000000100000100000100000100000100008F
:108CE000010000010000010000010000010000017E
:108CF0000000000000000000002000002000001024
:108D00000000100000000000000000000000000053
:108D1000000000000000000000F00019F8001B181F
:108D2000002208002608002408002410003FF80054
:108D30001FF800000800001800000004000007FFF2
:108D4000F80FFFF000181800100800200800200895
:108D5000003018001FF0000FC000000000000000ED
:108D600007C0001FF0001830002008002008002075
:108D700008003C08001C100000600000000000001B
:108D80000000000007C0001FF00038180020080095
:108D9000200800200804101007FFF80FFFF0000063
:108DA000100000000000000000000007C0001FF0DD
:108DB00000123000221800220800220800320800A9
:108DC0001E10000E20000000000000002000002007
:108DD0000800200801FFF803FFF806200804200817
:108DE000042008072000030000000000000000002D
:108DF000000E000E6E001FF30031B10020B1002004
:108E0000B1003191001F13002E1E00200E00300013
:108E100000000004000807FFF80FFFF8001008002A
:108E20002000002000002008003FF8001FF800008C
:108E300008000000000000000000002008002008DA
:108E4000002008063FF8063FF80000080000080070
:108E5000000800000000000000000000000000000A
:108E600003000003002001002001002003063FFE54
:108E7000063FFC00000000000000000000000004AD
:108E8000000807FFF80FFFF8000188000300002F1B
:108E9000C00038F80020380020080000080000005A
:108EA0000000000000000400080400080400080797
:108EB000FFF80FFFF800000800000800000800009D
:108EC00000000000002008003FF8003FF8001008F4
:108ED000002000003FF8003FF800100800200000CC
:108EE0003FF8003FF8000008000000002008003FA5
:108EF000F8003FF8001008001000002000002008D3
:108F0000003FF8001FF8000008000000000000000B
:108F100007C0000FF00018300030080020080020C3
:108F200008003008001830000FF00007C0000000F3
:108F3000000000002001003FFF003FFF0010110073
:108F40002009002008002008003038001FF0000F22
:108F5000C00000000000000007C0001FF00038182B
:108F6000002008002008002009001011001FFF0049
:108F70003FFF000001000000002008002008002042
:108F800008003FF8003FF80008080010080020081B
:108F90000020000030000030000000000000000051
:108FA0000000000C78001E18003308002308002180
:108FB000080021880021980030F00038600000008F
:108FC00000000000200000200000200000FFF0034F
:108FD000FFF80020080020080020080000300000F2
:108FE00000000000000000002000003FF0007FF8BB
:108FF000000018000008000008002010003FF800E2
:109000007FF0000010000000000000002000003091
:1090100000003C00003F800023F00000780000705A
:10902000002380003C0000300000200000200000F1
:109030003C00003FE00023F80000E0002700003E75
:1090400000003FE00021F80001E0003E00002000A9
:10905000000000002008002008003838003E6800AA
:1090600027800003C8002CF80038380020180020A2
:1090700008000000000000002000003003003C0158
:10908000003F830023EC000070002380003C0000C0
:109090002000002000000000000000000000003858
:1090A000080020380020F80023E8002F88003E0840
:1090B00000380800201800007000000000000000C8
:1090C0000000000000000000000000000800001484
:1090D000001FF7FC30000620000200000000000026
:1090E0000000000000000000000000000000000080
:1090F0000000FFFFFF000000000000000000000073
:109100000000000000000000000020000230000607
:109110001FF7FC0014000008000000000000000021
:1091200000000000000000000000001800006000C7
:109130000040000040000020000010000008000077
:109140000400000400000C000010000000000000FB
:10915000000000000000000000000000000000000F
:1091600000000000000000000000000000000000FF
:1091700000000000000000000000000000000000EF
:1091800000000000000000000000000000000000DF
:1091900000000000000000000000000000000000CF
:1091A0000000000007F000C007FFE1E007F001E069
:1091B000000000C0000000000000000000000000EF
:1091C000000000000000000000000000000000009F
:1091D000000000000020000001C000000780000027
:1091E0001F0000001E0000001C20000001C0000045
:1091F000078000001F0000001E0000001C0000008F
:10920000000000000000000000000000000000005E
:1092100000180C0000180C0000180FE0001FFC00E4
:1092200003F80C0000180C0000180C0000180C00CB
:1092300000180C0000180FE0001FFC0003F80C00E1
:1092400000180C0000180C000000000000000000D6
:109250000000000000000780007807C000FC064006
:10926000010E002003070020020380200FFFFFFCF7
:109270000201C0200200E0600130704001F03F8038
:1092800000F01F00000000000000000000FE0000D1
:1092900001FF00000301800002008060030181C023
:1092A00001FF070000FE18000000E0000003BF00FF
:1092B000000CFFC00071806001C1002003018060CC
:1092C0000000FFC000003F000000000000001F0081
:1092D00000007FC000FCC0C001FF80600303E020ED
:1092E0000202782002061E2003FC074001F00380E2
:1092F000000103C000011C600001E020000100200B
:10930000000100400000018000000000000000009B
:10931000002000001C6000001C4000001F800000B6
:109320000F0000000000000000000000000000002E
:10933000000000000000000000000000000000002D
:10934000000000000000000000000000000000001D
:10935000000000000000000000000000000000000D
:1093600000000000000000000007F800003FFF00C0
:10937000007807C001C000E00300003004000008CE
:1093800008000004100000020000000000000000BF
:109390001000000208000004040000080300003070
:1093A00001C000E0007807C0003FFF000007F800A0
:1093B00000000000000000000000000000000000AD
:1093C000000000000000000000000000000000009D
:1093D00000000000000C1800000E3800000E3800DD
:1093E00000063000000360000061438000FFFF8042
:1093F000006143000003600000063000000E3800EA
:10940000000E3800000C18000000000000000000F2
:1094100000000000000080000000800000008000CC
:10942000000080000000800000008000007FFF003E
:10943000000080000000800000008000000080002C
:10944000000080000000800000000000000000001C
:1094500000000001000000E3000000E2000000FC4A
:109460000000007800000000000000000000000084
:1094700000000000000000000000000000000000EC
:1094800000000000000000000000000000000000DC
:1094900000008000000080000000800000008000CC
:1094A00000008000000080000000800000008000BC
:1094B00000008000000080000000800000008000AC
:1094C000000080000000800000000000000000009C
:1094D00000000000000000C0000001E0000001E00A
:1094E000000000C0000000000000000000000000BC
:1094F000000000000000000000000000000000006C
:10950000000000000000000000000000000000005B
:109510000000000C00000038000000E000000380A4
:1095200000000E00000038000000E0000003800092
:10953000000E00000038000000E000000380000082
:109540000E000000180000000000000000000000F5
:1095500000000000000FF800007FFF0000F007800F
:10956000018000C003000060020000200200002013
:109570000200002003000060018000C000E00380C2
:10958000007FFF00000FF800000000000000000056
:10959000000000000000000000800020008000208B
:1095A000008000200080006001FFFFE003FFFFE07B
:1095B00000000060000000200000002000000020EB
:1095C000000000000000000000000000000000009B
:1095D00000000000007800E00098016001000260D7
:1095E00002000460020008600200106002002060B7
:1095F00002004060030080600183006001FE00E023
:10960000007C078000000000000000000000000057
:109610000000000000F0078001F007C001000040DA
:1096200002000020020100200201002002010020AF
:10963000030380200186804001FCC0C000787F8049
:1096400000001E00000000000000000000000000FC
:1096500000000800000038000000480000018800F9
:1096600000060800000C0810003008100040081028
:1096700001FFFFF003FFFFF003FFFFF00000081001
:1096800000000810000008100000000000000000AA
:109690000000000000000780001F864003E100205A
:1096A0000302002003040020030400200304002020
:1096B0000304002003060040030301C00301FF80F0
:1096C00003007E0000000000000000000000000019
:1096D000000000000007FC00003FFF000070C38096
:1096E000008180C00101006003020020020200200E
:1096F00002020020020200200203004001C180C0DB
:1097000000C0FF8000007E0000000000000000009C
:109710000000000000F0000003C000000380000013
:1097200003000000030007E003003FE00301C00066
:10973000030600000318000003600000038000001F
:109740000300000000000000000000000000000016
:1097500000001F0000783F8000FC60C0018EC04008
:1097600003078020020300200201802002018020E4
:109770000201C0200301E040018670C000FC3F8070
:1097800000781F0000000000000000000000000042
:10979000003F000000FF81C001C0C1C00100602087
:1097A0000200202002002020020020200200206071
:1097B000020040C00100C18000C18F00007FFE0098
:1097C000001FF0000000000000000000000000008A
:1097D0000000000000000000000000000000000089
:1097E00000000000000300C0000781E0000781E0E6
:1097F000000300C0000000000000000000000000A6
:109800000000000000000000000000000000000058
:109810000000000000000000000000000000000048
:10982000000000000006006600060078000000004E
:109830000000000000000000000000000000000028
:109840000000000000000000000000000000000018
:1098500000000000000080000001C0000003600064
:1098600000063000000C180000180C000030060044
:109870000060030000C001800100004002000020E1
:1098800004000010000000000000000000000000C4
:109890000004100000041000000410000004100078
:1098A0000004100000041000000410000004100068
:1098B0000004100000041000000410000004100058
:1098C0000004100000041000000000000000000070
:1098D0000000000004000010020000200100004011
:1098E00000C00180006003000030060000180C007A
:1098F000000C180000063000000360000001C000EA
:1099000000008000000000000000000000000000D7
:10991000000000000078000001F80000023800009C
:1099200002000000040000C0040079E0040081E0AF
:10993000040100C00403000002020000030600004E
:1099400001FC000000F80000000000000000000022
:10995000000FF800003FFE000070078000C000C04C
:109960000101F8400307FC20021E042002300820F9
:1099700002203020023FFC20013F044001800CC047
:1099800000E03180001FC200000000000000002045
:1099900000000060000003E000003E200003E02023
:1099A000003E200003E020000380200007FC200090
:1099B000003FE0000003FE2000003FE0000001E067
:1099C0000000002000000020000000000000000057
:1099D000020000200200002003FFFFE003FFFFE081
:1099E00002010020020100200201002002010020EB
:1099F00002010020030300200186806001FCC0C03A
:109A000000F87F8000001F00000000000000000040
:109A10000007F800003FFF000070078000C000C092
:109A2000010000400300002002000020020000208E
:109A3000020000200200002001000040018000C060
:109A400003C001800030060000000000000000009C
:109A5000020000200200002003FFFFE003FFFFE000
:109A6000020000200200002002000020020000206E
:109A70000300006001000040018000C000F007808A
:109A8000007FFE00000FF800000000000000000052
:109A9000020000200200002003FFFFE003FFFFE0C0
:109AA000020100200201002002010020020100202A
:109AB0000201002002038020020FE020030000606A
:109AC00003C000E000600300000000000000000090
:109AD000020000200200002003FFFFE003FFFFE080
:109AE000020100200201002002010000020100002A
:109AF000020100000201000002038000030FE000E9
:109B00000300000003C0000000600000000000002F
:109B10000007F800003FFE000070078001C001C090
:109B2000010000400300002002000020020000208D
:109B300002000020010020200100204003C03F80DF
:109B400000303F80000020000000200002000020C4
:109B50000200002003FFFFE003FFFFE0020080207F
:109B600002008020000080000000800000008000D3
:109B7000020080200200802003FFFFE003FFFFE0DF
:109B80000200002002000020000000000000000091
:109B90000000000000000000020000200200002081
:109BA000020000200200002003FFFFE003FFFFE0AF
:109BB000020000200200002002000020020000201D
:109BC0000000000000000000000000000000000095
:109BD0000000000E0000000F0000000F0000000158
:109BE0000200000102000001020000030200000662
:109BF00003FFFFFC03FFFFF802000000020000006B
:109C00000200000002000000000000000000000050
:109C1000020000200200002003FFFFE003FFFFE03E
:109C20000200C0200201002000078000000FE000B9
:109C30000030F80002603E2003800F20030003E0A4
:109C4000020000E0020000200000002000000000F0
:109C5000020000200200002003FFFFE003FFFFE0FE
:109C60000200002002000020000000200000002070
:109C70000000002000000020000000200000006024
:109C8000000000E0000003000000000002000020CF
:109C90000200002003FFFFE003E0002003FF00209C
:109CA000001FF0000001FF8000000FE000001E0018
:109CB0000003E000003E002003E0002003FFFFE07F
:109CC00003FFFFE00200002002000020020000204D
:109CD0000200002003FFFFE00380002003F00020CB
:109CE00000FC0000001F00000007C0000001F000A1
:109CF00000007C0002001F80020007E003FFFFE07D
:109D0000020000000200000000000000000000004F
:109D1000000FF800003FFE0000F00780018000C047
:109D2000010000400200002002000020020000208C
:109D30000200002001000040018000C000F003800C
:109D4000003FFE00000FF8000000000000000000CF
:109D5000020000200200002003FFFFE003FFFFE0FD
:109D600002008020020080200200800002008000AB
:109D700002008000020080000301800001830000D7
:109D800000FE0000007C0000000000000000000059
:109D9000000FF800007FFF0000F00380018001C089
:109DA00001000640020004200200042002000620F8
:109DB000020003E0010000F80180005C00E0038C79
:109DC000003FFF0C000FFC18000000000000000026
:109DD000020000200200002003FFFFE003FFFFE07D
:109DE0000201002002010020020180000201E000C7
:109DF0000201FC0003033F80018607E001FC00E054
:109E000000F800200000002000000000000000001A
:109E1000000000000078060000FE01E0018600C09E
:109E20000303004002030020020180200201802081
:109E30000201C0200200C0200100E060018070C06B
:109E400003E03F8000001F00000000000000000051
:109E5000006000000380000003000000020000001A
:109E6000020000200200002003FFFFE003FFFFE0EC
:109E7000020000200200002002000000020000009A
:109E80000380000000E0000000000000020000006D
:109E90000200000003FFFF0003FFFFC002000040BC
:109EA00002000060000000200000002000000020F0
:109EB00000000020020000400200008003FFFF00BD
:109EC000020000000200000000000000000000008E
:109ED000020000000200000003C0000003FC0000BC
:109EE000023FC0000003F80000007F80000007E090
:109EF00000000780000078000203C000023C000060
:109F000003C0000002000000020000000200000088
:109F100003C0000003FF8000023FFE0002007FE05C
:109F200000000F000200F00003EF000003FF8000BC
:109F3000020FFE0000003FE000001F000207E000EB
:109F400003F8000003000000020000000000000011
:109F50000200002002000020038000E003F0032044
:109F600002FC0C20021F30000007C0000007F000B8
:109F700002187C0002601F20038003E0020000E062
:109F8000020000200000002000000000000000008F
:109F9000020000000300000003C0000003F80000FE
:109FA000023E0020020FC0200001FFE000007FE021
:109FB00000038020021C00200270000003800000CB
:109FC000020000000200000000000000000000008D
:109FD00000000020006000E0038003E003000FA009
:109FE00002003E200200F8200203E020020F802041
:109FF000023E00200278002003E00060038000E0C1
:10A00000020003000000000000000000000000004B
:10A010000000000000000000000000000000000040
:10A02000000000001FFFFFFC1000000410000004EF
:10A0300010000004100000041000000410000004D0
:10A0400010000004000000000000000000000000FC
:10A0500000000000000000000700000003C0000036
:10A0600000780000001E00000003C0000000F000A7
:10A0700000001E0000000780000000F00000003C0F
:10A0800000000006000000000000000000000000CA
:10A090000000000010000004100000041000000484
:10A0A0001000000410000004100000041000000460
:10A0B0001FFFFFFC00000000000000000000000087
:10A0C0000000000000000000000000000000000090
:10A0D000000000000000000000000000020000007E
:10A0E000040000000800000018000000100000003C
:10A0F000180000001800000004000000020000002A
:10A10000000000000000000000000000000000014E
:10A11000000000010000000100000001000000013B
:10A12000000000010000000100000001000000012B
:10A13000000000010000000100000001000000011B
:10A14000000000010000000100000001000000000C
:10A1500000000000000000001000000010000000DF
:10A1600010000000180000000800000004000000BB
:10A1700000000000000000000000000000000000DF
:10A1800000000000000000000000000000000000CF
:10A190000000038000018FC000038C6000061820BF
:10A1A000000410200004102000042020000420409F
:10A1B000000620400003FFC00001FFE00000002077
:10A1C00000000020000000C00000000000000000AF
:10A1D000020000000200000003FFFFE007FFFFC0D5
:10A1E000000180C000020060000200200004002086
:10A1F000000400200004002000060040000300C00E
:10A200000001FF800000FE000000000000000000D0
:10A210000000000000007E000001FF80000381C0FC
:10A22000000200400006002000040020000400207E
:10A2300000040020000600200003C0400001C08090
:10A24000000003000000000000000000000000000B
:10A250000000000000007E000001FF80000380C0BD
:10A26000000600600004002000040020000400201C
:10A27000020400400202008003FFFFE007FFFFC06E
:10A28000000000400000004000000000000000004E
:10A290000000000000007E000001FF80000311C0EC
:10A2A0000002104000041060000410200004102080
:10A2B0000004102000061020000310400001F0C030
:10A2C000000071000000000000000000000000001D
:10A2D0000000000000040000000400200004002032
:10A2E00000040020007FFFE001FFFFE001040020E8
:10A2F00003040020020400200204002002040000E5
:10A300000200000001C0000001C0000000000000C9
:10A31000000000000000001C0000E33E0003FFC23C
:10A3200000020CC3000404C1000404C1000404C101
:10A33000000404C100060CC10003F8C30005F0626C
:10A340000006007E0006003C000000000000000047
:10A35000020000200200002003FFFFE007FFFFE0F3
:10A3600000010020000200200006000000040000A0
:10A370000004000000040020000600200003FFE0AD
:10A380000001FFE0000000200000002000000000AD
:10A390000000000000000000000400200004002075
:10A3A00000040020000400200387FFE0038FFFE08B
:10A3B000038000200000002000000020000000209A
:10A3C000000000000000000000000000000000008D
:10A3D0000000000000000000000000060000000770
:10A3E0000000000100000001000400010004000161
:10A3F00000040003000400060387FFFC038FFFF83E
:10A4000003800000000000000000000000000000C9
:10A41000020000200200002003FFFFE007FFFFE032
:10A420000000082000001020000030000000FC00A8
:10A4300000058E00000707A0000601E0000400E010
:10A4400000040020000000200000000000000000C8
:10A4500000000000000000000200002002000020B8
:10A46000020000200200002003FFFFE007FFFFE0E2
:10A47000000000200000002000000020000000205C
:10A4800000000000000000000000000000000000CC
:10A49000000400200007FFE0000FFFE000020020A2
:10A4A00000040000000400200007FFE00003FFE0BC
:10A4B0000002002000040000000400200007FFE06C
:10A4C0000003FFE00000002000000000000000008A
:10A4D00000040020000400200007FFE0000FFFE060
:10A4E0000001002000020020000200000004000023
:10A4F0000004000000040020000600200003FFE02C
:10A500000001FFE00000002000000020000000002B
:10A510000000000000007E000000FF80000381C0FA
:10A52000000200400006002000040020000400207B
:10A53000000400200006002000020040000381C04B
:10A540000001FF8000007E0000000000000000000D
:10A5500000040001000400010007FFFF000FFFFFDF
:10A56000000100C10002004100040020000400209E
:10A57000000400200004002000060040000301C089
:10A580000001FF8000007E000000000000000000CD
:10A590000000000000007E000001FF80000380C07A
:10A5A00000020060000400200004002000040020DD
:10A5B0000004002000020041000300C10003FFFF6F
:10A5C0000007FFFF00000001000000010000000084
:10A5D00000040020000400200004002000040020EB
:10A5E000000FFFE0000FFFE00000C020000100208E
:10A5F000000200200006002000040000000400000B
:10A600000007000000030000000000000000000040
:10A6100000000000000003E00001C0E00003E04093
:10A620000006302000043020000418200004182008
:10A630000004182000040C2000020C60000307C076
:10A640000007838000000000000000000000000000
:10A6500000000000000400000004000000040000EE
:10A66000000C0000001FFF8000FFFFC0000400601E
:10A67000000400200004002000040020000400402A
:10A680000000018000000000000000000000000049
:10A6900000040000000400000007FF80000FFFC05E
:10A6A00000000060000000200000002000000020EA
:10A6B0000000002000040040000400800007FFE0CC
:10A6C000000FFFC00000004000000040000000003C
:10A6D0000004000000040000000780000007F000F4
:10A6E0000004FE0000041FC0000003E0000003801F
:10A6F00000001C000004600000078000000600004D
:10A700000004000000000000000000000004000041
:10A71000000600000007C0000007FC0000043F80A6
:10A72000000003E000040F800006F0000007F000C6
:10A730000007FF8000040FE00000038000043C00DD
:10A740000007C00000060000000400000000000038
:10A75000000000200004002000040060000700E06A
:10A76000000783200007E6000004F80000003C001A
:10A7700000045E20000587A0000601E000040060E0
:10A780000004002000000020000000000000000085
:10A790000004000000040003000700030007E001BC
:10A7A0000004F80100041F02000007FC000000E0A4
:10A7B00000000700000438000007C0000006000089
:10A7C0000004000000040000000000000000000081
:10A7D0000000000000078060000600E0000403E0C5
:10A7E000000407A000040E2000043C200004702098
:10A7F0000005E0200007802000070060000400E062
:10A8000000000380000000000000000000000000C5
:10A810000000000000000000000000000000000038
:10A820000000000000000000000080000000800028
:10A830000001400007FE3FF808000004100000027D
:10A8400010000002000000000000000000000000F6
:10A8500000000000000000000000000000000000F8
:10A86000000000000000000000000000FFFFFFFFEC
:10A8700000000000000000000000000000000000D8
:10A8800000000000000000000000000000000000C8
:10A890000000000010000002100000020800000488
:10A8A00007FE3FF80001400000008000000080002B
:10A8B0000000000000000000000000000000000098
:10A8C0000000000000000000000000000000000088
:10A8D00018000000300000004000000040000000B0
:10A8E00040000000200000003000000008000000D0
:10A8F000040000000200000002000000020000004E
:10A900000C0000001800000000000000800C000097
:10A910008007000060780000200000002000000098
:10A92000200000000090010000F00000000C0F006B
:10A9300053544D3332205350492054455354210031
:10A9400074A90008C12D00080000000000000000EC
:10A95000000400000006101600061016000000009B
:10A9600000000000010203040607080900000000BF
:10A970000102030464656661756C745461736B0055
:10A98000A0A900080000002004010000F83200081F
:10A99000A4AA00080401002054C1010008330008E3
:10A9A00000000000FFFF0000156900087169000841
:10A9B00040010020000000100000006840910120CC
:10A9C00000F00010000C0F680000000017EFFFFF00
:10A9D00000001F0000F81FF8E007FF07E0FF07FC7A
:10A9E000308418C640BC0000000000000000006871
:10A9F00000A000000000000000000000F13100088D
:10AA00005F32000833320008633200080B3200085E
:10AA10000000000000000000000000000000000036
:10AA20000000000000000000010000001000000015
:10AA3000000000000024F4000000000000000000FE
:10AA40000000000000000000000000000000000006
:10AA500000000000000000000000000000000000F6
:10AA600000000000000000000000000000000000E6
:10AA700000000000000000000000000000000000D6
:10AA800000000000000000000000000000000000C6
:10AA90000000000000000000AAAAAAAA000000000E
:04AAA00000000000B2
:040000050800018965
:00000001FF
