:020000040800F2
:1000000090C601209D010008CB3100087D2E00081C
:10001000C93100084B050008C93E00080000000077
:100020000000000000000000000000001D3D00086E
:100030000906000800000000CD3100081F3D00083F
:10004000B7010008B7010008B7010008B7010008B0
:10005000B7010008B70100080B060008B701000847
:1000600011060008170600081D060008B701000861
:10007000B7010008B7010008B7010008B701000880
:10008000B7010008B7010008B7010008B701000870
:10009000B7010008B7010008B7010008B701000860
:1000A000B7010008B7010008B7010008B701000850
:1000B000B7010008B7010008B7010008B701000840
:1000C000B7010008B7010008B7010008B701000830
:1000D000B7010008B7010008B7010008B701000820
:1000E000B7010008B7010008B7010008B701000810
:1000F000B7010008B7010008B7010008B701000800
:10010000B701000801320008B7010008B701000874
:10011000B7010008B7010008B7010008B7010008DF
:10012000B7010008B7010008B70100084D05000835
:10013000B7010008B7010008B7010008B7010008BF
:10014000B7010008B7010008B7010008B7010008AF
:10015000B701000859050008B7010008B7010008F9
:10016000B7010008B7010008B7010008B70100088F
:10017000B7010008B7010008B7010008000000003F
:10018000B7010008B7010008DFF80CD000F0AEF9A5
:10019000004800476DA5000890C60120064880472A
:1001A00006480047FEE7FEE7FEE7FEE7FEE7FEE75C
:1001B000FEE7FEE7FEE7FEE7AD3D00088901000827
:1001C0002DE9F05F0546002092469B46884606468C
:1001D000814640241BE0284641464746224600F01F
:1001E00017F953465A46C01A914110D31146184682
:1001F000224600F0FEF82D1A67EB01084F46224612
:100200000120002100F0F5F817EB00094E41201EF7
:10021000A4F10104DFDC484631462A464346BDE8E6
:10022000F09F40EA01039B0703D009E008C9121FB1
:1002300008C0042AFAD203E011F8013B00F8013BA0
:10024000521EF9D27047D2B201E000F8012B491ECC
:10025000FBD270470022F6E710B513460A46044663
:100260001946FFF7F0FF204610BD421E12F8013F6D
:10027000002BFBD111F8013B02F8013B002BF9D117
:100280007047CAB2401E10F8011F8A4202D00029EE
:10029000F9D10020704730B504460020034600E045
:1002A0005B1C934203D2E05CCD5C401BF8D030BDB8
:1002B000034611F8012B00F8012B002AF9D118464A
:1002C00070472DE9FE4F81EA030404F0004421F059
:1002D000004100944FF0000B23F0004350EA01046A
:1002E0005ED052EA03045BD0C3F30A54C1F30A554B
:1002F0002C44A4F2F3340194A0FB0254C1F3130183
:1003000041F48011C3F3130343F4801301FB02444F
:1003100000FB034E840A970A44EA815447EA835754
:10032000A4FB076802958D0A05FB07854FEA932C0D
:1003300004FB0C542705029D4FEA065847EA16377E
:10034000B5EB08056EEB070C870E920E47EA811796
:1003500042EA8312A7FB0201B6EB0B0164EB000437
:100360002B0D43EA0C335E1844EB1C50DA46514621
:10037000E7FB0201C5F313044FEA0B3343EA1453BE
:100380004FEA0432019C43EA0603A4F10C040294F0
:10039000009CCDE900B400F05AF803B0BDE8F08F3E
:1003A00000200146F9E70EB540F2334102910021E9
:1003B000CDE900110A460B4600F049F803B000BD34
:1003C000C1F30A5210B5C1F3130140F2FF3341F4F7
:1003D00080119A4201DA002010BD40F233439A4264
:1003E000A2F2334203DC524200F012F810BD9040FA
:1003F00010BD202A04DB203A00FA02F100207047E9
:100400009140C2F1200320FA03F319439040704752
:10041000202A04DB203A21FA02F00021704721FA59
:1004200002F3D040C2F120029140084319467047C0
:1004300010B5141E73F1000408DA401C41F10001EC
:1004400092185B411A4301D120F0010010BD2DE943
:10045000F04D92469B4611B1B1FA81F202E0B0FA3A
:1004600080F220329046FFF7C4FF04460F4640EA70
:100470000A0041EA0B0153465A46084313D011467D
:1004800053EA010019D0C8F140025046FFF7C0FFFF
:1004900005460E46504659464246FFF7AAFF084316
:1004A00005D0012004E020463946BDE8F08D00204B
:1004B000054346EAE0762C4337430A986305E40A8D
:1004C000A0EB08000022FD0A44EA47540A3002D596
:1004D00000200146E9E7010510196941DDE90845F9
:1004E00000196941BDE8F04DA2E70000064C074D38
:1004F00006E0E06840F0010394E8070098471034F4
:10050000AC42F6D3FFF744FEA8F30008C8F3000896
:1005100030B58C1810F8012B12F00F0301D110F830
:10052000013B120906D110F8012B03E010F8015B22
:1005300001F8015B5B1EF9D101E001F8013B521E9D
:10054000FBD1A142E6D3002030BDFEE7014800F018
:10055000E9B80000B4BF0120014800F0E3B8000092
:1005600014C0012001681823CAB2103AB2FBF3F29A
:10057000054B6FF30901032A9B5CC36500D9091D74
:100580008165084670470000DCEF000810B50146A1
:1005900000208B698A6A4FF0C07453B1B3F5005FD5
:1005A00015D072B1012A0CD0022A0AD0032A09D12F
:1005B00004E01AB1012A06D0022A03D1C96AC9018E
:1005C00000D5012010BDC96AA142FAD010BD002A91
:1005D000F7D0012AF2D0022AF3D0032AF3D010BDBB
:1005E00030B50468256825F48025256004686360BB
:1005F0008368402B036803D099600068C26030BDF7
:100600009A600068C16030BD7047012000F048BFAB
:10061000042000F045BF082000F042BF102000F089
:100620003FBF704770B5B3F5804F05D06FF0704194
:1006300040F82210002070BD50F82240084B8E89EF
:100640001C40D1E9003543EA05138D6889692D0204
:1006500045EA06452B430B43234340F82230E9E7A4
:100660000000F0CFF0B50C6850F82430114A134068
:10067000D1E90125D1E903672A433E4332434E695C
:1006800032438E693243CE6932430E6A32434E6A38
:1006900032438E6A3243CE6A3243CE6B096B3243A9
:1006A0000A431A43082D01D142F0400240F82420A9
:1006B0000020F0BD8000F0FF30B500EB82025068F2
:1006C0008D8900F04043D1E9000440EA04108C68B1
:1006D000240244EA054420430C8A074D05EB0454E8
:1006E00020430C7D6D0105EB0464896920430843B8
:1006F00018435060002030BD0000F0FF90F8351026
:10070000022903D08021416501207047052180F82E
:1007100035100068016821F0010101600020704778
:10072000406D70472DE9F84304464FF00009CDF8BD
:10073000009063484FF41651A56D0068B0FBF1F7C7
:100740002E6894F85C10082000FA01F131420FD0B5
:1007500021680A6852070BD50A6822F004020A6071
:1007600094F85C108840A860606D40F001006065FE
:1007700094F85C104FF0010808FA01F0304208D0FC
:1007800021684969090604D5A860606D40F002003F
:10079000606594F85C1004208840304208D02168DD
:1007A0000968890704D5A860606D40F004006065A1
:1007B00094F85C1010208840304218D021680968F5
:1007C000090714D5A86020680168490304D50068AA
:1007D000000308D5A16C07E00168C90503D40168CE
:1007E00021F008010160216C09B12046884794F886
:1007F0005C1020208840304231D021680968C90649
:100800002DD5A86094F8350005282068016806D029
:10081000490347D5006800031DD4616C1CE021F03A
:10082000160101602068416921F080014161206C5E
:1008300008B9A06C20B12068016821F008010160AE
:1008400094F85C103F208840A86084F8349084F8C5
:100850003580216D1FE0E16B09B120468847606D4E
:1008600000282BD0606DC00714D0052084F8350017
:100870002068016821F0010101600098401C00908F
:10088000B84203D820680068C007F6D184F83490D5
:1008900084F83580E16C002910D001B02046BDE815
:1008A000F04308470168C905D5D4016821F010015B
:1008B000016084F8349084F83580CCE7BDE8F88393
:1008C000840200202DE9F041044600F0F9FE0646BE
:1008D0005CB1002584F83450022084F8350020688B
:1008E000016821F0010101600DE00120BDE8F08107
:1008F00000F0E6FE801B052805D920206065032056
:1009000084F83500F2E720680068C007F0D122685B
:10091000116820480140D4E901031843D4E90336A3
:100920003343184363691843A3691843E3691843C1
:10093000236A18430843616A042903D1D4E90B13DD
:1009400019430843106020684069666A20F0070177
:1009500030460E43012704280CD1A06A0643E06A02
:1009600040B12046FFF712FE20B14020606584F8B8
:100970003570BAE7206846612046FFF7F3FD94F82A
:100980005C203F2191408160656584F835700020CE
:10099000ACE700003F8010F02DE9F0410446866D81
:1009A00090F83400002501280DD0012084F834008F
:1009B00094F835700020012F07D084F83400022508
:1009C0002846BDE8F0810220FBE7022784F8357055
:1009D00060652046FFF704FE94F85C103F208840D5
:1009E000B0602068016841F016010160206C20B100
:1009F0002068016841F0080101602068016841F049
:100A000001010160DCE780B204F0B0B8F0B587B056
:100A100014216846FFF71EFC1F480168002939D1E0
:100A2000012404601D48016841F001010160006873
:100A3000022500F0010005904FF23F00CDE90005CE
:100A400002AA03260C2782E8D0006946144800F069
:100A500033FD41F23F40CDE9000502AA694682E834
:100A6000D000104800F028FD4FF68370CDE9000556
:100A700002AA694682E8D0000B4800F01DFD4FF63F
:100A80003370CDE9000502AA694682E8D000074824
:100A900000F012FD07B0F0BD7002002038380240AF
:100AA000001402400018024000100240000C0240F6
:100AB0002DE9FF5F07460A20FFF7A5FF10251F2439
:100AC000F24E4FF00009012F7CD0042F7BD04FF461
:100AD0007A7A082F78D0102F77D1EDA003F0F6F9AD
:100AE000F1A003F0F3F901234F4686F809901A4666
:100AF00006F12401F14801F005FF002818D0F0A00C
:100B000003F0E4F9504604F031F8F7A003F0DEF901
:100B10000123B7721A46F949E84801F07FFDDFF872
:100B2000DC83002828D0F6A046E00120FFF76BFF09
:100B3000707A0028F9D0E14801F072FA0428F4D163
:100B4000F9A003F0C3F9FEA00095CDE9010410233C
:100B5000C822FA211E2009F0BAFBCC4800952430A7
:100B6000CDE901041023D122FA21E12009F0AFFBE5
:100B7000C8E70120FFF747FFB07A0028F9D0F7A0B7
:100B800003F0A4F9377298F8000028B118F807109C
:100B9000781C3072F7A006E0FCA003F097F904E09F
:100BA000401C3072FEA003F091F996F9080018F885
:100BB00000100029F4D1BBA003F088F9B9463772C0
:100BC000474603E0CFE079E031E0CAE096F908005B
:100BD000395CF4A003F07AF9307A401C40B23072EC
:100BE0001028EEDBAFA003F071F986F8089000BF83
:100BF00096F90800395CECA003F068F9307A401CE3
:100C000040B230721028F3DBA6A003F05FF9E7A032
:100C10000095CDE901041023C822FA211E2009F015
:100C200056FB1023D122FA21E120009595E0E6A0A1
:100C300003F04CF9EBA003F049F9B04831691022F8
:100C4000103864390AF030FCECA003F03FF9F2A050
:100C50000095CDE901044FF487781023E622414640
:100C60001E2009F034FBA54F0095103FCDE901741B
:100C700041461023D122084609F029FBEEA003F0DB
:100C800025F9504603F072FF316910223846643965
:100C90000AF076FB3946EEA003F018F9F3A00095B0
:100CA000CDE901041023E62241461E2009F00FFB86
:100CB00010234146D122084600954EE0F3A003F0F0
:100CC00005F9F8A003F002F94FF40061B0780AF0DA
:100CD000F3FAB06188B196F90320511CF170F7A1C5
:100CE00003F004F9B0690095CDE901041023D12285
:100CF0004FF491711E2009F0EAFAF6A1F948B269A1
:100D000003F0F4F8F74F0095CDE901741023D122D8
:100D10004FF49B711E2009F0DAFAF3A00095CDE99B
:100D200001044FF4A5781023C82241461E2009F083
:100D3000CEFA00200AF06CFA0A21B0FBF1F201FBB6
:100D40001203B0FBF1F2B081EBA1384603F0CEF80C
:100D50001023C82241468E200095CDE9017409F088
:100D6000B6FABDE8FF9FE7A003F0B0F8ECA003F0EF
:100D7000ADF8F5A1CDE900514FF478484FF4FF7B71
:100D800010234FF48C72CDF8088059461E2009F0CC
:100D90009EFA04F005FBF5A003F098F84FF6FF7AF1
:100DA00057466A23DC2259461420CDF800A008F0EB
:100DB000F1FEF6A1CDE900511023C822CDF808803C
:100DC00059461E2009F083FA40F2122B6A23DC22D6
:100DD00059461420009708F0DDFE47461AE2F3A0BA
:100DE00003F074F8DFF8D48313E0F5A0CDE90050E8
:100DF0001023C822594602971E2009F068FA0122E2
:100E0000F4A1D8F8000005F06DF97071142003F01A
:100E1000ADFE70790028E8D16A23DC22D846594615
:100E20001420CDF800A008F0B5FEEBA0CDE90050ED
:100E30001023C822414602971E2009F048FAE5A374
:100E400010225A211420009705F0E2FEF0710EE006
:100E500008F0A0FEC82003F089FEE4A0CDE9005010
:100E600042461023114602971E2009F030FAF0790D
:100E70004FF06A0300284FF0DC0241464FF01400A7
:100E8000CDF800A0E4D108F085FEB9E134000020DF
:100E90004B6579302070726573732C2054657374C0
:100EA000205344210A000000737461727420777229
:100EB00069746520534421200A00000030BF0120DE
:100EC0005772697465206661696C65642C20736F64
:100ED0006D657468696E67206572726F72206F63EA
:100EE0006375726564210A0073746172742072659F
:100EF000616420534421200A00000000F4BB01205B
:100F000052656164206661696C65642C20736F6D45
:100F1000657468696E67206572726F72206F6363B3
:100F200075726564210A0000577269746520534424
:100F30002073756363657373656421200A00000084
:100F4000534420777269746520736F6D65746869A6
:100F50006E67206C696B653A200000005265616421
:100F60002053442073756363657373656421200A9D
:100F7000000000007265616420736F6D65746869BC
:100F80006E67206C696B653A202563007265616449
:100F900020736F6D65207A65726F730A0000000020
:100FA000256300002564200025632000534420723F
:100FB00065616420736F6D657468696E67206C6924
:100FC0006B653A20000000004B6579312070726536
:100FD00073732C2054657374206E6F72666C61732A
:100FE00068210A00537461727420777269746520F5
:100FF0005732355131323821200A00007772697436
:101000006520573235513132382066696E69736810
:10101000656421200A0000004E6F72666C6173687F
:1010200020777269746520736F6D657468696E6787
:10103000206C696B653A200053746172742072658C
:1010400061642057323551313238210A00000000E6
:101050007265616420736F6D657468696E67206C7A
:10106000696B653A2025730A000000004E6F7266B6
:101070006C617368207265616420736F6D6574685C
:10108000696E67206C696B653A2000004B657932A8
:101090002070726573732C20546573742053524111
:1010A0004D210A005352414D207374617274206DBA
:1010B000616C6C6F6321200A000000004D656D6F4C
:1010C0007279204D616C6C6F6320546573742530A8
:1010D000336400005020416464723A30582530383F
:1010E00058000000F4BD01205352414D494E2020CC
:1010F00020555345443A000025642E25303164259F
:10110000250000004B65795F757020707265737300
:101110002C2075706461746520666F6E74210A00FE
:101120005374617274206572617365206E6F7266AC
:101130006C61736820636861726163746F72206CA4
:101140006962210A000000005374617274206572A4
:10115000617365206E6F72666C617368206368618D
:10116000726163746F72206C6962210045726173F1
:101170006564206E6F72666C61736820636861726B
:101180006163746F72206C6962210A004572617339
:101190006564206E6F72666C61736820636861724B
:1011A0006163746F72206C69622100007570646104
:1011B000746520666F6E740D0A00000094020020B2
:1011C000534420436F6E6E656374696E672E2E2ED6
:1011D00000000000303A0000466F6E7420557064C5
:1011E0006174696E672E2E2E00000000466F6E74CB
:1011F00020557064617465204661696C65642100E6
:1012000073A0CDE900501023C822414602971E204A
:1012100009F05DF805F09AFC00287FF4E0ADC846BF
:1012200071A003978DE821011023C82240F22621E6
:101230001E200AF041FE71A003978DE821011023C2
:10124000C82240F23A211E200AF036FE6FA0039712
:101250008DE821011023C82240F24E211E200AF001
:101260002BFE6FA003978DE821011023C82240F2C6
:1012700062211E200AF020FE6FA003948DE8210158
:101280001023C82240F276211E200AF015FE6DA020
:1012900003948DE8210140F28A2B1023C82259467D
:1012A0001E200AF009FE6AA003948DE82101102394
:1012B000C82240F29E211E200AF0FEFD182067A1E0
:1012C000CDE90010CDE902840346C8224FF42F7106
:1012D0001E200AF0F1FD66A003948DE82101102381
:1012E000C8224FF435711E200AF0E6FD0C2065A1DE
:1012F000CDE90010CDE902844FF439771023C822DC
:1013000039461E200AF0D8FD8120DFF88C9130721A
:101310004FF0C80A96F9082089F80020CDE900545A
:101320004F46032340F27621762008F097FF4020B5
:101330007070B94601E07F283CD070690323401CDF
:101340007061CDE9005472785946762008F086FF26
:10135000CDE90054052340F29E217620726908F001
:101360007DFF717889F80110CDE900844746182384
:10137000494A4FF42F71E4200AF044FDCDE900748E
:101380001023454A4FF43571AE200AF03BFDCDE9FC
:1013900000740C23404A4FF439718A200AF032FD60
:1013A00086F800A04FF400713C4800F07BF914204F
:1013B00003F0DCFB7078401CC0B27070FE28BAD31A
:1013C000307A401C40B23072FF28A3DBC9E4000031
:1013D000466F6E7420557064617465205375636345
:1013E0006573732120202000D5FDB5E3D4ADD7D39C
:1013F00053544D3332BFAAB7A2B0E50047424BD792
:10140000D6BFE2B2E2CAD4B3CCD0F200D5FDB5E388
:10141000D4ADD7D340414C49454E54454B00000014
:10142000B0B44B45595F55502C20C7BFD6C6B8FC49
:10143000D0C2D7D6BFE20000C4DAC2EBB8DFD7D63D
:10144000BDDA3A00C4DAC2EBB5CDD7D6BDDA3A0080
:10145000BABAD7D6BCC6CAFDC6F73A00B6D4D3A628
:10146000BABAD7D62832342A323429CEAA3A000062
:10147000B6D4D3A6BABAD7D62831362A313629CE31
:10148000AA3A0000B6D4D3A6BABAD7D62831322A9F
:10149000313229CEAA3A0000420000200014024056
:1014A000044910B50A68024202D00860FFF700FB49
:1014B00010BD0000143C01402DE9F84FDFF8B8A141
:1014C000002201250AF1040B03264FF00F090BF14E
:1014D000040E00BF0B6805FA02F42340A3426FD14B
:1014E0000F7907F00307012F01D0022F16D187686B
:1014F0004FEA420806FA08FC27EA0C07D1F80CC0AC
:101500000CFA08FC4CEA070CC0F808C04768A7436F
:101510000C79C4F3001494403C4344600C79E443D8
:10152000A4070AD0C4684FEA420C06FA0CF7BC4381
:101530008F6807FA0CF72743C7600C7904F003049F
:10154000022C12D1D40800EB840CDCF820405707A1
:10155000FF0E09FA07F824EA0804D1F8108008FA07
:1015600007F848EA0408CCF8208004684FEA420CE7
:1015700006FA0CF7BC430F7907F0030707FA0CF7DC
:10158000274307604C68E40070D53C4C276847F45B
:1015900080472760246822F0030704F48044009405
:1015A000374C07EB040CDCF8084897074FEA17782C
:1015B00009FA08F7BC43334FB84202D1002724E0B0
:1015C00054E0314FB84201D101271EE02F4FB842FD
:1015D00001D1022719E02E4FB84201D1032714E0B0
:1015E0002C4FB84201D104270FE02B4FB84201D154
:1015F00005270AE0294FB84201D1062705E0284F08
:10160000B84201D1072700E0082707FA08F7274367
:10161000CCF80878DAF800405746D1F804C09C436B
:101620005FEACC3C00D51C433C60DBF800405F46E1
:10163000D1F804C09C435FEA8C3C00D51C433C605D
:10164000DEF800407746D1F804C09C435FEACC2C1A
:1016500000D51C433C60084F0C373C68D1F804C0EF
:101660009C435FEA8C2C00D51C433C60521C102A22
:10167000FFF430AFBDE8F88F003C01404438024031
:101680000030014000000240000402400008024017
:10169000000C0240001002400014024000180240FA
:1016A000001C0240426921EA02030A4043EA024167
:1016B000816170470AB1816170470904FBE700004E
:1016C0000148806870470000780200200248816865
:1016D0000278114481607047780200200B4810B5F1
:1016E000016841F400710160016841F480610160AA
:1016F000016841F480710160032000F071F800205E
:1017000000F006F800F024F8002010BD003C024074
:1017100070B50D4D04464FF47A712878B1FBF0F0A6
:101720000A490968B1FBF0F001F02CFB48B9102C14
:1017300007D200222146501E00F032F800206C60D3
:1017400070BD012070BD00007802002084020020DE
:101750000B4882B0016841F480410160006800F4E8
:10176000804000900648001F016841F080510160F0
:10177000006800F080500090052002B000F030B802
:1017800044380240002809DB00F01F02012191408B
:101790004009800000F1E020C0F80011704700000F
:1017A000F0B40E4B1B680C46C3F30223C3F10705CC
:1017B000042D00D90425191D072901D2002300E0BA
:1017C000DB1E012606FA05F1491E214099409E4084
:1017D000761E16403143F0BC02F09CBB0CED00E0DD
:1017E000064900F0070208684FF6FF03184040EA78
:1017F0000220034A10430860704700000CED00E02F
:101800000000FA052DE9F0470E46050065D0DFF827
:101810001481D8F80000F7B200F00700B04207D2F8
:1018200088F80070D8F8000000F00700B04254D1EA
:1018300028683D4C810712D5400703D5206840F445
:10184000E05020602878000703D5206840F460400D
:1018500020602068A96820F0F00008432060287804
:10186000C0072DD0304968680839012812D00228F5
:1018700013D0032811D00968890700292DDA2168BF
:1018800021F0030101432160FFF71AFF814641F275
:10189000883A0EE009688903EFE709688901ECE7F7
:1018A000FFF70EFFA0EB0901514502D90320BDE867
:1018B000F0872068696800F00C00B0EB810FEFD171
:1018C000D8F80010404601F00701B14207D907706F
:1018D000006800F00700B04201D00120E7E7287857
:1018E000400705D52068E96820F4E05008432060EF
:1018F0002878000706D52068296920F4604040EA6E
:10190000C100206000F038F82168084AC1F30311D3
:10191000515CC8400649086006480068FFF7F8FEB9
:101920000020C4E7003C024008380240E4EF000811
:10193000840200207C0200200448054900680968F0
:10194000044AC1F38221515CC840704784020020E0
:1019500008380240F4EF00080448054900680968A7
:10196000044AC1F34231515CC840704784020020F0
:1019700008380240F4EF0008154810B5006810F070
:101980000C02144813D04110042A0FD0082A0ED19B
:101990000F4C241F2268236802F03F025B0207D528
:1019A0002068C0F38810A0FB010106E0084610BDC6
:1019B0002168C1F38811A1FB00010023FEF700FCA0
:1019C0002168C1F30141491C4900B0FBF1F010BD91
:1019D000083802400024F4002DE9F84F04006ED0CE
:1019E0002078DFF84C93C007A9F104054AD009F12B
:1019F00004000168C1F38101012908D00068C0F327
:101A0000810002280AD1D9F80000400206D52868D2
:101A1000800337D560680028E1D033E06068B0F516
:101A2000803F10D0B0F5A02F286810D020F480306F
:101A30002860286820F4802028606068A8B1FFF73B
:101A40003FFE06460DE0286840F48030F4E740F49D
:101A500080202860F7E700BFFFF732FE801B642874
:101A600073D828688003F7D50CE0FFF729FE0646F7
:101A700005E000BFFFF724FE801B6428F0D828682B
:101A80008003F7D42078DFF8AC8280074FF0000A9B
:101A90003ED5A748001D016811F00C0F08D0006862
:101AA000C0F3810002280BD1D9F80000400207D40E
:101AB0002868800716D5E068012800D112E033E1DC
:101AC000E068B8B10120C8F80000FFF7F9FD06464C
:101AD00005E000BFFFF7F4FD801B0228C0D828688E
:101AE0008007F7D52868216920F0F80040EAC10096
:101AF00028600DE0C8F800A0FFF7E2FD064604E00C
:101B0000FFF7DEFD801B02281FD828688007F7D466
:101B10002078000722D5864F87486169703771B1F8
:101B200001210160FFF7CCFD064604E0FFF7C8FD88
:101B3000801B022809D838688007F7D50EE0C0F866
:101B400000A0FFF7BDFD064605E082E0FFF7B8FD07
:101B5000801B02287DD838688007F7D4207840079A
:101B600068D5DFF8CCB100270BF13C0BDBF80000A7
:101B7000C0000BD4DBF8001041F08051CBF800100E
:101B8000DBF80000012700F0805000906B4E3068B9
:101B9000C00510D4306840F480703060FFF790FDCD
:101BA000009005E0FFF78CFD0099401A022850D8FC
:101BB0003068C005F6D55E4EA0686C3601280FD09F
:101BC0000528306810D020F001003060306820F027
:101BD00004003060A068B8B1FFF772FD00900FE01C
:101BE000306840F00100F4E740F004003060F7E7AF
:101BF000FFF766FD0099411A41F28830814266D8AC
:101C000030688007F4D50EE0FFF75AFD009007E03A
:101C1000FFF756FD0099411A41F28830814256D8AB
:101C200030688007F4D42FB1DBF8001021F0805128
:101C3000CBF80010A069C8B33D49091D0968C1F37C
:101C4000810102294AD00228504607D0C8F8600016
:101C500000E03CE0FFF734FD04463BE04746C8F8AF
:101C60006000FFF72DFD064605E000BFFFF728FDE9
:101C7000801B02282BD828688001F7D4D4E90701FB
:101C80000843A16A2E4A490802EB0141626A41EA0F
:101C90008211084394F82C1040EA0161C9F8001041
:101CA00001203866FFF70CFD044606E03EE000BF69
:101CB000FFF706FD001B022809D828688001F7D528
:101CC00034E000BFFFF7FCFC001B022802D9032010
:101CD000BDE8F88F28688001F4D427E00128F7D008
:101CE000D9F80000E26900F4800191421CD1226A17
:101CF00000F03F01914217D147F6C071626A01407E
:101D0000B1EB821F10D1A26A4FF0FF3300F44031D3
:101D100003EB5202B1EB024F06D194F82C1000F005
:101D20007060B0EB016F01D00120D1E70020CFE758
:101D30000438024000004742800E474200700040D5
:101D40000000FFFF704700002DE9FE430446002617
:101D500003200D4684F83400606C03285ED0B5F58E
:101D6000805F5BD04FF4006700204FF08068BD4279
:101D70001FD18146009001900021206801F03DFABA
:101D8000800113D46946204601F002FE07000DD100
:101D90000198400334D5B4F850000104206801F0E4
:101DA00067FA070002D10221206823E0A06B3843C4
:101DB00028E01DB1A06B40F0006023E08146009058
:101DC00001900021206801F018FA8001EED46946E4
:101DD000204601F0DDFD0700E8D10198C0030FD5D2
:101DE000B4F850000104206801F042FA0700DDD188
:101DF0000021206801F089FA0700D7D14F46D5E7C6
:101E00004746D3E7A063A06B144F4FF0010848B1D9
:101E10002068876384F8348001260EE0A06B40F0D0
:101E20008050EFE7211DD4E9050C0EC9CDE9005023
:101E3000CDF808C0206801F0E9F94FF4007120687E
:101E400001F04AFA28B121688F63A16B0143A163B5
:101E5000012684F834803046BDE8FE83FF0540004B
:101E600070470000F0B5426E920F0A70426EC2F3E6
:101E700083624A70426EC2F301628A70426E120C33
:101E8000CA70B0F86420120A0A7190F864204A718E
:101E9000826E120DCA80826EC2F303420A72B0F8DB
:101EA0006820C2F3C0324A72B0F86820C2F38032B0
:101EB0008A72B0F86820C2F34032CA72B0F8682063
:101EC000C2F300320A7300264E73426C4FF4007561
:101ED000012462B1012A3AD0026847499163816BBB
:101EE00041F08051816380F834400120F0BDB0F8AA
:101EF0006820C36E9205120D42EA93720A61C26EA7
:101F0000C2F3C2620A75C26EC2F302624A75C26E41
:101F1000C2F342528A75C26EC2F38242CA75C26E61
:101F2000C2F3C2320A760A69521C42650B7E03F084
:101F300007039B1C9A4042650B7A03F00F0704FAD3
:101F400007F383655B0A5A43C0E917250EE090F852
:101F50006820C36E9206920A42EA13420A610A6935
:101F6000521C92024265C0E91652056630F86C2F89
:101F7000C2F3803201F8192F0288C2F3C6124A70E8
:101F8000027802F07F028A704268D20FCA704268FB
:101F9000C2F341720A714268C2F382624A714268B6
:101FA000C2F383528A714268C2F34052CA710E7200
:101FB0004268C2F300424A728288C2F3C0328A7217
:101FC0008288C2F38032CA728288C2F340320A73B6
:101FD0008288C2F300324A738288C2F381228A73F4
:101FE0008288C2F30122CA730079C0F346000874E4
:101FF0004C740020F0BD0000FF054000426C0A60F8
:10200000826C4A60C26C8A60026DCA60426D0A616D
:10201000826D4A61C26D8A61006EC861002070479E
:1020200070B50446B0F8500000250104206801F0A6
:1020300076FA18B1A16B0143A16304E00021206886
:1020400001F0DBF80546C5F3432070BDF8B5056B1C
:1020500004460068416B09041BD5290719D5D4E94A
:102060000A56002E14D00027206801F0E9F805F880
:10207000010B010A05F8011B010C05F8021B000EFB
:10208000361F7F1C05F8010C082FEDD3C4E90A5652
:10209000F8BD416B4FF00006C9054FF0010744D56C
:1020A000390281632068C16B4CF23A329143C163BB
:1020B0002068C16A21F00101C16228071DD515F011
:1020C000220F09D0206801F05BFA28B1A16B01430F
:1020D000A1632046FFF7C4FE216840F23A508863AE
:1020E00084F834702663A80703D0204600F028FB4C
:1020F000F8BD204600F02AFBF8BD2806FCD5A8064E
:1021000009D5206801F03CFA28B1A16B0143A16315
:102110002046FFF7A5FEA807EED12068C16A21F08E
:102120000801C16284F83470E3E7416B490424D5A7
:10213000290722D5D4E90856002EDDD05FF000072C
:1021400015F8010B009015F8011B361F40EA01201D
:10215000009015F8021B40EA0140009015F8011CA0
:1021600040EA016000906946206801F07CF87F1C1D
:10217000082FE5D3C4E90856F8BD416B40F23A2276
:102180001142F9D0416B890703D5A16B41F00201DF
:10219000A163416B090703D5A16B41F00801A1635D
:1021A000416B890603D5A16B41F02001A163416B0E
:1021B000C90603D5A16B41F01001A163416B8905EC
:1021C00003D5A16B41F00801A16340F23A7181632C
:1021D0002068C16B40F23A329143C163206801F03C
:1021E000CFF9A16B0843A063280706D584F83470A3
:1021F00026632046FFF734FEF8BD2806FCD515F00F
:10220000300F0CD0E16B11480865E06BFEF776FAF1
:102210000028F1D0E06BBDE8F84001F097BBA807BB
:102220000CD0216C0A480865206CFEF767FA00287C
:10223000E2D0206CBDE8F84001F05FBBA66384F8F3
:10224000347026632046FFF77DFDF8BD4D39000848
:10225000FB38000870B504000ED094F83400002557
:1022600018B92577204600F04BF8032084F8340095
:10227000204600F00BF808B1012070BDA56325636E
:10228000012084F83400002070BD0000FEB5002558
:10229000044676200095CDE9015029460B460A46B2
:1022A000206800F0B3FF28BB134E46F8A05F2068FB
:1022B00000F0BEFF01253560204601F04DFC28B13D
:1022C00084F83450A16B0143A16313E0204601F070
:1022D000CCFB0028F4D14FF40071206800F0FCFF23
:1022E000002808D0226805499163A16B0143A163CE
:1022F00084F834500120FEBD00802542FF054000D7
:102300002DE9F04F87B0054614216846FDF7A2FF7E
:102310004649286888427DD145480068444940F4D0
:1023200000600860086800F40060059040481438B8
:1023300000683F4940F0040014390860086800F064
:1023400004000590086840F008000860086802244E
:1023500000F0080005904FF4F8504FF001088DE8A8
:10236000110103264FF00C09CDE903696946314894
:10237000FFF7A2F80427CDE90074CDE9028669468B
:102380002D48CDF81090FFF797F82D4C2B484FF0C3
:102390000068C4E90008002004F10C014FF4806AD1
:1023A0004FF4805BA06081E8010CA06120204FF415
:1023B00000396762C4E907090020C4E90A60FE0425
:1023C00020462663FEF77EFA08B1FEF72AF92C6450
:1023D000A5631B4C194860344830C4E9000840200C
:1023E000A06004F10C01002081E8010C04F1180246
:1023F0002021676282E8030203212663C4E90A10F0
:102400002046FEF75FFA08B1FEF70BF90022EC63F5
:10241000012100E006E03120A563FFF7C1F931207A
:10242000FFF7B0F907B0BDE8F08F0000002C0140C5
:102430004438024000080240000C02405864024048
:10244000B4BF01202DE9F04F87B09B4616460D46DC
:102450000446FFF735F900903DB194F834000128A7
:1024600007D0A06B40F000500DE0A06B40F0006082
:1024700009E00020A063E26D06EB0B01914204D954
:10248000A06B40F00070A06386E0032184F8341054
:102490002168C862616C012900D076024FF0FF31DB
:1024A00001914FEA4B2102914FF0010803AA9021BC
:1024B00002278146CDF8188082E8820201A92068AF
:1024C00000F085FEBBF1010F05D927633146206876
:1024D00000F096FF05E0C4F830803146206800F037
:1024E000A8FFDFF834A130B12268C2F838A0A16B90
:1024F0000143A1634CE0029E1EE0406B000413D533
:1025000096B10027206800F09BFE05F8010B010A38
:1025100005F8011B010C05F8021B000E361F7F1C7D
:1025200005F8010C082FEDD3FFF7CAF80099411AFE
:10253000109881421DD2E0B12068426B40F22A31EE
:102540000A42DAD0416BC90509D5BBF1010F06D9A2
:10255000616C032903D001F013F80028C4D120686E
:10256000416B09071AD5C0F838A0A06B40F00800ED
:1025700050E02168C1F838A0A06B40F00040A06393
:1025800084F83480C4F83090032007B0BDE8F08FA1
:1025900084F83480C4F830900120F6E7416B890755
:1025A00005D5C0F838A0A06B40F0020032E0416BC6
:1025B00089061BD5C0F838A0A06B40F0200029E0A8
:1025C00000F03EFE05F8010B010A05F8011B010CA5
:1025D00005F8021B000E05F8010C361FFFF770F816
:1025E0000099411A109881420ED268B12068416B5F
:1025F000890201D5002EE3D1216840F23A50886368
:1026000084F834800020C0E72168C1F838A0A06BAE
:1026100040F00040A063BBE7FF0540002DE9F04714
:1026200086B01F460446154639B194F83400012897
:1026300007D0022006B0BDE8F087A06B40F0006034
:1026400008E00020A063E36DEA199A4204D9A06B68
:1026500040F00070A06369E0032284F8342022680F
:102660008146D0622268D36B40F22A363343D3636B
:10267000236C2F4ADA63236C2E4ADA64226C1065CD
:10268000226C9060206C0068026822F0C002026038
:1026900020680A46266C4FEA472800F180014FEA7D
:1026A00098033046FEF778F9DFF88CA0012670B168
:1026B0002068C16B21F49571C1632168C1F838A00D
:1026C000A06B40F08040A06384F834602EE01B488B
:1026D0000660606C012800D06D024FF0FF30CDE93C
:1026E00000089020029002200596CDE90309694672
:1026F000206800F06CFD012F06D982202063294656
:10270000206800F07DFE05E08120206329462068D6
:1027100000F08FFE00288DD02268C2F838A0A16B8F
:102720000143A16384F83460C4F83090012081E74C
:10273000B938000855380008FF0540008C8525424F
:1027400001490120087070473E0000200149012026
:10275000087070473D0000202DE9F04F8DB09B467A
:1027600016460D460446FEF7ABFF0A903DB194F8BD
:102770003400012807D0A06B40F000500DE0A06BA2
:1027800040F0006009E00020A063E26D06EB0B0161
:10279000914204D9A06B40F00070A0637AE003215D
:1027A00084F834102168C862616C012900D0760277
:1027B0004FF0FF3103914FEA4B2104919021CDE975
:1027C00005104FF00109CDE90709824603A92068E9
:1027D00000F0FDFCBBF1010F06D92020206331463B
:1027E000206800F0E7FE05E01020206331462068F5
:1027F00000F0F9FE5FEA000806D0216840488863CF
:10280000A06B40EA080071E0049E27E0406B4004A2
:102810001CD5DEB15FF0000715F8010B009015F82C
:10282000011B361F40EA0120009015F8021B40EA08
:102830000140009015F8011C40EA016000906946D3
:10284000206800F010FD7F1C082FE5D3FEF738FF4D
:102850000A99411A1698814220D2F8B12068416B3A
:1028600040F21A321142D1D0416BC90523D5BBF1D8
:10287000010F20D9616C03291DD000F081FED0B179
:1028800022681F499163A16B0143A16384F83490CE
:10289000C4F830A001200DB0BDE8F08F21681848C1
:1028A0008863A06B40EA0800A06384F83490C4F801
:1028B00030A00320EFE72068416B090705D51049D8
:1028C0008163A06B40F0080010E0416B890705D5DB
:1028D0000B498163A06B40F0020007E0416BC90621
:1028E00006D507498163A06B40F01000A063CDE7D7
:1028F00040F23A51816384F834900020CBE7000025
:10290000FF0540002DE9F04F5FEA010B87B01E463E
:102910000446114607D094F83400012807D002205D
:1029200007B0BDE8F08FA06B40F0006008E0002524
:10293000A563E26D8819904204D9A06B40F0007045
:10294000A06356E0032084F834002068C562206844
:10295000C26B40F21A2942EA0902C263E26B2D48B7
:10296000D063E26B2C48D064E06B0565606C012895
:1029700000D049024FF09008012E05D9A020206315
:10298000206800F017FE04E0C4F83080206800F0F2
:102990002AFEDFF888A0012730B12268C2F838A0EB
:1029A000A16B0143A16321E01D480760E16B40205A
:1029B0008860E06B0068016821F0C00141F04001CF
:1029C000016022687602B30859468032E06BFDF759
:1029D000E3FF80B12068C16B21EA0901C16321686E
:1029E000C1F838A0A06B40F08040A06384F8347038
:1029F0002563012094E74FF0FF30CDE90006CDE9D3
:102A00000285CDE904576946206800F0E0FB00200C
:102A100086E700003F39000855380008FF054000F0
:102A20008C85254270B5040009D0606A002540B14C
:102A300025616561A56294F8510040B10CE0012068
:102A400070BD6068B0F5827FF4D0E561F2E784F88C
:102A50005050204600F044F8022084F851002068CD
:102A6000016821F040010160A088218900F4827092
:102A700001F404410843A18901F400610843217C69
:102A800001F002010843217D01F001010843218B7F
:102A900001F400710843217F01F03801084394F8E4
:102AA000201001F080010843218D01F400510843FA
:102AB00021680860A069042101EA104094F82410FC
:102AC00001F010010843216848602068C16921F4C1
:102AD0000061C1616565012084F85100002070BD6E
:102AE00010B586B0044614216846FDF7B3FB1349C0
:102AF0002068884220D11248016841F48051016069
:102B0000006800F4805005900D481438016841F0C9
:102B1000020101600068694600F00200059038205B
:102B200000900220019001200290032003900520D4
:102B300004900448FEF7C0FC06B010BD0030014010
:102B400044380240000402402DE9F84F044690F852
:102B5000500000270A9E1D4692468B464FF0010901
:102B600001280ED0012084F85000FEF7A9FD804610
:102B700094F85100616801280CD0B1F5827F07D12B
:102B800002E00220BDE8F88FA16809B9042801D04D
:102B90000227C2E0BBF1000F27D0BAF1000F24D00A
:102BA0001DB394F85100042802D0052084F8510088
:102BB00000206065C4F838A0E587A587C4F830B068
:102BC000E586A5862064606420680168490603D410
:102BD000016841F040010160E068B0F5006F606895
:102BE00005D0E8B3012D46D07FE0012795E008B17C
:102BF000012D39D1206B21680088C860206B801CB2
:102C00002063E08E401EE0862EE020688168890700
:102C10000FD5E18E69B1B9F1010F0AD1216B098895
:102C2000C160206B801C2063E08E401EE0864FF068
:102C3000000920688168C9070CD0E18F51B1C068D4
:102C4000A16B0880A06B801CA063E08F401EE08712
:102C50004FF00109FEF734FDA0EB0800B04200E0A0
:102C600009E001D3701C50D1E08E0028CDD1E08F57
:102C70000028CAD13FE0206B216800780873206BE0
:102C8000401C2063E08E401EE0862EE020688168B4
:102C900089070FD5E18E69B1B9F1010F0AD1216B16
:102CA00009780173206B401C2063E08E401EE08693
:102CB0004FF0000920688168C9070CD0E18F51B13D
:102CC000C068A16B0870A06B401CA063E08F401E21
:102CD000E0874FF00109FEF7F3FCA0EB0800B042DB
:102CE00002D3701C01D010E07EB1E08E0028CDD15F
:102CF000E08F0028CAD142463146204600F086FFC8
:102D000028B101272020606507E0032705E0A068BF
:102D100018B92068C16880680090012084F85100CB
:102D2000002084F8500038462CE770B515460E4652
:102D3000040003D094F8490010B107E0012070BDF1
:102D4000002084F84800204600F01AF804F1080139
:102D50002068FDF787FC3146A2682068FDF7ACFCCF
:102D6000D4E901022946236BFDF75CFCA1682068C9
:102D700050F8212042F0010240F82120002070BDCF
:102D8000FDF744BE10B5401EB0F1807F01D3012095
:102D900010BD4FF0E02460610F21601701F0BAF818
:102DA0000020A06107202061002010BD70B5040044
:102DB00004D094F83D00002510B106E0012070BD5C
:102DC00084F83C50204600F023F8242084F83D008D
:102DD0002068C16821F40051C160204600F0EEFF78
:102DE0002068016921F4904101612068416921F066
:102DF0002A0141612068C16841F40051C160256425
:102E0000202084F83D0084F83E00002070BD0000C2
:102E100010B586B0044614216846FDF71BFA144924
:102E20002068884221D11348016841F010010160F7
:102E3000006800F0100005900E481438016841F059
:102E4000010101600068694600F0010005904FF43F
:102E5000C0600090022001900120029003200390A6
:102E6000072004900448FEF727FB06B010BD0000C1
:102E7000001001404438024000000240FEE700001C
:102E80000D4808B5016841F4800101600068002226
:102E900000F48000009002213B20FEF781FC3B20E3
:102EA000FEF770FC002202214520FEF779FCBDE808
:102EB00008404520FEF766BC303802402DE9F04757
:102EC0008EB01C216846FDF7C5F91C2107A8FDF747
:102ED000C1F9304804210024C0E902141025C0E9DA
:102EE00004458461C4614FF4805A0462C0E9094A10
:102EF000C46204634463DFF8A08084634FF020461B
:102F00004464C0E9006802200F27CDE9000702A948
:102F100008204FF0110981E83102002269461D485E
:102F20000694FFF702FF08B1FDF77BFB1948062165
:102F3000503007AAC0E90214C0E904458461C461A5
:102F40000462C0E9094A4FF48041C0E90B4144637F
:102F500084634464C0E900683C200097CDE90170B7
:102F6000CDF81490CDE903750921CDE90641CDE9ED
:102F70000871CDE90C940748CDE90A7569465030CF
:102F8000FFF7D3FE002801D0FDF74BFB0EB0BDE8E4
:102F9000F087000090BE0120040100A02DE9F0415F
:102FA00086B014216846FDF755F950484FF00008E7
:102FB000016841F010010160016801F01001059104
:102FC000016841F020010160016801F020010591D4
:102FD000016841F080010160016801F08001059104
:102FE000016841F001010160016801F001010591F2
:102FF000016841F040010160016801F04001059164
:10300000016841F002010160016801F002010591CF
:10301000016841F008010160016801F008010591B3
:10302000016841F0040101600068314E00F00400C5
:103030004FF4C0650590012229463046FEF73AFB61
:103040002C4F012269013846FEF734FB1C2000900A
:1030500029480124CDE9010469462848FEF72CFAE5
:10306000CDE90054022569463046CDE90245FEF718
:1030700023FA23486946CDE9004002952148FEF72E
:103080001BFAA003CDE90004CDE9024869463846A1
:10309000FEF712FAE0038DE83100694638460395E1
:1030A000FEF70AFA012203210620FEF779FB06202B
:1030B000FEF768FB012203210820FEF771FB0820C0
:1030C000FEF760FB012203210920FEF769FB0920BE
:1030D000FEF758FB012203210A20FEF761FB0A20BC
:1030E000FEF750FB06B0BDE8F0810000303802402A
:1030F00000140240000402400000211000100240B1
:1031000000001110000002400E4810B50C4901608B
:10311000002141608160C160016141618161FFF70F
:1031200099F808B1FDF77DFA4FF400610548FEF704
:103130000BFE002803D0BDE81040FDF772BA10BDA9
:10314000002C014030BF0120104810B50E4901602D
:103150004FF482714160002102228160C0E90312B4
:1031600001224261520282613822C0E90721416294
:1031700081620A21C162FFF755FC002803D0BDE837
:103180001040FDF74EBA10BD0030014074C0012060
:103190000C4810B50A4901604FF4E131416000214B
:1031A00081600C22C160C0E904128161C161FFF736
:1031B000FDFD002803D0BDE81040FDF732BA10BD78
:1031C00000100140CCC00120FEE7704770470A683C
:1031D00042624A688262D1E902231A43D1E904318A
:1031E0000B43C16A1A4321F0F7011143C162002069
:1031F0007047006800F0030070470844406970475A
:103200000148FEF723BF000030BF012070B50DF16B
:10321000100C11439CE87000234319432943426872
:10322000314347F6FF639A430A434260002070BD72
:1032300010B5032101600220FDF7E5FB002010BD61
:10324000D0F8800070470A688260D1E901231A43F0
:10325000D1E903310B43C1681A436FF30B011143EA
:10326000C160002070470968C0F8801000207047D6
:1032700010B586B004463720CDE9001040200290FA
:10328000002003904FF48060049069462046FFF7C9
:10329000DAFF41F288323721204600F0BDF906B04E
:1032A00010BD000010B504460A4886B0014329202D
:1032B000CDE9001040200290002003904FF4806080
:1032C000049069462046FFF7BEFF204600F05CFAF6
:1032D00006B010BD0000108010B586B00446102066
:1032E000CDE9001040200290002003904FF4806050
:1032F000049069462046FFF7A6FF41F2883210216C
:10330000204600F089F906B010BD10B586B004461D
:103310000620CDE9001040200290002003904FF4D9
:103320008060049069462046FFF78DFF41F28832A5
:103330000621204600F070F906B010BD30B585B00A
:1033400000240546009401944FF480600294CDE976
:10335000034069462846FFF776FF0B484FF4FA51C1
:103360000068B0FBF1F041F288314843401E03D2BF
:103370004FF0004005B030BD696B0906F6D5C52099
:10338000A8632046F6E700008402002070B585B0EF
:1033900004464FF4D570009001A90820402500266E
:1033A00081E86100C001049069462046FFF74BFFA9
:1033B00012484FF4FA510068B0FBF1F041F2883145
:1033C0004843401E03D24FF0004005B070BD616B12
:1033D00011F0450FF5D00905F3D4606B400701D516
:1033E000042003E0606BC00702D00120A063ECE77B
:1033F000606B400600D5A5633046E6E784020020F6
:1034000010B586B004461220CDE90010402002908D
:10341000002003904FF48060049069462046FFF737
:1034200012FF41F288321221204600F0F5F806B072
:1034300010BD10B586B004461120CDE90010402023
:103440000290002003904FF480600490694620466B
:10345000FFF7F9FE41F288321121204600F0DCF836
:1034600006B010BD10B586B004460720CDE9002097
:1034700040200290002003904FF480600490694641
:103480002046FFF7E0FE41F288320721204600F097
:10349000C3F806B010BD10B586B004460021022066
:1034A000CDE90010C020CDE902014FF48060049006
:1034B00069462046FFF7C7FE204600F03DF906B0FA
:1034C00010BD10B586B004460920CDE90010C0201B
:1034D0000290002003904FF48060049069462046DB
:1034E000FFF7B1FE204600F027F906B010BD10B579
:1034F00086B0044600213320CDE900104020CDE9FC
:1035000002010001049069462046FFF79CFE41F24B
:1035100088323321204600F07FF806B010BD10B588
:1035200086B004460D20CDE9001040200290002016
:1035300003904FF48060049069462046FFF783FEB5
:1035400041F288320D21204600F066F806B010BD29
:1035500030B585B00C46054600210320CDE90010AA
:103560004020CDE902010001049069462846FFF79A
:103570006AFE22460321284600F028F905B030BD36
:1035800010B586B0044600210C20CDE90010402083
:10359000CDE902010001049069462046FFF753FE81
:1035A000034A0C21204600F037F806B010BD000099
:1035B00000E1F50510B586B004461920CDE90010EC
:1035C00040200290002003904FF4806004906946F0
:1035D0002046FFF738FE41F288321921204600F0DC
:1035E0001BF806B010BD10B586B004461820CDE912
:1035F000001040200290002003904FF4806004905F
:1036000069462046FFF71FFE41F288321821204606
:1036100000F002F806B010BD454B10B51B684FF422
:10362000FA54B3FBF4F353435B1E02D24FF0004055
:1036300010BD426B12F0450FF6D01205F4D4426B68
:10364000520703D504218163084610BD426BD2079F
:1036500002D00121816305E0C52282630269D2B2F2
:103660008A4201D0012010BD0021FFF7C6FD31497B
:10367000084201D1002010BD002802DA4FF000708E
:1036800010BD410001D5402010BD810001D5802032
:1036900010BDC10002D54FF4807010BD010102D5EC
:1036A0004FF4007010BD410102D54FF4806010BD91
:1036B000C10102D54FF4006010BD010202D54FF4E4
:1036C000805010BD410202D54FF4005010BD810260
:1036D00002D54FF4804010BDC10202D54FF4004026
:1036E00010BD410302D54FF4003010BD810302D557
:1036F0004FF4802010BDC10302D54FF4002010BD4F
:10370000010402D54FF4801010BD410402D54FF4DE
:10371000001010BD810402D54FF4800010BD0007D9
:1037200002D54FF4000010BD4FF4803010BD0000F2
:103730008402002008E0FFFD12494FF4FA520968A4
:10374000B1FBF2F141F288325143491E02D24FF0EF
:1037500000407047426B12F0450FF6D01205F4D4CA
:10376000416B490703D50421816308467047416BCB
:10377000C90703D00121816308467047C5218163D1
:1037800000207047840200200F494FF4FA52096864
:10379000B1FBF2F141F288325143491E02D24FF09F
:1037A00000407047426B12F0450FF6D01205F4D47A
:1037B000416B490703D50421816308467047C52141
:1037C00081630020704700008402002030B5204B48
:1037D0004FF4FA541B68B3FBF4F341F288346343AB
:1037E0005B1E02D24FF0004030BD446B14F0450F19
:1037F000F6D02405F4D4436B5B0703D50421816321
:10380000084630BD436BDB0702D00121816303E032
:103810000369DBB28B4201D0012030BDC521816339
:103820000021FFF7EAFC10F4604F04D0410406D5F4
:103830004FF4005030BD000C1080002030BD00045B
:1038400002D54FF4805030BD4FF4803030BD0000C1
:103850008402002010B5846BFCF762FF022828D098
:10386000206C416DE06B406D012901D001281DD114
:103870002168104888632068C16B21F49D71C16381
:10388000A06B40F08040A0632046FEF7C9FB0628ED
:1038900001D0052805D12068FFF772FEA16B08430F
:1038A000A063012084F83400002020632046FEF746
:1038B000D7FA10BDFF05400010B5846B206B82283D
:1038C00009D12068FFF75CFE28B1A16B0143A16319
:1038D0002046FEF7C5FA2068C16A21F00801C162DE
:1038E000216840F23A508863012084F834000020B7
:1038F00020632046FEF724FF10BD10B5846B40F214
:103900003A50216888632046FEF78AFB012184F83B
:10391000341000212163062801D0052805D1206834
:10392000FFF72EFEA16B0843A063A06B0028204682
:1039300002D0FEF795FA10BDFEF704FA10BD806BB9
:103940000068C16B41F48071C163704710B5846B2E
:1039500040F23A50216888632046FEF761FB01215E
:1039600084F8341000212163062801D0052805D1F0
:103970002068FFF705FEA16B0843A063A06B002839
:10398000204602D0FEF76CFA10BDFEF7DBF910BD41
:103990002DE9F04788B00D460446FDF791FE00265C
:1039A000824600960196374608212068FFF794FC6E
:1039B000002829D1B4F8500001042068FFF758FC12
:1039C000002821D1401E4FF00808CDE90208302020
:1039D0004FF00209CDE904090120CDE9067002A9E2
:1039E0002068FFF7F4FB2068FFF781FD00280BD16A
:1039F0006F462068416B11F02A0F08D0416B090710
:103A00001AD5C0F83880082008B0BDE8F087416BAF
:103A1000890205D5FFF714FC47F82600761C02E062
:103A2000416B8904EAD5FDF74BFEA0EB0A00401C70
:103A3000DFD14FF00040E7E7416B890703D5C0F8BD
:103A400038900220E0E7416B890603D5202181638D
:103A50000846D9E740F23A518163019800BA2860DC
:103A6000009800BA68600020CEE710B590B0044618
:103A70000120ADF838002068FFF7BBFB002854D0C8
:103A8000606C032842D02068FFF705FD00284AD16A
:103A900000212068FFF7B1FB606704212068FFF771
:103AA000ACFBA06708212068FFF7A7FBE0670C21AB
:103AB0002068FFF7A2FBC4F88000606C032825D0C3
:103AC0000EA92068FFF744FD00282CD1606C032864
:103AD0001CD0BDF83800206501042068FFF7F1FC18
:103AE000002820D100212068FFF787FB60660421B1
:103AF0002068FFF782FBA06608212068FFF77DFBA6
:103B0000E0660C212068FFF778FB2067042120681D
:103B1000FFF773FB000DE06403A92046FEF7A2F94E
:103B200030B14FF0805010B010BD4FF08060FAE718
:103B3000B4F85000002302042068FFF793FC00282B
:103B4000F1D104F1100007C88DE8070094E80F00D8
:103B5000FFF75CFB0020E6E72DE9F84F002604465E
:103B600000963546B0460068FFF7E8FB002827D1ED
:103B70002068FFF70BFC4FF0805B4FF001094FF618
:103B8000FF7748B1A6642068FFF7D8FB002817D15B
:103B9000A06C012802D020E0C4F8489000212068E1
:103BA000FFF766FB58B918E000212068FFF760FBBB
:103BB000002805D151462068FFF774FB10B1584624
:103BC000BDE8F88F00212068FFF717FB05464FEA94
:103BD000D0780098401C009002E0DFF82CA00098FC
:103BE000B84202D2B8F1000FDED00098B84202D33A
:103BF0004FF08070E4E7680002D5C4F8449000E01C
:103C000066640020DCE70000000010C138B50446FF
:103C10001248134B0068B0FBF3F04FF47A7358432B
:103C200000906068B0F5827F0DD10B4600920022B3
:103C30008021204600F016F870B1606D40F0200041
:103C40006065032038BD009830B1401E00902068A8
:103C50008068C0430006F6D5002038BD84020020ED
:103C600000366E012DE9F8431E469146884604460B
:103C7000089DFDF725FD401B351AFDF721FD074680
:103C800025480068C0F3CB30684338E0701C37D05B
:103C9000FDF716FDC01BA84203D215B1009860B312
:103CA0002CE02068416821F0E00141606068B0F5D7
:103CB000827F0BD1A068B0F5004F02D0B0F5806FC5
:103CC00004D12068016821F040010160A06AB0F5CC
:103CD000005F09D12068016821F40051016020686B
:103CE000016841F400510160012084F85100002076
:103CF00084F850000320BDE8F8830025401E0090A2
:103D00002068816838EA010004D000214945BDD10E
:103D10000020F0E70121F9E7840200207047FDF759
:103D2000D5BC000030B593B030216846FCF792FA5C
:103D300014210CA8FCF78EFA1A480025016841F0FE
:103D400080510160006800F08050119016480168B1
:103D500041F4804101600068022400F48040119029
:103D600001200090000401908001CDE90640082068
:103D700008904FF4A870CDE9090407200B9068461D
:103D8000FDF72AFE0CA90F2081E831004FF4A05066
:103D90000F90E002109005210CA8FDF733FD13B041
:103DA00030BD000040380240007000400248016809
:103DB00041F470010160704788ED00E070B5044681
:103DC00000680169E26821F44051114301612169F1
:103DD000A068E26908436169114308432168CA6821
:103DE00049F20C639A430243CA6020684169A269A0
:103DF00021F440711143416131492068884202D069
:103E00003049884202D1FDF7A7FD01E0FDF794FD9E
:103E1000E2690023192164253226B2F5004F626859
:103E200028D0A0FB0101930F9200FCF7C9F90146CD
:103E3000B0FBF5F06FF01802504301EB800006EB89
:103E40000010B0FBF5F000F0F002B1FBF5F002EB72
:103E50000012B1FBF5F06FF01803584301EB80003E
:103E600006EB0010B0FBF5F000F00F0021681044E5
:103E7000886070BDA0FB010192185B41FCF7A0F9BE
:103E80000146B0FBF5F00201B1FBF5F06FF018034D
:103E9000584301EB800006EBC000B0FBF5F000F0EA
:103EA000F80002EB4002B1FBF5F0584301EB800053
:103EB00006EBC000B0FBF5F000F00700D6E700000D
:103EC0000010014000140140FEE700000FB4054B54
:103ED00010B503A9044A029800F03CF810BC5DF844
:103EE00014FB0000BD6F00089C0200200FB4084BBB
:103EF00010B504A902AA039800F02CF8044602A900
:103F0000002000F058FA204610BC5DF814FB0000B9
:103F1000B74300080907090E002804DB00F1E02080
:103F200080F80014704700F00F0000F1E02080F8E6
:103F3000141D704702E008C8121F08C1002AFAD1F8
:103F400070477047002001E001C1121F002AFBD119
:103F5000704700002DE9FF4F8DB00F460546002643
:103F600006E025280BD0DDE90F1290476D1C761C6A
:103F700028780028F5D111B03046BDE8F08F002434
:103F8000A246A1460122EC4900E0044315F8013F96
:103F9000203B02FA03F00842F7D128782A2810D0F3
:103FA0006FF02F022878A0F13001092914D80AEB0C
:103FB0008A0102EB410144F0020400EB010A6D1C8E
:103FC000F0E701CF5FEA000A03D544F40054CAF1D8
:103FD000000A44F002046D1C28782E2817D115F829
:103FE000010F44F004042A280ED06FF02F02287825
:103FF000A0F1300109290AD809EB890102EB41013E
:1040000000EB01096D1CF2E757F8049B6D1C287842
:104010006C280FD006DC4C2817D068280DD06A28F1
:1040200014D104E0742810D07A280FD10DE044F4A4
:1040300000140AE044F4801401E044F44014697868
:10404000814202D104F580146D1C6D1C2A786E2A01
:104050001FD00CDC632A31D004DC002A8BD0582A14
:1040600011D1A3E0642A68D0692A0CD165E0732AD3
:104070002ED004DC6F2A73D0702A04D19BE0752AFD
:104080006FD0782A6ED01046DDE90F129047761C6B
:1040900050E1C4F30250022806D0032809D00428B6
:1040A00001CF09D0066045E101CFF117C0E90061F9
:1040B00040E101CF06803DE106703BE117F8040BBB
:1040C0008DF8000000208DF80100EB46012003E090
:1040D00057F804BB4FF0FF3061074FF0000102D4E6
:1040E0000DE008F10101884649450FDA8045F8DB0B
:1040F0001BF808100029F4D108E008F101018846F6
:104100008142FADB1BF808100029F6D1DDE90F2304
:10411000AAEB08008146214600F036F9304400EB56
:10412000080604E0DDE90F121BF8010B9047B8F117
:104130000108F7D221464846F7E00A21C4F30253AA
:104140004FF0000B0891022B04D001CFC117032BB5
:1041500009D00AE0FF1D27F00707F7E8020108E091
:1041600032E01FE020E000B2C117042B01D140B2C1
:10417000C117031E71F1000307DA4FF0000CD0EBFA
:104180000C006CEB01012D2302E0230504D52B2349
:104190008DF82430012303E0E30701D02023F7E763
:1041A000984658E00A2110E010210EE010204FF050
:1041B000000B08900CE010214FF0000B44F00404B9
:1041C0004FF00809089103E008214FF0000B089117
:1041D000C4F30253022B04D001CF0021032B06D0DD
:1041E00006E0FF1D27F00707F7E8020103E080B2B1
:1041F000042B00D1C0B24FF0000823072BD5702A42
:1042000007D0DDF820C08CF0100C5CEA0B0C05D058
:104210000EE040238DF82430012308E050EA01032A
:1042200006D030238DF824308DF8252002239846BF
:10423000DDF820C08CF0080C5CEA0B0C0BD150EAC6
:10424000010301D1630706D530238DF824304FF0E8
:104250000108A9F10109582A04D038A20B9208AA32
:104260000A920BE03AA2F9E75B46089AFBF7A8FF2F
:104270000B9B9B5C0A9A521E0A92137050EA010231
:10428000F2D10A98ADEB000000F1200B600702D5D7
:1042900024F4803401E04FF00109D94502DDA9EB97
:1042A0000B0000E0002000EB0B0141440890AAEB5A
:1042B000010AE00306D4DDE90F232146504600F051
:1042C00063F806444FF0000908E009A911F8090055
:1042D000DDE90F12904709F10109761CC145F4DBB5
:1042E000E0030CD5DDE90F232146504600F04CF8E1
:1042F000064404E0DDE90F1230209047761C08994F
:10430000481E08900029F5DC08E00A980A99007810
:10431000491C0A91DDE90F129047761CBBF10001A0
:10432000ABF1010BF1DC21465046DDE90F2300F033
:1043300019F806446D1C1BE60928010030313233A0
:1043400034353637383961626364656600000000D1
:1043500030313233343536373839414243444546BB
:10436000000000002DE9F041044600251E461746D6
:10437000880404D405E039462020B0476D1C641E33
:10438000F9D52846BDE8F0812DE9F0410446002525
:104390001E469046C80301D5302700E02027880438
:1043A00004D505E041463846B0476D1C641EF9D57A
:1043B0002846BDE8F0810A68531C0B6010707047F6
:1043C0002DE9F05F0746406B891E00EB1135C1F304
:1043D000C80601F007014FF0010B0BFA01F09A46F5
:1043E0009146C4B229466D1C384606F099FE10B1BC
:1043F0000120BDE8F09F5A464FF40073B91991F8B7
:104400003C00204202D04FF0010801E04FF00008CC
:10441000D04501D10220ECE7604081F83C00B9F1C1
:1044200001003A718146E4D0600010F0FF04E5D14C
:104430000124761C9E42E1D30026D3E770B50446E2
:1044400000202071401EA063204606F069FE08B1DE
:10445000042070BD04F23A2005F0FDFF4AF655260F
:104460000546B04206D10B222BA104F13C00FBF71C
:1044700012FF40B194F83C00EB2806D0E92804D0A4
:10448000E82802D041E0012070BDB54207D10822E2
:1044900024A104F18E00FBF7FEFE0028F4D004F105
:1044A000470005F0D8FF94F84910421E10422CD165
:1044B0004FF40072904228D3904226D829B3481E68
:1044C000014222D104F14A0005F0C5FFE8B194F899
:1044D0004C00401E012818D804F14D0005F0BBFF28
:1044E00098B104F14F0005F0B6FF802806D204F120
:1044F0005C0005F07AFFB0F5803F06D304F152006E
:1045000005F0A9FF08B1002070BDB54201D102201D
:1045100070BD032070BD0000EB76904558464154B5
:10452000202020004641543332202020000000008B
:1045300070B50168046D500A4D8940EAC350590AAC
:104540002A460023241DFBF73BFE02CC21B1884202
:1045500004D3401A241DF8E7002070BD21680844E8
:1045600070BDC269891E921E8A4201D80020704720
:10457000026B408900FB0120704700002DE9F05FCD
:1045800082460C4601F11A0005F065FF78BB2078E1
:10459000012700F03F00401E00EB8001DFF858903B
:1045A00001EBC00500264FF6FF7B00BF19F806009F
:1045B000204405F050FF80466FB1FF2D17D802F060
:1045C000BBF907463AF815006D1C02F0B5F98742B1
:1045D0000DD1474601E0D84509D1761C0D2EE5D313
:1045E0002078400606D52FB13AF8150010B100200A
:1045F000BDE8F09F0120FBE7FCEF00082DE9F04744
:1046000006685FEA010807462BD04146384602F0AB
:104610002DFD022846D3411C45D0F169814242D884
:104620004546B06900283ED030784FF0FF39042865
:104630001ED045455FD1F0696C1CA04200D8022411
:104640002146384602F012FD01282CD0411C2AD008
:1046500080B3706902284ED3F16981424BD9054677
:1046600049E0756915B1F069A842DAD80125D8E7A3
:1046700001222946304602F0D3F9040062D0601CC2
:1046800060D001231A4621463046FFF799FE0228E2
:1046900008D0012809D0B8F1000F08D0F979022913
:1046A00009D010E00120BDE8F0874846FBE7022171
:1046B000F97143E01EE0691C8C423FD0B968691A69
:1046C000B9610321F97108F101018C4206D1F96940
:1046D00009B1491C00E00221F9612FE0F8690125C8
:1046E00000B9FD6122464146384602F080F930BBF0
:1046F000FD6129E0A4B92C46F069641CA04202D8EF
:104700000224022D0AD32146384602F0AFFC38B10C
:104710000128C8D0411CC6D0AC42EDD10020C2E770
:104720004A462146304606F0C3FF40B9B8F10000C2
:104730000AD001462246304606F0BAFF20B10128D1
:104740000FD001242046AEE77461D6E90601891E28
:10475000884201D8401EB061707940F0010070714C
:10476000F0E74C46EEE700002DE9FC5F8246086862
:104770000190DAF800000E460025C7684FF4803833
:1047800001A807F0D0FA411C3BD0404503D3010CEF
:1047900027F815106D1C84B2202C1CD32F2C10D0A0
:1047A0005C2C0ED0802C04D2214676A0FBF769FD4C
:1047B00038BBFF2D25D227F815406D1CE0E7401CC3
:1047C0000190019801782F29F9D05C29F7D00024B5
:1047D000C8B2202800D204240198306009E000BF4C
:1047E00007EB450030F8020C202801D02E2802D11A
:1047F0006D1E002DF4D1002027F815000DB1002604
:1048000003E00620BDE8FC9F761C37F81600202840
:10481000FAD016B938882E2803D144F0030400E0FA
:104820006D1E2DB107EB450030F8020C2E28F7D194
:1048300020220B210AF14000FBF705FD4FF0000894
:104840004FF0080BCDF8008037F8160006F101068E
:104850005FEA000924D0B9F1200F04D0B9F12E0F7E
:1048600004D1AE4202D044F00304EDE7009858456D
:1048700001D2AE4219D1BBF10B0F0FD0AE4201D025
:1048800044F003040CD84FF0080000904FEA886011
:104890002E464FF00B0B4FEA1068D5E744F00304A7
:1048A0009AF84000E52849D04BE04846B9F1800F1E
:1048B00008D344F0020402F03FF84FF46A7102F0AA
:1048C00003F88146B9F1FF0F13D90099ABF101004C
:1048D000814204D344F00304CDF800B0B4E700985B
:1048E0004FEA1922504480F840200098401C009064
:1048F0001BE0B9F1000F04D0014625A0FBF7C1FC75
:1049000020B14FF05F0944F003040EE0A9F141002B
:10491000192801D848F00208A9F16100192804D823
:10492000413048F001081FFA80F9009A0AEB0201B1
:1049300081F840900098401C009085E705218AF896
:104940004010BBF1080F03D14FEA88604FEA1068AE
:10495000C8F38100032803D06FEA0800800701D163
:1049600044F00204A00709D45FEAC87001D044F003
:1049700010045FEA487001D544F008048AF84B40FF
:1049800000203FE72A3A3C3E7C223F7F00000000A7
:104990002B2C3B3D5B5D00002DE9FF4F81B09B461A
:1049A0006A460121019800F079FC00287DD1082693
:1049B0004FF03F09F101009F03E0700010F0FF0687
:1049C00006D016FB09F0B7FBF0F08842F5D806B91F
:1049D000FF264FF400715846FBF73CFC0BF5DF75E2
:1049E0004FF0000A4C465DE0029951F82A80B8F178
:1049F000640F09D801D1384605E04FF06400B7FBD9
:104A0000F0F000FB08F0804604EB0800B84201D843
:104A1000A04201D2A7EB0408B8F1000F44D0214610
:104A200005F1080007F0A6F8414605F10C0007F073
:104A3000A1F80398287119FB06F3B4FBF9F1B1FB57
:104A4000F6F2B4FBF9FC06FB1212B4FBF3F009FB1F
:104A50001C416A70C02202EA900C491C4CEA010C0D
:104A600085F802C0E87004EB0800441EB4FBF3F1C3
:104A7000B4FBF9FCBCFBF6F3B4FBF9F806FB13CC72
:104A800009FB184302EA91025B1C85F805C01A4332
:104A9000AA71E9710AF1010A10350446BAF1040F4E
:104AA00002D20CB1BC429FD300E00DE04AF6552182
:104AB0000BF5FF7007F08BF801230022594601988F
:104AC00000F045FC002800D0012005B0BDE8F08FC3
:104AD0002DE9F05F894605464021FBF7BBFB8520A9
:104AE0002870C0204024002685F8200037464FF06B
:104AF0000108B2464FF0C10B05F804B0641C05F87C
:104B000004A0641CB8F1000F06D039F816005FEA63
:104B1000000801D0761CF6B22819414607F057F874
:104B2000A41CE006EED17F1C39F81600FFB2002865
:104B3000E2D185F823607F1C6F70484607F03DFA8C
:104B4000014605F12400BDE8F05F07F040B8812878
:104B500003D3FE2801D801207047002070470000D1
:104B60000149086070470000000000204FF47A718E
:104B7000484300F001B8000070B54FF0E024002277
:104B800065690949A36909684843A1699942FCD04C
:104B900002D2A3EB010302E0A5EB010633441A4461
:104BA0000B468242F1D370BD000000202DE9F04198
:104BB0000F4604460021066800F018FBE8B90025FE
:104BC0003046A16B06F0ACFAB8B931780429E16B34
:104BD000097803D0E52905D021B107E041F3C011E0
:104BE000491C03D06D1CBD420AD000E00025012104
:104BF000204600F0FFF80028E2D0042800D107206A
:104C0000BDE8F0812DE9F0470C46054607F068F84D
:104C1000A8BB21462846FFF7A4FC0646A8634FF42C
:104C2000007705F13C0039468046FBF713FB6889A5
:104C3000BC01B4EB402F04D9440200E06408BC423C
:104C40001ED9204601F000FE5FEA0009F6D0BC4202
:104C500016D92146FBF7FEFA670A002400E03C441F
:104C60006889A04207D9321968783B46494600F066
:104C70006EFB0028F3D0484601F0EAFD0FE011E09A
:104C80000127002400E03C446889A04207D932197A
:104C900068783B46414600F05AFB0028F3D068890B
:104CA000A04202D00120BDE8F0870020FBE72DE9FB
:104CB000F05F04460021056800F098FA00284CD106
:104CC000287804280CD0FF264FF0FF38B146C4F8EE
:104CD0004C802846A16B06F023FA07004ED13EE037
:104CE000E86807F06AF982462FE02869243005F069
:104CF000B2FB504529D1286940264FF0000990F8B1
:104D0000238017E0F00600D1B61C2869304405F076
:104D1000A2FB01F011FEE968074631F8190001F025
:104D20000BFE87420AD1A8F1010000F0FF0809F14B
:104D30000109B61CB8F1000FE4D102E0B8F1000F90
:104D400003D1E96831F8190030B10021204600F0A4
:104D5000B3F85FEA000BC8D05846BDE8F09FE16B9E
:104D6000087850B1CA7AE52802F03F02A27135D026
:104D7000130704D50F2A31D105E0042738E00F2AA4
:104D800001D0DEB11FE094F84B20520629D4420630
:104D900006D591F80D9000F0BF00226B0646E26444
:104DA000B04208D14A7B4A4505D1E868FFF7E6FBE7
:104DB00008B1761E00E0FF26F6B212E0084606F0C3
:104DC0003FFF484514D094F84B00C00706D10B2292
:104DD00004F14001E06BFBF75EFA48B1FF26C4F82E
:104DE0004C800021204600F005F807003FF471AF29
:104DF0003846B2E72DE9F04707680446066B387875
:104E00002036894604280AD04FF400104FF00008DD
:104E1000B04238D9A06B28B1F10506D044E04FF07C
:104E20008050F3E70420BDE8F087401CA063616B6D
:104E300029B17889401E10EA562F05D034E0388910
:104E4000B0EB561F1FD92FE0204602F00FF90546A0
:104E500001281DD9681C14D0F869A8421ED8B9F1E0
:104E6000000F10D02046616BFFF7C8FB05000DD086
:104E7000012D0DD0681C04D029463846FFF7C2FE2C
:104E800040B10120CFE7C4F83880CBE70720CAE75C
:104E90000220C8E7E07940F00400E0712946384676
:104EA0006563FFF75EFBA063C6F3080038443C303F
:104EB0002663E0630020B6E72DE9F0470426FF24CF
:104EC00089460546A04607685FE0384606F028F99F
:104ED00006005ED1E96B087898B13A78042A12D0BE
:104EE000CA7AE52802F03F02AA7108D02E2806D01F
:104EF00022F02003082B1BD0B446CC451BD0FF2446
:104F000033E0042645E0B9F1000F02D0832842D0F7
:104F10002BE0852829D1286BE864284605F0BDFAE6
:104F2000060036D13869007900F03F00A87132E000
:104F30004FF0010CE1E70F2A01D014BB1CE0420640
:104F400006D591F80D8000F0BF002A6B0446EA6494
:104F5000A04208D14A7B424505D1F86806F06EFBB5
:104F600008B1641E00E0FF24E4B200212846FFF7E8
:104F700041FF060009D00CE0084606F061FE4045FE
:104F800009D04FF0FF30E86405E0A96B00299CD1FF
:104F90000EB10020A8633046BDE8F0872DE9F04F40
:104FA0000446056890F84B0099B010F0A00F03D0AC
:104FB000062019B0BDE8F08F0026E86800E0761CF6
:104FC00030F816100029FAD1287804281AD004F1F4
:104FD000400016AB07C883E807009DF8630004F1A2
:104FE0004008C1076BD0402084F84B0001273B46A6
:104FF00016A94046EA6801F0EBFF2046FFF757FE8E
:10500000F0BB51E00F200E36B6FBF0F6B61C314671
:105010002046FFF7CBFD0028CBD171422022206B28
:1050200002EB41110844E064E079410736D520F0F5
:105030000400E071204601F0C3FC0028B9D1421EF3
:105040002046616B01F0D3FC0028B2D1A06828B3E0
:10505000214602A805F004FA0028AAD16889D4E9FB
:1050600004234002121843F10003C4E90423286911
:10507000383006F087FDD4E904232869283000E0A1
:1050800015E006F07FFDE079296940F0010081F824
:10509000210002A806F09FFD00288AD1D5E903105F
:1050A000FFF716FD002084E77F1C642F9FD3642F39
:1050B0000FD00428F7D19DF8630084F84B009DF8C9
:1050C0006300800707D50D200C36B6FBF0F77F1C78
:1050D00002E007206DE7012739462046FFF766FD0D
:1050E00006007FD17F1E05975FD0216B784201EBD0
:1050F0004011204600F07AF8060073D1404606F0D1
:105100009FFD4FF6FF7B08902846A16B06F008F83C
:10511000060067D1E86804900598D4F83C90C0B2C6
:105120000390089989F80D100F2189F80B100021C0
:1051300089F80C1009F11A0006F049FD0398DFF810
:10514000A8A0401E00EB800101EBC008002701E091
:105150005E4504D0049830F8186008F101081AF888
:10516000071001EB0900314606F031FD06B95E4635
:105170007F1C0D2FECD35E4505D0049830F8180045
:1051800008B1039803E0039840F04000039089F8C9
:1051900000000120287100212046FFF72BFE0600A9
:1051A00020D10598401E0590AED12846A16B05F090
:1051B000B7FF060016D154F83C0F2021FBF74AF840
:1051C000206861680160A1684160A1890181A17BBB
:1051D0008172E07B216800F018000873012000E074
:1051E00000E028713046E4E6FCEF00082DE9F041CC
:1051F000066805460F463078042806D04FF40010A4
:10520000B8423CD9F8063AD102E04FF08050F7E7B7
:105210002F63AC6834B93078032807D30020F46AD0
:10522000E8711CB170894FEA402812E03089B0EB78
:10523000571F24D9F06A12E0284601F017FF0446F0
:10524000401C1AD0022C1AD3F069A04217D9A7EB40
:10525000080747452146EFD23046FFF782F9C5E9F6
:105260000D4060B100EB5720A863C7F3080030443D
:105270003C30E8630020BDE8F0810120FBE702201C
:10528000F9E710B518B1012804D0012010BD06F0CF
:105290000DFB01E006F040F8002010BD4FF4007354
:1052A00018B1012814D00120704739B111480129E3
:1052B0000AD0022904D0032908D103E00020704756
:1052C0001360FBE7808B0CE0806910E004207047DE
:1052D0000029F3D0012908D0022904D00329F5D1EF
:1052E00008201080EAE71380E8E74FF4C040106020
:1052F000E4E7000070BE01202DE9F0411C001546D6
:105300000E4605D030B1012810D00120BDE8F08153
:105310000420FBE71A4602E0FDF7F6FE2246294686
:10532000304606F003FB0028F6D10CE04FF400777E
:1053300069023A46304606F023F8641E05F101057D
:1053400006F50076F4D10020E0E7002070472DE953
:10535000F0411C0015460E4605D030B1012810D092
:105360000120BDE8F0810420FBE71A4602E0FDF7CA
:10537000CBFE22462946304606F0F2FA0028F6D146
:105380000CE04FF4007769023A46304606F08CF89C
:10539000641E05F1010506F50076F4D10020E0E772
:1053A0002DE9F0414FF480563146002005F084FF8E
:1053B0000024B0460546B61040F217372103424696
:1053C000284601F5400105F0DBFF002055F82010CC
:1053D000491C03D1401C80B2B042F7D3B04203D085
:1053E00004F5406005F078FF641CA4B2BC42E5D32C
:1053F0002946BDE8F041002005F030BF7CB50D46E0
:1054000000211446009101AA694600F038F80028EE
:105410000AD10199009ACB6949899B1E4B4351439C
:105420005A0849082A6021607CBD000070B50B4D08
:1054300000244FF40F763146002005F03DFF45F87B
:10544000240018B1641CE4B2022CF4D305F0E0F996
:10545000022C01D1002800D0012070BD9402002050
:1054600038B5044601F03CF9002807D169462046CA
:1054700006F06FFD002801D10021216038BD2DE923
:10548000F7438EB014468946002269460EA805F0FF
:1054900077FC07007AD1009820600098D0E90614C4
:1054A000A21E914202D8C9F800106FE001780025D1
:1054B000012905D004291AD00026D0F828803DE023
:1054C00002240290214602A801F0D0FD411C03D025
:1054D000012803D020B104E0012757E0022755E05E
:1054E0006D1C0098641CC0698442EBD346E0002622
:1054F000A41ED0F8348000E046B9414608F1010806
:10550000009805F00DFE070040D1009A082190197F
:1055100090F83C00C043C0B207E000F0010340082F
:105520001D44491EA4F1010401D0002CF5D1761CC4
:10553000C6F30806002CDFD120E03EB9414608F151
:105540000108009805F0ECFD07001FD100980178D4
:105550003044022900F13C0004D004F046FF000171
:1055600006D006E004F077FF00B96D1CB61C01E020
:105570006D1C361DC6F30806641EDED1C9F8005046
:1055800000988561417941F00101417111B03846BF
:10559000BDE8F0832DE9FF4FA7B0994690460C4631
:1055A00027A801F0FDFD002803DA0B202BB0BDE891
:1055B000F08FFE49002751F8201001B10F70C0B2E2
:1055C0000790FFF75EFEC10701D00320EEE740071A
:1055D00001D50A20EAE704B9F54C4FF400456068AC
:1055E000109030B910AA03210798FFF757FE1098C2
:1055F00020B1A84202D8411E084201D001201090DB
:1056000020784FF4007600F00F0017906078014684
:10561000401E012801D8084600E001200E90A06835
:10562000411EA94205D21021B0FBF1F201FB12018B
:1056300001B130460B90E068B0F1807F02D8411E86
:10564000084200D00020B0FBF6F5B9FBF6F05FEAA7
:10565000000915D05FEA080405D14FEA492001F09E
:10566000F3F804000CD000208346139013AA012104
:105670000798FFF713FE50B1B8F1000F02D004E015
:10568000112093E7204601F0E3F801208EE71798F8
:10569000000706D413983F2803D93F384FF03F0B3B
:1056A00013901398802807D2B8F1000F02D120463A
:1056B00001F0CEF80E2079E717994A07BD4911D5B8
:1056C000179A02F007034FF08062042B03D0904238
:1056D00001D2802D09D901440F91B0F5805FE3D349
:1056E000FDB126E0802D00D98025179A4FF6F57E72
:1056F0009207179A4FEAC27205D52AB901444FF0B2
:10570000030A0F9150E322B101444FF0020A0F91B6
:1057100042E3B8F1000F02D1204601F099F81320BE
:1057200044E70825B0F5002F03D34025904200D36D
:10573000AD000BF120011291B0FBF5F1890001F2EF
:105740000721B1FBF6F2129906920A4410990A4415
:10575000491E521E8A43A2EB0B0108921491B1EB31
:10576000500FA1D2401AB0FBF5F01C9010289BD32B
:105770009149884298D8C01DC0080E90401E05FB74
:1057800006006902B0FBF1F01E9005FB00201990A5
:1057900000200390074682460B900D9016900AE079
:1057A0000B9840B101282CD00D9880B21A900D981A
:1057B000384487B22CE0384601F0BEF880B21A9027
:1057C000B84202D07F1CBFB224E0012001E00D9856
:1057D000401C0D90384401900004000C07D0019843
:1057E00080B201F0A9F8019989B28842EFD00D98F2
:1057F000802804D34FF6FF701A90022009E00120A0
:105800000B901A977F1C0D98BFB2401E0D9001D1CE
:1058100000200B901A98C0B204F80A00039906F011
:10582000EBFB01461A9804EB0A02000A507006F0DE
:10583000E3FB039016980AF1020A801C16901FB130
:1058400009FB06F05045ABD10AEB0600401EB0FB49
:10585000F6F0824603462146199A0798FFF777FD2E
:1058600000287FF409AF1998002F50444FF0000A28
:10587000199095D1169805FB06F1401E05FB060010
:10588000B0FBF1F01F9001202090089819900E981D
:1058900009FB06F73044401EB0FBF6FADDE91E01B5
:1058A0000844401C1B9039462046FAF7D3FC0020E0
:1058B0001B990DE004EBD00200F0070C11780123D6
:1058C00003FA0CF3194311701B99491E401C1B91DC
:1058D00011B1B7EBD00FEDD850464946CA4500D9B3
:1058E0000846034601902146199A0798FFF72FFDB5
:1058F0000028B6D10199199808441990AAEB010023
:105900005FEA000ACFD11298199006980B900020F8
:105910001A901B900D9039462046FAF79BFC1A9876
:105920004FF0000A10BB20466FF0070106F022F985
:10593000201D4FF0FF3106F01DF902204FF0080A3C
:105940001A9013E01B98012802D91A99491C01E00A
:105950004FF0FF3104EB0A0006F00CF91A980AF137
:10596000040A401C1A901B98401E1B901B9810B1F3
:105970005745E7D80BE00D9803280AD20D991EA8C9
:1059800050F821001B90481C0D901B9808B15745FA
:10599000ECD80B994846494500D80846824603464C
:1059A0002146199A0798FFF7D2FC07E08C020020E5
:1059B00038F0000800002154FDFFFF7F002898D137
:1059C0001998504419900B98B0EB0A000B90A2D193
:1059D00039462046FAF73EFC83202070812084F867
:1059E0002000022104F1340006F0C4F804F138006C
:1059F0000E9906F0BFF8822084F8400004F14400BC
:105A0000039906F0B7F81E9904F15400891C0C9014
:105A100006F0B0F804F158001699159006F0AAF8AF
:105A2000DDE91E01014408982F4605FB010019908D
:105A300048464F4500D83846824603462146199AC3
:105A40000798FFF784FC0028B9D131462046FAF7C1
:105A500001FC1998B7EB0A0750441990E8D10020CF
:105A6000019004F14000249008301299D946239007
:105A7000A1EB0900269004F150001B900C301D9002
:105A8000001D1A90001D0A90001D259031462046E9
:105A9000FAF7E0FBFBA00027016821604168616024
:105AA000008920812020A0725A463B46249806F0A7
:105AB00069F80023139A239806F064F826991B9836
:105AC00006F058F806990C9806F054F8DDE9141021
:105AD00006F050F8DDE91C1006F04CF8DDE91E0177
:105AE0000144891C1A9806F045F80F990A9806F0A7
:105AF00041F84FF48071259806F069F884F86C70CD
:105B0000304604E094F86C10491C84F86C1040088E
:105B1000F8D184F86D702F4605E000BF94F86D0051
:105B2000401C84F86D007F08F8D1012084F86E00D5
:105B3000802084F86F004FF6EB6104F1780006F0E6
:105B400046F84AF6552A514604F5FF7006F03FF82C
:105B50000020039005E06A2F42D06B2F3ED0702FBB
:105B60003AD0E05D039906F047FA7F1C0390B742F4
:105B7000F1D34A4609F10109012321460798FFF7AD
:105B8000E6FB00287FF478AD31462046FAF762FB49
:105B9000A0195146801E06F01AF84FF0010A00279E
:105BA0000399E05D7F1C06F027FA0390B742F7D314
:105BB0004A4609F10109012321460798FFF7C7FB6F
:105BC0000028DFD10AF1010ABAF1090FE7D3314603
:105BD0002046FAF73FFB19E07127C2E76C27BAE7C6
:105BE0006B27B8E7E05D7F1C039906F005FA039088
:105BF000B742F7D34A4609F1010901232146079824
:105C0000FFF7A5FB0028BDD10AF1010ABAF10B0F7D
:105C10004FF00007E6D3E019039905F0ABFF3F1DF5
:105C2000B742F8D34A4609F10109012321460798F2
:105C3000FFF78DFB0028A5D10198401C0190022898
:105C4000FFF424AF02E200BF00214FEA504C0127CD
:105C50008F4B01E07F00491C33F811200AB16245E7
:105C6000F8D9B0FBF7F106EB8102D21DB2FBF6F2D8
:105C700006922022039200220D9271457FF614AD08
:105C8000844A91423FF610AD2CE000BF804A0021CB
:105C900001274FEA103C0E3A01E07F00491C32F820
:105CA00011300BB16345F8D9B0FBF7F140F6F5724E
:105CB000914203D9042202EB410107E001EB4101CB
:105CC0000322491C4FF0010A02EB51013144491EE5
:105CD000B1FBF6F10691012103910B994901B1FB4A
:105CE000F6F10D91039A0BEB020112910D9A8B18AC
:105CF0000E9A069901FB023210995318491E5B1E39
:105D00008B43991ABAF1030F2DD00E9BB1FBF3FC14
:105D100003FB1C1333B1039B5B1C0393129B5B1CA3
:105D2000491E12930E9BB1FBF3F306991944069199
:105D300002EB0712A2EB0B018142A3D803990E9A42
:105D4000431A069901FB12320D99511AB1FBF7F172
:105D50001C91BAF1030F0DD0BAF1020F13D0BAF1B2
:105D6000010F2FD033E0039B0B440393129B194484
:105D70001291DDE71C99714529D8002D7FF494AC70
:105D80007D0811D190E41C99714511D93DB940218C
:105D9000B1EB470F03D37D002F0085D176E717992C
:105DA000890709D54FF0030A2F007FF45AAF4BE75C
:105DB00040F6F57291420AD8002DE3D17D00802D86
:105DC000EAD971E41C9840F6F5718842DAD8314678
:105DD0002046FAF73FFA30A001682160416861600F
:105DE000008920813020A072314604F10B0005F0BB
:105DF000EEFE6773039881B204F10E0005F0E7FE32
:105E00000E982074BAF1030F0FD00B9881B204F1F1
:105E1000110005F0DCFE1399B1F5803F07D289B27D
:105E200004F1130005F0D3FE05E00020EEE704F1D5
:105E3000200005F09FFEF82060753F2104F1180056
:105E400005F0C5FEFF2104F11A0005F0C0FE594619
:105E500004F11C0005F08EFE29250F99BAF1030FFD
:105E60003BD004F1270005F085FE069881B204F1CD
:105E7000160005F0ACFE802084F8240084F826503B
:105E800013220FE0EB769045584641542020200025
:105E90002AF00008F5FFFF0FEBFE904D53444F53DF
:105EA000352E300082A104F12B0000BFFAF7B9F9BA
:105EB0004AF6552504F5FF702946019005F087FE46
:105EC00001235A4621460798FFF741FA00287FF43C
:105ED000D3ABBAF1030F22D052E004F1430005F036
:105EE00049FE04F12400069905F044FE022104F164
:105EF0002C0005F03FFE012104F1300005F067FEA3
:105F0000062104F1320005F062FE802084F8400092
:105F100084F8425013226BA104F14700C6E7012325
:105F20000BF1060221460798FFF711FA3146204689
:105F3000FAF790F96849204605F01CFE674904F518
:105F4000F27005F017FE1C9904F5F470491E05F077
:105F500011FE022104F5F67005F00CFE29460198A9
:105F600005F035FE01230BF1070221460798FFF7E4
:105F7000EEF901230BF1010221460798FFF7E7F93B
:105F800009FB06F12046FAF765F90020DDF848B074
:105F900025E000BFBAF1030F2FD0BAF1010F3BD0BB
:105FA0006FF007014FEA040005F0E4FD069D484646
:105FB0004D4500D82846034601905A462146079889
:105FC000FFF7C5F900287FF457AB31462046FAF7B2
:105FD00041F901998B446D1AE9D10498401C01469E
:105FE00004900E988142D5D3BAF1030F00D00D9FD3
:105FF00048464F4512D9054611E06FF0070120468B
:1060000005F0B8FD4FF0FF31201D05F0B3FD6FF036
:10601000704104F10800C7E73149C3E73D462B460C
:106020005A4621460798FFF792F90028CBD1AB4496
:106030007F1BDDD1BAF1040F08D0BAF1030F07D0EE
:106040001398B0F5803F05D3062207E0072205E04C
:106050000C2203E0BAF1020F12D0012217980007B8
:1060600017D41398219000202290234621A9079845
:10607000FEF792FC05000CD0B8F1000F02D004E04E
:106080000422EBE7204600F0E3FB28462BB0BDE8F6
:10609000F08F002211460798FFF700F9002892D1EF
:1060A000B8F1000F02D1204600F0D2FB0020EDE74E
:1060B0004E4F204E414D4520202020464154202067
:1060C000202020004E4F204E414D452020202046CC
:1060D000415433322020200052526141727241619A
:1060E000F8FFFF0017B581B014460298009068468B
:1060F00001F056F8002802DA0B2004B010BD0B4A5C
:10610000002352F8201011B142F820300B70019991
:1061100019B148700B7042F820102CB1002201A96F
:1061200002A804F02DFEE8E70020E6E78C0200203C
:106130002DE9F74F96B005000BD002F03F0632462E
:10614000694617A804F01CFE04004FF0000A04D0B2
:1061500034E1092019B0BDE8F08F009802904FF4A7
:106160008C6000F071FB5FEA00090BD0009909F523
:106170000070C1E9039002A8179900F099FC04008F
:1061800002D006E01120E5E79DF85300000600D597
:10619000062416F01C0F79D04CB1042C03D102A8B0
:1061A000FEF7FCFE044646F008065CB1EBE09DF805
:1061B0000E0010F0110F01D00724E4E0700701D5A4
:1061C0000824F8E030077ED50098814F4FF0200872
:1061D00001784FF0010B042929D0119839460E306F
:1061E00005F0C8FC11983946163005F0C3FC11992A
:1061F000009804F0E7F811990746002281F80B8017
:106200001199009805F0A2FC119800211C3005F0AE
:10621000B1FC009981F804B0CFB3D1F838800022E6
:10622000394602A805F0BFFA040031D0ABE028607F
:106230002946009800F0DCFF00981E210069801CB0
:10624000FAF708F800981A2100692630FAF702F8E0
:1062500000983946026982F804800069083005F028
:1062600089FC009902A8096981F821B005F0B3FC06
:10627000040016D1A96851B10022284605F093FA0E
:106280000446A8680099401E486109E00AE018E049
:106290004146009804F044FF044600987F1E476181
:1062A0006CB170E0F4BB9DF80E00C10602D5042469
:1062B00069E008E0B10702D5C0077FF47DAF300781
:1062C00001D546F040060098816BA9641199E964F4
:1062D0000178042932D0119904F074F8A86011985B
:1062E0001C3004F082F8C5E9040A00BFC5F850A0CC
:1062F0000099296000990020C988A98085F830603C
:1063000085F831A0C5F844A0C5E90E0005F1540098
:106310004FF400718346F9F79DFFB00654D5D5E9D7
:10632000046700E02FE056EA07004DD0C5E90E678C
:106330000098A9684089400280461DE004992962BE
:1063400006999DF80F2021F0FF011143696215990C
:10635000A962294600F04CFFC8E7284600F086FEF7
:106360000146012800D80224481C00D101244046DF
:10637000361A67EB0A0724B90246921B7AEB07002C
:10638000EBD3296424B1484600F062FAB4B917E0AF
:10639000F00519D00098FEF7E4F898B1710A41EAC7
:1063A000C7510A186A640098012359464078FEF7DD
:1063B000A3FF48B10124484600F04AFAC5F800A0FE
:1063C0002046C7E60224F6E7484600F041FAF7E720
:1063D000000021542DE9FF5F8846002699461546A6
:1063E000044603A91E6005F0B4FD00281BD194F8F3
:1063F0003100002817D194F83000C00712D0D4E93A
:106400000E02D4E90431181A04F1540361EB0201BD
:1064100002930127431BB3464FF0020AB14100D259
:10642000054695E0072004B0BDE8F09F208FC00529
:1064300072D1D4E90E230398560A46EAC35640891E
:10644000401E064013D152EA030005D0206D28B14A
:106450002046FEF76DF805E0A06803E02046216CB9
:1064600000F004FE02281BD3411C4ED02064216C96
:106470000398FEF776F898B130440090680A0190CE
:1064800026D0039932184889824201D9801B019095
:106490004878DDE900234146FEF72EFFA8BB03E064
:1064A00084F831A00220BEE794F8300000060CD535
:1064B000616C0098081A0199884206D208EB4020C6
:1064C0004FF400720299F9F7ACFE0198460231E0F0
:1064D000626C009882421DD094F8300000060CD502
:1064E0000398012302994078FEF731FF68B994F8C8
:1064F000300000F07F0084F8300003980123009AF8
:1065000040780299FEF7F8FE20B184F8317001203E
:1065100089E701E000986064208FC0F30800C0F5AF
:106520000076AE4200D92E4601193246404654311B
:10653000F9F777FED9F80000AD1B8119C9F80010F2
:10654000D4E90E10891940EB0B00C4E90E10B044D9
:10655000002D7FF46BAF002065E70000F1B59EB021
:10656000022269461EA804F00BFC002860D10098A6
:106570004FF4803701AE0078042806D020220B218A
:106580003046F9F760FE002449E018213046F9F75B
:1065900061FE00241DE01EA805F0C5FB0546B842BB
:1065A00009D3681C43D00A2C41D2290C06EB4400C5
:1065B00005F00DFB641CD5B329464848F9F761FE88
:1065C000A8BB0B2C33D2A9B206EB440005F0FFFAAE
:1065D000641C1E9800782028DDD232E01EA805F049
:1065E000A2FBB84223D200F0A7F94FF46A7100F081
:1065F0006BF905001BD001463848C01FF9F741FE72
:10660000A8B9FF2D01D90A2000E00B20A0420ED925
:10661000FF2D02D9280A3055641C3555641C1E987C
:1066200000782028DAD29DF80400E52803D106205E
:106630001FB0F0BD641E24B1301910F8010C2028E1
:10664000F8D000980890002001460A9008A8FEF7AC
:10665000CDFD0028ECD1012108A8FEF72DFC012575
:10666000B0B10428E4D10020002CE1D0012108A819
:10667000FEF79CFA0028DBD120211798F9F7EAFDF4
:1066800000980078042825D017990820C87204E0E3
:106690000098007804280CD0A4B1179801990160E3
:1066A00002994160BDF80C1001819DF80E108172B5
:1066B0000BE01798162201A944701798801CF9F76F
:1066C000B0FD02E01799E52008700098057105F00B
:1066D000C5FAADE7179983200870EAE710F00008C3
:1066E000F0B595B0044614A905F033FC050021D19E
:1066F00094F8300041061DD5000611D51498626C3F
:106700000123407804F15401FEF721FE10B101206D
:1067100015B0F0BD94F8300000F07F0084F8300030
:106720001498484E0178042905D0A16C04F0F8FCB7
:1067300005005FD083E0204600F042F905007ED1DD
:10674000421E2046216C00F052F9050077D14FF42B
:106750008C6000F079F807000BD0149807F50071F1
:10676000C0E903712146684603F07AFE050002D0B5
:106770003CE01120CCE7149801690A7942F020022C
:106780000A71E179026941F0010182F82110006982
:10679000A168343005F0EEF9D4E9042314980069B7
:1067A000383005F0EFF9D4E9042314980069283053
:1067B00005F0E8F91498314600690C3005F0DAF973
:1067C00014980021026951750069103005F0D2F962
:1067D000684605F000FA050008D1149805F03EFA65
:1067E000054614F8300F00F0BF002070384600F066
:1067F0002FF824E0E56C2946E87A40F02000E872A2
:10680000A268206805F0A2F905F11C00216905F0D5
:10681000B1F9314605F1160005F0ACF9002105F19A
:10682000120005F0D4F914980121017105F016FA4F
:10683000054694F8300000F0BF0084F83000284688
:1068400066E70000000021540146002004F034BD3A
:106850000146002004F002BD2DE9F84F1949054614
:10686000802DD1F805004FEA500902D22846BDE834
:10687000F88F4FF0FF32002702EB990810268A4666
:10688000A8EB070007EB5004DAF8011009EB8400CD
:1068900001440422684604F073FDBDF80000A842DC
:1068A00009D001D2274600E0A046A6F10106360431
:1068B000360CE5D103E016B1BDF80200D7E70020A1
:1068C000D5E70000C0BB01202DE9F84F07464FF087
:1068D0000009802802D2B8B2BDE8F88F15484FF001
:1068E000FF320026D0F80510102502EBD1088246B1
:1068F000A8EB060006EB5004DAF8011009EB84005F
:1069000001440422684604F03BFDBDF80000B84293
:1069100009D001D2264600E0A046A5F101052D04CC
:106920002D0CE5D103E015B1BDF80200D4E700203D
:10693000D2E70000C0BB012030B5B0F5803F20D2C7
:1069400080B2B0F5805F01D21B4900E01B4931F8ED
:10695000022B002A15D0904213D331F8024B230AA0
:10696000E5B252FA84F4844221D9092B09D2DFE836
:1069700003F005090E10121416181A00801A31F8C7
:10698000100030BD811A01F00101401A0DE01038ED
:106990000BE0203809E0303807E01A3805E008300D
:1069A00003E0503801E0A0F5E35080B230BD002B89
:1069B000CDD101EB4501CAE748F000083AF20008E2
:1069C00070B50446C07903280FD1A669A56808E010
:1069D0006A1C2946206804F06BFE002806D16D1C55
:1069E000761E002EF4D10020E071002070BD70B53D
:1069F000044616460D46C0690FE0012802D92A1A3E
:106A0000921C00E03246291A491C206804F050FE0E
:106A1000002804D1E069401EE0610028EDD170BD7E
:106A20002DE9F0470646C0698D1E801E9146A8429A
:106A300000D800252C46A84600274FF4007A706B3A
:106A400000EB1431304604F06BFB18B14FF0FF300F
:106A5000BDE8F08704F0070201209040F269C4F31A
:106A6000C801C0B25346921E06EB010C641C9CF890
:106A70003CC00CEA000C4006000E944202D30024F5
:106A800020461946BCF1000F05D0A0460027AC42B5
:106A900007D10020DCE77F1C4F45F8D108F1020048
:106AA000D6E70028E0D10120491C9942DCD3C6E793
:106AB00073B504460568019801E0401C0190017817
:106AC0002F29FAD05C29F8D00020A060E06101985D
:106AD0000078202807D2802084F84B00002120462F
:106AE000FEF784FB7CBD01A92046FDF73DFE002892
:106AF000F8D12046FEF7DBF894F84B1028B10428B3
:106B0000F0D14907EED405207CBD4907FCD4A0791B
:106B1000C006F8D52878042809D0208EC0F30800D4
:106B2000411928463C3103F04DFCA060DBE7A0682A
:106B300020622069E17920F0FF0008436062E06C88
:106B4000A0622146284600F053FBCCE770B50D4DFE
:106B500000244FF44006641CE4B221223146094867
:106B600004F00EFC2878AA2809D01420FDF7FEFFB7
:106B70000A2CF0D32878AA2801D0012070BD00206B
:106B800070BD0000C0BB0120F0B514462DED028B96
:106B900083B00F469DED0A0A0B9D0646F8EE400AAB
:106BA00000EE103AB8EE401A80EE810ADFED150AC9
:106BB00020EE208A9FED140AB4EE480AF1EE10FA96
:106BC0001CD012A0CDE9004004EB440006EB5000BD
:106BD000029580B24FF4A073F02203F078FBBCEE74
:106BE000C80A10EE100AC2B2642A00D96422032334
:106BF00039463046CDE9004503F030FB03B0BDEC2B
:106C0000028BF0BD0000C84200007F432500000059
:106C10002DE9FF4F85B08948FF21DDF848A00170BC
:106C20004FF000086421404604F046FB07464FF44D
:106C30008051002004F040FB03904FF416710020B7
:106C400004F03AFB0646039818B317B30EB37C4D15
:106C500000246420FDF78AFF38460899F9F728FBDD
:106C600055F824103846F9F700FB394675A0FDF7B2
:106C70002DF9012239463046FFF75AFA814601467E
:106C800075A0FDF723F9B9F1000F12D048F0800884
:106C90001AE03146002004F0E1FA3946002004F001
:106CA000DDFA0020039904F0D9FA052009B0BDE807
:106CB000F08F3046FEF7D4FB01466CA0FDF706F9D5
:106CC000641CA4B2042CC4D33146002004F0C6FADC
:106CD000B8F1000F7DD107980024102600EB80004A
:106CE0000599800001EB50004FF6FF7B4FF478458B
:106CF00004905349079A10314FF4A07351F82410AF
:106D0000CDF808A0CDE90021DDE90501F02203F06E
:106D1000DEFA38460899F9F7CBFA494850F82410BA
:106D20003846F9F7A2FA394655A0FDF7CFF86A239D
:106D3000DC2240F212211420CDF800B002F02AFF2C
:106D400055A00096CDE901051023C82240F212217A
:106D50001E2003F0BCFA0096CDE901751023C8226D
:106D600040F21221B42003F0B2FA50A00096CDE90F
:106D700001051023142240F2122140F2811003F089
:106D8000A6FAE1B2CDE9001A0498DDE9061280B254
:106D90003B4600F095F881466A23DC2240F212213E
:106DA0001420CDF800B002F0F5FE41A00096CDE928
:106DB00001051023C82240F212211E2003F087FA99
:106DC0000096CDE901751023C82240F21221B420AB
:106DD00000E028E003F07BFA34A00096CDE901053D
:106DE0001023142240F2122140F2811003F06FFAB6
:106DF000B9F1000F0AD00020039904F02FFA3946A8
:106E0000002004F02BFA641CE0B24FE7641CA4B22B
:106E1000042CFFF46EAF0948AA21212201704FF41F
:106E2000400104F041FB3946002004F017FA00202D
:106E3000039904F013FA404638E70000C0BB012074
:106E4000ACEF00086F70656E20706E616D653A2062
:106E500025733B2000000000665F6F70656E207236
:106E6000657475726E203A25643B2000665F636C22
:106E70006F73652072657475726E203A25640A001E
:106E80007570646174696E6720706E616D653A201B
:106E900025733B20000000005570646174696E67C3
:106EA00020706E616D653A20000000003B200000FC
:106EB0005570646174656420706E616D653A200080
:106EC0002DE9FF4F002483B01F462646A0464FF40D
:106ED00016712046DDF840B004F0EEF9050001D14E
:106EE0004FF001084FF4805A5146002004F0E4F9B5
:106EF0005FEA000901D14FF0010801223946284616
:106F0000FFF716F9070048D1B8F1000F45D129491C
:106F10005FEA0B0007D001280BD002280CD0BBF190
:106F2000030F13D10BE0244C41F8014F286948604E
:106F30000CE051F8010F04E051F8090F01E051F89D
:106F4000110F4A6884188C602869C860D04602AB6B
:106F5000424649462846FFF73DFA07001AD1311943
:106F6000BDF80820484604F09FFABDF808000DF16E
:106F70000C0A06441198CDE900609AE807002B69D5
:106F8000FFF702FEBDF80800404503D11420FDF7CD
:106F9000EDFDDCE72846FEF763FA2946002004F001
:106FA0005DF94946002004F059F907B03846BDE8BC
:106FB000F08F0000C0BB01202100C00003490A6817
:106FC0005206FCD5C2B24A60704700000010014072
:106FD0002DE9FC4106460868306048687060088901
:106FE0003081887AB072052B11D91F4C0CE000213A
:106FF000921C1D46034665F35F034008DD0300D580
:107000006340491C1029F4D310880028EFD10724CD
:107010004FEA0D0503F00F001B093030392800D965
:10702000C01D2855641E01D0002BF3D17E202855A9
:107030000027A4F1010806E0FDF789FD10B14745DE
:1070400006D07F1C7F1CA74202D2F05D2028F3D11E
:10705000082C02D2285D641C00E02020F0557F1C23
:10706000082FF5D3BDE8FC81211001002DE9F04186
:1070700006680C46022973D3F169A14270D93278AF
:107080004FF0FF35012A09D0022A2CD0E90D01EA80
:107090008407032A36D0042A7ED141E0B06A04EB8B
:1070A000540700EB5721304604F03AF8002874D119
:1070B000C7F3080030447F1C90F83C80B06A00EBB6
:1070C0005721304604F02CF848BBC7F30800304481
:1070D00090F83C1048EA0120E10701D005095CE086
:1070E000C0F30B0559E0B06A00EB1421304604F000
:1070F00017F8A0B9E0B206EB40003C3003F0ABF962
:1071000005464AE0B06A00EBD411304604F008F8B6
:1071100028B9B8193C3003F068F920F070453CE01C
:10712000D0E9041251EA020301D083680BB9C37994
:10713000B3B98368E31A491E42F1FF32490A41EAB2
:10714000C2517289B1FBF2FCC1796FF00042022991
:1071500007D003290DD002291ED0C06920B90DE047
:107160001AE0634518D801D1154616E004F101056F
:1071700013E081699942F0D9651C0EE0B06A00EB1A
:10718000D411304603F0CCFF38B9B8193C3003F0C5
:107190002CF920F0004500E001252846BDE8F081EB
:1071A00010B504464FF0FF3021680A0011D000BF2F
:1071B00011F8013B202B0DD33A2BF9D11378303B3A
:1071C000092B06D8921C8A4203D1022B01DA1846F9
:1071D000216010BD002010BD10B50448FAF720FF53
:1071E000042801D0012010BD002010BD30BF0120B7
:1071F00070B5054600690C46343003F0F6F8A0601F
:107200002869383003F0FCF8C4E90401286990F8D3
:10721000210000F00200E0710020E06170BD00007C
:1072200070B50A490646002408884D882146454322
:10723000204602F02BFF03F0B5F84FF0D84002E0F3
:10724000A0F88060641CAC42FAD370BDA00200209C
:107250002DE9F04F38492C260A46887192884FF460
:10726000305A4FF4285B41F6631E2B274FF02A0C4F
:107270004FF0F00845F210594FF448754FF4A074E0
:107280004FF4F07358B10C80A1F802804A4530D118
:10729000A1F808A0A1F80AB03802888141E0A1F85D
:1072A00000804C804A4507D1A1F808A0A1F80AB097
:1072B0004FF42C50888105E072450E8105D14F8135
:1072C000A1F80CC00B804D8002E0A1F80AC08F81AC
:1072D000A2F5A640103803D0A2F5EE40963801D1B1
:1072E0000C804B80A2F5184006381FD10B804D80D2
:1072F0001CE0724511D0A2F5184006380DD00E8161
:10730000A1F80AC0A1F80C70A2F5A64010380BD065
:10731000A2F5EE40963807D008E00E81A1F80AC029
:107320008F810D804B80EFE70B804C80BDE8F04FE4
:10733000002002F0CBBD0000A002002010B51446D2
:1073400002F0A4FE03F02EF84FF0D840A0F88040E1
:1073500010BD10B5CF2003F019F8002003F00AF893
:10736000C12003F007F8302003F004F8ED2003F00B
:107370000DF8642002F0FEFF032002F0FBFF122054
:1073800002F0F8FF812002F0F5FFE82002F0FEFF96
:10739000852002F0EFFF102002F0ECFF7A2002F0CF
:1073A000E9FFCB2002F0F2FF392002F0E3FF2C20AE
:1073B00002F0E0FF002002F0DDFF342002F0DAFFEF
:1073C000022002F0D7FFF72002F0E0FF202002F0B9
:1073D000D1FFEA2002F0DAFF002002F0CBFF00200C
:1073E00002F0C8FFC02002F0D1FF1B2002F0C2FF54
:1073F000C12002F0CBFF012002F0BCFFC52002F04B
:10740000C5FF302002F0B6FF302002F0B3FFC720E6
:1074100002F0BCFFB72002F0ADFF362002F0B6FF4D
:10742000482002F0A7FF3A2002F0B0FF552002F0FA
:10743000A1FFB12002F0AAFF002002F09BFF1A205A
:1074400002F098FFB62002F0A1FF0A2002F092FF9E
:10745000A22002F08FFFF22002F098FF002002F03D
:1074600089FF262002F092FF012002F083FFE02036
:1074700002F08CFF0F2002F07DFF2A2002F07AFF3D
:10748000282002F077FF082002F074FF0E2002F09F
:1074900071FF082002F06EFF542002F06BFFA9205C
:1074A00002F068FF432002F065FF0A2002F062FF4D
:1074B0000F2002F05FFF002002F05CFF002002F0CE
:1074C00059FF002002F056FF002002F053FFE12098
:1074D00002F05CFF002002F04DFF152002F04AFF91
:1074E000172002F047FF072002F044FF112002F0AE
:1074F00041FF062002F03EFF2B2002F03BFF56200A
:1075000002F038FF3C2002F035FF052002F032FF88
:10751000102002F02FFF0F2002F02CFF3F2002F07E
:1075200029FF3F2002F026FF0F2002F023FF2B202F
:1075300002F02CFF002002F01DFF002002F01AFFD5
:10754000012002F017FF3F2002F014FF2A2002F072
:107550001DFF002002F00EFF002002F00BFF0020B4
:1075600002F008FFEF2002F005FF112002F00EFFED
:107570007820FDF7FBFABDE81040292002F006BF95
:1075800010B5FF2002F002FFFF2002F0F3FE98206A
:1075900002F0F0FE062002F0EDFEBC2002F0F6FE46
:1075A000012002F0E7FE0F2002F0E4FE612002F06D
:1075B000E1FEFF2002F0DEFE012002F0DBFE0120F2
:1075C00002F0D8FE0B2002F0D5FE102002F0D2FE11
:1075D000372002F0CFFE632002F0CCFEFF2002F045
:1075E000C9FEFF2002F0C6FE012002F0C3FE01200A
:1075F00002F0C0FE002002F0BDFE002002F0BAFE44
:10760000FF2002F0B7FE522002F0B4FE012002F08B
:10761000B1FE002002F0AEFE402002F0ABFEBD2025
:1076200002F0B4FE012002F0A5FE232002F0A2FE2B
:10763000452002F09FFE672002F09CFE012002F030
:1076400099FE232002F096FE452002F093FE67206B
:1076500002F090FEBE2002F099FE002002F08AFEA9
:10766000012002F087FEAB2002F084FE602002F0D1
:1076700081FE222002F07EFE222002F07BFE2220EC
:1076800002F078FE222002F075FE222002F072FE47
:10769000C72002F07BFE362002F06CFEED2002F0E7
:1076A00075FE7F2002F066FE0F2002F063FEC02010
:1076B00002F06CFE0F2002F05DFE0B2002F05AFE7D
:1076C0000A2002F057FEFC2002F060FE082002F0C3
:1076D00051FEDF2002F05AFE002002F04BFE002097
:1076E00002F048FE002002F045FE002002F042FEBB
:1076F000002002F03FFE202002F03CFEF32002F0CA
:1077000045FE742002F036FEB42002F03FFE002059
:1077100002F030FE002002F02DFE002002F02AFED2
:10772000F72002F033FE822002F024FEB12002F0A6
:107730002DFE002002F01EFE132002F01BFE13207F
:1077400002F018FEF22002F021FE802002F012FE6C
:10775000042002F00FFE402002F00CFE282002F070
:1077600009FEC12002F012FE172002F003FE88205D
:1077700002F000FE882002F0FDFD202002F0FAFD5C
:10778000E02002F003FE002002F0F4FD0A2002F0E7
:10779000F1FD122002F0EEFD102002F0EBFD0E20B4
:1077A00002F0E8FD202002F0E5FDCC2002F0E2FD31
:1077B000072002F0DFFD062002F0DCFD0B2002F0C6
:1077C000D9FD0E2002F0D6FD0F2002F0D3FD0D20D2
:1077D00002F0D0FD152002F0CDFD102002F0CAFD10
:1077E000002002F0C7FDE12002F0D0FD002002F0F1
:1077F000C1FD0B2002F0BEFD132002F0BBFD0D20E9
:1078000002F0B8FD0E2002F0B5FD1B2002F0B2FD23
:10781000712002F0AFFD062002F0ACFD062002F060
:10782000A9FD0A2002F0A6FD0F2002F0A3FD0E2004
:1078300002F0A0FD0F2002F09DFD152002F09AFD40
:107840000C2002F097FD002002F094FD2A2002F0A7
:107850009DFD002002F08EFD002002F08BFD012036
:1078600002F088FDDF2002F085FD2B2002F08EFD66
:10787000002002F07FFD002002F07CFD032002F0DA
:1078800079FD1F2002F076FD3A2002F07FFD5520A1
:1078900002F070FD362002F079FD002002F06AFD52
:1078A000112002F073FD7820FDF760F9292002F025
:1078B0006DFD1420FDF75AF9BDE810402C2002F0B0
:1078C00065BD10B5ED2002F061FD012002F052FD12
:1078D000FE2002F04FFDEE2002F058FDDE2002F007
:1078E00049FD212002F046FDF12002F04FFD01206C
:1078F00002F040FDDF2002F049FD102002F03AFDC9
:10790000C42002F043FD8F2002F034FDC62002F0B7
:107910003DFD002002F02EFDE22002F02BFDE220D2
:1079200002F028FDE22002F025FDBF2002F02EFD2E
:10793000AA2002F01FFDB02002F028FD0D2002F069
:1079400019FD002002F016FD0D2002F013FD0020AD
:1079500002F010FD112002F00DFD002002F00AFDE2
:10796000192002F007FD002002F004FD212002F0A2
:1079700001FD002002F0FEFC2D2002F0FBFC0020A7
:1079800002F0F8FC3D2002F0F5FC002002F0F2FCD1
:107990005D2002F0EFFC002002F0ECFC5D2002F024
:1079A000E9FC002002F0E6FCB12002F0EFFC8020B0
:1079B00002F0E0FC002002F0DDFC8B2002F0DAFC9B
:1079C000002002F0D7FC962002F0D4FC002002F048
:1079D000D1FCB22002F0DAFC002002F0CBFC002047
:1079E00002F0C8FC022002F0C5FC002002F0C2FC3C
:1079F000032002F0BFFC002002F0BCFCB32002F028
:107A0000C5FC002002F0B6FC002002F0B3FC002010
:107A100002F0B0FC002002F0ADFC002002F0AAFC55
:107A2000002002F0A7FC002002F0A4FC002002F0DD
:107A3000A1FC002002F09EFC002002F09BFC002034
:107A400002F098FC002002F095FC002002F092FC6D
:107A5000002002F08FFC002002F08CFC002002F0DD
:107A600089FC002002F086FC002002F083FC00204C
:107A700002F080FC002002F07DFC002002F07AFC85
:107A8000002002F077FC002002F074FC002002F0DD
:107A900071FCB42002F07AFC8B2002F06BFC002019
:107AA00002F068FC962002F065FC002002F062FC07
:107AB000A12002F05FFC002002F05CFCB52002F087
:107AC00065FC022002F056FC002002F053FC03206B
:107AD00002F050FC002002F04DFC042002F04AFCB1
:107AE000002002F047FCB62002F050FC002002F01B
:107AF00041FC002002F03EFCB72002F047FC0020D1
:107B000002F038FC002002F035FC3F2002F032FC8D
:107B1000002002F02FFC5E2002F02CFC002002F07E
:107B200029FC642002F026FC002002F023FC8C20BB
:107B300002F020FC002002F01DFCAC2002F01AFC38
:107B4000002002F017FCDC2002F014FC002002F000
:107B500011FC702002F00EFC002002F00BFC9020C3
:107B600002F008FC002002F005FCEB2002F002FC11
:107B7000002002F0FFFBDC2002F0FCFB002002F002
:107B8000F9FBB82002F002FC002002F0F3FB002019
:107B900002F0F0FB002002F0EDFB002002F0EAFB17
:107BA000002002F0E7FB002002F0E4FB002002F0DE
:107BB000E1FB002002F0DEFBBA2002F0E7FB24200C
:107BC00002F0D8FB002002F0D5FB002002F0D2FB2F
:107BD000002002F0CFFBC12002F0D8FB202002F0F1
:107BE000C9FB002002F0C6FB542002F0C3FB0020BA
:107BF00002F0C0FBFF2002F0BDFB002002F0BAFB48
:107C0000C22002F0C3FB0A2002F0B4FB002002F005
:107C1000B1FB042002F0AEFB002002F0ABFBC3205E
:107C200002F0B4FB3C2002F0A5FB002002F0A2FB16
:107C30003A2002F09FFB002002F09CFB392002F06A
:107C400099FB002002F096FB372002F093FB002006
:107C500002F090FB3C2002F08DFB002002F08AFB3A
:107C6000362002F087FB002002F084FB322002F075
:107C700081FB002002F07EFB2F2002F07BFB002026
:107C800002F078FB2C2002F075FB002002F072FB62
:107C9000292002F06FFB002002F06CFB262002F08E
:107CA00069FB002002F066FB242002F063FB002049
:107CB00002F060FB242002F05DFB002002F05AFB82
:107CC000232002F057FB002002F054FB3C2002F07E
:107CD00051FB002002F04EFB362002F04BFB00204F
:107CE00002F048FB322002F045FB002002F042FB8C
:107CF0002F2002F03FFB002002F03CFB2C2002F082
:107D000039FB002002F036FB292002F033FB002073
:107D100002F030FB262002F02DFB002002F02AFBAF
:107D2000242002F027FB002002F024FB242002F094
:107D300021FB002002F01EFB232002F01BFB002091
:107D400002F018FBC42002F021FB622002F012FBBB
:107D5000002002F00FFB052002F00CFB002002F0D7
:107D600009FB842002F006FB002002F003FBF02058
:107D700002F000FB002002F0FDFA182002F0FAFAEF
:107D8000002002F0F7FAA42002F0F4FA002002F03A
:107D9000F1FA182002F0EEFA002002F0EBFA50207F
:107DA00002F0E8FA002002F0E5FA0C2002F0E2FA14
:107DB000002002F0DFFA172002F0DCFA002002F0C7
:107DC000D9FA952002F0D6FA002002F0D3FAF32077
:107DD00002F0D0FA002002F0CDFAE62002F0CAFA52
:107DE000002002F0C7FAC52002F0D0FA322002F0DB
:107DF000C1FA002002F0BEFA442002F0BBFA0020D3
:107E000002F0B8FA652002F0B5FA002002F0B2FAEA
:107E1000762002F0AFFA002002F0ACFA882002F0DF
:107E2000A9FA002002F0A6FAC62002F0AFFA20203C
:107E300002F0A0FA002002F09DFA172002F09AFA50
:107E4000002002F097FA012002F094FA002002F0DC
:107E500091FAC72002F09AFA002002F08BFA002073
:107E600002F088FA002002F085FA002002F082FA7F
:107E7000C82002F08BFA002002F07CFA002002F009
:107E800079FA002002F076FA002002F073FAC92095
:107E900002F07CFA002002F06DFA002002F06AFA8B
:107EA000002002F067FA002002F064FA002002F0DD
:107EB00061FA002002F05EFA002002F05BFA002076
:107EC00002F058FA002002F055FA002002F052FAAF
:107ED000002002F04FFA002002F04CFA002002F0DD
:107EE00049FA002002F046FA002002F043FA00208E
:107EF00002F040FAE02002F049FA162002F03AFAC5
:107F0000002002F037FA1C2002F034FA002002F0C0
:107F100031FA212002F02EFA002002F02BFA36204E
:107F200002F028FA002002F025FA462002F022FA98
:107F3000002002F01FFA522002F01CFA002002F08A
:107F400019FA642002F016FA002002F013FA7A20DF
:107F500002F010FA002002F00DFA8B2002F00AFA6B
:107F6000002002F007FA992002F004FA002002F043
:107F700001FAA82002F0FEF9002002F0FBF9B92076
:107F800002F0F8F9002002F0F5F9C42002F0F2F94D
:107F9000002002F0EFF9CA2002F0ECF9002002F014
:107FA000E9F9D22002F0E6F9002002F0E3F9D92045
:107FB00002F0E0F9002002F0DDF9E02002F0DAF949
:107FC000002002F0D7F9F32002F0D4F9002002F0EB
:107FD000D1F9E12002F0DAF9162002F0CBF9002005
:107FE00002F0C8F91C2002F0C5F9002002F0C2F925
:107FF000222002F0BFF9002002F0BCF9362002F086
:10800000B9F9002002F0B6F9452002F0B3F90020DA
:1080100002F0B0F9522002F0ADF9002002F0AAF906
:10802000642002F0A7F9002002F0A4F97A2002F0FF
:10803000A1F9002002F09EF98B2002F09BF90020AC
:1080400002F098F9992002F095F9002002F092F9D7
:10805000A82002F08FF9002002F08CF9B92002F07C
:1080600089F9002002F086F9C42002F083F900208B
:1080700002F080F9CA2002F07DF9002002F07AF9BE
:10808000D22002F077F9002002F074F9D82002F033
:1080900071F9002002F06EF9E02002F06BF9002087
:1080A00002F068F9F32002F065F9002002F062F9AD
:1080B000E22002F06BF9052002F05CF9002002F0EA
:1080C00059F90B2002F056F9002002F053F91B2059
:1080D00002F050F9002002F04DF9342002F04AF984
:1080E000002002F047F9442002F044F9002002F099
:1080F00041F94F2002F03EF9002002F03BF96120E7
:1081000002F038F9002002F035F9792002F032F956
:10811000002002F02FF9882002F02CF9002002F054
:1081200029F9972002F026F9002002F023F9A62071
:1081300002F020F9002002F01DF9B72002F01AF930
:10814000002002F017F9C22002F014F9002002F01A
:1081500011F9C72002F00EF9002002F00BF9D1202E
:1081600002F008F9002002F005F9D62002F002F929
:10817000002002F0FFF8DD2002F0FCF8002002F001
:10818000F9F8F32002F0F6F8002002F0F3F8E3200B
:1081900002F0FCF8052002F0EDF8002002F0EAF809
:1081A0000A2002F0E7F8002002F0E4F81C2002F0B8
:1081B000E1F8002002F0DEF8332002F0DBF80020C6
:1081C00002F0D8F8442002F0D5F8002002F0D2F8EE
:1081D000502002F0CFF8002002F0CCF8622002F02C
:1081E000C9F8002002F0C6F8782002F0C3F8002099
:1081F00002F0C0F8882002F0BDF8002002F0BAF8C2
:10820000972002F0B7F8002002F0B4F8A62002F0A0
:10821000B1F8002002F0AEF8B72002F0ABF8002071
:1082200002F0A8F8C22002F0A5F8002002F0A2F89F
:10823000C72002F09FF8002002F09CF8D12002F045
:1082400099F8002002F096F8D52002F093F800206B
:1082500002F090F8DD2002F08DF8002002F08AF89C
:10826000F32002F087F8002002F084F8E42002F006
:108270008DF8012002F07EF8002002F07BF801204A
:1082800002F078F8002002F075F8022002F072F88F
:10829000002002F06FF82A2002F06CF8002002F0B3
:1082A00069F83C2002F066F8002002F063F84B20E9
:1082B00002F060F8002002F05DF85D2002F05AF84C
:1082C000002002F057F8742002F054F8002002F069
:1082D00051F8842002F04EF8002002F04BF8932071
:1082E00002F048F8002002F045F8A22002F042F81F
:1082F000002002F03FF8B32002F03CF8002002F02A
:1083000039F8BE2002F036F8002002F033F8C4201D
:1083100002F030F8002002F02DF8CD2002F02AF80B
:10832000002002F027F8D32002F024F8002002F009
:1083300021F8DD2002F01EF8002002F01BF8F320E7
:1083400002F018F8002002F015F8E52002F01EF8FF
:10835000002002F00FF8002002F00CF8002002F0DC
:1083600009F8002002F006F8022002F003F80020CD
:1083700002F000F8292001F0FDFF002001F0FAFFD3
:108380003C2001F0F7FF002001F0F4FF4B2001F04A
:10839000F1FF002001F0EEFF5D2001F0EBFF002077
:1083A00001F0E8FF742001F0E5FF002001F0E2FF9A
:1083B000842001F0DFFF002001F0DCFF932001F0BA
:1083C000D9FF002001F0D6FFA22001F0D3FF00204A
:1083D00001F0D0FFB32001F0CDFF002001F0CAFF73
:1083E000BE2001F0C7FF002001F0C4FFC42001F04F
:1083F000C1FF002001F0BEFFCD2001F0BBFF002037
:1084000001F0B8FFD32001F0B5FF002001F0B2FF6A
:10841000DC2001F0AFFF002001F0ACFFF32001F001
:10842000A9FF002001F0A6FFE62001F0AFFF112018
:1084300001F0A0FF002001F09DFF342001F09AFF21
:10844000002001F097FF562001F094FF002001F07A
:1084500091FF762001F08EFF002001F08BFF772046
:1084600001F088FF002001F085FF662001F082FF07
:10847000002001F07FFF882001F07CFF002001F048
:1084800079FF992001F076FF002001F073FFBB20F7
:1084900001F070FF002001F06DFF992001F06AFFEC
:1084A000002001F067FF662001F064FF002001F06A
:1084B00061FF552001F05EFF002001F05BFF5520B9
:1084C00001F058FF002001F055FF452001F052FF58
:1084D000002001F04FFF432001F04CFF002001F08D
:1084E00049FF442001F046FF002001F043FFE72050
:1084F00001F04CFF322001F03DFF002001F03AFF77
:10850000552001F037FF002001F034FF762001F004
:1085100031FF002001F02EFF662001F02BFF00202C
:1085200001F028FF672001F025FF002001F022FF65
:10853000672001F01FFF002001F01CFF872001F0E1
:1085400019FF002001F016FF992001F013FF002011
:1085500001F010FFBB2001F00DFF002001F00AFF29
:10856000992001F007FF002001F004FF772001F0BF
:1085700001FF002001F0FEFE442001F0FBFE002080
:1085800001F0F8FE562001F0F5FE002001F0F2FEA9
:10859000232001F0EFFE002001F0ECFE332001F07B
:1085A000E9FE002001F0E6FE452001F0E3FE002098
:1085B00001F0E0FEE82001F0E9FE002001F0DAFE23
:1085C000002001F0D7FE992001F0D4FE002001F038
:1085D000D1FE872001F0CEFE002001F0CBFE8820E6
:1085E00001F0C8FE002001F0C5FE772001F0C2FEB8
:1085F000002001F0BFFE662001F0BCFE002001F06B
:10860000B9FE882001F0B6FE002001F0B3FEAA20DA
:1086100001F0B0FE002001F0ADFEBB2001F0AAFE8B
:10862000002001F0A7FE992001F0A4FE002001F037
:10863000A1FE662001F09EFE002001F09BFE552069
:1086400001F098FE002001F095FE552001F092FE09
:10865000002001F08FFE442001F08CFE002001F08C
:1086600089FE442001F086FE002001F083FE5520A3
:1086700001F080FE002001F07DFEE92001F086FE81
:10868000AA2001F077FE002001F074FE002001F026
:1086900071FE002001F06EFE002001F077FEAA209E
:1086A00001F068FECF2001F071FE002001F062FEB3
:1086B000002001F05FFE002001F05CFE002001F0D0
:1086C00059FE002001F056FE002001F053FE00206C
:1086D00001F050FE002001F04DFE002001F04AFEA6
:1086E000002001F047FE002001F044FE002001F0D0
:1086F00041FE002001F03EFE002001F03BFE002084
:1087000001F038FE002001F035FE002001F032FEBD
:10871000F02001F03BFE002001F02CFE502001F083
:1087200029FE002001F026FE002001F023FE00209B
:1087300001F020FEF32001F029FE002001F01AFED6
:10874000F92001F023FE062001F014FE102001F0B4
:1087500011FE292001F00EFE002001F00BFE3A2050
:1087600001F014FE552001F005FE112001F00EFE6F
:108770006420FCF7FBF9292001F008FE352001F008
:1087800005FE002001F0F6FD512001F0FFFDFF2065
:1087900001F0F0FD532001F0F9FD2C2001F0EAFD7D
:1087A000552001F0F3FD822001F0E4FDBDE810400A
:1087B0002C2001F0EBBD2DE9F05F4FF47043552103
:1087C000184601F0F9FD4FF20104AA21204601F0FC
:1087D000F3FD651C5221284601F0EEFDA61C082180
:1087E000304601F0E9FDE71C0121384601F0E4FDC7
:1087F0000D214FF4304001F0DFFD0D214BF201005F
:1088000001F0DAFD0D214BF2020001F0D5FD4FF42D
:1088100036483421404601F0CFFD34214BF201604F
:1088200001F0CAFD34214BF2026001F0C5FD4FF4A6
:1088300031490D21484601F0BFFD4BF2011A0D21CF
:10884000504601F0B9FD0D214BF2021001F0B4FDCC
:108850004FF4374B3421584601F0AEFD34214BF232
:10886000017001F0A9FD34214BF2027001F0A4FD6A
:1088700000214FF4324001F09FFD00214BF2012016
:1088800001F09AFD00214BF2022001F095FD242118
:108890004FF4384001F090FD24214BF6010001F027
:1088A0008BFD24214BF6020001F086FD01214FF4DF
:1088B0003F4001F081FD0F214FF4334001F07CFD7A
:1088C0000F214BF2013001F077FD0F214BF2023006
:1088D00001F072FD34214FF4394001F06DFD342177
:1088E0004BF6011001F068FD34214BF6021001F047
:1088F00063FD08214FF4354001F05EFD08214BF285
:10890000015001F059FD08214BF2025001F054FDD5
:1089100003214FF4424001F04FFD24214FF43A402F
:1089200001F04AFD24214BF6012001F045FD2421F0
:108930004BF6022001F040FD00214FF43C4001F0D5
:108940003BFD78214BF6014001F036FD00214BF64E
:10895000024001F031FD00214FF43D4001F02CFDBB
:1089600078214BF6015001F027FD00214BF6025013
:1089700001F022FD00214FF43E4001F01DFD642175
:108980004BF6016001F018FD00214FF4514001F059
:1089900013FD33214DF2011001F00EFD00214DF2C7
:1089A000021001F009FD34214DF2031001F004FD25
:1089B00000214DF2041001F0FFFC3A214DF20510A8
:1089C00001F0FAFC00214DF2061001F0F5FC4A21FD
:1089D0004DF2071001F0F0FC00214DF2081001F0FB
:1089E000EBFC5C214DF2091001F0E6FC00214DF298
:1089F0000A1001F0E1FC81214DF20B1001F0DCFCCA
:108A000000214DF20C1001F0D7FCA6214DF20D1003
:108A100001F0D2FC00214DF20E1001F0CDFCE52159
:108A20004DF20F1001F0C8FC01214DF2101001F0C1
:108A3000C3FC13214DF2111001F0BEFC01214DF2D7
:108A4000121001F0B9FC54214DF2131001F0B4FCE6
:108A500001214DF2141001F0AFFC82214DF21510EE
:108A600001F0AAFC01214DF2161001F0A5FCCA216B
:108A70004DF2171001F0A0FC02214DF2181001F088
:108A80009BFC00214DF2191001F096FC02214DF2E1
:108A90001A1001F091FC01214DF21B1001F08CFC29
:108AA00002214DF21C1001F087FC34214DF21D1003
:108AB00001F082FC02214DF21E1001F07DFC6721C5
:108AC0004DF21F1001F078FC02214DF2201001F050
:108AD00073FC84214DF2211001F06EFC02214DF255
:108AE000221001F069FCA4214DF2231001F064FC76
:108AF00002214DF2241001F05FFCB7214DF2251048
:108B000001F05AFC02214DF2261001F055FCCF2154
:108B10004DF2271001F050FC02214DF2281001F017
:108B20004BFCDE214DF2291001F046FC02214DF2F2
:108B30002A1001F041FCF2214DF22B1001F03CFC17
:108B400002214DF22C1001F037FCFE214DF22D10C8
:108B500001F032FC03214DF22E1001F02DFC10210A
:108B60004DF22F1001F028FC03214DF2301001F0DE
:108B700023FC33214DF2311001F01EFC03214DF294
:108B8000321001F019FC6D214DF2331001F014FC8C
:108B900000214FF4524001F00FFC33214DF201202F
:108BA00001F00AFC00214DF2022001F005FC342105
:108BB0004DF2032001F000FC00214DF2042001F0F1
:108BC000FBFB3A214DF2052001F0F6FB00214DF2AE
:108BD000062001F0F1FB4A214DF2072001F0ECFBE9
:108BE00000214DF2082001F0E7FB5C214DF2092045
:108BF00001F0E2FB00214DF20A2001F0DDFB8121B2
:108C00004DF20B2001F0D8FB00214DF20C2001F0B9
:108C1000D3FBA6214DF20D2001F0CEFB00214DF239
:108C20000E2001F0C9FBE5214DF20F2001F0C4FB3D
:108C300001214DF2102001F0BFFB13214DF2112054
:108C400001F0BAFB01214DF2122001F0B5FB5421D5
:108C50004DF2132001F0B0FB01214DF2142001F080
:108C6000ABFB82214DF2152001F0A6FB01214DF254
:108C7000162001F0A1FBCA214DF2172001F09CFB48
:108C800002214DF2182001F097FB00214DF219202E
:108C900001F092FB02214DF21A2001F08DFB01211F
:108CA0004DF21B2001F088FB02214DF21C2001F047
:108CB00083FB34214DF21D2001F07EFB02214DF299
:108CC0001E2001F079FB67214DF21F2001F074FB9B
:108CD00002214DF2202001F06FFB84214DF2212072
:108CE00001F06AFB02214DF2222001F065FBA42174
:108CF0004DF2232001F060FB02214DF2242001F00F
:108D00005BFBB7214DF2252001F056FB02214DF20D
:108D1000262001F051FBCF214DF2272001F04CFB22
:108D200002214DF2282001F047FBDE214DF22920DF
:108D300001F042FB02214DF22A2001F03DFBF2211D
:108D40004DF22B2001F038FB02214DF22C2001F0D6
:108D500033FBFE214DF22D2001F02EFB03214DF2BD
:108D60002E2001F029FB10214DF22F2001F024FBD1
:108D700003214DF2302001F01FFB33214DF2312051
:108D800001F01AFB03214DF2322001F015FB6D2199
:108D90004DF2332001F010FB00214FF4534001F05D
:108DA0000BFB33214DF2013001F006FB00214DF2A7
:108DB000023001F001FB34214DF2033001F0FCFAE6
:108DC00000214DF2043001F0F7FA3A214DF205305E
:108DD00001F0F2FA00214DF2063001F0EDFA4A21DD
:108DE0004DF2073001F0E8FA00214DF2083001F0B1
:108DF000E3FA5C214DF2093001F0DEFA00214DF278
:108E00000A3001F0D9FA81214DF20B3001F0D4FA89
:108E100000214DF20C3001F0CFFAA6214DF20D30B9
:108E200001F0CAFA00214DF20E3001F0C5FAE52139
:108E30004DF20F3001F0C0FA01214DF2103001F077
:108E4000BBFA13214DF2113001F0B6FA01214DF2B7
:108E5000123001F0B1FA54214DF2133001F0ACFAA6
:108E600001214DF2143001F0A7FA82214DF21530A4
:108E700001F0A2FA01214DF2163001F09DFACA214B
:108E80004DF2173001F098FA02214DF2183001F03E
:108E900093FA00214DF2193001F08EFA02214DF2C1
:108EA0001A3001F089FA01214DF21B3001F084FAE9
:108EB00002214DF21C3001F07FFA34214DF21D30B9
:108EC00001F07AFA02214DF21E3001F075FA6721A5
:108ED0004DF21F3001F070FA02214DF2203001F006
:108EE0006BFA84214DF2213001F066FA02214DF235
:108EF000223001F061FAA4214DF2233001F05CFA36
:108F000002214DF2243001F057FAB7214DF22530FD
:108F100001F052FA02214DF2263001F04DFACF2134
:108F20004DF2273001F048FA02214DF2283001F0CD
:108F300043FADE214DF2293001F03EFA02214DF2D2
:108F40002A3001F039FAF2214DF22B3001F034FAD7
:108F500002214DF22C3001F02FFAFE214DF22D307E
:108F600001F02AFA03214DF22E3001F025FA1021EA
:108F70004DF22F3001F020FA03214DF2303001F094
:108F80001BFA33214DF2313001F016FA03214DF274
:108F9000323001F011FA6D214DF2333001F00CFA4C
:108FA00000214FF4544001F007FA33214DF2014003
:108FB00001F002FA00214DF2024001F0FDF93421E6
:108FC0004DF2034001F0F8F900214DF2044001F0A8
:108FD000F3F93A214DF2054001F0EEF900214DF28E
:108FE000064001F0E9F94A214DF2074001F0E4F9A9
:108FF00000214DF2084001F0DFF95C214DF20940FB
:1090000001F0DAF900214DF20A4001F0D5F9812191
:109010004DF20B4001F0D0F900214DF20C4001F06F
:10902000CBF9A6214DF20D4001F0C6F900214DF219
:109030000E4001F0C1F9E5214DF20F4001F0BCF9FD
:1090400001214DF2104001F0B7F913214DF211400A
:1090500001F0B2F901214DF2124001F0ADF95421B5
:109060004DF2134001F0A8F901214DF2144001F036
:10907000A3F982214DF2154001F09EF901214DF234
:10908000164001F099F9CA214DF2174001F094F908
:1090900002214DF2184001F08FF900214DF21940E4
:1090A00001F08AF902214DF21A4001F085F90121FF
:1090B0004DF21B4001F080F902214DF21C4001F0FD
:1090C0007BF934214DF21D4001F076F902214DF279
:1090D0001E4001F071F967214DF21F4001F06CF95B
:1090E00002214DF2204001F067F984214DF2214028
:1090F00001F062F902214DF2224001F05DF9A42154
:109100004DF2234001F058F902214DF2244001F0C4
:1091100053F9B7214DF2254001F04EF902214DF2ED
:10912000264001F049F9CF214DF2274001F044F9E2
:1091300002214DF2284001F03FF9DE214DF2294095
:1091400001F03AF902214DF22A4001F035F9F221FD
:109150004DF22B4001F030F902214DF22C4001F08C
:109160002BF9FE214DF22D4001F026F903214DF29D
:109170002E4001F021F910214DF22F4001F01CF991
:1091800003214DF2304001F017F933214DF2314007
:1091900001F012F903214DF2324001F00DF96D2179
:1091A0004DF2334001F008F900214FF4554001F031
:1091B00003F933214DF2015001F0FEF800214DF288
:1091C000025001F0F9F834214DF2035001F0F4F8A7
:1091D00000214DF2045001F0EFF83A214DF2055014
:1091E00001F0EAF800214DF2065001F0E5F84A21BD
:1091F0004DF2075001F0E0F800214DF2085001F067
:10920000DBF85C214DF2095001F0D6F800214DF257
:109210000A5001F0D1F881214DF20B5001F0CCF849
:1092200000214DF20C5001F0C7F8A6214DF20D506F
:1092300001F0C2F800214DF20E5001F0BDF8E52119
:109240004DF20F5001F0B8F801214DF2105001F02D
:10925000B3F813214DF2115001F0AEF801214DF297
:10926000125001F0A9F854214DF2135001F0A4F866
:1092700001214DF2145001F09FF882214DF215505A
:1092800001F09AF801214DF2165001F095F8CA212B
:109290004DF2175001F090F802214DF2185001F0F4
:1092A0008BF800214DF2195001F086F802214DF2A1
:1092B0001A5001F081F801214DF21B5001F07CF8A9
:1092C00002214DF21C5001F077F834214DF21D506F
:1092D00001F072F802214DF21E5001F06DF8672185
:1092E0004DF21F5001F068F802214DF2205001F0BC
:1092F00063F884214DF2215001F05EF802214DF215
:10930000225001F059F8A4214DF2235001F054F8F5
:1093100002214DF2245001F04FF8B7214DF22550B3
:1093200001F04AF802214DF2265001F045F8CF2114
:109330004DF2275001F040F802214DF2285001F083
:109340003BF8DE214DF2295001F036F802214DF2B2
:109350002A5001F031F8F2214DF22B5001F02CF897
:1093600002214DF22C5001F027F8FE214DF22D5034
:1093700001F022F803214DF22E5001F01DF81021CA
:109380004DF22F5001F018F803214DF2305001F04A
:1093900013F833214DF2315001F00EF803214DF254
:1093A000325001F009F86D214DF2335001F004F80C
:1093B00000214FF4564000F0FFFF33214DF20160D1
:1093C00000F0FAFF00214DF2026000F0F5FF3421B9
:1093D0004DF2036000F0F0FF00214DF2046000F058
:1093E000EBFF3A214DF2056000F0E6FF00214DF25F
:1093F000066000F0E1FF4A214DF2076000F0DCFF5B
:1094000000214DF2086000F0D7FF5C214DF20960A9
:1094100000F0D2FF00214DF20A6000F0CDFF812163
:109420004DF20B6000F0C8FF00214DF20C6000F01F
:10943000C3FFA6214DF20D6000F0BEFF00214DF2EA
:109440000E6000F0B9FFE5214DF20F6000F0B4FFAF
:1094500001214DF2106000F0AFFF13214DF21160B9
:1094600000F0AAFF01214DF2126000F0A5FF542187
:109470004DF2136000F0A0FF01214DF2146000F0E6
:109480009BFF82214DF2156000F096FF01214DF205
:10949000166000F091FFCA214DF2176000F08CFFBA
:1094A00002214DF2186000F087FF00214DF2196093
:1094B00000F082FF02214DF21A6000F07DFF0121D1
:1094C0004DF21B6000F078FF02214DF21C6000F0AD
:1094D00073FF34214DF21D6000F06EFF02214DF24A
:1094E0001E6000F069FF67214DF21F6000F064FF0D
:1094F00002214DF2206000F05FFF84214DF22160D7
:1095000000F05AFF02214DF2226000F055FFA42125
:109510004DF2236000F050FF02214DF2246000F074
:109520004BFFB7214DF2256000F046FF02214DF2BE
:10953000266000F041FFCF214DF2276000F03CFF94
:1095400002214DF2286000F037FFDE214DF2296044
:1095500000F032FF02214DF22A6000F02DFFF221CF
:109560004DF22B6000F028FF02214DF22C6000F03C
:1095700023FFFE214DF22D6000F01EFF03214DF26E
:109580002E6000F019FF10214DF22F6000F014FF43
:1095900003214DF2306000F00FFF33214DF23160B6
:1095A00000F00AFF03214DF2326000F005FF6D214B
:1095B0004DF2336000F000FF5521184600F0FCFE2C
:1095C000AA21204600F0F8FE5221284600F0F4FEC1
:1095D0000821304600F0F0FE0021384600F0ECFE95
:1095E000CC21484600F0E8FE0021504600F0E4FEA1
:1095F0000521404600F0E0FE7021584600F0DCFEF8
:1096000070214BF2017000F0D7FE01214FF4384079
:1096100000F0D2FE03214BF6010000F0CDFE032145
:109620004BF6020000F0C8FE03214BF6030000F0E9
:10963000C3FE02214FF43C4000F0BEFE00214BF679
:10964000014000F0B9FE00214BF6024000F0B4FEEC
:10965000D0214FF4494000F0AFFE02214CF601103A
:1096600000F0AAFE50214CF6021000F0A5FE502199
:109670004CF6031000F0A0FE50214CF6041000F050
:109680009BFE00214FF4545000F096FE55214FF4FC
:10969000685000F091FE4FF4885000F077FE78207B
:1096A000FBF764FABDE8F05F4FF4245000F06EBEA3
:1096B00010B5E22000F06AFE1D2000F05BFE0220E3
:1096C00000F058FE042000F055FE6420FBF74EFA2F
:1096D000E02000F05BFE012000F04CFE0A20FBF7CA
:1096E00045FAE02000F052FE032000F043FE0C207B
:1096F000FBF73CFA012000F049FE0A20FBF736FA9E
:10970000E62000F043FE2F2000F034FEFF2000F0A2
:1097100031FEFF2000F02EFEB02000F037FE2020AA
:1097200000F028FE002000F025FE032000F022FEBD
:1097300040F21F3000F01EFE012000F01BFE40F240
:10974000DF1000F017FE002000F014FEB42000F03F
:109750001DFE042000F00EFE40F21F4000F00AFE45
:10976000002000F007FE2E2000F004FE002000F094
:1097700001FE002000F0FEFD002000F0FBFD0020B7
:1097800000F0F8FDB62000F001FE022000F0F2FD2E
:109790004FF4037000F0EEFD002000F0EBFD172009
:1097A00000F0E8FD152000F0E5FD002000F0E2FDEE
:1097B000002000F0DFFDF02000F0E8FD032000F0C5
:1097C000D9FD292000F0E2FDD02000F0DFFD0020CF
:1097D00000F0D0FDBE2000F0D9FD052000F0CAFD4C
:1097E000FE2000F0C7FD012000F0C4FD002000F0C5
:1097F000C1FD002000F0BEFD002000F0BBFDB82040
:1098000000F0C4FD032000F0B5FD012000F0B2FD22
:10981000BA2000F0BBFDBDE81040012000F0AABD59
:1098200010B5112000F0B2FD7820FBF79FF936202B
:1098300000F0ACFD002000F09DFD3A2000F0A6FDF8
:10984000052000F097FDB22000F0A0FD0C2000F0F4
:1098500091FD0C2000F08EFD002000F08BFD3320E8
:1098600000F088FD332000F085FDB72000F08EFD6C
:10987000352000F07FFDBB2000F088FD322000F095
:1098800079FDC02000F082FD0C2000F073FDC220A5
:1098900000F07CFD012000F06DFDC32000F076FD9E
:1098A000102000F067FDC42000F070FD202000F0C3
:1098B00061FDC62000F06AFD0F2000F05BFDD020A6
:1098C00000F064FDA42000F055FDA12000F052FD41
:1098D000E02000F05BFDD02000F04CFD002000F007
:1098E00049FD022000F046FD072000F043FD0A205C
:1098F00000F040FD282000F03DFD322000F03AFD50
:10990000442000F037FD422000F034FD062000F036
:1099100031FD0E2000F02EFD122000F02BFD142052
:1099200000F028FD172000F025FDE12000F02EFDBD
:10993000D02000F01FFD002000F01CFD022000F0F0
:1099400019FD072000F016FD0A2000F013FD282065
:1099500000F010FD312000F00DFD542000F00AFD54
:10996000472000F007FD0E2000F004FD1C2000F051
:1099700001FD172000F0FEFC1B2000F0FBFC1E2068
:1099800000F0F8FC2A2000F001FD002000F0F2FCBD
:10999000002000F0EFFC002000F0ECFCEF2000F0D5
:1099A000E9FC2B2000F0F2FC002000F0E3FC00209A
:1099B00000F0E0FC012000F0DDFC3F2000F0DAFCCC
:1099C000BDE81040292000F0E1BC10B5112000F0E6
:1099D000DDFC7820FBF7CAF8362000F0D7FC4820E1
:1099E00000F0C8FC3A2000F0D1FC552000F0C2FC89
:1099F000F02000F0CBFCC32000F0BCFCF02000F015
:109A0000C5FC962000F0B6FCB42000F0BFFC01209D
:109A100000F0B0FCB62000F0B9FC0A2000F0AAFC6F
:109A2000A22000F0A7FCB72000F0B0FCC62000F098
:109A3000A1FCB92000F0AAFC022000F09BFCE02071
:109A400000F098FCC02000F0A1FC802000F092FC07
:109A5000162000F08FFCC12000F098FC192000F0C7
:109A600089FCC22000F092FCA72000F083FCC520F6
:109A700000F08CFC162000F07DFCE82000F086FC55
:109A8000402000F077FC8A2000F074FC002000F0F9
:109A900071FC002000F06EFC292000F06BFC192006
:109AA00000F068FCA52000F065FC332000F062FCAB
:109AB000E02000F06BFCF02000F05CFC072000F0E0
:109AC00059FC0D2000F056FC042000F053FC05204A
:109AD00000F050FC142000F04DFC362000F04AFC51
:109AE000542000F047FC4C2000F044FC382000F0EB
:109AF00041FC132000F03EFC142000F03BFC2E2023
:109B000000F038FC342000F035FCE12000F03EFC91
:109B1000F02000F02FFC102000F02CFC142000F0AE
:109B200029FC0E2000F026FC0C2000F023FC08206D
:109B300000F020FC352000F01DFC442000F01AFC51
:109B40004C2000F017FC262000F014FC102000F040
:109B500011FC122000F00EFC2C2000F00BFC322037
:109B600000F008FCF02000F011FC3C2000F002FCAA
:109B7000F02000F00BFC692000F0FCFB7820FAF7E5
:109B8000F5FF212000F002FCBDE81040292000F084
:109B9000FDBB00002DE9F0438146A2EB09020798C6
:109BA000521C1F4695B20C4686B24FF0D84811E0C1
:109BB0002146484600F06AFA00F0F4FB00204146D6
:109BC00004E000BFA1F88060401C80B2A842F9D335
:109BD000641CA4B2BC42EBD9BDE8F08310B5BF2031
:109BE00000F0D4FB00F064F900F062F9C0B210BDDF
:109BF0002DE9F05F3220FAF7B9FFD32000F0C6FB61
:109C000000F056F9A14CA08000F052F9A08000F0BD
:109C10004FF94FF6FF7101EA0020A08000F048F9EB
:109C2000A18849F241360843A08047F2897545F280
:109C3000103747F2967845F2105949F6060A41F670
:109C4000631BB0427DD0042000F0A0FB00F030F98F
:109C5000A08000F02DF9A08000F02AF94FF6FF71E6
:109C600001EA0020A08000F023F9A1880843A0F5B4
:109C70000541A080523965D0A84262D0D42000F0BE
:109C800085FB00F015F9A08000F012F9A08000F02B
:109C90000FF94FF6FF7101EA0020A08000F008F9EB
:109CA000A1880843A080B8427ED0D32000F06EFB8C
:109CB00000F0FEF8A08000F0FBF8A08000F0F8F8BB
:109CC0004FF6FF7101EA0020A08000F0F1F8A188B2
:109CD0000843A080404567D055214FF4704000F004
:109CE0006BFBAA214FF2010000F066FB52214FF2FC
:109CF000020000F061FB08214FF2030000F05CFB62
:109D000001214FF2040000F057FB4FF4454000F0F2
:109D10003DFB00F0CDF84FF6FF7101EA0020A08076
:109D20004CF2015000F032FB00F0C2F8A188084369
:109D3000A0800520FAF71AFFA188494534D0D32026
:109D400001E02CE02CE000F021FB00F0B1F8A08055
:109D500000F0AEF8A08000F0ABF84FF6FF7101EA1A
:109D60000020A08000F0A4F8A1880843A0805045FE
:109D70001AD0A12000F00AFB00F09AF8A08000F0B1
:109D800097F84FF6FF7101EA0020A08000F090F8EC
:109D9000A1880843A0F5AE41A080613902D003E05C
:109DA000A58001E0A4F804B0A18839A0FAF78EF8E4
:109DB000A088A84202D1FFF733FD1FE0B04202D1D4
:109DC000FDF7C7FA1AE0B84202D1FDF77AFD15E0B7
:109DD000404502D1FFF7F9FD10E0484502D1FEF7FA
:109DE000EAFC0BE0504502D1FDF7CAFB06E05845FE
:109DF00004D1FFF75DFC642000F094FAA1884FF0D5
:109E00002040A94203D0B14201D0594510D1D0F829
:109E10001C1121F00F01C0F81C11D0F81C1141F0E9
:109E20000301C0F81C11D0F81C1141F440711DE071
:109E3000B94205D0414503D0494501D0514517D11C
:109E4000D0F81C1121F00F01C0F81C11D0F81C1122
:109E500041F00201C0F81C11D0F81C1121F470610E
:109E6000C0F81C11D0F81C1141F40071C0F81C118D
:109E70000020FDF7EDF90122D1030848F7F71AFC9D
:109E8000BDE8F05F4FF6FF70FDF7CAB9A0020020F1
:109E90004C43442049443A25780D0A00000402400E
:109EA0000246012000E05043491EC9B2FBD2704770
:109EB00008B50220401EFDD24FF0D840B0F8800017
:109EC000ADF80000BDF8000008BD000070B55F4CA3
:109ED00000232146A279898841F66316012A01D020
:109EE0001AB10CE0B14202D109E0B14207D1082811
:109EF00005D2DFE800F0161812140C19100E08280D
:109F000012D2DFE800F0110406080A0C0E108023BC
:109F10000AE0402308E0C02306E0202304E0602399
:109F200002E0A02300E0E023362045F21055A942CC
:109F300000D10002A1F51342413A07D0A1F5EE424B
:109F4000893A03D0A1F5EE42963A01D143F00803D5
:109F5000194600F031FAA188B1420AD0980620884B
:109F6000628802D5904202D303E0904201D9228058
:109F700060806089A94240D100F008FA002000F01A
:109F8000F9F96089401C80B200F000FA002000F06E
:109F9000F1F96089801C80B200F0F8F92088401E39
:109FA000C0F30F2000F0E6F96089C01C80B200F019
:109FB000EDF92078401EC0B200F0DCF9A08900F075
:109FC000E5F9002000F0D6F9A089401C80B200F02D
:109FD000DDF9002000F0CEF9A089801C80B200F0ED
:109FE000D5F96088401EC0F30F2000F0C3F9A089A6
:109FF000C01C80B200F0CAF921E000F0C7F90020CF
:10A0000000F0B8F9002000F0B5F92088401EC0F338
:10A010000F2000F0AFF92078401EC0B200F0AAF97E
:10A02000A08900F0B3F9002000F0A4F9002000F0AE
:10A03000A1F96088401EC0F30F2000F09BF9A078C2
:10A04000BDE87040401EC0B200F094B9A0020020EC
:10A0500010B50446D12000F099F9FFF729FF40061A
:10A0600005D4D02000F092F9682000F083F9BE20DA
:10A0700000F08CF9062000F07DF9204600F07AF916
:10A08000BDE81040012000F075B90000F0B53B4A72
:10A090000D460446060A918810462F0A4089A1F50C
:10A0A000C853633B16D0A1F5AA43103B4CD000F037
:10A0B0006DF9304600F05EF9E0B200F05BF990898E
:10A0C00000F064F9384600F055F9E8B2BDE8F04018
:10A0D00000F050B9917931B300F058F9304600F0F2
:10A0E00049F9E0B200F046F91088401EC0F30F2095
:10A0F00000F040F91078401E5FFA80F000F03AF965
:10A10000908900F043F9384600F034F9E8B200F0E5
:10A1100031F95088401EC0F30F2000F02BF99078E1
:10A12000401EC0B2D2E71188091B491E8CB200F054
:10A130002DF9002000F01EF9002000F01BF9200A84
:10A1400000F018F9E0B2D9E700F020F9304600F04D
:10A1500011F95089401C80B200F018F9E0B200F00B
:10A1600009F9908900F012F9384600F003F9908956
:10A17000401C80B200F00AF9A7E70000A00200200E
:10A180002DE9FF4F1D460C468B46580700D0012095
:10A1900000EBD500690810FB01F0203A00F0FF0A3F
:10A1A000D0B20C2D0AD0102D0CD0182D0ED0202D91
:10A1B00046D1244901EB801600203EE000EB40012F
:10A1C000214806E0214901EB0016F5E700EBC0014C
:10A1D0001F4800EB8106EFE716F808704FF0000902
:10A1E000380601D50E9A03E00D9828B9194802687F
:10A1F00021460098FDF7A2F87806070E1648641C61
:10A20000A4B24088A0421BD9A4EB0B00A8420AD1FB
:10A2100000985C46401C80B200900F48018800986E
:10A2200081420DD906E009F1010000F0FF09B9F102
:10A23000080FD5D308F10100C0B280465045CBD3FA
:10A24000BDE8FF8FC8D7000808C000087CC400081C
:10A250006CCA000808000020A00200202DE9FF4F72
:10A2600083B00026DDE910BA1D4681463446B0466B
:10A270004FEA5B0726E0281B401EC1B20A20FFF709
:10A280000FFE0599B1FBF0F00A21B0FBF1F201FBE2
:10A29000120026B9691E8C4201DA38B1012630302D
:10A2A000C2B207FB049080B25B4604E007FB049057
:10A2B00080B25B462022CDE9008A0499FFF760FF57
:10A2C000641CE4B2AC42D6D307B0BDE8F08F2DE9F0
:10A2D000FC4F044600F0FF0910190D46DDE90BB6EE
:10A2E0001FFA80F8581987B24FF0000A13E044456E
:10A2F00003D305EB0B004C4685B2BD4210D20D983E
:10A300005B46CDE900A029462046FFF739FF04EB64
:10A310005B0084B2761C3278A2F120005E28E6D978
:10A32000BDE8FC8F10B50246BE2000F02FF80520D6
:10A3300000F020F81046F6F736F89FED0C1B53ECB2
:10A34000112BF5F7BEFFF6F73BF880B200F012F8DC
:10A35000012000F00FF8FF2000F00CF8002000F0C2
:10A3600009F8BDE81040002000F004B86666666693
:10A370006666044001B5BDF80000ADF80000BDF808
:10A3800000004FF0D841A1F8800008BD01B5BDF82C
:10A390000000ADF80000BDF800004FF0D841A1F872
:10A3A0007E0008BD03484FF0D8410089A1F87E0027
:10A3B00070470000A00200204FF0D84222F87E0F24
:10A3C0005180704770B506460D4601F11A0000F045
:10A3D00042F804463078032805D105F1140000F056
:10A3E0003AF844EA0044204670BDC178827842EAD7
:10A3F00001214278007842EA012140EA01207047B9
:10A4000010B5C17983790A0E43EA0121120242EAAA
:10A4100011624379120243EA012142EA116203798F
:10A42000120243EA012142EA1162C378120243EAAE
:10A430000121837842EA116243EA0121130243EACF
:10A4400011630A02417800780A43190241EA126155
:10A4500040EA022010BD4178007840EA01207047B0
:10A4600010B5044608682060086AA06091F82400CE
:10A47000E071486A20F0FF020020C4E90420E06196
:10A48000896A2046E164FAF7B1FE002804D120462B
:10A49000BDE8104000F001B810BD2DE9F0410446C0
:10A4A0000068A16B056900F03BFE002845D1E16B17
:10A4B0000878852840D120222846F5F7B2FE687832
:10A4C0004601A6F140002036B0F5007F34D80021C7
:10A4D0002046FAF78FFC04282ED000282DD1A16B3E
:10A4E000206800F01DFE002827D1E16B0878C02805
:10A4F00022D1202205F12000F5F793FE95F82300E4
:10A500000F212C30B0FBF1F0B6EB401F14D34027E5
:10A510004FF4187800212046FAF76CFC04280BD081
:10A5200000280AD1A16B206800F0FAFD002804D1B0
:10A53000E16B0878C12802D00220BDE8F0814745D0
:10A5400003D2E8192022F5F76CFE2037B742E1D399
:10A55000474508D8284601F016FD0446A81CFFF719
:10A560007AFF8442E8D10020E7E700000EB5F7F754
:10A57000B5F8F9F7D7FBF8F711FDF8F781FCF8F714
:10A5800007FEF8F79BFCF8F7DFFDF8F7BDFDA82004
:10A59000FAF7E6FAFFF72CFB5A484FF478445BA130
:10A5A0000460594882885C48F9F7A0FCFF20FFF757
:10A5B0004FFDFFF713FB594D024659A1E87256486B
:10A5C0000C30F9F793FC297905F5097030F8110082
:10A5D000FCF726FE202158A0CDE900100B46F02202
:10A5E000029428210A20FFF772FE182154A0CDE919
:10A5F00000100B46F022029450210A20FFF767FE5C
:10A60000102552A00095CDE901042B46F0226E21C1
:10A610000A20FFF75CFE40480095CDE901041023B5
:10A62000F02282210A20FFF752FE3B4800950C30B1
:10A63000CDE901041023F02296210A20FFF747FEFE
:10A6400046A00095CDE901041023C822AA210A20C2
:10A65000FFF73DFE45A00095CDE901041023C82277
:10A66000BE210A20FFF733FE45A00095CDE9010485
:10A670001023C822D2210A20FFF729FE44A000950A
:10A68000CDE901041023C822E6210A20FFF71FFEAE
:10A6900000F042FE00F09CFE0446014641A0F9F79E
:10A6A00015FC454A45A14648F9F720FC4FF4FA75D8
:10A6B0004FF6FF760BE043A0F9F708FC2846F6F7C3
:10A6C000A2F946A0F9F702FC2846F6F79CF9002CFF
:10A6D000F1D0B442EFD001F087F9002000F03AFD4C
:10A6E000012000F037FD00F0ADF8404D4FF400744C
:10A6F0004FF4967621462846F6F7D4FF3046F6F713
:10A7000082F9F7E704000020A00200204C43442017
:10A7100049443A253034580008BE01203400002056
:10A7200063757272656E74206272696768746E65B3
:10A7300073733A253375000053544D3332000000D3
:10A740005446544C434420544553540041544F4DB7
:10A7500040414C49454E54454B0000004B45593053
:10A760003A54657374205344210000004B4559311D
:10A770003A54657374206E6F72666C617368210061
:10A780004B4559323A54657374205352414D210060
:10A790004B45595F55503A55706461746520666F3A
:10A7A0006E7421006E6F72666C617368206964203C
:10A7B00069732025640A0000CCEF000825730000AF
:10A7C000E4BB0120464C41534820436865636B203D
:10A7D0004661696C6564210A00000000506C656187
:10A7E000736520436865636B21200A0000140240F2
:10A7F00010B5064C0020216800F030FDD4F8781127
:10A80000BDE81040002000F029BD000010C101206B
:10A8100010B54FF41671002000F04EFD084C4FF4B7
:10A8200000712060002000F047FDC4F87801216825
:10A8300011B108B1002010BDFFF7DAFF012010BDF3
:10A8400010C101202DE9FE4F4FF4AF764FF4784749
:10A8500010244FF48069DFF8ECA24FF4FA751DE084
:10A86000B9A0CDE900401023C822314602971E202E
:10A87000FFF72DFD2846FAF779F9B7A0CDE900409A
:10A880001023C822314602971E20FFF720FD2846DC
:10A89000FAF76CF949465046F6F704FF01F006F85E
:10A8A0000028DDD1FAF7C2FDDFF8BC820122AFA19A
:10A8B000D8F80000FBF716FCAD4D01466871ADA05D
:10A8C000F9F704FB687948B9AFA0CDE9004010233F
:10A8D000C822314602971E20FFF7F9FC68794FF431
:10A8E000007B0D2822D1AFA0F9F7F0FAB1A0CDE995
:10A8F00000401023C822314602971E20FFF7E7FCD4
:10A9000000225B46114699A0FAF744FE6871E8B14F
:10A91000AEA0CDE900401023C822314602971E2088
:10A92000FFF7D5FC4FF47A70FAF720F90122ADA1B8
:10A93000D8F80400FBF7D6FBA8710146AAA0F9F7E6
:10A94000C5FAA8794FF4B97828B10EE0ACA0FBF7AE
:10A9500005FEAFA0DDE7B4A0CDE900401023C8227A
:10A96000414602971E20FFF7B2FCA8794FF4C37648
:10A970000D2823D1B3A0F9F7A9FAB7A0CDE900407B
:10A980001023C822414602971E20FFF7A0FC002298
:10A990005B46114693A0FAF7FDFDA871002836D05A
:10A9A000B4A0CDE900401023C822414602971E20E2
:10A9B000FFF78DFC4FF47A70FAF7D8F8CB46B04623
:10A9C0004FF6FF796A4A69A02032111FFAF716FD87
:10A9D00010B3AFA0CDE900401023C822464641463F
:10A9E00002971E20FFF773FCC820FAF7BFF8A623D2
:10A9F000F02231461E20CDF80090FFF7CBF8C8209A
:10AA0000FAF7B4F859465046F6F74CFEDAE7A6A036
:10AA1000FBF7A4FDA9A0C4E7AFA0CDE900401F2625
:10AA20001023C822414602961E20FFF750FCAFA01B
:10AA3000CDE900401023C8224FF4CD7102961E20AC
:10AA4000FFF745FCAFA0CDE900404FF4D7781023C5
:10AA5000C822414602961E20FFF739FCCDE9004688
:10AA6000E8690523820A4FF4CD718E20FFF7F6FBCB
:10AA7000CDE90046286A0523820A41468E20FFF769
:10AA8000EDFB0020E8614FF4E17828621BE0A3A110
:10AA9000CDE900411023C822029741461E20FFF74E
:10AAA00016FCC820FAF762F8A623F02241461E20C1
:10AAB000CDF80090FFF76EF8C820FAF757F859461E
:10AAC0005046F6F7EFFD2A4A46A02032111FFAF74A
:10AAD00095FC0028DBD196A0CDE900401023C822C8
:10AAE000414602961E20FFF7F2FB97A0CDE90040F9
:10AAF0004FF4EB771023C822394602961E20FFF749
:10AB0000E6FB98A0CDE900404FF4F5781023C82269
:10AB1000414602961E20FFF7DAFBCDE90046E869C0
:10AB20000523820A39469E20FFF798FBCDE90046AF
:10AB3000286A0523820A41469E20FFF78FFBBDE865
:10AB4000FE8F0000001402405344204361726420D1
:10AB50004572726F72210000506C6561736520430D
:10AB60006865636B2120000094020020303A0000E9
:10AB700034000020665F6D6F756E74207364207200
:10AB800065733A25750A00005344204469736B20AD
:10AB90004D6F756E742053756363657373656421BF
:10ABA000000000007364206673206572726F72216A
:10ABB0000A0000005344204469736B20466F726D95
:10ABC000617474696E672E2E2E0000005344204479
:10ABD00069736B20466F726D6174204572726F727B
:10ABE00020000000313A0000665F6D6F756E7420C2
:10ABF000666C617368207265733A25750A000000FF
:10AC0000303A414C49454E54454B5F534400000097
:10AC10005344204469736B20466F726D6174204603
:10AC2000696E697368000000466C6173682044694E
:10AC3000736B204D6F756E7420537563636573730A
:10AC400065642100666C61736820667320657272AA
:10AC50006F72210A00000000466C6173682044692D
:10AC6000736B20466F726D617474696E672E2E2E41
:10AC700000000000466C617368204469736B2046D5
:10AC80006F726D6174204572726F72200000000057
:10AC90005344204361726420466174667320457298
:10ACA000726F722100000000313A414C49454E5408
:10ACB000454B5F464C41534800000000466C6173B1
:10ACC00068204469736B20466F726D617420466919
:10ACD0006E69736800000000534420436172642071
:10ACE0004641544653204F4B21000000534420540A
:10ACF0006F74616C2053697A653A20202020204DC2
:10AD000042000000534420467265652053697A650D
:10AD10003A2020202020204D42000000464C415384
:10AD200048204661746673204572726F722100007C
:10AD3000464C415348204361726420464154465377
:10AD4000204F4B2100000000464C41534820546FD7
:10AD500074616C2053697A653A20202020204D428E
:10AD600000000000464C4153482046726565205360
:10AD7000697A653A2020202020204D420000000002
:10AD80002DE9FF47002617460D460E60FCF708FA2E
:10AD9000002803DA0B2004B0BDE8F087DB4951F846
:10ADA000204094B12C60207807F0FE0520B1607837
:10ADB000FAF7CBFAC1070AD02670B0466078FAF7E6
:10ADC00060FAC10708D00320E5E70C20E3E70DB1E6
:10ADD000400704D40020DEE71DB1400701D50A205A
:10ADE000D9E700212046F9F729FB02281BD10026CC
:10ADF0004FEA0D0504EB061000F20220FFF7F5FA0A
:10AE000045F82600761C042EF4D3002655F82610AB
:10AE100029B12046F9F712FB022801D203E00320F2
:10AE2000761C042EF2D304287DD002287CD2A56B98
:10AE30004FF400764FF0FF3A01280CD004F14700A0
:10AE4000FFF709FBB0426FD104F15200FFF703FB9B
:10AE500000286AD0A8E00B2002E0401C402806D25F
:10AE6000211891F83C100029F7D040285CD304F158
:10AE7000A400FFF7F0FAB0F5807FE4D194F8A800C1
:10AE8000012707FA00F0B042DDD104F18400FFF79A
:10AE9000B7FAC14610EB050841EB0906012E43D273
:10AEA00004F19000FFF7A1FA206294F8AA00E07084
:10AEB000012839D194F8A90087403804000C60813A
:10AEC00032D004F19800FFF790FA91490746884282
:10AED0002AD8B81C6562E06104F19400FFF785FA96
:10AEE0002844206304F18C00FFF77FFA2844A06215
:10AEF0006189226B7943521849EB0900B8EB0201D2
:10AF0000864111D304F19C00FFF76FFA00252E460D
:10AF1000E0626089B04207D92046E16AF9F721FB77
:10AF20008119204602E026E033E039E000F0F8F82D
:10AF300008BB761C601990F83C00812804D02035AD
:10AF4000ED05ED0DF6D1E4E760195030FFF74DFA4D
:10AF5000054602281DD3E069A8421AD96289216BEF
:10AF6000A81E02FB00106063A06A00EBD51120460A
:10AF700000F0D6F808B101200DE705F07F0004EBE2
:10AF800080003C30FFF731FA411C03D06D1C854234
:10AF9000EAD069E0C4F818A00426C4F814A0ADE013
:10AFA00004F16000FFF721FA206294F84C70E7701A
:10AFB000012F01D0022F57D1474394F849006081F7
:10AFC000B0B3411E08424FD104F14D00FFF743FAE0
:10AFD0002081000748D104F14F00FFF73CFA06003A
:10AFE00004D104F15C00FFF700FA064604F14A00C0
:10AFF000FFF731FA010037D02389C81900EB13128B
:10B00000964231D3B01A6689B0FBF6F080B1DFF812
:10B0100004C10026604500D803264FF6F57C604544
:10B0200000D8022640F6F57C604502D8012601E0F2
:10B030001AE0CEB1801C2A4422632944E061C4E9AD
:10B040000951032E12D07BB13944E162022E1ED089
:10B0500000F0010100EB400001EB5000216A00F21A
:10B06000FF10B1EB502F14D20D2094E604F16600CE
:10B07000FFF7F1F90028F7D120890028F4D104F175
:10B080006800FFF7B2F9E062E0698000E6E740009F
:10B09000E4E7C4F818A08020C4F814A06071032E5F
:10B0A0002CD104F16C00FFF7D6F9012826D1691CD8
:10B0B000204600F035F808BB84F8058004F23A20F9
:10B0C000FFF7C9F9A0F52A41553917D104F13C0021
:10B0D000FFF78BF91049884210D104F50870FFF78B
:10B0E00084F90E49884209D104F50970FFF77DF90A
:10B0F000A06104F50A70FFF778F9606103492670D2
:10B10000091F0888401C0880E08063E68C0200204C
:10B11000FDFFFF7FF5FFFF0F5252614172724161E7
:10B1200070B50446806B0D460026A8420FD020461D
:10B1300000F0D6FD06000AD1607801232A4604F10A
:10B140003C01FAF7D9F808B1751E0126A56330460F
:10B1500070BD000030B504460748084D002150F886
:10B160002400420005EB8400406900F06FF80120E4
:10B17000291981F8200030BD88EF00081000002058
:10B180002DE9F041204E0446002530190F4690F875
:10B19000200010B93168204688474FF0FF3277B35E
:10B1A0001A4B53F82410B7FBF1F0B7FBF1FC01FB8D
:10B1B0001C7101B1401C15490C3951F82410491E6D
:10B1C00020D406EB8406776937F811C0BCF1000F74
:10B1D00005D00025854213D1002285B208E06D1C00
:10B1E000F8E700BF776901EB020C521C27F81C50EE
:10B1F0008242F7D353F824004843BDE8F08101E0D0
:10B20000491EE1D51046F8E71000002094EF000831
:10B2100010B50C4B0C4C002253F82030114604EBB7
:10B22000800005E0446934F8114004B1521C491C07
:10B230008B42F7D84FF47A704243B2FBF3F080B2FE
:10B2400010BD000088EF00081000002002E000BFE1
:10B2500000F8011B521EFBD270470000F0B4002919
:10B2600023D0134B03EB80029468091B1C1894F83D
:10B27000204084B10F4B53F820308B4215D90D4B31
:10B280000C3B53F82000B1FBF0F1506930F811305D
:10B290000020044607E01968F0BC084755690E18FD
:10B2A000401C25F816409842F8DBF0BC70470000BF
:10B2B00010000020A0EF000810B50446FFF760FF63
:10B2C000411C05D0034901EB84018968084410BD85
:10B2D000002010BD1000002070B5040300F032F90A
:10B2E00000F0DAF80B4E4FF4804500222946304634
:10B2F000F6F7E0F9202000F04DFB204600F0B2F810
:10B30000012229463046F6F7D5F9BDE8704000F035
:10B31000C3B800000004024070B50122164E950328
:10B3200029463046F6F7C6F9012000F043FB00F04D
:10B330004FF812490880A0F56F4118391BD103203E
:10B3400000F06CF80446C00715D100F0FBF844F09B
:10B350000201032000F04CF9002229463046F6F79E
:10B36000A9F9B72000F016FB29463046BDE8704029
:10B370000122F6F79FB970BD000402400C000020C6
:10B380002DE9F041DFF8448015460C4606464FF49F
:10B390008047002239464046F6F78CF9032000F03A
:10B3A000F9FA204600F05EF8002405E0FF2000F0E6
:10B3B000F1FA3055641CA4B2AC42F7D3394640468A
:10B3C000BDE8F0410122F6F775B900000004024023
:10B3D00070B5114E4FF48045002229463046F6F7ED
:10B3E00069F9902000F0D6FA002000F0D3FA00208E
:10B3F00000F0D0FA002000F0CDFAFF2000F0CAFAE9
:10B400000402FF2000F0C6FA044301222946304618
:10B41000F6F750F9204670BD0004024070B50128CF
:10B4200003D0022803D0032803D0052402E03524EA
:10B4300000E015240A4E4FF480450022294630468C
:10B44000F6F738F9204600F0A5FAFF2000F0A2FA3E
:10B450000446012229463046F6F72CF9204670BDF5
:10B460000004024010B504460A480088A0F56F4168
:10B47000183902D1200E00F08DFAC4F3074000F015
:10B4800089FAC4F3072000F085FAE0B2BDE8104065
:10B4900000F080BA0C00002010B50120FFF7BEFFBD
:10B4A000C007FAD110BD00002DE9F05FC1F30B0613
:10B4B000DFF88C800F0BC6F580548946824615460E
:10B4C000A24200D8144639038B464FF480524046BE
:10B4D000FFF756FF002006E0321818F80210FF2987
:10B4E00003D1401C80B2A042F6D3A04222D23846FB
:10B4F000FFF7F2FE002006E01AF800208319401C36
:10B5000008F8032080B2A042F6D359464FF4805287
:10B510004FEA080000F02CF8A5420FD0281BA244E7
:10B52000A144002685B24FF480547F1CA542CAD89E
:10B530002C46C8E7224649465046EBE7BDE8F09F57
:10B54000AE02002070B5094D4FF480440022214620
:10B550002846F6F7AFF8062000F01CFA21462846E8
:10B56000BDE870400122F6F7A5B8000000040240D3
:10B570002DE9F05F8046C8B2C0F580740E461546CE
:10B58000A24200D81446DFF864A04FF480494FF47B
:10B59000807B00BFFFF7D6FF002249465046F6F7F2
:10B5A00089F8022000F0F6F93046FFF75BFF00272C
:10B5B00006E000BF18F8070000F0ECF97F1CBFB2EE
:10B5C000A742F7D3012249465046F6F773F8FFF732
:10B5D00063FFA54208D0281BA044264485B25C46E0
:10B5E000A542D7D82C46D5E7BDE8F09F000402401D
:10B5F0002DE9F0410E46012803D0022803D003288C
:10B6000003D0012402E0312400E011240A4F4FF45A
:10B610008045002229463846F6F74CF8204600F0CF
:10B62000B9F9304600F0B6F929463846BDE8F04190
:10B630000122F6F73FB80000000402402DE9F04770
:10B6400081460E4601F11A00FEF705FF30BB307847
:10B65000012420F04000401E00EB8001DFF84C8008
:10B6600001EBC00500274FF6FF7A00BF18F807006E
:10B670003044FEF7F0FE34B1FF2D0FD829F8150045
:10B6800004466D1C01E0504508D17F1C0D2FEDD301
:10B690003078400608D53CB1FF2D02D90020BDE826
:10B6A000F087002129F815100120F8E7FCEF0008C9
:10B6B0002DE9F047022617460D46044602296FD3AE
:10B6C000E069A8426CD920784FF00109012806D022
:10B6D000022838D0032846D0042861D143E0A16A6B
:10B6E00005EB550801EB58212046FFF719FD060030
:10B6F00056D1C8F3080020443C3008F10108E9079E
:10B7000004D00178FAB262F31F1100E039460170EB
:10B7100084F80490A16A204601EB5821FFF700FD50
:10B7200006003DD1C8F3080020443C30E90702D0B0
:10B73000C7F3071105E00178C7F3032201F0F00118
:10B74000114301702AE0A06A00EB15212046FFF7A3
:10B75000E7FC060024D1E8B204EB4000B9B23C306B
:10B7600000F035FA1AE0A06A00EBD5112046FFF789
:10B77000D7FC060014D140F2FF1000EA85002178C2
:10B7800005193C35042905D02846FEF72EFE67F33F
:10B790001B0007462846394600F0ECF984F804906F
:10B7A0003046BDE8F0872DE9F04788460568174622
:10B7B00006468A46C14602295ED3E86940455BD900
:10B7C0006FB12878042802D1F079022807D04FF011
:10B7D000FF3239462846FFF76BFF00284DD141461E
:10B7E0003046FBF743FC040031D0012C44D0601CF0
:10B7F00050D02878042806D0002241462846FFF77A
:10B8000057FF002839D1D5E90601891E884205D2A3
:10B81000401CA861687940F00100687109F10100DD
:10B82000A04201D1A1460EE02878042809D1A9EB55
:10B830000A02514600232846521CF8F7C1FD002891
:10B840001BD1A146CA46E869A0464045C7D828781A
:10B85000042829D12FB1F079022528B103281BD063
:10B8600022E00020F0711FE0B4680EE0214630466F
:10B87000FBF7FCFB022802D20220BDE8F087411C46
:10B8800008D0611C884202D1641CBC42EED1BC428B
:10B8900009D009E00120F0E7B068B84204D8B169E6
:10B8A0000844B84200D3F5710020E6E70E4910B510
:10B8B000002088630846F6F7CDFC20B10BA0F8F70E
:10B8C00005FB012010BD0E490748F6F797FB4FF422
:10B8D00000610548F6F738FA0028F3D009A0F8F718
:10B8E000F5FA022010BD000030BF012048414C5F36
:10B8F00053445F496E6974206572726F72210A0049
:10B9000070BE012048414C5F53445F436F6E6669CF
:10B9100067576964654275734F7065726174696FCA
:10B920006E206572726F72210A00000038B50A4CF1
:10B9300072B613460A46014608480094F6F782FD9F
:10B94000054602E0641E00D20125FBF745FC0028F5
:10B95000F8D162B6284638BD00E1F50530BF0120B8
:10B9600038B50A4C72B613460A4601460848009498
:10B97000F6F7F2FE054602E0641E00D20125FBF751
:10B980002BFC0028F8D162B6284638BD00E1F50549
:10B9900030BF012001B582B04FF47A7000900123CE
:10B9A00001AA02A90248F7F7CFF89DF804000EBDDE
:10B9B00074C001200B4910B50A68136823F04003D6
:10B9C00013600A6813684FF6C774234013600A684F
:10B9D000136843EAC00010600868016841F0400144
:10B9E000016010BD74C001202DE9F04350488DB0B6
:10B9F0000024016841F040010160016801F040014C
:10BA00000C91016841F008010160016801F0080132
:10BA10000C91016841F008010160016801F0080122
:10BA20000C91434908310A6842F001020A60096832
:10BA300001F001010C91016841F008010160016809
:10BA400001F008010C91016841F0100101600168EA
:10BA500001F010010C91016841F0200101600168C2
:10BA600001F020010C91016841F040010160006883
:10BA7000022500F040000C904FF4806001278DE813
:10BA8000A1000C20CDE90350DFF8A8906946484694
:10BA9000F5F712FD2020DFF8A080009069464046AF
:10BAA000F5F70AFD1026694640460096F5F704FDB5
:10BAB0004FF603708DE8A100694640460395F5F7FF
:10BAC000FBFC4FF68370009069461C48F5F7F4FCC8
:10BAD0004FF23F00009069461948F5F7EDFC3F2012
:10BAE000009069464846F5F7E7FC16484FF02041BC
:10BAF00005AA0160144941600421C0E90214C0E9AB
:10BB0000044684618902C461C0E90941C4620463D6
:10BB1000446384630820CDE90640059508941146E6
:10BB200008480B94F7F701F90DB0BDE8F083000069
:10BB30003038024000180240000C02400010024061
:10BB40000014024090BE0120040100A070B50C4614
:10BB50000646154691B204F11A0000F038F8307824
:10BB6000032806D1290C04F11400BDE8704000F050
:10BB70002EB870BD0170090A4170090A8170090A66
:10BB8000C170704710B5110A027041EA036141703B
:10BB90001A0A090A41EA02618170120A090A41EA95
:10BBA0000261C170120A090A41EA02610171120AB6
:10BBB000090A41EA02614171120A090A41EA026175
:10BBC000120A8171090A41EA0261C17110BD017056
:10BBD000090A417070472DE9F04105460068066981
:10BBE000304600F0D0F90146B01CFFF7F0FF77783F
:10BBF00028467F1CE96CF9F7F9FA04464FF0010872
:10BC000015E0A96B2868FFF78BFA040011D12022F8
:10BC10003146E86BF4F705FB29687F1E81F8048044
:10BC20000CD0002128462036F9F7E4F80446002C11
:10BC3000E7D0012C02D00220BDE8F0812046FBE7CE
:10BC4000014600200B22430803EBC01011F8013B12
:10BC5000521E1844C0B2F6D17047000070B50446B9
:10BC600000F03EF8050035D1207803282BD160790B
:10BC7000012828D1410204F13C000646F4F7EAFA13
:10BC80004AF6552104F23A20FFF7A1FF1249304647
:10BC9000FFF770FF114904F50870FFF76BFF04F51B
:10BCA0000970A169FFF766FF04F50A706169FFF783
:10BCB00061FF626A0123521CA26360783146F9F782
:10BCC00046FB00206071002260781146F9F7E6FA21
:10BCD00000B10125284670BD525261417272416126
:10BCE00070B504460079002548B104F13C01607844
:10BCF00001230E46A26BF9F72AFB10B10125284655
:10BD000070BD00202071A16BA06A0A1A206A8242CD
:10BD1000F5D2E278022AF2D10A186078012331467E
:10BD2000F9F715FBEBE72DE9F0410568064615F834
:10BD3000014B2046F8F70BFF4FF0FF3760B115F8C5
:10BD4000010B402814D37E2803D9A0F180017E295D
:10BD50000ED800EB042084B234B14FF46A7120464F
:10BD6000FAF77AFD040003D020463560BDE8F08183
:10BD70003846FBE730B403460C46500700D001209C
:10BD800000EBD20010FB02F0C1B218785B7881287A
:10BD900009D3402B07D3FF2B05D0FF2803D07F2BDF
:10BDA0000CD2403B0BE00020024603E0401C04F8AC
:10BDB000012BC0B28842F9D330BC7047413B813877
:10BDC000C0B2C0EB4015DBB205EB801003EB4000C6
:10BDD00048430B4B0C2A0CD0102A0DD0182AEBD15B
:10BDE000D3F8192010440A460146204630BCFFF71C
:10BDF000C7BAD3F80920F5E7D3F81120F2E700001D
:10BE0000C0BB01202DE9FF5F1C4616460D46894642
:10BE1000580700D0012000EBD40010FB04F000F024
:10BE2000FF0B0C2C05D0102C03D0182C01D0202C8B
:10BE30003ED119460020FFF73FFA5FEA000A37D0EB
:10BE4000014622463046FFF795FF002627E000BF57
:10BE50001AF806704FF00008380601D50F9A03E073
:10BE60000E9828B91348026829460098FBF766FA2D
:10BE700078066D1C070EADB2A5EB0900A04205D1F6
:10BE800000984D46401C80B2009006E008F1010089
:10BE900000F0FF08B8F1080FDED3761CF6B25E455D
:10BEA000D6D304B05146BDE8F05F0020FFF7D6B905
:10BEB000BDE8FF9F080000202DE9FC5F0446DDE996
:10BEC0000C6780463078DDF83CB00D4600281FD066
:10BED000E81808EB020AA0EB07093278802A19D982
:10BEE000AAEB0700A04202DAE81985B24446A94548
:10BEF0000EDB0E99CDE9001B3B4632462946204613
:10BF0000FFF780FFE01984B216F8020F0028E4D191
:10BF1000BDE8FC9FAAEB5700A04202DAE81985B2FF
:10BF20004446A945F4DB0D2A0ED00E99CDE9001B3D
:10BF30003B4629462046FEF723F900BF04EB570095
:10BF400084B216F8010FE1E7E81985B24446761C81
:10BF5000F4E770B50E4604004FF009050CD02068D8
:10BF600050B1017841B1A188C288914204D1407892
:10BF7000F9F7EBF9C00703D000203060284670BD08
:10BF800000252068F9E730B5034640784FF40044B7
:10BF900042010020014620320AE002290BD0C507E9
:10BFA00000D0254605EB50005D5C284480B2491C5A
:10BFB0009142F2D330BD0321F9E770B50546002464
:10BFC0004FF4004612E0FAF7B7FC80B2E10700D068
:10BFD000314601EB5401C2B2114489B2CA0700D004
:10BFE000324602EB510101EB102084B235F8020B0E
:10BFF0000028E8D1204670BDCA0701D04FF00042AA
:10C0000002EB5101084470470000000000000000EE
:10C0100000000000000000003F40000000000000A1
:10C0200000003000400030004000000009000BC05C
:10C030003D000BC03D00090018C024407FE02240B5
:10C0400031800000180024C01B000D8032400180A8
:10C0500003801C4027401C80074000401000600007
:10C0600000000000000000000000000000001F8031
:10C07000204040200000402020401F8000000000A1
:10C08000090006001F8006000900000004000400EB
:10C090003F80040004000000001000600000000069
:10C0A000000000000400040004000400040000007C
:10C0B000000000400000000000000000002001C05F
:10C0C00006003800400000001F8020402040204033
:10C0D0001F800000000010403FC000400000000032
:10C0E00018C0214022402440184000001080204009
:10C0F000244024401B80000002000D0011003FC0BE
:10C10000014000003C802440244024402380000063
:10C110001F80244024403440038000003000200071
:10C1200027C03800200000001B8024402440244009
:10C130001B8000001C0022C0224022401F80000003
:10C1400000000000084000000000000000000000A7
:10C150000460000000000000000004000A0011005C
:10C160002080404009000900090009000900000082
:10C1700000004040208011000A0004001800200048
:10C1800023402400180000001F8020402740294041
:10C190001F400000004007C039000F0001C00040F0
:10C1A00020403FC0244024401B8000001F802040CE
:10C1B000204020403080000020403FC020402040F0
:10C1C0001F80000020403FC024402E4030C00000AF
:10C1D00020403FC024402E00300000000F0010809F
:10C1E000204022403380020020403FC00400040071
:10C1F0003FC02040204020403FC020402040000061
:10C200000060202020203FC02000200020403FC0B0
:10C2100024400B0030C0204020403FC02040004060
:10C22000004000C03FC03C0003C03C003FC00000D5
:10C2300020403FC00C4023003FC020001F80204012
:10C24000204020401F80000020403FC024402400A8
:10C25000180000001F802140214020E01FA00000A6
:10C2600020403FC02440260019C0004018C0244090
:10C270002440224031800000300020403FC0204058
:10C280003000000020003F80004000403F80200040
:10C2900020003E0001C0070038002000380007C021
:10C2A0003C0007C038000000204039C0060039C0FB
:10C2B000204000002000384007C038402000000027
:10C2C000304021C02640384020C00000000000005F
:10C2D0007FE0402040200000000070000C00038040
:10C2E000004000000000402040207FE000000000EF
:10C2F000000020004000200000000000001000109E
:10C3000000100010001000100000000040000000AD
:10C3100000000000000002800540054003C000400E
:10C3200020003FC004400440038000000000038060
:10C330000440044006400000000003800440244004
:10C340003FC000400000038005400540034000005E
:10C35000000004401FC0244024402000000002E0F0
:10C36000055005500650042020403FC00440040002
:10C3700003C000400000044027C00040000000004F
:10C3800000100010041027E00000000020403FC013
:10C390000140070004C00440204020403FC000404E
:10C3A0000040000007C0040007C0040003C00000F4
:10C3B000044007C00440040003C0004000000380A4
:10C3C0000440044003800000041007F004500440BF
:10C3D00003800000000003800440045007F00010B8
:10C3E000044007C0024004000400000000000640B2
:10C3F0000540054004C00000000004001F80044008
:10C4000000400000040007800040044007C00040D6
:10C410000400070004C0018006000400060001C0FB
:10C42000070001C006000000044006C0010006C06D
:10C43000044000000410071004E00180060004001E
:10C440000000044005C00640044000000000000059
:10C4500004007BE040200000000000000000FFF02E
:10C4600000000000000040207BE00400000000000D
:10C47000400080004000200020004000000000003C
:10C4800000000000000000000000000000000000AC
:10C4900000001FCC000C000000000000000008009D
:10C4A000300060000800300060000000022003FC43
:10C4B0001E20022003FC1E200220000000000E1897
:10C4C00011043FFF10840C78000000000F0010845E
:10C4D0000F3800C0077818840078000000780F84B7
:10C4E00010C411240E9800E40084000808006800BD
:10C4F00070000000000000000000000000000000CC
:10C50000000007E01818200440020000000040026C
:10C510002004181807E0000000000000024002405C
:10C5200001800FF001800240024000000080008086
:10C5300000800FF800800080008000000001000DE6
:10C54000000E00000000000000000000000000805D
:10C550000080008000800080008000800000000CCF
:10C56000000C0000000000000000000000000006B9
:10C57000001800600180060018002000000007F08D
:10C58000080810041004080807F000000000080460
:10C5900008041FFC000400040000000000000E0C52
:10C5A00010141024104411840E0C000000000C180C
:10C5B00010041104110412880C700000000000E047
:10C5C0000320042408241FFC0024000000001F98FE
:10C5D000108411041104108810700000000007F08E
:10C5E00008881104110418880070000000001C0065
:10C5F000100010FC13001C001000000000000E389A
:10C6000011441084108411440E380000000007000B
:10C61000088C10441044088807F000000000000057
:10C620000000030C030C00000000000000000000EC
:10C630000001010600000000000000000000008072
:10C64000014002200410080810040000022002200B
:10C65000022002200220022002200000000010041C
:10C6600008080410022001400080000000000E00B5
:10C670001200100C106C10800F00000003E00C186A
:10C6800013E4142417C4082807D000000004003C59
:10C6900003C41C40074000E4001C000410041FFCFD
:10C6A0001104110411040E880070000003E00C183E
:10C6B00010041004100410081C10000010041FFCCB
:10C6C000100410041004080807F0000010041FFCF8
:10C6D0001104110417C410040818000010041FFCF2
:10C6E0001104110017C010000800000003E00C182E
:10C6F0001004100410441C780040000010041FFCBB
:10C7000010840080008010841FFC100400001004BE
:10C7100010041FFC100410040000000000030001BE
:10C72000100110011FFE10001000000010041FFC7B
:10C73000110403801464181C1004000010041FFC72
:10C740001004000400040004000C000010041FFC8E
:10C750001F0000FC1F001FFC1004000010041FFC41
:10C760000C04030000E010181FFC100007F008087C
:10C77000100410041004080807F0000010041FFC47
:10C7800010841080108010800F00000007F008183F
:10C7900010241024101C080A07F2000010041FFCCB
:10C7A0001104110011C011300E0C000400000E1C09
:10C7B00011041084108410441C380000180010006C
:10C7C00010041FFC100410001800000010001FF8D7
:10C7D00010040004000410041FF8100010001E00D4
:10C7E00011E0001C007013801C0010001FC0103CE2
:10C7F00000E01F0000E0103C1FC000001004180CF7
:10C80000163401C001C01634180C100410001C00AE
:10C81000130400FC13041C00100000000804101C8A
:10C820001064108413041C041018000000000000A1
:10C8300000007FFE40024002400200000000300085
:10C840000C0003800060001C000300000000400298
:10C85000400240027FFE00000000000000000000D7
:10C8600020004000400040002000000000010001C6
:10C870000001000100010001000100010000400072
:10C8800040002000000000000000000000000098B0
:10C89000012401440144014400FC000410001FFC79
:10C8A000008801040104008800700000000000708E
:10C8B00000880104010401040088000000000070E9
:10C8C00000880104010411081FFC0004000000F8A6
:10C8D000014401440144014400C800000000010477
:10C8E00001040FFC1104110411001800000000D60F
:10C8F00001290129012901C90106000010041FFCBA
:10C90000008401000100010400FC00040000010497
:10C91000190419FC000400040000000000000003DA
:10C9200000010101190119FE0000000010041FFCA4
:10C930000024004001B4010C0104000000001004B8
:10C9400010041FFC0004000400000000010401FCAE
:10C950000104010001FC0104010000FC010401FCD0
:10C96000008401000100010400FC0004000000F844
:10C97000010401040104010400F80000010101FFA9
:10C9800000850104010400880070000000000070B0
:10C99000008801040104010501FF000101040104F4
:10C9A00001FC00840104010001800000000000CCB3
:10C9B0000124012401240124019800000000010049
:10C9C000010007F80104010400000000010001F863
:10C9D000000400040004010801FC000401000180BF
:10C9E0000170000C001001600180010001F0010CD9
:10C9F000003001C00030010C01F001000000010412
:10CA0000018C00740170018C01040000010101819E
:10CA10000171000E00180160018001000000018416
:10CA2000010C013401440184010C000000000000ED
:10CA30000000000001003EFC400240020000000037
:10CA400000000000FFFF00000000000000004002A6
:10CA500040023EFC010000000000000000006000F9
:10CA60008000800040004000200020000000000006
:10CA700000000000000000000000000000000000B6
:10CA800000000000000000000000000000000000A6
:10CA90000000000000000000000000000000000F87
:10CAA00080380FFE380F80380000000000000000C2
:10CAB000000000000000000000000100000600006F
:10CAC0000C00003800003100000600000C000038A7
:10CAD00000003000000000000000000061800067DE
:10CAE000F807F9800061800061800061800061804A
:10CAF0000067F807F9800061800000000000000076
:10CB0000000001C0E003E0F00630080418081FFF31
:10CB1000FE040E080787F00381E00000000000001B
:10CB200001F000060C00040408060C7001F9C000B6
:10CB30000E00003BE000EC18070808040C18000386
:10CB4000E00000000001E00007F003F818041C08F2
:10CB500004170807E1D003C0E00023B0003C080040
:10CB6000200800001000000000000001000031005B
:10CB7000003200001C000000000000000000000067
:10CB800000000000000000000000000000000000A5
:10CB90000000000000000000000000007F0001FF16
:10CBA000C00780F00C0018100004200002000000F4
:10CBB0000000002000021000040C00180780F001A3
:10CBC000FFC0007F00000000000000000000000027
:10CBD0000000000000000000420000660000660047
:10CBE000003C0000180003FFC0001800003C0000DB
:10CBF0006600006600004200000000000800000817
:10CC00000000080000080000080001FFC000080044
:10CC100000080000080000080000080000000000F4
:10CC2000000100003100003200001C000000000084
:10CC300000000000000000000000000000000000F4
:10CC400000000000080000080000080000080000C4
:10CC500008000008000008000008000008000008A4
:10CC60000000000000000000000000003800003854
:10CC7000000038000000000000000000000000007C
:10CC8000000000000000000000000000000600009E
:10CC90001C000070000180000E0000380000C00081
:10CCA0000700001C00003000000000000000000031
:10CCB0007F8001FFE0038070060018040008040074
:10CCC0000806001803807001FFE0007F800000006C
:10CCD0000000000000000100080100080100080336
:10CCE000FFF807FFF8000008000008000008000037
:10CCF0000000000000000001C03802C05804009885
:10CD0000040118040218040418061C1803F818017A
:10CD1000E0F800000000000000000001C0E003C0D7
:10CD2000F004000804080804080806180803F418AA
:10CD300001E7F00001E0000000000000000000003A
:10CD40000300000D000011000061000081080301D4
:10CD50000807FFF80FFFF8000108000108000000B5
:10CD60000000000000E007FCD006080806100806D6
:10CD70001008061008061838060FF00607C0000055
:10CD800000000000000000003F8001FFE00384304D
:10CD900002081804100804100804100807181003EB
:10CDA0000FF00007C000000000000000000003C0FA
:10CDB000000700000600000600F80607F806180045
:10CDC00006E000070000060000000000000000016F
:10CDD000E1E003F7F0063410041808041808040C06
:10CDE00008040C0806161803F3F001C1E000000067
:10CDF00000000000F80003FC3003063804020804B9
:10CE000002080402080404100308F001FFC0007FB8
:10CE10000000000000000000000000000000000012
:10CE2000000000007038007038007038000000000A
:10CE300000000000000000000000000000000000F2
:10CE40000000000000000000301A00301C0000004C
:10CE500000000000000000000000000000000000D2
:10CE600000000008000014000022000041000080C3
:10CE700080010040020020040010080008000000AB
:10CE8000000000002100002100002100002100001E
:10CE900021000021000021000021000021000021CC
:10CEA000000000000000000000000800080400105E
:10CEB00002002001004000808000410000220000AC
:10CEC000140000080000000000000003C00004C0BF
:10CED00000040000080038080F380808380810005F
:10CEE0000C300007E00003C000000000000000005C
:10CEF0003F8000FFE0038070020F1006708804C0BE
:10CF000088048308047F8802C09003012000FE404B
:10CF10000000080000180001F8003E0801C20007E8
:10CF2000020007E20000FE00001FC80001F8000038
:10CF30003800000804000807FFF807FFF804080895
:10CF400004080804080804080806180803F418016F
:10CF5000E7F00001E0000000000000003F8001FF5A
:10CF6000E0038070020018040008040008040008B0
:10CF70000400100600200780C0000000040008071D
:10CF8000FFF807FFF8040008040008040008040084
:10CF90001802001003807001FFE0007F8000000095
:10CFA00004000807FFF807FFF8040808040808044D
:10CFB0000808040808043E080400080600180100D8
:10CFC0006000000004000807FFF807FFF8040808E5
:10CFD000040800040800040800043E0006000006DF
:10CFE0000000018000000000000000003F8001FF01
:10CFF000E003807006001804000804020804020818
:10D000000203F00783F0000200000200040008079A
:10D01000FFF807FFF80408080008000008000008EF
:10D020000000080004080807FFF807FFF8040008DC
:10D0300000000000000004000804000804000807C5
:10D04000FFF807FFF80400080400080400080000C7
:10D0500000000000000000000006000007000001C2
:10D0600004000104000104000307FFFE07FFFC04A5
:10D07000000004000004000004000807FFF807FF98
:10D08000F8040C08001800003E0004C7800503C81F
:10D090000600F8040038040018000008040008071F
:10D0A000FFF807FFF804000800000800000800006F
:10D0B00008000008000008000018000060000000E0
:10D0C00004000807FFF807800807FC00007FC00085
:10D0D00003F80007C000780007800807FFF807FF83
:10D0E000F804000804000807FFF807000803C00060
:10D0F00000E000003800001E000007000001C0042E
:10D1000000F007FFF8040000000000007F8001FF2E
:10D11000E0038070060018040008040008060018E8
:10D1200003003001FFE0007F8000000004000807DA
:10D13000FFF807FFF80404080404000404000404D2
:10D1400000040400060C0003F80001F000000000D9
:10D15000000000007F8001FFE0038070060088046B
:10D1600000880400C806003C03003E01FFE6007F83
:10D170008400000004000807FFF807FFF80408080F
:10D18000040800040C00040F00040BC00610F00398
:10D19000F03801E00800000800000001E0F803F0AA
:10D1A00030063010041808041808040C08040C0891
:10D1B0000206180207F00781E00000000180000667
:10D1C000000004000004000004000807FFF807FF47
:10D1D000F8040008040000040000060000018000BC
:10D1E00004000007FFE007FFF0040018000008003B
:10D1F000000800000800000800000804001007FFF5
:10D20000E004000004000006000007E00007FE0044
:10D21000041FE00001F80000380001E0043E0007B0
:10D22000C00006000004000004000007E00007FF43
:10D23000C0041FF80007C007F80007FF80043FF88C
:10D240000007C004F800070000040000000000040C
:10D25000000806001807C07805F1C8003E00001F4E
:10D26000800463E80780F806001804000800000046
:10D2700004000006000007800007E008047C0800A6
:10D280001FF80007F800180804E00807000006006F
:10D29000000400000000000100080600380400F847
:10D2A0000403E8040F08047C0805F00807C0080719
:10D2B00000180400600000000000000000000000F2
:10D2C000000000000000003FFFFE200002200002DE
:10D2D00020000220000220000200000000000000E8
:10D2E000000008000007000000C000003800000631
:10D2F000000001C000003000000E0000010000002E
:10D300000000000000002000022000022000022097
:10D3100000022000023FFFFE0000000000000000AD
:10D3200000000000000000000000000000080000F5
:10D330001000003000002000003000001000000845
:10D3400000000000000000000000010000010000DB
:10D3500001000001000001000001000001000001C7
:10D3600000000100000100000100000100000000B9
:10D37000000000000020000020000010000010004D
:10D38000000000000000000000000000000000009D
:10D390000000000000F00019F8001B18002208002F
:10D3A0002608002408002410003FF8001FF80000A1
:10D3B0000800001800000004000007FFF80FFFF04D
:10D3C000001818001008002008002008003018007D
:10D3D0001FF0000FC00000000000000007C0001F89
:10D3E000F0001830002008002008002008003C0849
:10D3F000001C1000006000000000000000000000A1
:10D4000007C0001FF0003818002008002008002086
:10D410000804101007FFF80FFFF0000010000000D4
:10D420000000000000000007C0001FF000123000E4
:10D430002218002208002208003208001E10000EE8
:10D44000200000000000000020000020080020084C
:10D4500001FFF803FFF8062008042008042008074D
:10D46000200003000000000000000000000E000E7D
:10D470006E001FF30031B10020B10020B1003191E6
:10D48000001F13002E1E00200E00300000000004BC
:10D49000000807FFF80FFFF8001008002000002028
:10D4A00000002008003FF8001FF8000008000000FE
:10D4B00000000000000000200800200800200806EE
:10D4C0003FF8063FF80000080000080000080000D0
:10D4D0000000000000000000000000000300000346
:10D4E000002001002001002003063FFE063FFC0053
:10D4F000000000000000000000000004000807FF1A
:10D50000F80FFFF8000188000300002FC00038F872
:10D510000020380020080000080000000000000083
:10D52000000004000804000804000807FFF80FFFCB
:10D53000F8000008000008000008000000000000DB
:10D54000002008003FF8003FF8001008002000000D
:10D550003FF8003FF8001008002000003FF8003FAF
:10D56000F8000008000000002008003FF8003FF825
:10D57000001008001000002000002008003FF80004
:10D580001FF80000080000000000000007C0000FA6
:10D59000F000183000300800200800200800300893
:10D5A000001830000FF00007C0000000000000006D
:10D5B0002001003FFF003FFF001011002009002064
:10D5C00008002008003038001FF0000FC0000000E5
:10D5D0000000000007C0001FF000381800200800FD
:10D5E0002008002009001011001FFF003FFF00006D
:10D5F00001000000002008002008002008003FF87B
:10D60000003FF80008080010080020080020000073
:10D610003000003000000000000000000000000C9E
:10D6200078001E1800330800230800210800218814
:10D630000021980030F00038600000000000000079
:10D64000200000200000200000FFF003FFF8002071
:10D650000800200800200800003000000000000042
:10D66000000000002000003FF0007FF800001800DC
:10D670000008000008002010003FF8007FF00000C4
:10D6800010000000000000002000003000003C00FE
:10D69000003F800023F0000078000070002380002D
:10D6A0003C00003000002000002000003C00003F53
:10D6B000E00023F80000E0002700003E00003FE00B
:10D6C0000021F80001E0003E000020000000000002
:10D6D0002008002008003838003E6800278000033A
:10D6E000C8002CF80038380020180020080000007E
:10D6F000000000002000003003003C01003F8300D8
:10D7000023EC000070002380003C0000200000207B
:10D710000000000000000000000000380800203871
:10D720000020F80023E8002F88003E080038080099
:10D730002018000070000000000000000000000041
:10D74000000000000000000008000014001FF7FCAB
:10D750003000062000020000000000000000000071
:10D760000000000000000000000000000000FFFFBB
:10D77000FF000000000000000000000000000000AA
:10D780000000000000002000023000061FF7FC002F
:10D79000140000080000000000000000000000006D
:10D7A00000000000000000180000600000400000C1
:10D7B00040000020000010000008000004000004E9
:10D7C00000000C000010000000000000000000003D
:10D7D0000000000000000000000000000000000049
:10D7E0000000000000000000000000000000000039
:10D7F0000000000000000000000000000000000029
:10D800000000000000000000000000000000000018
:10D810000000000000000000000000000000000008
:10D8200007F000C007FFE1E007F001E0000000C0E2
:10D8300000000000000000000000000000000000E8
:10D8400000000000000000000000000000000000D8
:10D850000020000001C00000078000001F00000041
:10D860001E0000001C20000001C000000780000016
:10D870001F0000001E0000001C000000000000004F
:10D8800000000000000000000000000000180C0074
:10D8900000180C0000180FE0001FFC0003F80C003B
:10D8A00000180C0000180C0000180C0000180C00E8
:10D8B00000180FE0001FFC0003F80C0000180C001B
:10D8C00000180C0000000000000000000000000034
:10D8D00000000780007807C000FC0640010E002011
:10D8E00003070020020380200FFFFFFC0201C0207D
:10D8F0000200E0600130704001F03F8000F01F0046
:10D90000000000000000000000FE000001FF000019
:10D910000301800002008060030181C001FF070055
:10D9200000FE18000000E0000003BF00000CFFC074
:10D930000071806001C10020030180600000FFC011
:10D9400000003F000000000000001F0000007FC03A
:10D9500000FCC0C001FF80600303E02002027820C9
:10D9600002061E2003FC074001F00380000103C0F3
:10D9700000011C600001E0200001002000010040C7
:10D9800000000180000000000000000000200000F6
:10D990001C6000001C4000001F8000000F00000001
:10D9A0000000000000000000000000000000000077
:10D9B0000000000000000000000000000000000067
:10D9C0000000000000000000000000000000000057
:10D9D0000000000000000000000000000000000047
:10D9E000000000000007F800003FFF00007807C0BB
:10D9F00001C000E00300003004000008080000043B
:10DA000010000002000000000000000010000002F2
:10DA100008000004040000080300003001C000E01A
:10DA2000007807C0003FFF000007F800000000007A
:10DA300000000000000000000000000000000000E6
:10DA400000000000000000000000000000000000D6
:10DA5000000C1800000E3800000E380000063000E0
:10DA6000000360000061438000FFFF80006143000D
:10DA70000003600000063000000E3800000E380081
:10DA8000000C180000000000000000000000000072
:10DA90000000800000008000000080000000800086
:10DAA0000000800000008000007FFF000000800078
:10DAB0000000800000008000000080000000800066
:10DAC00000008000000000000000000000000001D5
:10DAD000000000E3000000E2000000FC000000780D
:10DAE0000000000000000000000000000000000036
:10DAF0000000000000000000000000000000000026
:10DB00000000000000000000000000000000800095
:10DB10000000800000008000000080000000800005
:10DB200000008000000080000000800000008000F5
:10DB300000008000000080000000800000008000E5
:10DB40000000800000000000000000000000000055
:10DB5000000000C0000001E0000001E0000000C083
:10DB600000000000000000000000000000000000B5
:10DB700000000000000000000000000000000000A5
:10DB80000000000000000000000000000000000C89
:10DB900000000038000000E00000038000000E00DC
:10DBA000000038000000E00000038000000E0000CC
:10DBB0000038000000E00000038000000E000000BC
:10DBC000180000000000000000000000000000003D
:10DBD000000FF800007FFF0000F00780018000C008
:10DBE000030000600200002002000020020000206C
:10DBF00003000060018000C000E00380007FFF00A0
:10DC0000000FF8000000000000000000000000000D
:10DC10000000000000800020008000200080002024
:10DC20000080006001FFFFE003FFFFE000000060F4
:10DC30000000002000000020000000200000000084
:10DC400000000000000000000000000000000000D4
:10DC5000007800E0009801600100026002000460AA
:10DC600002000860020010600200206002004060B4
:10DC7000030080600183006001FE00E0007C0780FB
:10DC80000000000000000000000000000000000094
:10DC900000F0078001F007C00100004002000020F2
:10DCA0000201002002010020020100200303802065
:10DCB0000186804001FCC0C000787F8000001E000B
:10DCC000000000000000000000000000000008004C
:10DCD000000038000000480000018800000608002D
:10DCE000000C0810003008100040081001FFFFF081
:10DCF00003FFFFF003FFFFF0000008100000081012
:10DD000000000810000000000000000000000000FB
:10DD100000000780001F864003E10020030200206E
:10DD20000304002003040020030400200304002057
:10DD300003060040030301C00301FF8003007E00CF
:10DD400000000000000000000000000000000000D3
:10DD50000007FC00003FFF000070C380008180C00E
:10DD600001010060030200200202002002020020E4
:10DD7000020200200203004001C180C000C0FF80F9
:10DD800000007E0000000000000000000000000015
:10DD900000F0000003C0000003800000030000004A
:10DDA000030007E003003FE00301C000030600009A
:10DDB000031800000360000003800000030000005F
:10DDC00000000000000000000000000000001F0034
:10DDD00000783F8000FC60C0018EC04003078020B7
:10DDE0000203002002018020020180200201C020E5
:10DDF0000301E040018670C000FC3F8000781F00F6
:10DE0000000000000000000000000000003F0000D3
:10DE100000FF81C001C0C1C00100602002002020BD
:10DE2000020020200200202002002060020040C0EA
:10DE30000100C18000C18F00007FFE00001FF000C4
:10DE400000000000000000000000000000000000D2
:10DE500000000000000000000000000000000000C2
:10DE6000000300C0000781E0000781E0000300C05C
:10DE700000000000000000000000000000000000A2
:10DE80000000000000000000000000000000000092
:10DE90000000000000000000000000000000000082
:10DEA0000006006600060078000000000000000088
:10DEB0000000000000000000000000000000000062
:10DEC0000000000000000000000000000000000052
:10DED000000080000001C000000360000006300068
:10DEE000000C180000180C00003006000060030051
:10DEF00000C001800100004002000020040000106A
:10DF000000000000000000000000000000041000FD
:10DF100000041000000410000004100000041000B1
:10DF200000041000000410000004100000041000A1
:10DF30000004100000041000000410000004100091
:10DF400000041000000000000000000000000000BD
:10DF500004000010020000200100004000C0018009
:10DF6000006003000030060000180C00000C1800D0
:10DF700000063000000360000001C00000008000C7
:10DF80000000000000000000000000000000000091
:10DF90000078000001F800000238000002000000D4
:10DFA000040000C0040079E0040081E0040100C026
:10DFB00004030000020200000306000001FC000050
:10DFC00000F800000000000000000000000FF80052
:10DFD000003FFE000070078000C000C00101F84053
:10DFE0000307FC20021E04200230082002203020FB
:10DFF000023FFC20013F044001800CC000E0318062
:10E00000001FC200000000000000002000000060AF
:10E01000000003E000003E200003E020003E20005E
:10E0200003E020000380200007FC2000003FE00008
:10E030000003FE2000003FE0000001E0000000209F
:10E04000000000200000000000000000020000208E
:10E050000200002003FFFFE003FFFFE002010020B9
:10E060000201002002010020020100200201002024
:10E07000030300200186806001FCC0C000F87F809F
:10E0800000001F0000000000000000000007F80072
:10E09000003FFF000070078000C000C0010000408A
:10E0A00003000020020000200200002002000020E7
:10E0B0000200002001000040018000C003C0018078
:10E0C00000300600000000000000000002000020F8
:10E0D0000200002003FFFFE003FFFFE0020000203A
:10E0E0000200002002000020020000200300006067
:10E0F00001000040018000C000F00780007FFE00AA
:10E10000000FF800000000000000000002000020E6
:10E110000200002003FFFFE003FFFFE002010020F8
:10E120000201002002010020020100200201002063
:10E1300002038020020FE0200300006003C000E023
:10E14000006003000000000000000000020000204A
:10E150000200002003FFFFE003FFFFE002010020B8
:10E160000201002002010000020100000201000083
:10E170000201000002038000030FE0000300000022
:10E1800003C0000000600000000000000007F8006D
:10E19000003FFE000070078001C001C00100004088
:10E1A00003000020020000200200002002000020E6
:10E1B000010020200100204003C03F8000303F804C
:10E1C00000002000000020000200002002000020CB
:10E1D00003FFFFE003FFFFE0020080200200802039
:10E1E000000080000000800000008000020080200D
:10E1F0000200802003FFFFE003FFFFE00200002099
:10E2000002000020000000000000000000000000EC
:10E210000000000002000020020000200200002098
:10E220000200002003FFFFE003FFFFE002000020E8
:10E230000200002002000020020000200000000078
:10E240000000000000000000000000000000000EC0
:10E250000000000F0000000F00000001020000019C
:10E2600002000001020000030200000603FFFFFCA1
:10E2700003FFFFF80200000002000000020000009F
:10E28000020000000000000000000000020000206A
:10E290000200002003FFFFE003FFFFE00200C020B8
:10E2A0000201002000078000000FE0000030F800AD
:10E2B00002603E2003800F20030003E0020000E024
:10E2C00002000020000000200000000002000020EA
:10E2D0000200002003FFFFE003FFFFE00200002038
:10E2E00002000020000000200000002000000020AC
:10E2F000000000200000002000000060000000E09E
:10E3000000000300000000000200002002000020C6
:10E3100003FFFFE003E0002003FF0020001FF000E8
:10E320000001FF8000000FE000001E000003E0007D
:10E33000003E002003E0002003FFFFE003FFFFE0BA
:10E340000200002002000020020000200200002045
:10E3500003FFFFE00380002003F0002000FC00002A
:10E36000001F00000007C0000001F00000007C005A
:10E3700002001F80020007E003FFFFE00200000030
:10E38000020000000000000000000000000FF80084
:10E39000003FFE0000F00780018000C00100004047
:10E3A00002000020020000200200002002000020E5
:10E3B00001000040018000C000F00380003FFE002B
:10E3C000000FF80000000000000000000200002024
:10E3D0000200002003FFFFE003FFFFE002008020B7
:10E3E0000200802002008000020080000200800005
:10E3F00002008000030180000183000000FE000095
:10E40000007C00000000000000000000000FF80089
:10E41000007FFF0000F00380018001C00100064082
:10E42000020004200200042002000620020003E093
:10E43000010000F80180005C00E0038C003FFF0C4D
:10E44000000FFC1800000000000000000200002087
:10E450000200002003FFFFE003FFFFE002010020B5
:10E4600002010020020180000201E0000201FC0024
:10E4700003033F80018607E001FC00E000F8002074
:10E48000000000200000000000000000000000006C
:10E490000078060000FE01E0018600C00303004092
:10E4A0000203002002018020020180200201C0201E
:10E4B0000200C0200100E060018070C003E03F80E6
:10E4C00000001F00000000000000000000600000CD
:10E4D0000380000003000000020000000200002092
:10E4E0000200002003FFFFE003FFFFE00200002026
:10E4F0000200002002000000020000000380000073
:10E5000000E0000000000000020000000200000027
:10E5100003FFFF0003FFFFC0020000400200006095
:10E52000000000200000002000000020000000206B
:10E53000020000400200008003FFFF000200000014
:10E5400002000000000000000000000002000000C7
:10E550000200000003C0000003FC0000023FC000F6
:10E560000003F80000007F80000007E00000078043
:10E57000000078000203C000023C000003C000005D
:10E5800002000000020000000200000003C00000C2
:10E5900003FF8000023FFE0002007FE000000F004A
:10E5A0000200F00003EF000003FF8000020FFE00F6
:10E5B00000003FE000001F000207E00003F8000039
:10E5C0000300000002000000000000000200002024
:10E5D00002000020038000E003F0032002FC0C2076
:10E5E000021F30000007C0000007F00002187C0086
:10E5F00002601F20038003E0020000E00200002010
:10E6000000000020000000000000000002000000E8
:10E610000300000003C0000003F80000023E0020D9
:10E62000020FC0200001FFE000007FE00003802017
:10E63000021C0020027000000380000002000000A5
:10E6400002000000000000000000000000000020A8
:10E65000006000E0038003E003000FA002003E2002
:10E660000200F8200203E020020F8020023E00207A
:10E670000278002003E00060038000E00200030055
:10E68000000000000000000000000000000000008A
:10E69000000000000000000000000000000000007A
:10E6A0001FFFFFFC10000004100000041000000415
:10E6B000100000041000000410000004100000040A
:10E6C000000000000000000000000000000000004A
:10E6D000000000000700000003C0000000780000F8
:10E6E000001E00000003C0000000F00000001E003B
:10E6F00000000780000000F00000003C0000000661
:10E700000000000000000000000000000000000009
:10E7100010000004100000041000000410000004A9
:10E720001000000410000004100000041FFFFFFC94
:10E7300000000000000000000000000000000000D9
:10E7400000000000000000000000000000000000C9
:10E7500000000000000000000200000004000000B3
:10E760000800000018000000100000001800000061
:10E77000180000000400000002000000000000007B
:10E780000000000000000000000000010000000187
:10E790000000000100000001000000010000000175
:10E7A0000000000100000001000000010000000165
:10E7B0000000000100000001000000010000000155
:10E7C0000000000100000001000000000000000047
:10E7D0000000000010000000100000001000000009
:10E7E0001800000008000000040000000000000005
:10E7F0000000000000000000000000000000000019
:10E800000000000000000000000000000000038085
:10E8100000018FC000038C60000618200004102047
:10E8200000041020000420200004204000062040A6
:10E830000003FFC00001FFE00000002000000020F6
:10E84000000000C000000000000000000200000006
:10E850000200000003FFFFE007FFFFC0000180C0CF
:10E8600000020060000200200004002000040020DC
:10E870000004002000060040000300C00001FF80EB
:10E880000000FE000000000000000000000000008A
:10E8900000007E000001FF80000381C000020040F4
:10E8A00000060020000400200004002000040020D6
:10E8B000000600200003C0400001C08000000300EB
:10E8C0000000000000000000000000000000000048
:10E8D00000007E000001FF80000380C00006006091
:10E8E0000004002000040020000400200204004076
:10E8F0000202008003FFFFE007FFFFC000000040AE
:10E9000000000040000000000000000000000000C7
:10E9100000007E000001FF80000311C000021040D3
:10E9200000041060000410200004102000041020D7
:10E9300000061020000310400001F0C0000071002C
:10E9400000000000000000000000000000000000C7
:10E950000004000000040020000400200004002047
:10E96000007FFFE001FFFFE001040020030400201E
:10E970000204002002040020020400000200000043
:10E9800001C0000001C00000000000000000000005
:10E990000000001C0000E33E0003FFC200020CC3A5
:10E9A000000404C1000404C1000404C1000404C143
:10E9B00000060CC10003F8C30005F0620006007EEB
:10E9C0000006003C000000000000000002000020E3
:10E9D0000200002003FFFFE007FFFFE0000100202E
:10E9E00000020020000600000004000000040000F7
:10E9F00000040020000600200003FFE00001FFE00B
:10EA000000000020000000200000000000000000C6
:10EA1000000000000004002000040020000400208A
:10EA2000000400200387FFE0038FFFE00380002045
:10EA30000000002000000020000000200000000076
:10EA400000000000000000000000000000000000C6
:10EA500000000000000000060000000700000001A8
:10EA60000000000100040001000400010004000394
:10EA7000000400060387FFFC038FFFF803800000FB
:10EA80000000000000000000000000000200002064
:10EA90000200002003FFFFE007FFFFE00000082066
:10EAA00000001020000030000000FC0000058E0077
:10EAB000000707A0000601E0000400E000040020B9
:10EAC0000000002000000000000000000000000026
:10EAD00000000000020000200200002002000020D0
:10EAE0000200002003FFFFE007FFFFE0000000201E
:10EAF00000000020000000200000002000000000B6
:10EB000000000000000000000000000000040020E1
:10EB10000007FFE0000FFFE00002002000040000FB
:10EB2000000400200007FFE00003FFE000020020D7
:10EB300000040000000400200007FFE00003FFE0E5
:10EB40000000002000000000000000000004002081
:10EB5000000400200007FFE0000FFFE0000100209C
:10EB60000002002000020000000400000004000079
:10EB700000040020000600200003FFE00001FFE089
:10EB80000000002000000020000000000000000045
:10EB900000007E000000FF80000381C000020040F2
:10EBA00000060020000400200004002000040020D3
:10EBB0000006002000020040000381C00001FF8029
:10EBC00000007E00000000000000000000040001C2
:10EBD000000400010007FFFF000FFFFF000100C15C
:10EBE0000002004100040020000400200004002076
:10EBF0000004002000060040000301C00001FF8067
:10EC000000007E0000000000000000000000000086
:10EC100000007E000001FF80000380C00002006051
:10EC20000004002000040020000400200004002054
:10EC300000020041000300C10003FFFF0007FFFFC7
:10EC4000000000010000000100000000000400209E
:10EC5000000400200004002000040020000FFFE05A
:10EC6000000FFFE00000C020000100200002002093
:10EC7000000600200004000000040000000700005F
:10EC80000003000000000000000000000000000081
:10EC9000000003E00001C0E00003E0400006302077
:10ECA000000430200004182000041820000418205C
:10ECB00000040C2000020C60000307C000078380E2
:10ECC0000000000000000000000000000000000044
:10ECD000000400000004000000040000000C00001C
:10ECE000001FFF8000FFFFC0000400600004002040
:10ECF0000004002000040020000400400000018007
:10ED000000000000000000000000000000040000FF
:10ED1000000400000007FF80000FFFC0000000603B
:10ED20000000002000000020000000200000002063
:10ED300000040040000400800007FFE0000FFFC057
:10ED4000000000400000004000000000000400003F
:10ED500000040000000780000007F0000004FE002F
:10ED600000041FC0000003E00000038000001C003E
:10ED7000000460000007800000060000000400009E
:10ED80000000000000000000000400000006000079
:10ED90000007C0000007FC0000043F80000003E003
:10EDA00000040F800006F0000007F0000007FF805D
:10EDB00000040FE00000038000043C000007C000D6
:10EDC0000006000000040000000000000000002019
:10EDD0000004002000040060000700E0000783201A
:10EDE0000007E6000004F80000003C0000045E207C
:10EDF000000587A0000601E0000400600004002078
:10EE000000000020000000000000000000040000DE
:10EE100000040003000700030007E0010004F801FC
:10EE200000041F02000007FC000000E000000700D3
:10EE3000000438000007C0000006000000040000C5
:10EE400000040000000000000000000000000000BE
:10EE500000078060000600E0000403E0000407A053
:10EE600000040E2000043C20000470200005E02077
:10EE70000007802000070060000400E0000003801D
:10EE80000000000000000000000000000000000082
:10EE90000000000000000000000000000000000072
:10EEA0000000000000008000000080000001400021
:10EEB00007FE3FF8080000041000000210000002E6
:10EEC0000000000000000000000000000000000042
:10EED0000000000000000000000000000000000032
:10EEE0000000000000000000FFFFFFFF0000000026
:10EEF0000000000000000000000000000000000012
:10EF00000000000000000000000000000000000001
:10EF100010000002100000020800000407FE3FF885
:10EF200000014000000080000000800000000000A0
:10EF300000000000000000000000000000000000D1
:10EF400000000000000000000000000018000000A9
:10EF500030000000400000004000000040000000C1
:10EF60002000000030000000080000000400000045
:10EF70000200000002000000020000000C0000007F
:10EF80001800000000000000800C00008007000056
:10EF90006078000020000000200000002000000039
:10EFA0000090010000F00000000C0F0048F3000882
:10EFB00060F3000890F3000878F3000834F30008C9
:10EFC000F8F2000820F300080CF3000853544D3306
:10EFD0003220535049205445535421000006101646
:10EFE00000061016000000000000000001020304EB
:10EFF00006070809000000000102030401030507D9
:10F00000090E10121416181C1E2B2E2C3B3D5B5D96
:10F010002F2A3A3C3E7C5C223F7F00000100040026
:10F020001000400000010002000001000200040086
:10F030000800100020000000070000000000000091
:10F04000000000000000000061001A03E000170348
:10F05000F8000703FF0001007801000130013201D0
:10F060000601390110014A012E01790106018001D2
:10F070004D004302810182018201840184018601E5
:10F080008701870189018A018B018B018D018E0126
:10F090008F0190019101910193019401F601960174
:10F0A0009701980198013D029B019C019D0120025E
:10F0B0009F01A001A001A201A201A401A401A60137
:10F0C000A701A701A901AA01AB01AC01AC01AE01E6
:10F0D000AF01AF01B101B201B301B301B501B50197
:10F0E000B701B801B801BA01BB01BC01BC01BE0146
:10F0F000F701C001C101C201C301C401C501C401BE
:10F10000C701C801C701CA01CB01CA01CD01100165
:10F11000DD0101008E01DE011201F3010300F101A6
:10F12000F401F401F8012801220212013A02090057
:10F13000652C3B023B023D02662C3F02400241022D
:10F14000410246020A015302400081018601550234
:10F1500089018A0158028F015A0290015C025D0206
:10F160005E025F0293016102620294016402650221
:10F1700066026702970196016A02622C6C026D02B8
:10F180006E029C01700271029D01730274029F0164
:10F1900076027702780279027A027B027C02642C82
:10F1A0007E027F02A60181028202A90184028502F9
:10F1B00086028702AE014402B101B20145028D020E
:10F1C0008E028F0290029102B7017B030300FD03C0
:10F1D000FE03FF03AC0304008603880389038A034C
:10F1E000B1031103C2030200A303A303C403080372
:10F1F000CC0303008C038E038F03D8031801F203A2
:10F200000A00F903F303F403F503F603F703F70326
:10F21000F903FA03FA0330042003500410076004D2
:10F2200022018A043601C1040E01CF040100C0048A
:10F23000D00444016105260400007D1D0100632CFB
:10F24000001E9601A01E5A01001F0806101F060688
:10F25000201F0806301F0806401F0606511F070022
:10F26000591F521F5B1F541F5D1F561F5F1F601FDA
:10F270000806701F0E00BA1FBB1FC81FC91FCA1F78
:10F28000CB1FDA1FDB1FF81FF91FEA1FEB1FFA1F46
:10F29000FB1F801F0806901F0806A01F0806B01F4E
:10F2A0000400B81FB91FB21FBC1FCC1F0100C31F31
:10F2B000D01F0206E01F0206E51F0100EC1FF31F2E
:10F2C0000100FC1F4E210100322170211002842117
:10F2D00001008321D0241A05302C2F04602C020158
:10F2E000672C0601752C0201802C6401002D260874
:10F2F00041FF1A03000000005570646174696E6775
:10F300002047424B31322E464F4E200055706461EB
:10F3100074696E672047424B32342E464F4E2000B0
:10F320005570646174696E672047424B31362E46D2
:10F330004F4E20005570646174696E6720554E49C8
:10F3400047424B2E42494E002F53595354454D2F9F
:10F35000464F4E542F554E4947424B2E42494E0080
:10F360002F53595354454D2F464F4E542F47424B20
:10F3700031322E464F4E00002F53595354454D2FD6
:10F38000464F4E542F47424B32342E464F4E0000CC
:10F390002F53595354454D2F464F4E542F47424BF0
:10F3A00031362E464F4E0000C8F300080000002002
:10F3B000A0020000100500082CF40008A0020020A4
:10F3C000F0C30100443F00086132F833FFFF3317F8
:10F3D000EF4D55B1000811B20008C01200204210D4
:10F3E000AE68C0A2012000F00010000C0F68C4013C
:10F3F00001010211010011FF53544D3332205344D7
:10F40000494F20544553542101F333FFFF321F90DD
:10F4100012F81FF8E007FF07E0FF07FC308418C66A
:0CF4200040BC42019210031A24F40000CA
:040000050800018965
:00000001FF
