:020000040800F2
:1000000010C901205D020008832700089D24000814
:100010008127000835060008EF39000800000000BD
:100020000000000000000000000000009D0100082A
:10003000F506000800000000F9010008BD360008C0
:1000400077020008770200087702000877020008AC
:10005000770200087702000877020008770200089C
:10006000770200087702000877020008770200088C
:10007000770200087702000877020008770200087C
:10008000770200087702000877020008770200086C
:10009000770200087702000877020008770200085C
:1000A000770200088137000877020008770200080D
:1000B000770200087702000877020008770200083C
:1000C000770200087702000877020008770200082C
:1000D000770200087702000877020008770200081C
:1000E000770200087702000877020008770200080C
:1000F00077020008770200087702000877020008FC
:1001000077020008B9270008770200087702000884
:1001100077020008770200087702000877020008DB
:100120007702000877020008770200083906000805
:1001300077020008770200087702000877020008BB
:1001400077020008770200087702000877020008AB
:1001500077020008450600087702000877020008C9
:10016000770200087702000877020008770200088B
:1001700077020008770200087702000800000000FC
:100180007702000877020008DFF80CD000F0E2F9EF
:10019000004800471D90000810C901202C4B196829
:1001A0000868B0E8F04F80F30988BFF36F8F4FF015
:1001B000000080F3118870470000000008480068C4
:1001C000006880F308884FF0000080F3148862B65E
:1001D00061B6BFF34F8FBFF36F8F00DF00BF00BF6B
:1001E00008ED00E0DFF80C00016841F470010160E7
:1001F000704700BF88ED00E0EFF30980BFF36F8F19
:10020000134B1A681EF0100F08BF20ED108A20E96A
:10021000F04F106009B44FF0500080F31188BFF325
:100220004F8FBFF36F8F0AF095F94FF0000080F306
:10023000118809BC19680868B0E8F04F1EF0100F6B
:1002400008BFB0EC108A80F30988BFF36F8F704746
:10025000A8000020EFF305807047000006488047A3
:1002600006480047FEE7FEE7FEE7FEE7FEE7FEE79B
:10027000FEE7FEE7FEE7FEE77137000889010008A8
:100280002DE9F05F0546002092469B4688460646CB
:10029000814640241BE0284641464746224600F05E
:1002A000EBF853465A46C01A914110D311461846EE
:1002B000224600F0D2F82D1A67EB01084F4622467D
:1002C0000120002100F0C9F817EB00094E41201E63
:1002D000A4F10104DFDC484631462A464346BDE826
:1002E000F09F40EA01039B0703D009E008C9121FF1
:1002F00008C0042AFAD203E011F8013B00F8013BE0
:10030000521EF9D27047D2B201E000F8012B491E0B
:10031000FBD270470022F6E710B513460A460446A2
:100320001946FFF7F0FF204610BD2DE9FE4F81EA88
:10033000030404F0004421F0004100944FF0000B4E
:1003400023F0004350EA01045ED052EA03045BD07C
:10035000C3F30A54C1F30A552C44A4F2F3340194B4
:10036000A0FB0254C1F3130141F48011C3F3130342
:1003700043F4801301FB024400FB034E840A970AF6
:1003800044EA815447EA8357A4FB076802958D0A23
:1003900005FB07854FEA932C04FB0C542705029DAF
:1003A0004FEA065847EA1637B5EB08056EEB070C1F
:1003B000870E920E47EA811742EA8312A7FB0201D9
:1003C000B6EB0B0164EB00042B0D43EA0C335E1813
:1003D00044EB1C50DA465146E7FB0201C5F3130417
:1003E0004FEA0B3343EA14534FEA0432019C43EAC9
:1003F0000603A4F10C040294009CCDE900B400F0C3
:100400005AF803B0BDE8F08F00200146F9E70EB5B9
:1004100040F2334102910021CDE900110A460B461A
:1004200000F049F803B000BDC1F30A5210B5C1F3A2
:10043000130140F2FF3341F480119A4201DA0020A7
:1004400010BD40F233439A42A2F2334203DC5242DF
:1004500000F012F810BD904010BD202A04DB203AB5
:1004600000FA02F1002070479140C2F1200320FA07
:1004700003F3194390407047202A04DB203A21FA05
:1004800002F00021704721FA02F3D040C2F12002AD
:10049000914008431946704710B5141E73F10004CB
:1004A00008DA401C41F1000192185B411A4301D166
:1004B00020F0010010BD2DE9F04D92469B4611B190
:1004C000B1FA81F202E0B0FA80F220329046FFF7F2
:1004D000C4FF04460F4640EA0A0041EA0B015346B6
:1004E0005A46084313D0114653EA010019D0C8F107
:1004F00040025046FFF7C0FF05460E46504659469B
:100500004246FFF7AAFF084305D0012004E0204639
:100510003946BDE8F08D0020054346EAE0762C43DD
:1005200037430A986305E40AA0EB08000022FD0A9D
:1005300044EA47540A3002D500200146E9E70105A4
:1005400010196941DDE9084500196941BDE8F04D20
:10055000A2E70000064C074D06E0E06840F001030A
:1005600094E8070098471034AC42F6D3FFF710FE2A
:10057000E88D0308088E0308704700000146014813
:1005800001F0FCB888C1012010B5044801F008F959
:10059000042801D0012010BD002010BD88C1012019
:1005A00038B501208DF800009DF80000012801D029
:1005B000012038BD064801F00DFA040006D14FF4C1
:1005C0000061034800F080FF00B10124204638BDDF
:1005D00088C10120134610B50A460146002403488D
:1005E00001F0EAFA00B10124204610BD88C10120C3
:1005F00003484FF0FF320121406809F00FB80000B6
:100600005C000020134610B50A460146002403484A
:1006100001F06CFB00B10124204610BD88C101200F
:1006200003484FF0FF320221406808F0F7BF000096
:100630005C000020FEE70000014800F001B9000066
:100640000CC20120014800F0FBB800006CC2012080
:1006500001681823CAB2103AB2FBF3F2054B6FF3EC
:100660000901032A9B5CC36500D9091D8165084601
:1006700070470000CCE1000810B5014600208B69EE
:100680008A6A4FF0C07453B1B3F5005F15D072B1F0
:10069000012A0CD0022A0AD0032A09D104E01AB197
:1006A000012A06D0022A03D1C96AC90100D5012056
:1006B00010BDC96AA142FAD010BD002AF7D0012AA4
:1006C000F2D0022AF3D0032AF3D010BD30B504686B
:1006D000256825F480252560046863608368402BC5
:1006E000036803D099600068C26030BD9A600068FA
:1006F000C16030BD70477047002200F001B80000B3
:1007000030B50E4B054601209C7B022C15D2987B00
:1007100000241C54987B03EB800045609D7B03F113
:100720000C002A54987B421C9A73303008703A208F
:1007300048702F208870CC70002030BD00C501208B
:1007400070B5B3F5804F05D06FF0704140F82210BE
:10075000002070BD50F82240084B8E891C40D1E922
:10076000003543EA05138D6889692D0245EA06457F
:100770002B430B43234340F82230E9E70000F0CF3E
:10078000F0B50C6850F82430114A1340D1E9012526
:10079000D1E903672A433E4332434E6932438E69AF
:1007A0003243CE6932430E6A32434E6A32438E6A16
:1007B0003243CE6A3243CE6B096B32430A431A434B
:1007C000082D01D142F0400240F824200020F0BD65
:1007D0008000F0FF30B500EB820250688D8900F098
:1007E0004043D1E9000440EA04108C68240244EA42
:1007F000054420430C8A074D05EB045420430C7D2F
:100800006D0105EB04648969204308431843506077
:10081000002030BD0000F0FF90F83510022903D011
:100820008021416501207047052180F8351000685E
:10083000016821F00101016000207047406D7047A0
:100840002DE9F84304464FF00009CDF800906348C5
:100850004FF41651A56D0068B0FBF1F72E6894F8BF
:100860005C10082000FA01F131420FD021680A68BB
:1008700052070BD50A6822F004020A6094F85C1053
:100880008840A860606D40F00100606594F85C10DD
:100890004FF0010808FA01F0304208D02168496998
:1008A000090604D5A860606D40F00200606594F808
:1008B0005C1004208840304208D02168096889070C
:1008C00004D5A860606D40F00400606594F85C1089
:1008D00010208840304218D021680968090714D5D3
:1008E000A86020680168490304D50068000308D5A2
:1008F000A16C07E00168C90503D4016821F0080173
:100900000160216C09B12046884794F85C102020D2
:100910008840304231D021680968C9062DD5A860C9
:1009200094F8350005282068016806D0490347D5AA
:10093000006800031DD4616C1CE021F01601016009
:100940002068416921F080014161206C08B9A06CE8
:1009500020B12068016821F00801016094F85C1062
:100960003F208840A86084F8349084F83580216D59
:100970001FE0E16B09B120468847606D00282BD04D
:10098000606DC00714D0052084F835002068016828
:1009900021F0010101600098401C0090B84203D88A
:1009A00020680068C007F6D184F8349084F8358058
:1009B000E16C002910D001B02046BDE8F0430847A3
:1009C0000168C905D5D4016821F01001016084F8DF
:1009D000349084F83580CCE7BDE8F883A40000208B
:1009E0002DE9F041044600F0EDF906465CB1002522
:1009F00084F83450022084F835002068016821F022
:100A0000010101600DE00120BDE8F08100F0DAF99C
:100A1000801B052805D920206065032084F8350057
:100A2000F2E720680068C007F0D12268116820480A
:100A30000140D4E901031843D4E903363343184392
:100A400063691843A3691843E3691843236A184389
:100A50000843616A042903D1D4E90B1319430843FD
:100A6000106020684069666A20F0070130460E4336
:100A7000012704280CD1A06A0643E06A40B1204651
:100A8000FFF7FAFD20B14020606584F83570BAE7C1
:100A9000206846612046FFF7DBFD94F85C203F218B
:100AA00091408160656584F835700020ACE70000F6
:100AB0003F8010F02DE9F0410446866D90F8340037
:100AC000002501280DD0012084F8340094F83570F9
:100AD0000020012F07D084F8340002252846BDE805
:100AE000F0810220FBE7022784F83570606520461C
:100AF000FFF7ECFD94F85C103F208840B060206860
:100B0000016841F016010160206C20B12068016885
:100B100041F0080101602068016841F001010160B5
:100B2000DCE780B203F026BBF0B587B0142168463D
:100B3000FFF7F0FB1F480168002939D10124046048
:100B40001D48016841F0010101600068022500F0C4
:100B5000010005904FF23F00CDE9000502AA0326EF
:100B60000C2782E8D0006946144800F02FF841F2C3
:100B70003F40CDE9000502AA694682E8D00010484E
:100B800000F024F84FF68370CDE9000502AA69460B
:100B900082E8D0000B4800F019F84FF63370CDE929
:100BA000000502AA694682E8D000074800F00EF866
:100BB00007B0F0BD90000020383802400014024019
:100BC0000018024000100240000C02402DE9F84FCE
:100BD000DFF8B8A1002201250AF1040B03264FF02B
:100BE0000F090BF1040E00BF0B6805FA02F4234055
:100BF000A3426FD10F7907F00307012F01D0022F15
:100C000016D187684FEA420806FA08FC27EA0C0763
:100C1000D1F80CC00CFA08FC4CEA070CC0F808C06C
:100C20004768A7430C79C4F3001494403C434460E4
:100C30000C79E443A4070AD0C4684FEA420C06FAD0
:100C40000CF7BC438F6807FA0CF72743C7600C7991
:100C500004F00304022C12D1D40800EB840CDCF85D
:100C600020405707FF0E09FA07F824EA0804D1F8D4
:100C7000108008FA07F848EA0408CCF820800468D5
:100C80004FEA420C06FA0CF7BC430F7907F0030752
:100C900007FA0CF7274307604C68E40070D53C4C1A
:100CA000276847F480472760246822F0030704F48C
:100CB00080440094374C07EB040CDCF80848970795
:100CC0004FEA177809FA08F7BC43334FB84202D10C
:100CD000002724E054E0314FB84201D101271EE043
:100CE0002F4FB84201D1022719E02E4FB84201D14F
:100CF000032714E02C4FB84201D104270FE02B4FFB
:100D0000B84201D105270AE0294FB84201D1062790
:100D100005E0284FB84201D1072700E0082707FA6D
:100D200008F72743CCF80878DAF800405746D1F89E
:100D300004C09C435FEACC3C00D51C433C60DBF81C
:100D400000405F46D1F804C09C435FEA8C3C00D56C
:100D50001C433C60DEF800407746D1F804C09C4359
:100D60005FEACC2C00D51C433C60084F0C373C6834
:100D7000D1F804C09C435FEA8C2C00D51C433C6036
:100D8000521C102AFFF430AFBDE8F88F003C014040
:100D9000443802400030014000000240000402409C
:100DA00000080240000C0240001002400014024003
:100DB00000180240001C02400AB18161704709041A
:100DC000FBE70000014880687047000098000020A1
:100DD00002488168027811448160704798000020C1
:100DE0000B4810B5016841F400710160016841F4DD
:100DF00080610160016841F480710160032000F0AE
:100E00008DF8002000F006F800F03EF8002010BD3C
:100E1000003C024010B5014688B00022192000F0C5
:100E20005DF8192000F04CF813480024016841F0E7
:100E300001010160006805A900F001000690684604
:100E400000F018F900F046F90C494000B0FBF1F150
:100E50000C480B4A491E026040F2E732C0E9032405
:100E6000C0E9011401F084F910B1012008B010BDEF
:100E7000044801F0ABF9F9E74438024040420F0062
:100E80000000014068C301200C4882B0016841F4B1
:100E900080410160006800F4804000900748001F16
:100EA000016841F0805101600068002200F080502C
:100EB00000900F21901E02B000F010B8443802409C
:100EC000002809DB00F01F02012191404009800049
:100ED00000F1E020C0F8001170470000F0B40E4BA4
:100EE0001B680C46C3F30223C3F10705042D00D988
:100EF0000425191D072901D2002300E0DB1E01266D
:100F000006FA05F1491E214099409E40761E164082
:100F10003143F0BC02F090BD0CED00E0064900F05A
:100F2000070208684FF6FF03184040EA0220034A10
:100F300010430860704700000CED00E00000FA0567
:100F40002DE9F0470E46050065D0DFF81481D8F88A
:100F50000000F7B200F00700B04207D288F8007036
:100F6000D8F8000000F00700B04254D128683D4C8A
:100F7000810712D5400703D5206840F4E050206077
:100F80002878000703D5206840F46040206020687E
:100F9000A96820F0F000084320602878C0072DD011
:100FA000304968680839012812D0022813D0032874
:100FB00011D00968890700292DDA216821F0030181
:100FC00001432160FFF7FEFE814641F2883A0EE0C0
:100FD00009688903EFE709688901ECE7FFF7F2FE8A
:100FE000A0EB0901514502D90320BDE8F087206834
:100FF000696800F00C00B0EB810FEFD1D8F8001059
:10100000404601F00701B14207D90770006800F0BF
:101010000700B04201D00120E7E72878400705D556
:101020002068E96820F4E050084320602878000731
:1010300006D52068296920F4604040EAC10020609C
:1010400000F058F82168084AC1F30311515CC84008
:101050000649086006480068FFF7DCFE0020C4E788
:10106000003C024008380240D4E10008A4000020FF
:101070009C0000200F2202600C4A136803F0030357
:101080004360136803F0F0038360136803F4E053D4
:10109000C36012684FF4E05303EAD20202610448CD
:1010A000006800F007000860704700000838024040
:1010B000003C02400448054900680968044AC1F33D
:1010C0008221515CC8407047A400002008380240CB
:1010D000E4E100080448054900680968044AC1F3CE
:1010E0004231515CC8407047A400002008380240DB
:1010F000E4E10008154810B5006810F00C0214482F
:1011000013D04110042A0FD0082A0ED10F4C241FEF
:101110002268236802F03F025B0207D52068C0F313
:101120008810A0FB010106E0084610BD2168C1F34C
:101130008811A1FB00010023FFF7A2F82168C1F389
:101140000141491C4900B0FBF1F010BD08380240D4
:101150000024F4002DE9F84F04006ED02078DFF869
:101160004C93C007A9F104054AD009F104000168B5
:10117000C1F38101012908D00068C0F38100022871
:101180000AD1D9F80000400206D52868800337D577
:1011900060680028E1D033E06068B0F5803F10D08F
:1011A000B0F5A02F286810D020F48030286028687F
:1011B00020F4802028606068A8B1FFF703FE06468F
:1011C0000DE0286840F48030F4E740F48020286087
:1011D000F7E700BFFFF7F6FD801B642873D8286887
:1011E0008003F7D50CE0FFF7EDFD064605E000BFF4
:1011F000FFF7E8FD801B6428F0D828688003F7D447
:101200002078DFF8AC8280074FF0000A3ED5A7486F
:10121000001D016811F00C0F08D00068C0F38100B8
:1012200002280BD1D9F80000400207D428688007B3
:1012300016D5E068012800D112E033E1E068B8B1CA
:101240000120C8F80000FFF7BDFD064605E000BF1D
:10125000FFF7B8FD801B0228C0D828688007F7D5A3
:101260002868216920F0F80040EAC10028600DE0FC
:10127000C8F800A0FFF7A6FD064604E0FFF7A2FDB0
:10128000801B02281FD828688007F7D42078000721
:1012900022D5864F87486169703771B1012101609D
:1012A000FFF790FD064604E0FFF78CFD801B022847
:1012B00009D838688007F7D50EE0C0F800A0FFF71E
:1012C00081FD064605E082E0FFF77CFD801B0228D9
:1012D0007DD838688007F7D42078400768D5DFF8D4
:1012E000CCB100270BF13C0BDBF80000C0000BD4A5
:1012F000DBF8001041F08051CBF80010DBF8000063
:10130000012700F0805000906B4E3068C00510D46B
:10131000306840F480703060FFF754FD009005E0C5
:10132000FFF750FD0099401A022850D83068C005D8
:10133000F6D55E4EA0686C3601280FD005283068BF
:1013400010D020F001003060306820F004003060E0
:10135000A068B8B1FFF736FD00900FE0306840F0AC
:101360000100F4E740F004003060F7E7FFF72AFDE2
:101370000099411A41F28830814266D8306880076E
:10138000F4D50EE0FFF71EFD009007E0FFF71AFD11
:101390000099411A41F28830814256D8306880075E
:1013A000F4D42FB1DBF8001021F08051CBF80010FD
:1013B000A069C8B33D49091D0968C1F3810102292B
:1013C0004AD00228504607D0C8F8600000E03CE050
:1013D000FFF7F8FC04463BE04746C8F86000FFF71B
:1013E000F1FC064605E000BFFFF7ECFC801B02287D
:1013F0002BD828688001F7D4D4E907010843A16AF3
:101400002E4A490802EB0141626A41EA821108430F
:1014100094F82C1040EA0161C9F8001001203866E8
:10142000FFF7D0FC044606E03EE000BFFFF7CAFC31
:10143000001B022809D828688001F7D534E000BFD6
:10144000FFF7C0FC001B022802D90320BDE8F88F7B
:1014500028688001F4D427E00128F7D0D9F80000EB
:10146000E26900F4800191421CD1226A00F03F0140
:10147000914217D147F6C071626A0140B1EB821FF9
:1014800010D1A26A4FF0FF3300F4403103EB520257
:10149000B1EB024F06D194F82C1000F07060B0EB65
:1014A000016F01D00120D1E70020CFE704380240CE
:1014B00000004742800E4742007000400000FFFFDE
:1014C00010B5FFF759F810BD2DE9FE43044600267C
:1014D00003200D4684F83400606C03285ED0B5F517
:1014E000805F5BD04FF4006700204FF08068BD4202
:1014F0001FD18146009001900021206801F058F929
:10150000800113D46946204601F040FD07000DD14B
:101510000198400334D5B4F850000104206801F06C
:1015200083F9070002D10221206823E0A06B384331
:1015300028E01DB1A06B40F0006023E081460090E0
:1015400001900021206801F033F98001EED4694652
:10155000204601F01BFD0700E8D10198C0030FD51C
:10156000B4F850000104206801F05EF90700DDD1F5
:101570000021206801F0A5F90700D7D14F46D5E733
:101580004746D3E7A063A06B144F4FF0010848B162
:101590002068876384F8348001260EE0A06B40F059
:1015A0008050EFE7211DD4E9050C0EC9CDE90050AC
:1015B000CDF808C0206801F005F94FF400712068EB
:1015C00001F066F928B121688F63A16B0143A16323
:1015D000012684F834803046BDE8FE83FF054000D4
:1015E00070470000F0B5426E920F0A70426EC2F36F
:1015F00083624A70426EC2F301628A70426E120CBC
:10160000CA70B0F86420120A0A7190F864204A7116
:10161000826E120DCA80826EC2F303420A72B0F863
:101620006820C2F3C0324A72B0F86820C2F3803238
:101630008A72B0F86820C2F34032CA72B0F86820EB
:10164000C2F300320A7300264E73426C4FF40075E9
:10165000012462B1012A3AD0026847499163816B43
:1016600041F08051816380F834400120F0BDB0F832
:101670006820C36E9205120D42EA93720A61C26E2F
:10168000C2F3C2620A75C26EC2F302624A75C26ECA
:10169000C2F342528A75C26EC2F38242CA75C26EEA
:1016A000C2F3C2320A760A69521C42650B7E03F00D
:1016B00007039B1C9A4042650B7A03F00F0704FA5C
:1016C00007F383655B0A5A43C0E917250EE090F8DB
:1016D0006820C36E9206920A42EA13420A610A69BE
:1016E000521C92024265C0E91652056630F86C2F12
:1016F000C2F3803201F8192F0288C2F3C6124A7071
:10170000027802F07F028A704268D20FCA70426883
:10171000C2F341720A714268C2F382624A7142683E
:10172000C2F383528A714268C2F34052CA710E7288
:101730004268C2F300424A728288C2F3C0328A729F
:101740008288C2F38032CA728288C2F340320A733E
:101750008288C2F300324A738288C2F381228A737C
:101760008288C2F30122CA730079C0F3460008746C
:101770004C740020F0BD0000FF054000426C0A6080
:10178000826C4A60C26C8A60026DCA60426D0A61F6
:10179000826D4A61C26D8A61006EC8610020704727
:1017A00070B50446B0F8500000250104206801F02F
:1017B00092F918B1A16B0143A16304E000212068F4
:1017C00000F0F6FF0546C5F3432070BDF8B5056B84
:1017D00004460068416B09041BD5290719D5D4E9D3
:1017E0000A56002E14D00027206801F005F805F8ED
:1017F000010B010A05F8011B010C05F8021B000E84
:10180000361F7F1C05F8010C082FEDD3C4E90A56DA
:10181000F8BD416B4FF00006C9054FF0010744D5F4
:10182000390281632068C16B4CF23A329143C16343
:101830002068C16A21F00101C16228071DD515F099
:10184000220F09D0206801F077F928B1A16B01437C
:10185000A1632046FFF7C4FE216840F23A50886336
:1018600084F834702663A80703D0204600F036FAC7
:10187000F8BD204600F036FAF8BD2806FCD5A806CB
:1018800009D5206801F058F928B1A16B0143A16383
:101890002046FFF7A5FEA807EED12068C16A21F017
:1018A0000801C16284F83470E3E7416B490424D530
:1018B000290722D5D4E90856002EDDD05FF00007B5
:1018C00015F8010B009015F8011B361F40EA0120A6
:1018D000009015F8021B40EA0140009015F8011C29
:1018E00040EA016000906946206800F098FF7F1C84
:1018F000082FE5D3C4E90856F8BD416B40F23A22FF
:101900001142F9D0416B890703D5A16B41F0020167
:10191000A163416B090703D5A16B41F00801A163E5
:10192000416B890603D5A16B41F02001A163416B96
:10193000C90603D5A16B41F01001A163416B890574
:1019400003D5A16B41F00801A16340F23A718163B4
:101950002068C16B40F23A329143C163206801F0C4
:10196000EBF8A16B0843A063280706D584F8347010
:1019700026632046FFF734FEF8BD2806FCD515F097
:10198000300F0CD0E16B11480865E06BFEF744FFA7
:101990000028F1D0E06BBDE8F84001F0D5BAA80707
:1019A0000CD0216C0A480865206CFEF735FF002832
:1019B000E2D0206CBDE8F84001F09DBAA66384F83F
:1019C000347026632046FFF77BFDF8BD492F0008E1
:1019D000F72E000870B504000ED094F834000025EE
:1019E00018B92577204600F04BF8032084F834001E
:1019F000204600F00BF808B1012070BDA5632563F7
:101A0000012084F83400002070BD0000FEB50025E0
:101A1000044676200095CDE9015029460B460A463A
:101A2000206800F0CFFE28BB134E46F8A05F206868
:101A300000F0DAFE01253560204601F08BFB28B16D
:101A400084F83450A16B0143A16313E0204601F0F8
:101A50000AFB0028F4D14FF40071206800F018FF51
:101A6000002808D0226805499163A16B0143A16356
:101A700084F834500120FEBD00802542FF0540005F
:101A80002DE9F04F87B0054614216846FEF742FC69
:101A90004349286888427FD142480068414940F460
:101AA00000600860086800F4006005903D48143844
:101AB000016841F004010160016801F00401059131
:101AC000016841F0080101600068022400F008008C
:101AD00005904FF4F8504FF001088DE811010326EE
:101AE0004FF00C09CDE9036969462F48FFF76EF8FE
:101AF0000427CDE90074CDE9028669462B48CDF86C
:101B00001090FFF763F82B4C29484FF00068E4E889
:101B10000208002001C44FF480694FF4805BA4E800
:101B2000010A38034FF0200A64E8060A0020C4E9DD
:101B300008077805C4E90A6086101E482663FEF788
:101B40004FFF08B1FEF7D7FD2C64A563194C184868
:101B500060344830E4E80208402001C40020A4E8D2
:101B6000010A032164E8060AC4E908072663C4E9F8
:101B70000A1010486030FEF733FF08B1FEF7BBFDD6
:101B8000EC63002205213120A563FFF7A7F931207E
:101B900000E001E0FFF794F907B0BDE8F08F000026
:101BA000002C01404438024000080240000C024072
:101BB000586402400CC201202DE9F04786B01F4650
:101BC0000446154639B194F83400012807D00220A4
:101BD00006B0BDE8F087A06B40F0006008E0002090
:101BE000A063E36DEA199A4204D9A06B40F000703B
:101BF000A06369E0032284F8342022688146D06221
:101C00002268D36B40F22A363343D363236C2F4AC6
:101C1000DA63236C2E4ADA64226C1065226C9060C1
:101C2000206C0068026822F0C002026020680A4648
:101C3000266C4FEA472800F180014FEA98033046AE
:101C4000FEF738FFDFF88CA0012670B12068C16B69
:101C500021F49571C1632168C1F838A0A06B40F0F0
:101C60008040A06384F834602EE01B480660606CFE
:101C7000012800D06D024FF0FF30CDE90008902020
:101C8000029002200596CDE903096946206800F01C
:101C900079FD012F06D9822020632946206800F0B3
:101CA0008BFE05E0812020632946206800F09DFE20
:101CB00000288DD02268C2F838A0A16B0143A1632F
:101CC00084F83460C4F83090012081E7B52E000814
:101CD000512E0008FF0540008C85254210B5FEF707
:101CE00087FC10BD10B5FEF79BFC10BD2DE9F04F31
:101CF0005FEA010B87B01E460446114607D094F8F0
:101D00003400012807D0022007B0BDE8F08FA06B97
:101D100040F0006008E00025A563E26D881990425C
:101D200004D9A06B40F00070A06356E0032084F853
:101D300034002068C5622068C26B40F21A2942EA6A
:101D40000902C263E26B2D48D063E26B2C48D06479
:101D5000E06B0565606C012800D049024FF09008E7
:101D6000012E05D9A0202063206800F0FFFE04E0CA
:101D7000C4F83080206800F012FFDFF888A0012747
:101D800030B12268C2F838A0A16B0143A16321E001
:101D90001D480760E16B40208860E06B00680168C7
:101DA00021F0C00141F04001016022687602B308D1
:101DB00059468032E06BFEF77DFE80B12068C16B32
:101DC00021EA0901C1632168C1F838A0A06B40F085
:101DD0008040A06384F834702563012094E74FF0BD
:101DE000FF30CDE90006CDE90285CDE9045769460B
:101DF000206800F0C7FC002086E700003B2F0008A9
:101E0000512E0008FF0540008C85254270B5040066
:101E100009D0606A002540B125616561A56294F82A
:101E2000510040B10CE0012070BD6068B0F5827FC8
:101E3000F4D0E561F2E784F85050204600F044F811
:101E4000022084F851002068016821F040010160FF
:101E5000A088218900F4827001F404410843A1891B
:101E600001F400610843217C01F002010843217D57
:101E700001F001010843218B01F400710843217F27
:101E800001F03801084394F8201001F08001084364
:101E9000218D01F40051084321680860A0690421E4
:101EA00001EA104094F8241001F010010843216861
:101EB00048602068C16921F40061C1616565012045
:101EC00084F85100002070BD10B586B0044614217E
:101ED0006846FEF71FFA13492068884220D112484D
:101EE000016841F480510160006800F48050059061
:101EF0000D481438016841F002010160006869462C
:101F000000F002000590382000900220019001208E
:101F1000029003200390052004900448FEF756FE2B
:101F200006B010BD003001404438024000040240B9
:101F30002DE9F84F044690F8500000270A9E1D46F0
:101F400092468B464FF0010901280ED0012084F8FB
:101F50005000FEF737FF804694F851006168012871
:101F60000CD0B1F5827F07D102E00220BDE8F88FE6
:101F7000A16809B9042801D00227C2E0BBF1000F13
:101F800027D0BAF1000F24D01DB394F851000428D3
:101F900002D0052084F8510000206065C4F838A004
:101FA000E587A587C4F830B0E586A586206460641F
:101FB00020680168490603D4016841F040010160CE
:101FC000E068B0F5006F606805D0E8B3012D46D039
:101FD0007FE0012795E008B1012D39D1206B216800
:101FE0000088C860206B801C2063E08E401EE08665
:101FF0002EE02068816889070FD5E18E69B1B9F1BB
:10200000010F0AD1216B0988C160206B801C2063FD
:10201000E08E401EE0864FF0000920688168C90705
:102020000CD0E18F51B1C068A16B0880A06B801CFF
:10203000A063E08F401EE0874FF00109FEF7C2FE6B
:10204000A0EB0800B04200E009E001D3701C50D1C1
:10205000E08E0028CDD1E08F0028CAD13FE0206B70
:10206000216800780873206B401C2063E08E401EBE
:10207000E0862EE02068816889070FD5E18E69B17E
:10208000B9F1010F0AD1216B09780173206B401C53
:102090002063E08E401EE0864FF0000920688168D2
:1020A000C9070CD0E18F51B1C068A16B0870A06B5B
:1020B000401CA063E08F401EE0874FF00109FEF74F
:1020C00081FEA0EB0800B04202D3701C01D010E0EA
:1020D0007EB1E08E0028CDD1E08F0028CAD14246E3
:1020E0003146204601F08CF928B101272020606597
:1020F00007E0032705E0A06818B92068C168806878
:102100000090012084F85100002084F850003846E7
:102110002CE770B515460E46040003D094F849002C
:1021200010B107E0012070BD002084F8480020466F
:1021300000F01AF804F108012068FEF721FB31468F
:10214000A2682068FEF746FBD4E901022946236B0A
:10215000FEF7F6FAA168206850F8212042F001024B
:1021600040F82120002070BDFEF7DEBC70477047AC
:1021700010B5040003D094F83D0010B107E0012031
:1021800010BD002084F83C00204600F01EF802201C
:1021900084F83D00211D206801F0F8FA012084F840
:1021A000460084F83E0084F83F0084F8400084F83C
:1021B000410084F8420084F8430084F8440084F825
:1021C000450084F83D00002010BD704790F83D1098
:1021D000012901D001207047022180F83D100168DB
:1021E000CA6842F00102CA6000681149884214D0EE
:1021F000B0F1804F11D00F4988420ED00E4988426D
:102200000BD00E49884208D00D49884205D00D49AF
:10221000884202D00C49884204D1816801F007014C
:10222000062903D0016841F00101016000207047D8
:10223000000001400004004000080040000C004085
:10224000000401400040014000180040704770B594
:102250000446006801694FF00005C943890715D499
:10226000C168C943890711D4E91E016101202077A3
:10227000206880698007204602D0FFF7E7FF04E06E
:1022800000F098F8204600F096F82577206801695C
:10229000C943490717D4C168C943490713D46FF02C
:1022A00004010161022020772068806910F4407FDA
:1022B000204602D0FFF7CAFF04E000F07BF820467A
:1022C00000F079F8257720680169C943090716D419
:1022D000C168C943090712D46FF0080101610420E5
:1022E00020772068C0698007204602D0FFF7AEFF44
:1022F00004E000F05FF8204600F05DF825772068E4
:102300000169C943C90617D4C168C943C90613D4B2
:102310006FF010010161082020772068C06910F477
:10232000407F204602D0FFF791FF04E000F042F822
:10233000204600F040F8257720680169C943C907A5
:1023400008D1C168C943C90704D1891E016120466B
:1023500000F032F820680169C943090609D4C16850
:10236000C943090605D46FF0800101612046FFF7DB
:10237000FDFE20680169C943490609D4C168C94303
:10238000490605D46FF040010161204600F01EF8B7
:1023900020680169C94389060BD4C168C94389060D
:1023A00007D46FF0200101612046BDE87040FFF7BF
:1023B000DEBE70BD7047704700680349884201D196
:1023C000FEF706BD7047000000000140704770B581
:1023D000040004D094F83D00002510B106E001206F
:1023E00070BD84F83C50204600F022F8242084F888
:1023F0003D002068C16821F40051C160204601F011
:1024000029FA2068016921F490410161206841693D
:1024100021F02A0141612068C16841F40051C16086
:102420002564202084F83D0084F83E00002070BD23
:1024300010B586B0044614216846FDF76BFF1449B9
:102440002068884221D11348016841F010010160E1
:10245000006800F0100005900E481438016841F043
:10246000010101600068694600F0010005904FF429
:10247000C060009002200190012002900320039090
:10248000072004900448FEF7A1FB06B010BD000031
:10249000001001404438024000000240FEE7000006
:1024A0000D4808B5016841F4800101600068002210
:1024B00000F48000009006213B20FEF70FFD3B203A
:1024C000FEF7FEFC002206214520FEF707FDBDE8D1
:1024D00008404520FEF7F4BC3038024010B50649EC
:1024E0000648FEF709F9044CA41EA11D20700448FB
:1024F000FEF702F9607010BD660000208CE1000854
:102500007000002000B585B0142206496846FDF72A
:10251000E8FE0021684607F029F90349886005B004
:1025200000BD0000B8E10008840000202DE9F0475C
:102530008EB01C216846FDF7EDFE1C2107A8FDF7B3
:10254000E9FE304804210024C0E902141025C0E946
:1025500004458461C4614FF4805A0462C0E9094AA9
:10256000C46204634463DFF8A08084634FF02046B4
:102570004464C0E9006802200F27CDE9000702A9E2
:1025800008204FF0110981E83102002269461D48F8
:102590000694FFF7BEFD08B1FEF7ADF81948062115
:1025A000503007AAC0E90214C0E904458461C4613F
:1025B0000462C0E9094A4FF48041C0E90B41446319
:1025C00084634464C0E900683C200097CDE9017051
:1025D000CDF81490CDE903750921CDE90641CDE987
:1025E0000871CDE90C940748CDE90A756946503069
:1025F000FFF78FFD002801D0FEF77DF80EB0BDE893
:10260000F0870000E8C00120040100A070B586B08A
:1026100014216846FDF77EFE2E48016841F0200136
:102620000160016801F020010591016841F080011D
:102630000160016801F080010591016841F04001ED
:102640000160016801F040010591016841F010014D
:102650000160016801F010010591016841F002017B
:102660000160016801F002010591016841F0080173
:102670000160016801F008010591016841F0040161
:102680000160016801F004010591016841F0010158
:1026900001600068104E00F00100059001224FF427
:1026A00040413046FEF788FB01244FF48040CDE9DD
:1026B0000004022569463046CDE90245FEF786FA58
:1026C000E0038DE83100694630460395FEF77EFA57
:1026D00006B070BD30380240000402400748064989
:1026E0004FF480420160002141608160C160C0E917
:1026F0000412816170470000002C014088C1012054
:10270000104810B50E4901604FF4827141600021FC
:1027100002228160C0E903120122426152028261F9
:102720003822C0E90721416281620A21C162FFF7B4
:102730006DFB002803D0BDE81040FDF7DCBF10BDE5
:1027400000300140CCC201200C4810B50A4901609C
:102750004FF4E1314160002181600C22C160C0E989
:1027600004128161C161FFF732FE002803D0BDE889
:102770001040FDF7C0BF10BD0010014024C3012070
:10278000FEE770470A6842624A688262D1E9022322
:102790001A43D1E904310B43C16A1A4321F0F7010E
:1027A0001143C16200207047006800F003007047C9
:1027B00008444069704700000148FFF707B800006F
:1027C00088C1012070B50DF1100C11439CE8700018
:1027D0002343194329434268314347F6FF639A4331
:1027E0000A434260002070BD10B503210160022041
:1027F000FEF797F9002010BDD0F8800070470A68F6
:102800008260D1E901231A43D1E903310B43C16846
:102810001A436FF30B011143C16000207047096830
:10282000C0F880100020704710B586B004463720ED
:10283000CDE9001040200290002003904FF480600A
:10284000049069462046FFF7DAFF41F288323721CB
:10285000204600F0BDF906B010BD000010B50446DA
:102860000A4886B001432920CDE90010402002909B
:10287000002003904FF48060049069462046FFF7E3
:10288000BEFF204600F05CFA06B010BD00001080CC
:1028900010B586B004461020CDE90010402002900B
:1028A000002003904FF48060049069462046FFF7B3
:1028B000A6FF41F288321021204600F089F906B0C7
:1028C00010BD10B586B004460620CDE900104020AA
:1028D0000290002003904FF48060049069462046E7
:1028E000FFF78DFF41F288320621204600F070F993
:1028F00006B010BD30B585B00024054600940194A3
:102900004FF480600294CDE9034069462846FFF702
:1029100076FF0B484FF4FA510068B0FBF1F041F23A
:1029200088314843401E03D24FF0004005B030BD0F
:10293000696B0906F6D5C520A8632046F6E70000B6
:10294000A400002070B585B004464FF4D570009007
:1029500001A908204025002681E86100C0010490FB
:1029600069462046FFF74BFF12484FF4FA510068C2
:10297000B0FBF1F041F288314843401E03D24FF0E2
:10298000004005B070BD616B11F0450FF5D0090531
:10299000F3D4606B400701D5042003E0606BC007EF
:1029A00002D00120A063ECE7606B400600D5A56370
:1029B0003046E6E7A400002010B586B00446122099
:1029C000CDE9001040200290002003904FF4806079
:1029D000049069462046FFF712FF41F28832122127
:1029E000204600F0F5F806B010BD10B586B00446DC
:1029F0001120CDE9001040200290002003904FF4F8
:102A00008060049069462046FFF7F9FE41F2883263
:102A10001121204600F0DCF806B010BD10B586B0DC
:102A200004460720CDE900204020029000200390BA
:102A30004FF48060049069462046FFF7E0FE41F2C3
:102A400088320721204600F0C3F806B010BD10B54B
:102A500086B0044600210220CDE90010C020CDE957
:102A600002014FF48060049069462046FFF7C7FEDC
:102A7000204600F03DF906B010BD10B586B0044602
:102A80000920CDE90010C0200290002003904FF4EF
:102A90008060049069462046FFF7B1FE204600F0B2
:102AA00027F906B010BD10B586B0044600213320CA
:102AB000CDE900104020CDE90201000104906946F3
:102AC0002046FFF79CFE41F288323321204600F079
:102AD0007FF806B010BD10B586B004460D20CDE9D4
:102AE000001040200290002003904FF4806004907A
:102AF00069462046FFF783FE41F288320D212046C9
:102B000000F066F806B010BD30B585B00C4605463D
:102B100000210320CDE900104020CDE90201000191
:102B2000049069462846FFF76AFE2246032128469C
:102B300000F028F905B030BD10B586B0044600217C
:102B40000C20CDE900104020CDE9020100010490E5
:102B500069462046FFF753FE034A0C21204600F049
:102B600037F806B010BD000000E1F50510B586B0DD
:102B700004461920CDE90010402002900020039067
:102B80004FF48060049069462046FFF738FE41F21A
:102B900088321921204600F01BF806B010BD10B590
:102BA00086B004461820CDE9001040200290002095
:102BB00003904FF48060049069462046FFF71FFEA3
:102BC00041F288321821204600F002F806B010BD0C
:102BD000454B10B51B684FF4FA54B3FBF4F3534361
:102BE0005B1E02D24FF0004010BD426B12F0450F49
:102BF000F6D01205F4D4426B520703D50421816349
:102C0000084610BD426BD20702D00121816305E066
:102C1000C52282630269D2B28A4201D0012010BD6E
:102C20000021FFF7C5FD3149084201D1002010BD48
:102C3000002802DA4FF0007010BD410001D540209D
:102C400010BD810001D5802010BDC10002D54FF418
:102C5000807010BD010102D54FF4007010BD41011C
:102C600002D54FF4806010BDC10102D54FF4006061
:102C700010BD010202D54FF4805010BD410202D5B3
:102C80004FF4005010BD810202D54FF4804010BDBA
:102C9000C10202D54FF4004010BD410302D54FF4EC
:102CA000003010BD810302D54FF4802010BDC10358
:102CB00002D54FF4002010BD010402D54FF480105E
:102CC00010BD410402D54FF4001010BD810402D59F
:102CD0004FF4800010BD000702D54FF4000010BD76
:102CE0004FF4803010BD0000A400002008E0FFFD7C
:102CF00012494FF4FA520968B1FBF2F141F28832FD
:102D00005143491E02D24FF000407047426B12F00F
:102D1000450FF6D01205F4D4416B490703D50421C1
:102D2000816308467047416BC90703D00121816365
:102D300008467047C521816300207047A400002029
:102D40000F494FF4FA520968B1FBF2F141F28832AF
:102D50005143491E02D24FF000407047426B12F0BF
:102D6000450FF6D01205F4D4416B490703D5042171
:102D7000816308467047C5218163002070470000C9
:102D8000A400002030B5204B4FF4FA541B68B3FB6D
:102D9000F4F341F2883463435B1E02D24FF00040EB
:102DA00030BD446B14F0450FF6D02405F4D4436BCA
:102DB0005B0703D504218163084630BD436BDB0705
:102DC00002D00121816303E00369DBB28B4201D0B1
:102DD000012030BDC52181630021FFF7E9FC10F41B
:102DE000604F04D0410406D54FF4005030BD000CB4
:102DF0001080002030BD000402D54FF4805030BD5B
:102E00004FF4803030BD0000A400002010B5064C07
:102E100001202070FDF7B8FB18B9207820F00100E0
:102E20002070207810BD00005C00002070B50546C1
:102E300006F099FB044603E0FDF7A6FB002806D048
:102E400006F091FB001BA842F6D34FF0FF3070BD97
:102E500010B5846BFDF7F2FC022828D0206C416D80
:102E6000E06B406D012901D001281DD12168104877
:102E700088632068C16B21F49D71C163A06B40F031
:102E80008040A0632046FEF78BFC062801D0052871
:102E900005D12068FFF750FEA16B0843A063012015
:102EA00084F83400002020632046FEF799FB10BD13
:102EB000FF05400010B5846B206B822809D1206883
:102EC000FFF73AFE28B1A16B0143A1632046FEF74C
:102ED00087FB2068C16A21F00801C162216840F2C5
:102EE0003A508863012084F8340000202063204693
:102EF000FEF7F4FE10BD10B5846B40F23A50216825
:102F000088632046FEF74CFC012184F83410002130
:102F10002163062801D0052805D12068FFF70CFEA3
:102F2000A16B0843A063A06B0028204602D0FEF7E7
:102F300057FB10BDFEF7C4FA10BD806B0068C16B73
:102F400041F48071C163704710B5846B40F23A5010
:102F5000216888632046FEF723FC012184F83410A1
:102F600000212163062801D0052805D12068FFF73C
:102F7000E3FDA16B0843A063A06B0028204602D0AC
:102F8000FEF72EFB10BDFEF79BFA10BD2DE9F047B2
:102F900088B00D460446FDF715FF002682460096D0
:102FA0000196374608212068FFF772FC002829D1D6
:102FB000B4F8500001042068FFF736FC002821D146
:102FC000401E4FF00808CDE9020830204FF00209FA
:102FD000CDE904090120CDE9067002A92068FFF7B8
:102FE000D1FB2068FFF75FFD00280BD16F462068FA
:102FF000416B11F02A0F08D0416B09071AD5C0F8B0
:103000003880082008B0BDE8F087416B890205D5FB
:10301000FFF7F2FB47F82600761C02E0416B8904BB
:10302000EAD5FDF7CFFEA0EB0A00401CDFD14FF040
:103030000040E7E7416B890703D5C0F838900220CC
:10304000E0E7416B890603D5202181630846D9E773
:1030500040F23A518163019800BA2860009800BAA2
:1030600068600020CEE710B590B004460120ADF8AE
:1030700038002068FFF798FB002854D0606C0328C4
:1030800042D02068FFF7E3FC00284AD100212068E5
:10309000FFF78EFB606704212068FFF789FBA067BC
:1030A00008212068FFF784FBE0670C212068FFF708
:1030B0007FFBC4F88000606C032825D00EA920682F
:1030C000FFF722FD00282CD1606C03281CD0BDF82E
:1030D0003800206501042068FFF7CFFC002820D1CC
:1030E00000212068FFF764FB606604212068FFF779
:1030F0005FFBA06608212068FFF75AFBE0660C2101
:103100002068FFF755FB206704212068FFF750FB7C
:10311000000DE06403A92046FEF764FA30B14FF0D9
:10312000805010B010BD4FF08060FAE7B4F8500046
:10313000002302042068FFF771FC0028F1D104F19C
:10314000100007C88DE8070094E80F00FFF73AFB6E
:103150000020E6E72DE9F84F0026044600963546A4
:10316000B0460068FFF7C6FB002827D12068FFF7AC
:10317000E9FB4FF0805B4FF001094FF6FF7748B154
:10318000A6642068FFF7B6FB002817D1A06C0128C1
:1031900002D020E0C4F8489000212068FFF744FBEB
:1031A00058B918E000212068FFF73EFB002805D140
:1031B00051462068FFF752FB10B15846BDE8F88F22
:1031C00000212068FFF7F4FA05464FEAD07800980E
:1031D000401C009002E0DFF82CA00098B84202D218
:1031E000B8F1000FDED00098B84202D34FF08070E3
:1031F000E4E7680002D5C4F8449000E0666400206B
:10320000DCE70000000010C17CB50F4C0546012032
:10321000207006F09AF9A8B1FDF7C2F918B928464E
:10322000FFF7F4FD2070207801280BD0606848B9C2
:103230000648D0E90010CDE900100021684606F0EC
:103240009EF9606020787CBD5C000020A0E1000851
:1032500010B5124888B014460078C00702D0032089
:1032600008B010BDC1B1012905D0022908D0032939
:103270000CD00420F4E76846FDF780F906980AE0D0
:103280006846FDF77BF90798208005E06846FDF762
:1032900075F90798400A20600020E1E75C000020F3
:1032A0002DE9FE4F47F23059984617468A460125C8
:1032B0004846FFF7BBFD00283BDB1F4E5FEA8A70E4
:1032C00003D0CB460024B1462DE042463946504655
:1032D000FDF780F968BB4A466846716806F054F904
:1032E000DDE90001102824D1012921D021E039464F
:1032F0007F1C01221148FDF76DF9060015D15A46D1
:103300006846D9F8041006F03FF9DDE900101029ED
:1033100008D1012806D1420208495046FCF7E1FFD6
:103320000AF5007A641C4445E1D3444501D106B94D
:1033300000252846BDE8FE8F5C00002060BA012011
:10334000FFF764BD2DE9FE4F47F230569846174609
:103350008A4601253046FFF769FD002848DBDFF883
:1033600098905FEA8A7002D00024B3463AE0424661
:1033700039465046FDF746F9D0BB32466846D9F883
:10338000041006F001F9DDE90010102930D10228FF
:103390002ED106F0E8F8841903E000BFFDF7F4F839
:1033A00028B306F0E0F8A042F8D321E039467F1CAC
:1033B00001221248FDF726F9060015D15A46684643
:1033C000D9F8041006F0E0F8DDE90001102808D172
:1033D000022906D1420109495046FCF782FF0AF54D
:1033E000007A641C4445E1D3444501D106B9002567
:1033F0002846BDE8FE8F00005C00002060BA012076
:1034000038B504461248134B0068B0FBF3F04FF494
:103410007A73584300906068B0F5827F0DD10B46F7
:10342000009200228021204600F016F870B1606DF5
:1034300040F020006065032038BD009830B1401E88
:10344000009020688068C0430006F6D5002038BD93
:10345000A400002000366E012DE9F8431E46914677
:1034600088460446089DFDF7ADFC401B351AFDF764
:10347000A9FC074625480068C0F3CB30684338E014
:10348000701C37D0FDF79EFCC01BA84203D215B1BB
:10349000009860B32CE02068416821F0E0014160B1
:1034A0006068B0F5827F0BD1A068B0F5004F02D004
:1034B000B0F5806F04D12068016821F040010160FF
:1034C000A06AB0F5005F09D12068016821F40051BD
:1034D00001602068016841F400510160012084F816
:1034E0005100002084F850000320BDE8F883002537
:1034F000401E00902068816838EA010004D0002155
:103500004945BDD10020F0E70121F9E7A4000020E2
:103510000EB5FEF7E3FF06F07DFEA82000F024FEC6
:1035200005F006F9374838A182883A4800F070FA69
:103530003A493948097830F8110002F03FFC20215F
:1035400037A0CDE900100B464FF478440A21DC2265
:103550000294084605F03DFC182133A0CDE9001087
:103560000B46DC2202942F210A2005F032FC1025A4
:1035700030A00095CDE901042B46DC224C210A2025
:1035800005F027FC2FA00095CDE901041023C822E7
:103590006C211E2005F01DFC05F03EFE05F098FE96
:1035A000044601462EA000F023FA324A32A13348E5
:1035B00000F02EFA4FF4FA754FF6FF760BE030A0CC
:1035C00000F016FA2846FDF7ACFA33A000F010FA26
:1035D0002846FDF7A6FA002CF1D0B442EFD002F055
:1035E000F3FA31490120CDE90001020200232FA1A5
:1035F000314807F0FBFB06F02DFE642005F09EFF2E
:10360000FBE70000200100204C43442049443A25B8
:103610003034580054BA01202E000020460000200B
:1036200053544D33320000004D656D204D616E6185
:103630006765000041544F4D40414C49454E54454B
:103640004B0000004672656552544F5320776974F1
:10365000682046415446532054657374210000008D
:103660006E6F72666C6173682069642069732025CF
:10367000640A0000A8E1000825730000D8C00120FA
:10368000464C41534820436865636B204661696C32
:103690006564210A00000000506C65617365204379
:1036A0006865636B21200A0088000020666D6F75D5
:1036B000745F6469736B73009157000810B55020F4
:1036C00080F31188BFF34F8FBFF36F8F07F0D6FBE6
:1036D00018B104494FF080500860002080F3118831
:1036E00010BD000004ED00E030B593B03021684615
:1036F000FCF710FE14210CA8FCF70CFE1A4800255C
:10370000016841F080510160006800F08050119024
:103710001648016841F4804101600068022400F409
:103720008040119001200090000401908001CDE9BB
:103730000640082008904FF4A870CDE9090407203E
:103740000B906846FDF706FD0CA90F2081E83100BB
:103750004FF4A0500F90E002109005210CA8FDF747
:10376000EFFB13B030BD0000403802400070004055
:103770000248016841F470010160704788ED00E083
:103780000148FEF764BD000068C30120F0B502687F
:10379000254C264D264E274F274B4FF0804CA042FC
:1037A00009D0604507D0A84205D0B04203D0B84246
:1037B00001D0984204D122F0700E4A6842EA0E020B
:1037C000A0421BD0604519D0A84217D0B04215D0F6
:1037D000B84213D0984211D0184DA8420ED0184DBF
:1037E000A8420BD0174DA84208D0174DA84205D0CB
:1037F000164DA84202D0164DA84203D122F44075BE
:10380000CA682A434D6922F080022A4302608A680E
:10381000C2620A688262A04201D0984201D109695D
:10382000016301214161F0BD00000140000400403E
:1038300000080040000C004000040140004001402E
:10384000004401400048014000180040001C0040B6
:103850000020004070B5044600680169E26821F468
:103860004051114301612169A068E269084361691F
:10387000114308432168CA6849F20C639A43024322
:10388000CA6020684169A26921F440711143416115
:1038900031492068884202D03049884202D1FDF780
:1038A00019FC01E0FDF706FCE269002319216425FB
:1038B0003226B2F5004F626828D0A0FB0101930FB9
:1038C0009200FCF7DDFC0146B0FBF5F06FF018024A
:1038D000504301EB800006EB0010B0FBF5F000F068
:1038E000F002B1FBF5F002EB0012B1FBF5F06FF066
:1038F0001803584301EB800006EB0010B0FBF5F015
:1039000000F00F0021681044886070BDA0FB010129
:1039100092185B41FCF7B4FC0146B0FBF5F00201E4
:10392000B1FBF5F06FF01803584301EB800006EB94
:10393000C000B0FBF5F000F0F80002EB4002B1FB74
:10394000F5F0584301EB800006EBC000B0FBF5F04A
:1039500000F00700D6E7000000100140001401400D
:1039600010B505F059FC002010BD81B101290BD024
:10397000022903D0032904D0042070474FF40070BB
:1039800000E00820108002E04FF4C04010600020EA
:1039900070472DE9F0411C0015460E460CD04FF43F
:1039A000007769023A46304605F06AFC641E05F16C
:1039B000010506F50076F4D10020BDE8F081002075
:1039C00070472DE9F0411C0015460E460CD04FF40F
:1039D000007769023A46304605F0E6FC641E05F1C0
:1039E000010506F50076F4D10020BDE8F081FEE780
:1039F0000FB4054B10B503A9044A029800F03CF837
:103A000010BC5DF814FB00003D5A00081C010020AA
:103A10000FB4084B10B504A902AA039800F02CF8C3
:103A2000044602A9002000F058FA204610BC5DF8B8
:103A300014FB0000DB3E00080907090E002804DB28
:103A400000F1E02080F80014704700F00F0000F152
:103A5000E02080F8141D704702E008C8121F08C15A
:103A6000002AFAD170477047002001E001C1121FFF
:103A7000002AFBD1704700002DE9FF4F8DB00F46A3
:103A80000546002606E025280BD0DDE90F129047F9
:103A90006D1C761C28780028F5D111B03046BDE8A1
:103AA000F08F0024A246A1460122EC4900E0044325
:103AB00015F8013F203B02FA03F00842F7D12878BD
:103AC0002A2810D06FF02F022878A0F130010929A0
:103AD00014D80AEB8A0102EB410144F0020400EB26
:103AE000010A6D1CF0E701CF5FEA000A03D544F438
:103AF0000054CAF1000A44F002046D1C28782E28F4
:103B000017D115F8010F44F004042A280ED06FF0E5
:103B10002F022878A0F1300109290AD809EB890180
:103B200002EB410100EB01096D1CF2E757F8049B21
:103B30006D1C28786C280FD006DC4C2817D068281C
:103B40000DD06A2814D104E0742810D07A280FD13F
:103B50000DE044F400140AE044F4801401E044F45D
:103B600040146978814202D104F580146D1C6D1CEB
:103B70002A786E2A1FD00CDC632A31D004DC002A9C
:103B80008BD0582A11D1A3E0642A68D0692A0CD1BD
:103B900065E0732A2ED004DC6F2A73D0702A04D11A
:103BA0009BE0752A6FD0782A6ED01046DDE90F129F
:103BB0009047761C50E1C4F30250022806D0032837
:103BC00009D0042801CF09D0066045E101CFF117E3
:103BD000C0E9006140E101CF06803DE106703BE1B4
:103BE00017F8040B8DF8000000208DF80100EB465B
:103BF000012003E057F804BB4FF0FF3061074FF09E
:103C0000000102D40DE008F10101884649450FDAB0
:103C10008045F8DB1BF808100029F4D108E008F112
:103C2000010188468142FADB1BF808100029F6D111
:103C3000DDE90F23AAEB08008146214600F036F9A2
:103C4000304400EB080604E0DDE90F121BF8010B1D
:103C50009047B8F10108F7D221464846F7E00A211B
:103C6000C4F302534FF0000B0891022B04D001CF94
:103C7000C117032B09D00AE0FF1D27F00707F7E85B
:103C8000020108E032E01FE020E000B2C117042B7F
:103C900001D140B2C117031E71F1000307DA4FF0E2
:103CA000000CD0EB0C006CEB01012D2302E023058E
:103CB00004D52B238DF82430012303E0E30701D042
:103CC0002023F7E7984658E00A2110E010210EE083
:103CD00010204FF0000B08900CE010214FF0000B6B
:103CE00044F004044FF00809089103E008214FF064
:103CF000000B0891C4F30253022B04D001CF002122
:103D0000032B06D006E0FF1D27F00707F7E80201A6
:103D100003E080B2042B00D1C0B24FF000082307AB
:103D20002BD5702A07D0DDF820C08CF0100C5CEA8F
:103D30000B0C05D00EE040238DF82430012308E061
:103D400050EA010306D030238DF824308DF8252069
:103D500002239846DDF820C08CF0080C5CEA0B0CBE
:103D60000BD150EA010301D1630706D530238DF84A
:103D700024304FF00108A9F10109582A04D038A2D3
:103D80000B9208AA0A920BE03AA2F9E75B46089A5E
:103D9000FCF776FA0B9B9B5C0A9A521E0A921370F0
:103DA00050EA0102F2D10A98ADEB000000F1200BBD
:103DB000600702D524F4803401E04FF00109D945B1
:103DC00002DDA9EB0B0000E0002000EB0B014144F9
:103DD0000890AAEB010AE00306D4DDE90F2321468F
:103DE000504600F063F806444FF0000908E009A9C6
:103DF00011F80900DDE90F12904709F10109761C5D
:103E0000C145F4DBE0030CD5DDE90F232146504624
:103E100000F04CF8064404E0DDE90F123020904732
:103E2000761C0899481E08900029F5DC08E00A98DD
:103E30000A990078491C0A91DDE90F129047761C17
:103E4000BBF10001ABF1010BF1DC21465046DDE98D
:103E50000F2300F019F806446D1C1BE60928010029
:103E600030313233343536373839616263646566F0
:103E700000000000303132333435363738394142B2
:103E800043444546000000002DE9F041044600256A
:103E90001E461746880404D405E039462020B04762
:103EA0006D1C641EF9D52846BDE8F0812DE9F0416E
:103EB000044600251E469046C80301D5302700E081
:103EC0002027880404D505E041463846B0476D1CDC
:103ED000641EF9D52846BDE8F0810A68531C0B60C2
:103EE000107070472DE9F05F0746406B891E00EBAC
:103EF0001135C1F3C80601F007014FF0010B0BFAB1
:103F000001F09A469146C4B229466D1C384605F028
:103F1000F6F810B10120BDE8F09F5A464FF4007347
:103F2000B91991F83C00204202D04FF0010801E09D
:103F30004FF00008D04501D10220ECE7604081F845
:103F40003C00B9F10100FA708146E4D0600010F045
:103F5000FF04E5D10124761C9E42E1D30026D3E77D
:103F600010B504460020E070401EA063204605F016
:103F7000C6F808B1042010BD04F23A2004F0DAFFBC
:103F8000A0F52A41553901D0032010BD94F83C001A
:103F9000E92805D0EB2814D194F83E00902810D1E0
:103FA00004F1720004F090FF0B49B1EB002F06D032
:103FB00004F18E0004F088FF0849884201D10020F6
:103FC00010BD0B2206A104F13C0005F07BF808B1FE
:103FD000022010BD012010BD00464154464154331B
:103FE000EB769045584641542020200000E0401CCC
:103FF00002780AB18A42FAD1D0B2704730B50021B6
:10400000054B0C4603EB01121568854200D1146084
:10401000491C0229F6D330BDE0C40120026A891E82
:10402000921E8A4201D800207047426B408901FBF2
:10403000002070472DE9F04706685FEA010807464F
:1040400026D04146384601F001FD022841D3411CEB
:104050001CD0316A814219D8454630784FF0FF397B
:1040600004281CD02C46306A641CA04202D80224CA
:10407000022D0AD32146384601F0E8FC80B301281E
:1040800004D0411C02D0AC42EDD10020BDE8F08745
:10409000B56915B1306AA842DFD80125DDE70122F4
:1040A0002946304601F077F904004BD0601C49D016
:1040B00001231A4621463046FFF714FF022808D094
:1040C000012808D0B8F1000F07D0F979022908D0EB
:1040D0000FE00120DAE74846D8E70221F9712DE028
:1040E0001EE0691C8C4229D0B968691AB9610321A4
:1040F000F97108F101018C4206D1F96909B1491C35
:1041000000E00221F96119E0F869012500B9FD61BB
:1041100022464146384601F025F980B9FD6113E099
:104120004A462146304605F070FD40B9B8F100001E
:104130000AD001462246304605F067FD20B101282D
:104140000FD001242046A1E7B461D6E90701891EFA
:10415000884201D8401EF061307940F00100307192
:10416000F0E74C46EEE700000149086070470000A8
:10417000000000204FF47A71484300F001B80000BD
:1041800070B54FF0E024002265690949A369096808
:104190004843A1699942FCD002D2A3EB010302E09B
:1041A000A5EB010633441A440B468242F1D370BD9D
:1041B000000000202DE9F0410F460446002106686A
:1041C00000F01AF9E8B900253046A16B04F097FF1A
:1041D000B8B931780429E16B097803D0E52905D015
:1041E00021B107E041F3C011491C03D06D1CBD4251
:1041F0000AD000E000250121204600F007F8002841
:10420000E2D0042800D10720BDE8F0812DE9F04775
:104210000546076B0468806B8946203730B12178EA
:10422000042906D04FF40011B94205D80420BDE896
:10423000F0874FF08051F7E7F90563D1401CA86380
:10424000696B4FF0000829B16089401E10EA572FB2
:1042500005D057E02089B0EB571F21D952E02846FE
:1042600001F0F4FB064601281FD9701C36D0206AE5
:10427000B04241D8B9F1000F12D02846696BFFF760
:10428000D9FE06000FD0012E0FD0701C26D0E87981
:1042900040F00400E871204605F0E6FEF0B906E0C3
:1042A000C5F83880C2E70720C1E70220BFE74FF416
:1042B0000072002104F13C0004F01AFF4FF00008E6
:1042C00031462046FFF7AAFE4FF00109A0630CE03B
:1042D00084F80390204605F0C7FE08B10120A6E748
:1042E000A06B08F10108401CA06361894145EFD82B
:1042F000A16BA1EB0800A063314620466E63FFF777
:104300008DFEA863C7F3080020443C302F63E863A8
:1043100000208CE72DE9F0470426FF248946054656
:10432000A04607685FE0384604F0E9FE06005ED16B
:10433000E96B087898B13A78042A12D0CA7AE5284D
:1043400002F03F02AA7108D02E2806D022F02003E6
:10435000082B1BD0B446CC451BD0FF2433E00426E9
:1043600045E0B9F1000F02D0832842D02BE0852828
:1043700029D1286BE864284604F0E1FD060036D117
:104380003869007900F03F00A87132E04FF0010C6D
:10439000E1E70F2A01D014BB1CE0420606D591F8D4
:1043A0000D8000F0BF002A6B0446EA64A04208D1E9
:1043B0004A7B424505D1F86805F0F0F908B1641E62
:1043C00000E0FF24E4B200212846FFF71FFF0600AB
:1043D00009D00CE0084605F0F5FD404509D04FF046
:1043E000FF30E86405E0A96B00299CD10EB10020E4
:1043F000A8633046BDE8F0872DE9F0410668054620
:104400000F463078042806D04FF40010B8423CD94B
:10441000F8063AD102E04FF08050F7E72F63AC681E
:1044200034B93078032807D30020346BE8711CB10D
:1044300070894FEA402812E03089B0EB571F24D929
:10444000306B12E0284601F001FB0446401C1AD0F4
:10445000022C1AD3306AA04217D9A7EB08074745A8
:104460002146EFD23046FFF7D9FDC5E90D4060B1D6
:1044700000EB5720A863C7F3080030443C30E863E2
:104480000020BDE8F0810120FBE70220F9E70000F1
:10449000084910B50B5C002253B901220A540A18CE
:1044A00001EB8000127B4068016810468847024695
:1044B000104610BD00C5012030B4054C231804EB94
:1044C00080001B7B406804691846A44630BC6047E6
:1044D00000C5012030B4054D2C1805EB8000247B6D
:1044E000406885682046AC4630BC604700C5012066
:1044F000044A111802EB8000097B406842680846B4
:104500001047000000C5012030B4054D2C1805EB04
:104510008000247B4068C5682046AC4630BC6047BC
:1045200000C501202DE9FF4FA1B01E46144621A869
:10453000DDF8B88001F023FB002803DA0B2025B05A
:10454000BDE8F08FFE4951F8201009B100220A7031
:10455000C0B20490FFF79CFFC10701D00320EEE733
:10456000400701D50A20EAE716AA03210498FFF7BD
:10457000A3FF38B9169828B1B0F5004F02D8411EF4
:10458000084201D0012016904FF400772CB1B4F509
:10459000007F46D3B4F1807F43D8601E044240D1EF
:1045A000B8FBF7FAB4FBF7F55FEA4A203446079008
:1045B0007DD012AA01210498FFF77EFF002877D151
:1045C000229800076FEAA0104FEA906B12985845A6
:1045D0006DD3A0EB0B0012908028F9D322994A07E3
:1045E00001F0070108D54FF0806204291BD09042EA
:1045F00019D2802D17D801E0802D12D8229A4FF6BB
:10460000F573920740F6F57E05D502297ED02299F2
:10461000C907FBD002E02299C90702D04FF0020976
:104620002CE313208BE7B0F5805FD1D33DB908258B
:10463000B0F5002F03D34025904200D3AD000BF11D
:1046400020011491B0FBF5F1890001F20721B1FBC3
:10465000F7F2149903920A4416990A44491E521E0D
:104660008A431592B2EB500F21D2A2EB0B01401AF4
:10467000B0FBF5F01E910A901028A9D3B1498842E9
:1046800015D8C01DC0080690401E05FB0700690232
:10469000B0FBF1F015991B9005FB00100290002073
:1046A000CDE90C000646B0460B900F900BE0DBE224
:1046B000D6E00F9838B101282DD00C981FFA80F958
:1046C000304486B22EE0304600F00CFE8146B04207
:1046D00002D0761CB6B227E0012001E00C98401C05
:1046E00006EB00090C901FFA89F0002808D01FFA89
:1046F00089F000F0F7FD01461FFA89F08142EDD004
:104700000C98802805D34FF6FF7900E0BCE2022028
:1047100009E001200F90B146761C0C98B6B2401EFD
:104720000C9001D100200F9009F0FF0004F8080060
:104730000D9906F051FD04EB08014FEA19224A7069
:104740000146104606F048FD0D900B9808F102084E
:10475000801C0B9016B107998845AAD108EB070079
:10476000401EB0FBF7F0804603462146029A0498AB
:10477000FFF7CAFE002873D10298002E40444FF084
:104780000008029095D10B98401E05FB070105FB20
:1047900007F0B1FBF0F01C9001201D9015980290DD
:1047A00006983844401EB0FBF7F8DDE91B014618B7
:1047B000761C00212046079A04F09AFC0020FF2175
:1047C00002E02154401C083E082E02D3079A904272
:1047D000F7D3012105E0225C0A434906090E225461
:1047E000761E16B1079A9042F5D341465046D04501
:1047F00000D80846814603462146029A0498FFF7EE
:1048000083FE0028B7D1029848440290A8EB090023
:104810005FEA0008CDD114980290C1460398CDF804
:104820003090C846119000212046079A04F060FCA1
:104830000026B9F1000F1ED120466FF0070105F0E8
:10484000B5FB201D711E05F0B1FB08264FF00209D3
:1048500011E000BFB8F1010F03D909F1010102E035
:1048600090E14FF0FF31A01905F0A0FB361D09F1D2
:104870000109A8F10108B8F1000F03D007998E4291
:10488000E8D30CE00C9803280CD20C991BA850F824
:1048900021005FEA000801F101000C9002D00799A5
:1048A0008E42E8D311995046514501D9064600E0A1
:1048B0000E4633462146029A0498FFF725FE00284B
:1048C000A0D10298304402901198801B1190AAD177
:1048D00000212046079A04F00BFC832020708120E1
:1048E00084F82000022104F1340005F05FFB04F19C
:1048F0003800069905F05AFB822084F8400004F144
:1049000044000D9905F052FB1B9904F15400891CD9
:104910000F9005F04BFB04F158000B99189005F02F
:1049200045FBDDE91B01014415982E4605FB0109F5
:104930005046564500D83046804603464A4603E076
:1049400014010020FDFFFF7F21460498FFF7DCFDE6
:104950000028B5D13A460021204604F0C9FBC144E5
:10496000B6EB0806E4D10020019004F14000069067
:1049700008301499D8461390A1EB08001F9004F159
:10498000500019900C300B90001D1590001D1090D8
:10499000001D1A903A460021204604F0A9FB0B2284
:1049A000F9A1204604F09BFB5946069805F0FEFA53
:1049B000DDE9121005F0FAFA1F99199805F0F6FAD8
:1049C00003990F9805F0F2FA1E99189805F0EEFA7F
:1049D000DDE90A1005F0EAFADDE91B010144891C52
:1049E000159805F0E3FA01F0C8F80146109805F0B3
:1049F000DDFA4FF480711A9805F0E0FA002184F88E
:104A00006C10384605E000BF94F86C20521C84F806
:104A10006C204008F8D184F86D102E4605E000BFE8
:104A200094F86D00401C84F86D007608F8D10120E0
:104A300084F86E00802084F86F004FF6EB6104F17B
:104A4000780005F0BBFA4AF65529494604F5FF708F
:104A500005F0B4FAB24605E06A2E1AD06B2E16D0D5
:104A6000702E12D0A05D514606F0B6FB761C824631
:104A7000BE42F1D3424608F10108012321460498C1
:104A8000FFF742FD00287DD105E07126EAE76C269C
:104A9000E2E76B26E0E73A460021204604F028FBD7
:104AA000E0194946801E05F089FA4FF001090026F9
:104AB0005146A05D761C06F08FFB8246BE42F7D3BE
:104AC000424608F10108012321460498FFF71CFD26
:104AD0000028D8D109F10109B9F1090FE7D33A4605
:104AE0000021204604F004FB13E0A05D5146761C33
:104AF00006F072FB8246BE42F7D3424608F1010837
:104B0000012321460498FFF7FFFC0028BBD109F1DF
:104B10000109B9F10B0F4FF00006E6D3A019514679
:104B200005F044FA361DBE42F8D3424608F10108AA
:104B3000012321460498FFF7E7FC0028A3D1019840
:104B4000401C01900228FFF425AFF2E12E000DD1A8
:104B500000214FEA50480126DFF838C201E0760014
:104B6000491C3CF811200AB14245F8D9B0FBF6F1D6
:104B700007EB8102D21DB2FBF7F82022029200223D
:104B80000D9200E03DE199426ED9834A91426BD883
:104B90002AE000BF7F4A002101264FEA10380E3A72
:104BA00001E07600491C32F811C0BCF1000F01D0C1
:104BB000C445F6D9B0FBF6F1714503D9042202EBE6
:104BC000410107E001EB41010322491C4FF00109BB
:104BD00002EB51013944491EB1FBF7F80121029162
:104BE0008903B1FBF7F10D91029A0BEB020101EB86
:104BF000080214910D991144169A01EB020C521EF1
:104C0000ACF1010C2CEA020CACEB0102B9F1030F80
:104C100019D0904401EB0612A2EB0B01814242D85D
:104C20000299421A0D99A2EB0802511AB1FBF6F152
:104C30000A91B9F1030F10D0B9F1020F15D0B9F1F3
:104C4000010F2DD031E0DDF808C09444CDF808C044
:104C5000DDF850C062441492DCE70A99994224D8E6
:104C600015B975087FF472AF1DE00A99994212D9FF
:104C70003DB94021B1EB460F03D375002E0099D109
:104C800088E72299890708D54FF003095EE7750088
:104C9000802DF3D907E0714507D8002DF7D002E049
:104CA0000A98704501D90E2049E43A460021204671
:104CB00004F01EFA0B2239A1204604F010FA3946FE
:104CC00004F10B0005F07AF96673029881B204F1E1
:104CD0000E0005F073F901202074B9F1030F0FD015
:104CE0005FEA402104F1110005F068F91299B1F56D
:104CF000803F07D289B204F1130005F05FF905E0A7
:104D00000021EFE704F1200005F050F9F82060756C
:104D10003F2104F1180005F051F9FF2104F11A00B8
:104D200005F04CF9594604F11C0005F03FF929251E
:104D3000B9F1030F42D000F020FF014604F1270033
:104D400005F034F91FFA88F104F1160005F036F980
:104D5000802084F8240084F82650132212A104F144
:104D60002B0000BF04F0BBF94AF6552504F5FF708F
:104D70002946019005F022F901235A46214604985C
:104D8000FFF7C2FBE8BB40E0EB7690455846415444
:104D90002020200018E20008F5FFFF0FEBFE904DE9
:104DA00053444F53352E30004E4F204E414D452039
:104DB00020202046415420202020200000F0DDFE4D
:104DC000014604F1430005F0F1F8414604F12400E6
:104DD00005F0ECF8022104F12C0005F0E7F80121C0
:104DE00004F1300005F0EAF8062104F1320005F084
:104DF000E5F8802084F8400084F84250132272A124
:104E000000E095E004F14700ACE7B9F1030F31D1C0
:104E100001230BF1060221460498FFF775FB3A4681
:104E20000021204604F064F96C49204605F0BEF8E4
:104E30006B4904F5F27005F0B9F80A9904F5F470BD
:104E4000491E05F0B3F8022104F5F67005F0AEF83E
:104E50002946019805F0B2F801230BF1070221461B
:104E60000498FFF751FB01230BF10102214604983E
:104E7000FFF74AFB00212046079A04F039F91498FD
:104E80000290B9F1030F15D0B9F1010F21D06FF0E5
:104E90000701204605F08AF845465046554500D89A
:104EA0002846804603462146029A0498FFF72CFBC9
:104EB000F0BB10E06FF00701204605F077F84FF0E7
:104EC000FF31201D05F072F86FF0704104F1080009
:104ED000E0E74449DDE73A460021204604F008F9BE
:104EE0000298B5EB080540440290D6D1B9F1030F02
:104EF00000D00D9E5046564501D9054600E0354686
:104F00002B462146029A0498FFF7FEFA80B90298D0
:104F1000761B28440290EDD1B9F1040F09D0B9F104
:104F2000030F08D01298B0F5803F06D3062608E09C
:104F300048E0072605E00C2603E0B9F1020F37D060
:104F400001262298000735D43A460021204604F075
:104F5000CFF84AF6552104F5FF7005F02FF804F557
:104F6000DF750021297001206870A870E9702E712A
:104F700012990BEB010043F6C161B0FBF1F0FE2189
:104F800069713F2141EA9001A971E871594605F123
:104F9000080005F00BF805F10C00129905F006F871
:104FA0000123002221460498FFF7AEFA50B901E030
:104FB0000426C6E7002211460498FFF77DFA002870
:104FC0003FF472AE01206FE64E4F204E414D45201A
:104FD000202020464154333220202000525261418B
:104FE00072724161F8FFFF002DE9F74181B09046F0
:104FF00002980090684600F0C2FD040003D50B2023
:1050000004B0BDE8F081164E002756F824503DB19B
:105010002846FEF7F3FF686900F053F988B12F7056
:10502000019929B101F8147BE0B200F03DF940B1DB
:10503000019846F8240010B1B8F1010F03D0002008
:10504000DEE70220DCE7002201A902A800F0ECF96B
:1050500004460146019805F030F82046D0E70000EC
:10506000140100202DE9F143A0B0022203A920A8D9
:1050700000F0DAF9040007D00146039805F01DF8A6
:10508000204621B0BDE8F0830399002404912098C4
:1050900000E0641C025D202AFBD209784FF0000872
:1050A0000DF1640904292FD100252E4627E0209A0E
:1050B000505D6D1CA0F181017D290ED8A5420BD257
:1050C000515DA1F140023E2A02D9403A7E2A03D81E
:1050D00041EA00206D1C00E00020012100F0BEF834
:1050E00007006BD001465C48FEF780FFF0BB162E30
:1050F00064D009EB0600394604F060FFB61CA542F7
:10510000D5D3344651E0641E8CB3011911F8011C4B
:105110002029F8D000258DF864802E46209A905DD5
:10512000761CA0F181017D2910D80A2D0DD2A6424E
:105130000BD2915DA1F140023E2A02D9403A7E2A6B
:1051400003D841EA0020761C00E00020012100F095
:1051500085F800F0C7F8002100F080F807002DD096
:1051600001463D48FEF742FF00B901E026E01CE0A1
:10517000FF2F01D90A2000E00B20A8421ED9FF2FE3
:1051800003D9390A09F805106D1C484609F805705D
:105190006D1CA642C2D320210B2D02D241556D1C9D
:1051A000FAE79DF86400E52808D0002104A8CDF8AE
:1051B0001880FFF721F9050006D02CE0062103989E
:1051C00004F07BFF06205CE7012104A8FFF7A2F8AA
:1051D00005004FF0010602D0042D22D01BE00398F9
:1051E0000078042807D074B10B2219A9DDF84C000F
:1051F00003F075FF0AE0139960082246487013987F
:1052000019A9801CF4E71399E52008700398C6706B
:1052100004F0E6FE05462946039804F04EFF2846B2
:105220002FE70025002CF6D0012104A8FEF7C2FFCD
:105230000500F0D120220021139803F059FF0398B4
:105240000078042803D013990820C872CCE713987B
:1052500083210170CFE70000F9E1000870B58028D4
:105260001BD345F2205309B10D4D00E00D4D002137
:1052700010245A1A02EBD27201EB620235F8226056
:10528000864206D001D2114600E01346641EF0D1DA
:1052900004E01CB105EB8200408870BD002070BDA9
:1052A000AA36020826E2000838B500200C46009015
:1052B0000121684604F0E0F92060002800D00120B8
:1052C00038BD10B504F0EBF9012010BD04F0F4B9BD
:1052D00010B500244FF47A7104F016FA00B90124D5
:1052E000204610BD30B5B0F5805F01D21B4900E00B
:1052F0001B4931F8022B002A15D0904213D331F804
:10530000024B230AE5B252FA84F4844221D9092BD4
:1053100009D2DFE803F005090E11131517191B0058
:10532000801A31F8100030BD811A01F00101401AD5
:1053300000E0103880B230BD2038FBE73038F9E7A4
:105340001A38F7E70830F5E75038F3E7A0F5E350EF
:10535000F0E7002BCDD101EB4501CAE72E8B030806
:10536000208D030870B5044616460D46C0690FE04F
:10537000012802D92A1A921C00E03246291A491C37
:10538000206804F042FC002804D1E069401EE0617E
:105390000028EDD170BD2DE9F0470646006A8D1E4C
:1053A000801E9146A84200D800252C46A84600271A
:1053B0004FF4007A706B00EB1431304603F09FFE1F
:1053C00018B14FF0FF30BDE8F08704F0070201206C
:1053D0009040326AC4F3C801C0B25346921E06EB35
:1053E000010C641C9CF83CC00CEA000C4006000E4A
:1053F000944202D3002420461946BCF1000F05D088
:10540000A0460027AC4207D10020DCE77F1C4F45B7
:10541000F8D108F10200D6E70028E0D10120491CAC
:105420009942DCD3C6E700002DE9FF5F00279046D4
:105430000E460F6000F0A3FB050003D50B2004B05F
:10544000BDE8F09FCE4850F82540BCB1204603F09F
:10545000DAFDA8B13460207808F0FE0620B160784B
:10546000FFF746F8C1070DD02770E8B2B846607064
:10547000FFF70EF8C1070AD00320E0E70C20DEE7B3
:105480000F20DCE70EB1400704D40020D7E71EB19F
:10549000400701D50A20D2E7002529462046FEF71D
:1054A0005FFD022820D16F4604EB051090F8FE1135
:1054B00000F5FD7019B1083003F006FD00E0002092
:1054C00047F825006D1C042DEED3002657F8265012
:1054D00035B129462046FEF743FD022801D203E0FC
:1054E0000320761C042EF1D304287AD002287AD225
:1054F0004FF0FF3A4FF4007601280CD004F147003A
:1055000003F018FDB0426ED104F1520003F012FD19
:10551000002869D084E00B2002E0401C402806D21D
:10552000211891F83C100029F7D040285BD304F1F2
:10553000A40003F0FFFCB0F5807F54D194F8A800DC
:10554000012707FA00F0B34658454CD104F1840016
:1055500003F0C5FCC14610EB050841EB0906012E1E
:1055600041D204F1900003F0AFFC606294F8AA000D
:10557000A070012837D194F8A90087403804000CA6
:10558000608130D004F1980003F09EFC7D4907460D
:10559000884228D8B81CA562206204F1940003F068
:1055A00093FC2844606304F18C0003F08DFC2844D4
:1055B000E0626189626B7943521849EB0900B8EBEC
:1055C000020186410FD304F19C0003F07DFC0146EB
:1055D00020632046FEF722FD0146204603F08FFDA2
:1055E00018B101202BE767E016E000255E46601940
:1055F00090F83C10812904D1503003F065FC02285A
:1056000002D02035B542F2D3B54263D0C4F81CA015
:105610000427C4F818A0A7E004F1600003F054FCCC
:10562000606294F84C60A670012E01D0022E51D118
:10563000464394F849006081F0B3411E084249D1C5
:1056400004F14D0003F076FC2081000742D104F103
:105650004F0003F06FFC070004D104F15C0003F07D
:1056600033FC074604F14A0003F064FC010031D02A
:105670002389881900EB131297422BD3B81A678934
:10568000B0FBF7F0C0B103274FF6F57C604500D8BA
:10569000022740F6F57C604500D80127801C2A448B
:1056A000626329442062C4E90A51032F14D01BB15C
:1056B00031442163022F00E00CE01ED000F0010114
:1056C00000EB400001EB5000616A00F2FF10B1EB0B
:1056D000502F14D20D20B2E604F1660003F02AFC2C
:1056E0000028F7D120890028F4D104F1680003F0E4
:1056F000EBFB2063206A8000E6E74000E4E7C4F8A3
:105700001CA08020C4F818A02071032F2CD104F114
:105710006C0003F00FFC012826D1691C204603F021
:10572000EEFC08BB84F8048004F23A2003F002FC8B
:10573000A0F52A41553917D104F13C0003F0C4FB10
:105740001149884210D104F5087003F0BDFB0F49E0
:10575000884209D104F5097003F0B6FBE06104F555
:105760000A7003F0B1FBA06105482770001F018893
:10577000491C0180E1802046FEF740FC85E60000E0
:1057800014010020FDFFFF7F52526141727241619E
:105790002DE9F047ADF5047D4FF40076314603A8BE
:1057A000FAF7B8FD01224FA14F48FFF71DFC07464D
:1057B00001464EA0FEF71CF91F244FF496784FF4D3
:1057C00078494FF47A7A102517B10D2F0BD02FE0BE
:1057D0004BA00095CDE901041023C82241461E20AC
:1057E00003F0F7FA24E04DA0FEF702F94FA0009570
:1057F000CDE901041023C822474641461E2003F08C
:10580000E8FA002203AB114636A00096FEF78AFEA6
:10581000002846D04BA1CDE900511023C822CDF875
:10582000089039461E2003F0D4FA5046FEF7A2FC39
:1058300001224AA14A48FFF7D7FB0746014649A083
:10584000FEF7D6F84FF4A678002F35D00D2F24D1CF
:105850004AA0FEF7CDF84EA00095CDE90104102333
:10586000C822474641461E2003F0B3FA002203AB8C
:1058700011463AA00096FEF755FE002827D04BA10E
:10588000CDE900511023C822CDF8089039461E20DA
:1058900003F09FFA5046FEF76DFC0DF5047DBDE860
:1058A000F08749A0FFF7DEFB4BA00095CDE901048E
:1058B0001023C8223946B5E74DA00095CDE9010473
:1058C0001023C82241461E2003F083FAE5E74FA0CB
:1058D000FFF7C8FB52A00095CDE901041023C822B0
:1058E0003946D4E7303A000060BC0120665F6D6F36
:1058F000756E74207364207265733A25750A000012
:105900005344204469736B204D6F756E742053753A
:10591000636365737365642100000000736420662F
:1059200073206572726F72210A0000005344204494
:1059300069736B20466F726D617474696E672E2E89
:105940002E0000005344204469736B20466F726D33
:105950006174204572726F7220000000313A0000BD
:105960009CBE0120665F6D6F756E7420666C6173FE
:1059700068207265733A25750A000000666C6173D1
:1059800068206673206572726F72210A0000000041
:10599000466C617368204469736B20466F726D6159
:1059A0007474696E672E2E2E00000000466C6173C1
:1059B00068204469736B20466F726D617420457274
:1059C000726F722000000000303A414C49454E543D
:1059D000454B5F53440000005344204469736B20DF
:1059E000466F726D61742046696E697368000000CD
:1059F000466C617368204469736B204D6F756E74DB
:105A0000205375636365737365642100313A414CBB
:105A100049454E54454B5F464C41534800000000F9
:105A2000466C617368204469736B20466F726D61C8
:105A3000742046696E6973680000000002490A68B4
:105A40001206FCD548607047001001402DE9F04176
:105A500006680C46024602296FD3306AA0426CD910
:105A600031784FF0FF35012909D002292CD0E80DFB
:105A700000EA8407032936D004297AD141E0F06A8C
:105A800004EB540700EB5721304603F038FB0028A5
:105A900070D1C7F3080030447F1C90F83C80F06A56
:105AA00000EB5721304603F02AFB48BBC7F3080040
:105AB000304490F83C1048EA0120E10701D0050984
:105AC00058E0C0F30B0555E0F06A00EB14213046B6
:105AD00003F015FBA0B9E0B206EB40003C3003F048
:105AE00029FA054646E0F06A00EBD411304603F08F
:105AF00006FB28B9B8193C3003F0E6F920F07045F0
:105B000038E0D2E9040150EA010332D09368E31A85
:105B1000401E41F1FF31400A40EAC1507189B0FB9B
:105B2000F1FCD0796FF00041022807D003280DD096
:105B300002281ED0D06920B90DE01AE0634518D8BC
:105B400001D10D4616E004F1010513E09069984279
:105B5000F0D9651C0EE0F06A00EBD411304603F07A
:105B6000CEFA38B9B8193C3003F0AEF920F0004550
:105B700000E001252846BDE8F0810020704710B5FF
:105B800004464FF0FF302268002A13D0114600E08F
:105B9000491C0B78202B0ED33A2BF9D112F8013B7C
:105BA000303B0A2B06D28A4204D1022B02D2491C76
:105BB0001846216010BD002010BDEFF305800028BD
:105BC00000D00120704700002DE9FE434FF47845D6
:105BD00010244FF4FA7719E049A0CDE900401023D2
:105BE000C8228C2102951E2003F0F3F83846FEF7F8
:105BF000C1FA47A0CDE900401023C8228C210295AC
:105C00001E2003F0E6F83846FEF7B4FA0020FEF74F
:105C10003FFC0028E0D142A0CDE900401F26102320
:105C2000C8228C2102961E2003F0D3F8414A01219C
:105C30000020FEF741FCDFF8FC803FA0D8F8001000
:105C4000FDF7D6FE42A0CDE900401023C822AC21CA
:105C500002961E2003F0BDF8CDE900460823AC21D2
:105C6000AA20D8F8002003F07BF819E03DA0CDE988
:105C700000401023C822CC2102951E2003F0A9F871
:105C80003846FEF777FA22A0CDE900401023C8225B
:105C9000CC2102951E2003F09CF83846FEF76AFAE4
:105CA0000120FEF7F5FB0028E0D132A0CDE900404D
:105CB0001023C822EC2102961E2003F08AF801214D
:105CC0001C4A0846FEF7F8FB45462FA0D8F80010FE
:105CD000FDF78EFE33A0CDE900404FF48677102308
:105CE000C822394602961E2003F073F8CDE900461B
:105CF00008233946AA202A6803F032F8BDE8FE835B
:105D000053442043617264204572726F7221000017
:105D1000506C6561736520436865636B21200000EA
:105D20005344204361726420696E6974204F4B2193
:105D30002000000084000020534420736563746FCA
:105D40007220636F756E743A2025640A00000000AB
:105D5000534420736563746F7220636F756E743A79
:105D6000000000004E6F666C617368204572726FB0
:105D7000722100004E6F666C61736820696E6974F1
:105D8000204F4B21200000006E6F666C617368200D
:105D9000736563746F7220636F756E743A20256447
:105DA0000A0000004E6F666C61736820736563744F
:105DB0006F7220636F756E743A00000070B50A4907
:105DC0000646002408884D8821464543204602F0B7
:105DD000DFFE03F069F84FF0D84002E0A0F88060E1
:105DE000641CAC42FAD370BD200100202DE9F04FB5
:105DF00038492C260A46887192884FF4305A4FF45D
:105E0000285B41F6631E2B274FF02A0C4FF0F00859
:105E100045F210594FF448754FF4A0744FF4F073E5
:105E200058B10C80A1F802804A4530D1A1F808A0F1
:105E3000A1F80AB03802888141E0A1F800804C80C6
:105E40004A4507D1A1F808A0A1F80AB04FF42C5098
:105E5000888105E072450E8105D14F81A1F80CC003
:105E60000B804D8002E0A1F80AC08F81A2F5A64008
:105E7000103803D0A2F5EE40963801D10C804B804B
:105E8000A2F5184006381FD10B804D801CE07245EA
:105E900011D0A2F5184006380DD00E81A1F80AC025
:105EA000A1F80C70A2F5A64010380BD0A2F5EE4078
:105EB000963807D008E00E81A1F80AC08F810D80C6
:105EC0004B80EFE70B804C80BDE8F04F002002F0E4
:105ED0009DBD00002001002010B5144602F058FEC0
:105EE00002F0E2FF4FF0D840A0F8804010BD10B59E
:105EF000CF2002F0CDFF002002F0BEFFC12002F053
:105F0000BBFF302002F0B8FFED2002F0C1FF64209B
:105F100002F0B2FF032002F0AFFF122002F0ACFF4C
:105F2000812002F0A9FFE82002F0B2FF852002F0F4
:105F3000A3FF102002F0A0FF7A2002F09DFFCB20EB
:105F400002F0A6FF392002F097FF2C2002F094FF08
:105F5000002002F091FF342002F08EFF022002F0B8
:105F60008BFFF72002F094FF202002F085FFEA204B
:105F700002F08EFF002002F07FFF002002F07CFF85
:105F8000C02002F085FF1B2002F076FFC12002F046
:105F90007FFF012002F070FFC52002F079FF302062
:105FA00002F06AFF302002F067FFC72002F070FFA6
:105FB000B72002F061FF362002F06AFF482002F0AD
:105FC0005BFF3A2002F064FF552002F055FFB1203C
:105FD00002F05EFF002002F04FFF1A2002F04CFF9B
:105FE000B62002F055FF0A2002F046FFA22002F080
:105FF00043FFF22002F04CFF002002F03DFF26207C
:1060000002F046FF012002F037FFE02002F040FFDF
:106010000F2002F031FF2A2002F02EFF282002F08C
:106020002BFF082002F028FF0E2002F025FF082099
:1060300002F022FF542002F01FFFA92002F01CFFF3
:10604000432002F019FF0A2002F016FF0F2002F091
:1060500013FF002002F010FF002002F00DFF0020CF
:1060600002F00AFF002002F007FFE12002F010FF1B
:10607000002002F001FF152002F0FEFE172002F0C2
:10608000FBFE072002F0F8FE112002F0F5FE0620CC
:1060900002F0F2FE2B2002F0EFFE562002F0ECFEA2
:1060A0003C2002F0E9FE052002F0E6FE102002F09E
:1060B000E3FE0F2002F0E0FE3F2002F0DDFE3F2075
:1060C00002F0DAFE0F2002F0D7FE2B2002F0E0FEF5
:1060D000002002F0D1FE002002F0CEFE012002F0EE
:1060E000CBFE3F2002F0C8FE2A2002F0D1FE0020A5
:1060F00002F0C2FE002002F0BFFE002002F0BCFE53
:10610000EF2002F0B9FE112002F0C2FE7820FEF767
:1061100031F8BDE81040292002F0BABE10B5FF20CA
:1061200002F0B6FEFF2002F0A7FE982002F0A4FEC7
:10613000062002F0A1FEBC2002F0AAFE012002F01F
:106140009BFE0F2002F098FE612002F095FEFF20DA
:1061500002F092FE012002F08FFE012002F08CFE80
:106160000B2002F089FE102002F086FE372002F09C
:1061700083FE632002F080FEFF2002F07DFEFF2000
:1061800002F07AFE012002F077FE012002F074FE98
:10619000002002F071FE002002F06EFEFF2002F0EF
:1061A0006BFE522002F068FE012002F065FE002026
:1061B00002F062FE402002F05FFEBD2002F068FEA9
:1061C000012002F059FE232002F056FE452002F085
:1061D00053FE672002F050FE012002F04DFE232006
:1061E00002F04AFE452002F047FE672002F044FE1E
:1061F000BE2002F04DFE002002F03EFE012002F023
:106200003BFEAB2002F038FE602002F035FE22207B
:1062100002F032FE222002F02FFE222002F02CFE9D
:10622000222002F029FE222002F026FEC72002F0E2
:106230002FFE362002F020FEED2002F029FE7F2006
:1062400002F01AFE0F2002F017FEC02002F020FE1E
:106250000F2002F011FE0B2002F00EFE0A2002F0C9
:106260000BFEFC2002F014FE082002F005FEDF20E9
:1062700002F00EFE002002F0FFFD002002F0FCFD07
:10628000002002F0F9FD002002F0F6FD002002F0EF
:10629000F3FD202002F0F0FDF32002F0F9FD742060
:1062A00002F0EAFDB42002F0F3FD002002F0E4FD6C
:1062B000002002F0E1FD002002F0DEFDF72002F0F8
:1062C000E7FD822002F0D8FDB12002F0E1FD0020C0
:1062D00002F0D2FD132002F0CFFD132002F0CCFD1E
:1062E000F22002F0D5FD802002F0C6FD042002F06D
:1062F000C3FD402002F0C0FD282002F0BDFDC120FA
:1063000002F0C6FD172002F0B7FD882002F0B4FDB0
:10631000882002F0B1FD202002F0AEFDE02002F066
:10632000B7FD002002F0A8FD0A2002F0A5FD122012
:1063300002F0A2FD102002F09FFD0E2002F09CFD55
:10634000202002F099FDCC2002F096FD072002F0FB
:1063500093FD062002F090FD0B2002F08DFD0E2033
:1063600002F08AFD0F2002F087FD0D2002F084FD6F
:10637000152002F081FD102002F07EFD002002F0C9
:106380007BFDE12002F084FD002002F075FD0B2072
:1063900002F072FD132002F06FFD0D2002F06CFD83
:1063A0000E2002F069FD1B2002F066FD712002F054
:1063B00063FD062002F060FD062002F05DFD0A206C
:1063C00002F05AFD0F2002F057FD0E2002F054FD9E
:1063D0000F2002F051FD152002F04EFD0C2002F0BE
:1063E0004BFD002002F048FD2A2002F051FD002064
:1063F00002F042FD002002F03FFD012002F03CFDD2
:10640000DF2002F039FD2B2002F042FD002002F0D7
:1064100033FD002002F030FD032002F02DFD1F208F
:1064200002F02AFD3A2002F033FD552002F024FD4F
:10643000362002F02DFD002002F01EFD112002F09A
:1064400027FD7820FDF796FE292002F021FD14207B
:10645000FDF790FEBDE810402C2002F019BD10B5EC
:10646000ED2002F015FD012002F006FDFE2002F0F5
:1064700003FDEE2002F00CFDDE2002F0FDFC2120E9
:1064800002F0FAFCF12002F003FD012002F0F4FC1E
:10649000DF2002F0FDFC102002F0EEFCC42002F030
:1064A000F7FC8F2002F0E8FCC62002F0F1FC00208F
:1064B00002F0E2FCE22002F0DFFCE22002F0DCFC71
:1064C000E22002F0D9FCBF2002F0E2FCAA2002F098
:1064D000D3FCB02002F0DCFC0D2002F0CDFC00204B
:1064E00002F0CAFC0D2002F0C7FC002002F0C4FC40
:1064F000112002F0C1FC002002F0BEFC192002F0C5
:10650000BBFC002002F0B8FC212002F0B5FC00200A
:1065100002F0B2FC2D2002F0AFFC002002F0ACFC37
:106520003D2002F0A9FC002002F0A6FC5D2002F054
:10653000A3FC002002F0A0FC5D2002F09DFC0020E6
:1065400002F09AFCB12002F0A3FC802002F094FC3F
:10655000002002F091FC8B2002F08EFC002002F063
:106560008BFC962002F088FC002002F085FCB22013
:1065700002F08EFC002002F07FFC002002F07CFC88
:10658000022002F079FC002002F076FC032002F0E9
:1065900073FC002002F070FCB32002F079FC0020B4
:1065A00002F06AFC002002F067FC002002F064FCAC
:1065B000002002F061FC002002F05EFC002002F0EE
:1065C0005BFC002002F058FC002002F055FC00208B
:1065D00002F052FC002002F04FFC002002F04CFCC4
:1065E000002002F049FC002002F046FC002002F0EE
:1065F00043FC002002F040FC002002F03DFC0020A3
:1066000002F03AFC002002F037FC002002F034FCDB
:10661000002002F031FC002002F02EFC002002F0ED
:106620002BFC002002F028FC002002F025FCB42006
:1066300002F02EFC8B2002F01FFC002002F01CFC5C
:10664000962002F019FC002002F016FCA12002F0B6
:1066500013FC002002F010FCB52002F019FC02200F
:1066600002F00AFC002002F007FC032002F004FC08
:10667000002002F001FC042002F0FEFB002002F0EA
:10668000FBFBB62002F004FC002002F0F5FB00202A
:1066900002F0F2FBB72002F0FBFB002002F0ECFB63
:1066A000002002F0E9FB3F2002F0E6FB002002F0B0
:1066B000E3FB5E2002F0E0FB002002F0DDFB642043
:1066C00002F0DAFB002002F0D7FB8C2002F0D4FBB2
:1066D000002002F0D1FBAC2002F0CEFB002002F043
:1066E000CBFBDC2002F0C8FB002002F0C5FB7020D1
:1066F00002F0C2FB002002F0BFFB902002F0BCFBC6
:10670000002002F0B9FBEB2002F0B6FB002002F003
:10671000B3FBDC2002F0B0FB002002F0ADFBB820A0
:1067200002F0B6FB002002F0A7FB002002F0A4FB61
:10673000002002F0A1FB002002F09EFB002002F0EE
:106740009BFB002002F098FB002002F095FB00204C
:1067500002F092FBBA2002F09BFB242002F08CFB9B
:10676000002002F089FB002002F086FB002002F0EE
:1067700083FBC12002F08CFB202002F07DFB002077
:1067800002F07AFB542002F077FB002002F074FB49
:10679000FF2002F071FB002002F06EFBC22002F02D
:1067A00077FB0A2002F068FB002002F065FB042062
:1067B00002F062FB002002F05FFBC32002F068FBE6
:1067C0003C2002F059FB002002F056FB3A2002F078
:1067D00053FB002002F050FB392002F04DFB00205B
:1067E00002F04AFB372002F047FB002002F044FB96
:1067F0003C2002F041FB002002F03EFB362002F07C
:106800003BFB002002F038FB322002F035FB002079
:1068100002F032FB2F2002F02FFB002002F02CFBB5
:106820002C2002F029FB002002F026FB292002F098
:1068300023FB002002F020FB262002F01DFB00209D
:1068400002F01AFB242002F017FB002002F014FBD8
:10685000242002F011FB002002F00EFB232002F0A6
:106860000BFB002002F008FB3C2002F005FB00209F
:1068700002F002FB362002F0FFFA002002F0FCFAE0
:10688000322002F0F9FA002002F0F6FA2F2002F08E
:10689000F3FA002002F0F0FA2C2002F0EDFA0020CA
:1068A00002F0EAFA292002F0E7FA002002F0E4FA06
:1068B000262002F0E1FA002002F0DEFA242002F0A5
:1068C000DBFA002002F0D8FA242002F0D5FA0020EA
:1068D00002F0D2FA232002F0CFFA002002F0CCFA24
:1068E000C42002F0D5FA622002F0C6FA002002F0BD
:1068F000C3FA052002F0C0FA002002F0BDFA84209D
:1069000002F0BAFA002002F0B7FAF02002F0B4FA6E
:10691000002002F0B1FA182002F0AEFA002002F0D6
:10692000ABFAA42002F0A8FA002002F0A5FA182081
:1069300002F0A2FA002002F09FFA502002F09CFA26
:10694000002002F099FA0C2002F096FA002002F0E2
:1069500093FA172002F090FA002002F08DFA9520A9
:1069600002F08AFA002002F087FAF32002F084FA9B
:10697000002002F081FAE62002F07EFA002002F008
:106980007BFAC52002F084FA322002F075FA00206A
:1069900002F072FA442002F06FFA002002F06CFA62
:1069A000652002F069FA002002F066FA762002F013
:1069B00063FA002002F060FA882002F05DFA0020FD
:1069C00002F05AFAC62002F063FA202002F054FACC
:1069D000002002F051FA172002F04EFA002002F0D7
:1069E0004BFA012002F048FA002002F045FAC720D5
:1069F00002F04EFA002002F03FFA002002F03CFACA
:106A0000002002F039FA002002F036FAC82002F025
:106A10003FFA002002F030FA002002F02DFA0020A8
:106A200002F02AFA002002F027FAC92002F030FA18
:106A3000002002F021FA002002F01EFA002002F0ED
:106A40001BFA002002F018FA002002F015FA0020CC
:106A500002F012FA002002F00FFA002002F00CFA05
:106A6000002002F009FA002002F006FA002002F0ED
:106A700003FA002002F000FA002002F0FDF90020E5
:106A800002F0FAF9002002F0F7F9002002F0F4F920
:106A9000E02002F0FDF9162002F0EEF9002002F0ED
:106AA000EBF91C2002F0E8F9002002F0E5F92120C2
:106AB00002F0E2F9002002F0DFF9362002F0DCF902
:106AC000002002F0D9F9462002F0D6F9002002F0A9
:106AD000D3F9522002F0D0F9002002F0CDF9642061
:106AE00002F0CAF9002002F0C7F97A2002F0C4F9D6
:106AF000002002F0C1F98B2002F0BEF9002002F064
:106B0000BBF9992002F0B8F9002002F0B5F9A820ED
:106B100002F0B2F9002002F0AFF9B92002F0ACF9AE
:106B2000002002F0A9F9C42002F0A6F9002002F02A
:106B3000A3F9CA2002F0A0F9002002F09DF9D220AA
:106B400002F09AF9002002F097F9D92002F094F9A6
:106B5000002002F091F9E02002F08EF9002002F00E
:106B60008BF9F32002F088F9002002F085F9E1208A
:106B700002F08EF9162002F07FF9002002F07CF975
:106B80001C2002F079F9002002F076F9222002F0B0
:106B900073F9002002F070F9362002F06DF9002040
:106BA00002F06AF9452002F067F9002002F064F96A
:106BB000522002F061F9002002F05EF9642002F038
:106BC0005BF9002002F058F97A2002F055F9002014
:106BD00002F052F98B2002F04FF9002002F04CF93C
:106BE000992002F049F9002002F046F9A82002F0AD
:106BF00043F9002002F040F9B92002F03DF90020ED
:106C000002F03AF9C42002F037F9002002F034F91A
:106C1000CA2002F031F9002002F02EF9D22002F051
:106C20002BF9002002F028F9D82002F025F90020E5
:106C300002F022F9E02002F01FF9002002F01CF916
:106C4000F32002F019F9002002F016F9E22002F018
:106C50001FF9052002F010F9002002F00DF90B20B9
:106C600002F00AF9002002F007F91B2002F004F9F3
:106C7000002002F001F9342002F0FEF8002002F0BA
:106C8000FBF8442002F0F8F8002002F0F5F84F205D
:106C900002F0F2F8002002F0EFF8612002F0ECF8C8
:106CA000002002F0E9F8792002F0E6F8002002F076
:106CB000E3F8882002F0E0F8002002F0DDF89720E9
:106CC00002F0DAF8002002F0D7F8A62002F0D4F89B
:106CD000002002F0D1F8B72002F0CEF8002002F038
:106CE000CBF8C22002F0C8F8002002F0C5F8C72097
:106CF00002F0C2F8002002F0BFF8D12002F0BCF888
:106D0000002002F0B9F8D62002F0B6F8002002F018
:106D1000B3F8DD2002F0B0F8002002F0ADF8F32067
:106D200002F0AAF8002002F0A7F8E32002F0B0F881
:106D3000052002F0A1F8002002F09EF80A2002F0DF
:106D40009BF8002002F098F81C2002F095F8002033
:106D500002F092F8332002F08FF8002002F08CF855
:106D6000442002F089F8002002F086F8502002F05A
:106D700083F8002002F080F8622002F07DF8002005
:106D800002F07AF8782002F077F8002002F074F828
:106D9000882002F071F8002002F06EF8972002F0CF
:106DA0006BF8002002F068F8A62002F065F80020D9
:106DB00002F062F8B72002F05FF8002002F05CF801
:106DC000C22002F059F8002002F056F8C72002F065
:106DD00053F8002002F050F8D12002F04DF80020C6
:106DE00002F04AF8D52002F047F8002002F044F8FB
:106DF000DD2002F041F8002002F03EF8F32002F01E
:106E00003BF8002002F038F8E42002F041F80120BD
:106E100002F032F8002002F02FF8012002F02CF8E6
:106E2000002002F029F8022002F026F8002002F0EB
:106E300023F82A2002F020F8002002F01DF83C2060
:106E400002F01AF8002002F017F84B2002F014F8B4
:106E5000002002F011F85D2002F00EF8002002F090
:106E60000BF8742002F008F8002002F005F88420E6
:106E700002F002F8002001F0FFFF932001F0FCFF78
:106E8000002001F0F9FFA22001F0F6FF002001F040
:106E9000F3FFB32001F0F0FF002001F0EDFFBE2072
:106EA00001F0EAFF002001F0E7FFC42001F0E4FF59
:106EB000002001F0E1FFCD2001F0DEFF002001F015
:106EC000DBFFD32001F0D8FF002001F0D5FFDD204B
:106ED00001F0D2FF002001F0CFFFF32001F0CCFF42
:106EE000002001F0C9FFE52001F0D2FF002001F0F1
:106EF000C3FF002001F0C0FF002001F0BDFF002013
:106F000001F0BAFF022001F0B7FF002001F0B4FF4A
:106F1000292001F0B1FF002001F0AEFF3C2001F07C
:106F2000ABFF002001F0A8FF4B2001F0A5FF0020DF
:106F300001F0A2FF5D2001F09FFF002001F09CFF07
:106F4000742001F099FF002001F096FF842001F0E9
:106F500093FF002001F090FF932001F08DFF0020AF
:106F600001F08AFFA22001F087FF002001F084FFDA
:106F7000B32001F081FF002001F07EFFBE2001F070
:106F80007BFF002001F078FFC42001F075FF002096
:106F900001F072FFCD2001F06FFF002001F06CFFC7
:106FA000D32001F069FF002001F066FFDC2001F032
:106FB00063FF002001F060FFF32001F05DFF00207F
:106FC00001F05AFFE62001F063FF112001F054FFA9
:106FD000002001F051FF342001F04EFF002001F0AD
:106FE0004BFF562001F048FF002001F045FF7620BE
:106FF00001F042FF002001F03FFF772001F03CFF4D
:10700000002001F039FF662001F036FF002001F07A
:1070100033FF882001F030FF002001F02DFF992080
:1070200001F02AFF002001F027FFBB2001F024FF20
:10703000002001F021FF992001F01EFF002001F047
:107040001BFF662001F018FF002001F015FF5520FE
:1070500001F012FF002001F00FFF552001F00CFF9E
:10706000002001F009FF452001F006FF002001F09B
:1070700003FF432001F000FF002001F0FDFE44204B
:1070800001F0FAFE002001F0F7FEE72001F000FF1A
:10709000322001F0F1FE002001F0EEFE552001F05B
:1070A000EBFE002001F0E8FE762001F0E5FE002076
:1070B00001F0E2FE662001F0DFFE002001F0DCFEC0
:1070C000672001F0D9FE002001F0D6FE672001F014
:1070D000D3FE002001F0D0FE872001F0CDFE00207D
:1070E00001F0CAFE992001F0C7FE002001F0C4FEA5
:1070F000BB2001F0C1FE002001F0BEFE992001F08E
:10710000BBFE002001F0B8FE772001F0B5FE0020A4
:1071100001F0B2FE442001F0AFFE002001F0ACFE11
:10712000562001F0A9FE002001F0A6FE232001F068
:10713000A3FE002001F0A0FE332001F09DFE002000
:1071400001F09AFE452001F097FE002001F094FE28
:10715000E82001F09DFE002001F08EFE002001F0ED
:107160008BFE992001F088FE002001F085FE87202B
:1071700001F082FE002001F07FFE882001F07CFEFD
:10718000002001F079FE772001F076FE002001F06A
:1071900073FE662001F070FE002001F06DFE882075
:1071A00001F06AFE002001F067FEAA2001F064FEF3
:1071B000002001F061FEBB2001F05EFE002001F026
:1071C0005BFE992001F058FE002001F055FE66207C
:1071D00001F052FE002001F04FFE552001F04CFE60
:1071E000002001F049FE552001F046FE002001F08C
:1071F00043FE442001F040FE002001F03DFE44200B
:1072000001F03AFE002001F037FE552001F034FE77
:10721000002001F031FEE92001F03AFEAA2001F041
:107220002BFE002001F028FE002001F025FE0020AA
:1072300001F022FE002001F02BFEAA2001F01CFE2E
:10724000CF2001F025FE002001F016FE002001F005
:1072500013FE002001F010FE002001F00DFE0020C2
:1072600001F00AFE002001F007FE002001F004FEFC
:10727000002001F001FE002001F0FEFD002001F0E1
:10728000FBFD002001F0F8FD002001F0F5FD0020DD
:1072900001F0F2FD002001F0EFFD002001F0ECFD17
:1072A000002001F0E9FD002001F0E6FDF02001F0F2
:1072B000EFFD002001F0E0FD502001F0DDFD002099
:1072C00001F0DAFD002001F0D7FD002001F0D4FD2F
:1072D000F32001F0DDFD002001F0CEFDF92001F0EA
:1072E000D7FD062001F0C8FD102001F0C5FD2920C2
:1072F00001F0C2FD002001F0BFFD3A2001F0C8FD01
:10730000552001F0B9FD112001F0C2FD6420FCF709
:1073100031FF292001F0BCFD352001F0B9FD00202E
:1073200001F0AAFD512001F0B3FDFF2001F0A4FD02
:10733000532001F0ADFD2C2001F09EFD552001F001
:10734000A7FD822001F098FDBDE810402C2001F03F
:107350009FBD2DE9F05F4FF470435521184601F0B1
:10736000ADFD4FF20104AA21204601F0A7FD651CE6
:107370005221284601F0A2FDA61C0821304601F04A
:107380009DFDE71C0121384601F098FD0D214FF4C9
:10739000304001F093FD0D214BF2010001F08EFD14
:1073A0000D214BF2020001F089FD4FF436483421E3
:1073B000404601F083FD34214BF2016001F07EFD77
:1073C00034214BF2026001F079FD4FF431490D2177
:1073D000484601F073FD4BF2011A0D21504601F0B1
:1073E0006DFD0D214BF2021001F068FD4FF4374B9B
:1073F0003421584601F062FD34214BF2017001F056
:107400005DFD34214BF2027001F058FD00214FF474
:10741000324001F053FD00214BF2012001F04EFDFE
:1074200000214BF2022001F049FD24214FF43840A5
:1074300001F044FD24214BF6010001F03FFD242121
:107440004BF6020001F03AFD01214FF43F4001F0FC
:1074500035FD0F214FF4334001F030FD0F214BF289
:10746000013001F02BFD0F214BF2023001F026FD1F
:1074700034214FF4394001F021FD34214BF6011045
:1074800001F01CFD34214BF6021001F017FD08211C
:107490004FF4354001F012FD08214BF2015001F08C
:1074A0000DFD08214BF2025001F008FD03214FF4BD
:1074B000424001F003FD24214FF43A4001F0FEFC6C
:1074C00024214BF6012001F0F9FC24214BF6022087
:1074D00001F0F4FC00214FF43C4001F0EFFC782176
:1074E0004BF6014001F0EAFC00214BF6024001F0AE
:1074F000E5FC00214FF43D4001F0E0FC78214BF623
:10750000015001F0DBFC00214BF6025001F0D6FCEB
:1075100000214FF43E4001F0D1FC64214BF60160A4
:1075200001F0CCFC00214FF4514001F0C7FC3321A5
:107530004DF2011001F0C2FC00214DF2021001F0E9
:10754000BDFC34214DF2031001F0B8FC00214DF2D6
:10755000041001F0B3FC3A214DF2051001F0AEFC2D
:1075600000214DF2061001F0A9FC4A214DF207104E
:1075700001F0A4FC00214DF2081001F09FFC5C21F9
:107580004DF2091001F09AFC00214DF20A1001F0B1
:1075900095FC81214DF20B1001F090FC00214DF281
:1075A0000C1001F08BFCA6214DF20D1001F086FCB1
:1075B00000214DF20E1001F081FCE5214DF20F107B
:1075C00001F07CFC01214DF2101001F077FC132139
:1075D0004DF2111001F072FC01214DF2121001F078
:1075E0006DFC54214DF2131001F068FC01214DF2A5
:1075F000141001F063FC82214DF2151001F05EFCC5
:1076000001214DF2161001F059FCCA214DF217105C
:1076100001F054FC02214DF2181001F04FFC002142
:107620004DF2191001F04AFC02214DF21A1001F03E
:1076300045FC01214DF21B1001F040FC02214DF2EE
:107640001C1001F03BFC34214DF21D1001F036FC02
:1076500002214DF21E1001F031FC67214DF21F1086
:1076600001F02CFC02214DF2201001F027FC8421B6
:107670004DF2211001F022FC02214DF2221001F006
:107680001DFCA4214DF2231001F018FC02214DF243
:10769000241001F013FCB7214DF2251001F00EFC6F
:1076A00002214DF2261001F009FCCF214DF22710E6
:1076B00001F004FC02214DF2281001F0FFFBDE2155
:1076C0004DF2291001F0FAFB02214DF22A1001F0CF
:1076D000F5FBF2214DF22B1001F0F0FB02214DF2EF
:1076E0002C1001F0EBFBFE214DF22D1001F0E6FB1A
:1076F00003214DF22E1001F0E1FB10214DF22F106D
:1077000001F0DCFB03214DF2301001F0D7FB3321F7
:107710004DF2311001F0D2FB03214DF2321001F095
:10772000CDFB6D214DF2331001F0C8FB00214FF469
:10773000524001F0C3FB33214DF2012001F0BEFBAA
:1077400000214DF2022001F0B9FB34214DF203205B
:1077500001F0B4FB00214DF2042001F0AFFB3A210F
:107760004DF2052001F0AAFB00214DF2062001F0A8
:10777000A5FB4A214DF2072001F0A0FB00214DF2AC
:10778000082001F09BFB5C214DF2092001F096FBE3
:1077900000214DF20A2001F091FB81214DF20B20D6
:1077A00001F08CFB00214DF20C2001F087FBA6219B
:1077B0004DF20D2001F082FB00214DF20E2001F070
:1077C0007DFBE5214DF20F2001F078FB01214DF208
:1077D000102001F073FB13214DF2112001F06EFB1C
:1077E00001214DF2122001F069FB54214DF21320CA
:1077F00001F064FB01214DF2142001F05FFB8221B6
:107800004DF2152001F05AFB01214DF2162001F036
:1078100055FBCA214DF2172001F050FB02214DF219
:10782000182001F04BFB00214DF2192001F046FB1E
:1078300002214DF21A2001F041FB01214DF21B20E3
:1078400001F03CFB02214DF21C2001F037FB3421FA
:107850004DF21D2001F032FB02214DF21E2001F0FD
:107860002DFB67214DF21F2001F028FB02214DF274
:10787000202001F023FB84214DF2212001F01EFB8A
:1078800002214DF2222001F019FBA4214DF2232008
:1078900001F014FB02214DF2242001F00FFBB7216F
:1078A0004DF2252001F00AFB02214DF2262001F0C5
:1078B00005FBCF214DF2272001F000FB02214DF204
:1078C000282001F0FBFADE214DF2292001F0F6FA22
:1078D00002214DF22A2001F0F1FAF2214DF22B2083
:1078E00001F0ECFA02214DF22C2001F0E7FAFE2122
:1078F0004DF22D2001F0E2FA03214DF22E2001F08D
:10790000DDFA10214DF22F2001F0D8FA03214DF2BB
:10791000302001F0D3FA33214DF2312001F0CEFABC
:1079200003214DF2322001F0C9FA6D214DF23320CE
:1079300001F0C4FA00214FF4534001F0BFFA3321A3
:107940004DF2013001F0BAFA00214DF2023001F09F
:10795000B5FA34214DF2033001F0B0FA00214DF2B6
:10796000043001F0ABFA3A214DF2053001F0A6FAED
:1079700000214DF2063001F0A1FA4A214DF2073004
:1079800001F09CFA00214DF2083001F097FA5C21D9
:107990004DF2093001F092FA00214DF20A3001F067
:1079A0008DFA81214DF20B3001F088FA00214DF261
:1079B0000C3001F083FAA6214DF20D3001F07EFA71
:1079C00000214DF20E3001F079FAE5214DF20F3031
:1079D00001F074FA01214DF2103001F06FFA132119
:1079E0004DF2113001F06AFA01214DF2123001F02E
:1079F00065FA54214DF2133001F060FA01214DF285
:107A0000143001F05BFA82214DF2153001F056FA84
:107A100001214DF2163001F051FACA214DF2173012
:107A200001F04CFA02214DF2183001F047FA002122
:107A30004DF2193001F042FA02214DF21A3001F0F4
:107A40003DFA01214DF21B3001F038FA02214DF2CE
:107A50001C3001F033FA34214DF21D3001F02EFAC2
:107A600002214DF21E3001F029FA67214DF21F303C
:107A700001F024FA02214DF2203001F01FFA842196
:107A80004DF2213001F01AFA02214DF2223001F0BC
:107A900015FAA4214DF2233001F010FA02214DF223
:107AA000243001F00BFAB7214DF2253001F006FA2F
:107AB00002214DF2263001F001FACF214DF227309C
:107AC00001F0FCF902214DF2283001F0F7F9DE2136
:107AD0004DF2293001F0F2F902214DF22A3001F085
:107AE000EDF9F2214DF22B3001F0E8F902214DF2CF
:107AF0002C3001F0E3F9FE214DF22D3001F0DEF9DA
:107B000003214DF22E3001F0D9F910214DF22F3022
:107B100001F0D4F903214DF2303001F0CFF93321D7
:107B20004DF2313001F0CAF903214DF2323001F04B
:107B3000C5F96D214DF2333001F0C0F900214FF449
:107B4000544001F0BBF933214DF2014001F0B6F988
:107B500000214DF2024001F0B1F934214DF2034011
:107B600001F0ACF900214DF2044001F0A7F93A21EF
:107B70004DF2054001F0A2F900214DF2064001F05E
:107B80009DF94A214DF2074001F098F900214DF28C
:107B9000084001F093F95C214DF2094001F08EF9A3
:107BA00000214DF20A4001F089F981214DF20B408C
:107BB00001F084F900214DF20C4001F07FF9A6217B
:107BC0004DF20D4001F07AF900214DF20E4001F026
:107BD00075F9E5214DF20F4001F070F901214DF2E8
:107BE000104001F06BF913214DF2114001F066F9DC
:107BF00001214DF2124001F061F954214DF2134080
:107C000001F05CF901214DF2144001F057F9822195
:107C10004DF2154001F052F901214DF2164001F0EC
:107C20004DF9CA214DF2174001F048F902214DF2F9
:107C3000184001F043F900214DF2194001F03EF9DE
:107C400002214DF21A4001F039F901214DF21B4099
:107C500001F034F902214DF21C4001F02FF93421DA
:107C60004DF21D4001F02AF902214DF21E4001F0B3
:107C700025F967214DF21F4001F020F902214DF254
:107C8000204001F01BF984214DF2214001F016F94A
:107C900002214DF2224001F011F9A4214DF22340BE
:107CA00001F00CF902214DF2244001F007F9B7214F
:107CB0004DF2254001F002F902214DF2264001F07B
:107CC000FDF8CF214DF2274001F0F8F802214DF2E6
:107CD000284001F0F3F8DE214DF2294001F0EEF8E2
:107CE00002214DF22A4001F0E9F8F2214DF22B4039
:107CF00001F0E4F802214DF22C4001F0DFF8FE2102
:107D00004DF22D4001F0DAF803214DF22E4001F042
:107D1000D5F810214DF22F4001F0D0F803214DF29B
:107D2000304001F0CBF833214DF2314001F0C6F87C
:107D300003214DF2324001F0C1F86D214DF2334084
:107D400001F0BCF800214FF4554001F0B7F83321A1
:107D50004DF2015001F0B2F800214DF2025001F055
:107D6000ADF834214DF2035001F0A8F800214DF296
:107D7000045001F0A3F83A214DF2055001F09EF8AD
:107D800000214DF2065001F099F84A214DF20750BA
:107D900001F094F800214DF2085001F08FF85C21B9
:107DA0004DF2095001F08AF800214DF20A5001F01D
:107DB00085F881214DF20B5001F080F800214DF241
:107DC0000C5001F07BF8A6214DF20D5001F076F831
:107DD00000214DF20E5001F071F8E5214DF20F50E7
:107DE00001F06CF801214DF2105001F067F81321F9
:107DF0004DF2115001F062F801214DF2125001F0E4
:107E00005DF854214DF2135001F058F801214DF264
:107E1000145001F053F882214DF2155001F04EF844
:107E200001214DF2165001F049F8CA214DF21750C8
:107E300001F044F802214DF2185001F03FF8002102
:107E40004DF2195001F03AF802214DF21A5001F0AA
:107E500035F801214DF21B5001F030F802214DF2AE
:107E60001C5001F02BF834214DF21D5001F026F882
:107E700002214DF21E5001F021F867214DF21F50F2
:107E800001F01CF802214DF2205001F017F8842176
:107E90004DF2215001F012F802214DF2225001F072
:107EA0000DF8A4214DF2235001F008F802214DF203
:107EB000245001F003F8B7214DF2255000F0FEFFE9
:107EC00002214DF2265000F0F9FFCF214DF227504C
:107ED00000F0F4FF02214DF2285000F0EFFFDE2108
:107EE0004DF2295000F0EAFF02214DF22A5000F035
:107EF000E5FFF2214DF22B5000F0E0FF02214DF2A0
:107F00002C5000F0DBFFFE214DF22D5000F0D6FF8B
:107F100003214DF22E5000F0D1FF10214DF22F50D1
:107F200000F0CCFF03214DF2305000F0C7FF3321A9
:107F30004DF2315000F0C2FF03214DF2325000F0FB
:107F4000BDFF6D214DF2335000F0B8FF00214FF41A
:107F5000564000F0B3FF33214DF2016000F0AEFF58
:107F600000214DF2026000F0A9FF34214DF20360C0
:107F700000F0A4FF00214DF2046000F09FFF3A21C1
:107F80004DF2056000F09AFF00214DF2066000F00E
:107F900095FF4A214DF2076000F090FF00214DF25D
:107FA000086000F08BFF5C214DF2096000F086FF55
:107FB00000214DF20A6000F081FF81214DF20B603B
:107FC00000F07CFF00214DF20C6000F077FFA6214D
:107FD0004DF20D6000F072FF00214DF20E6000F0D6
:107FE0006DFFE5214DF20F6000F068FF01214DF2B9
:107FF000106000F063FF13214DF2116000F05EFF8E
:1080000001214DF2126000F059FF54214DF213602E
:1080100000F054FF01214DF2146000F04FFF822167
:108020004DF2156000F04AFF01214DF2166000F09C
:1080300045FFCA214DF2176000F040FF02214DF2CA
:10804000186000F03BFF00214DF2196000F036FF90
:1080500002214DF21A6000F031FF01214DF21B6048
:1080600000F02CFF02214DF21C6000F027FF3421AC
:108070004DF21D6000F022FF02214DF21E6000F063
:108080001DFF67214DF21F6000F018FF02214DF225
:10809000206000F013FF84214DF2216000F00EFFFC
:1080A00002214DF2226000F009FFA4214DF223606D
:1080B00000F004FF02214DF2246000F0FFFEB72122
:1080C0004DF2256000F0FAFE02214DF2266000F02C
:1080D000F5FECF214DF2276000F0F0FE02214DF2B7
:1080E000286000F0EBFEDE214DF2296000F0E6FE94
:1080F00002214DF22A6000F0E1FEF2214DF22B60E8
:1081000000F0DCFE02214DF22C6000F0D7FEFE21D3
:108110004DF22D6000F0D2FE03214DF22E6000F0F2
:10812000CDFE10214DF22F6000F0C8FE03214DF26C
:10813000306000F0C3FE33214DF2316000F0BEFE2E
:1081400003214DF2326000F0B9FE6D214DF2336033
:1081500000F0B4FE5521184600F0B0FEAA212046DA
:1081600000F0ACFE5221284600F0A8FE082130465F
:1081700000F0A4FE0021384600F0A0FECC214846C5
:1081800000F09CFE0021504600F098FE052140467C
:1081900000F094FE7021584600F090FE70214BF2E2
:1081A000017000F08BFE01214FF4384000F086FE94
:1081B00003214BF6010000F081FE03214BF6020083
:1081C00000F07CFE03214BF6030000F077FE022155
:1081D0004FF43C4000F072FE00214BF6014000F0ED
:1081E0006DFE00214BF6024000F068FED0214FF4F6
:1081F000494000F063FE02214CF6011000F05EFEE3
:1082000050214CF6021000F059FE50214CF603109C
:1082100000F054FE50214CF6041000F04FFE0021F7
:108220004FF4545000F04AFE55214FF4685000F0CE
:1082300045FE4FF4885000F02BFE7820FBF79AFFA4
:10824000BDE8F05F4FF4245000F022BE10B5E220EC
:1082500000F01EFE1D2000F00FFE022000F00CFEBC
:10826000042000F009FE6420FBF784FFE02000F00A
:108270000FFE012000F000FE0A20FBF77BFFE0204C
:1082800000F006FE032000F0F7FD0C20FBF772FF64
:10829000012000F0FDFD0A20FBF76CFFE62000F056
:1082A000F7FD2F2000F0E8FDFF2000F0E5FDFF20A6
:1082B00000F0E2FDB02000F0EBFD202000F0DCFD3E
:1082C000002000F0D9FD032000F0D6FD40F21F3061
:1082D00000F0D2FD012000F0CFFD40F2DF1000F0F1
:1082E000CBFD002000F0C8FDB42000F0D1FD04203B
:1082F00000F0C2FD40F21F4000F0BEFD002000F083
:10830000BBFD2E2000F0B8FD002000F0B5FD0020E0
:1083100000F0B2FD002000F0AFFD002000F0ACFD49
:10832000B62000F0B5FD022000F0A6FD4FF403706A
:1083300000F0A2FD002000F09FFD172000F09CFD42
:10834000152000F099FD002000F096FD002000F0BF
:1083500093FDF02000F09CFD032000F08DFD29200E
:1083600000F096FDD02000F093FD002000F084FD89
:10837000BE2000F08DFD052000F07EFDFE2000F007
:108380007BFD012000F078FD002000F075FD00204D
:1083900000F072FD002000F06FFDB82000F078FDC5
:1083A000032000F069FD012000F066FDBA2000F016
:1083B0006FFDBDE81040012000F05EBD10B511203A
:1083C00000F066FD7820FBF7D5FE362000F060FD5A
:1083D000002000F051FD3A2000F05AFD052000F089
:1083E0004BFDB22000F054FD0C2000F045FD0C20A8
:1083F00000F042FD002000F03FFD332000F03CFD86
:10840000332000F039FDB72000F042FD352000F0A8
:1084100033FDBB2000F03CFD322000F02DFDC020DC
:1084200000F036FD0C2000F027FDC22000F030FDEA
:10843000012000F021FDC32000F02AFD102000F0F3
:108440001BFDC42000F024FD202000F015FDC620F7
:1084500000F01EFD0F2000F00FFDD02000F018FDF1
:10846000A42000F009FDA12000F006FDE02000F0AE
:108470000FFDD02000F000FD002000F0FDFC0220E8
:1084800000F0FAFC072000F0F7FC0A2000F0F4FCF2
:10849000282000F0F1FC322000F0EEFC442000F037
:1084A000EBFC422000F0E8FC062000F0E5FC0E208A
:1084B00000F0E2FC122000F0DFFC142000F0DCFCF5
:1084C000172000F0D9FCE12000F0E2FCD02000F001
:1084D000D3FC002000F0D0FC022000F0CDFC0720EF
:1084E00000F0CAFC0A2000F0C7FC282000F0C4FC01
:1084F000312000F0C1FC542000F0BEFC472000F009
:10850000BBFC0E2000F0B8FC1C2000F0B5FC1720CE
:1085100000F0B2FC1B2000F0AFFC1E2000F0ACFC11
:108520002A2000F0B5FC002000F0A6FC002000F09E
:10853000A3FC002000F0A0FCEF2000F09DFC2B200D
:1085400000F0A6FC002000F097FC002000F094FC56
:10855000012000F091FC3F2000F08EFCBDE81040AF
:10856000292000F095BC10B5112000F091FC782076
:10857000FBF700FE362000F08BFC482000F07CFC6E
:108580003A2000F085FC552000F076FCF02000F049
:108590007FFCC32000F070FCF02000F079FC9620F6
:1085A00000F06AFCB42000F073FC012000F064FCD1
:1085B000B62000F06DFC0A2000F05EFCA22000F066
:1085C0005BFCB72000F064FCC62000F055FCB9202D
:1085D00000F05EFC022000F04FFCE02000F04CFCBC
:1085E000C02000F055FC802000F046FC162000F072
:1085F00043FCC12000F04CFC192000F03DFCC220DF
:1086000000F046FCA72000F037FCC52000F040FC3D
:10861000162000F031FCE82000F03AFC402000F089
:108620002BFC8A2000F028FC002000F025FC002014
:1086300000F022FC292000F01FFC192000F01CFC97
:10864000A52000F019FC332000F016FCE02000F01B
:108650001FFCF02000F010FC072000F00DFC0D20A6
:1086600000F00AFC042000F007FC052000F004FCE8
:10867000142000F001FC362000F0FEFB542000F036
:10868000FBFB4C2000F0F8FB382000F0F5FB13203A
:1086900000F0F2FB142000F0EFFB2E2000F0ECFBCA
:1086A000342000F0E9FBE12000F0F2FBF02000F0C4
:1086B000E3FB102000F0E0FB142000F0DDFB0E20B7
:1086C00000F0DAFB0C2000F0D7FB082000F0D4FB10
:1086D000352000F0D1FB442000F0CEFB4C2000F010
:1086E000CBFB262000F0C8FB102000F0C5FB1220B9
:1086F00000F0C2FB2C2000F0BFFB322000F0BCFBDE
:10870000F02000F0C5FB3C2000F0B6FBF02000F0AC
:10871000BFFB692000F0B0FB7820FBF72BFD212088
:1087200000F0B6FBBDE81040292000F0B1BB00000E
:108730002DE9F05F3220FBF71DFDD32000F0A8FBF0
:1087400000F056F9A14CA08000F052F9A08000F092
:108750004FF94FF6FF7101EA0020A08000F048F9C0
:10876000A18849F241360843A08047F2897545F255
:10877000103747F2967845F2105949F6060A41F645
:10878000631BB0427DD0042000F082FB00F030F982
:10879000A08000F02DF9A08000F02AF94FF6FF71BB
:1087A00001EA0020A08000F023F9A1880843A0F589
:1087B0000541A080523965D0A84262D0D42000F093
:1087C00067FB00F015F9A08000F012F9A08000F01E
:1087D0000FF94FF6FF7101EA0020A08000F008F9C0
:1087E000A1880843A080B8427ED0D32000F050FB7F
:1087F00000F0FEF8A08000F0FBF8A08000F0F8F890
:108800004FF6FF7101EA0020A08000F0F1F8A18886
:108810000843A080404567D055214FF4704000F0D8
:108820004DFBAA214FF2010000F048FB52214FF20C
:10883000020000F043FB08214FF2030000F03EFB72
:1088400001214FF2040000F039FB4FF4454000F0E5
:108850001FFB00F0CDF84FF6FF7101EA0020A08069
:108860004CF2015000F014FB00F0C2F8A18808435C
:10887000A0800520FBF77EFCA188494534D0D32099
:1088800001E02CE02CE000F003FB00F0B1F8A08048
:1088900000F0AEF8A08000F0ABF84FF6FF7101EAEF
:1088A0000020A08000F0A4F8A1880843A0805045D3
:1088B0001AD0A12000F0ECFA00F09AF8A08000F0A5
:1088C00097F84FF6FF7101EA0020A08000F090F8C1
:1088D000A1880843A0F5AE41A080613902D003E031
:1088E000A58001E0A4F804B0A18839A0FBF780F8C6
:1088F000A088A84202D1FFF761FD1FE0B04202D17B
:10890000FDF7F5FA1AE0B84202D1FDF7A8FD15E02F
:10891000404502D1FFF727FE10E0484502D1FEF79F
:1089200018FD0BE0504502D1FDF7F8FB06E0584575
:1089300004D1FFF78BFC642000F076FAA1884FF099
:108940002040A94203D0B14201D0594510D1D0F8FE
:108950001C1121F00F01C0F81C11D0F81C1141F0BE
:108960000301C0F81C11D0F81C1141F440711DE046
:10897000B94205D0414503D0494501D0514517D1F1
:10898000D0F81C1121F00F01C0F81C11D0F81C11F7
:1089900041F00201C0F81C11D0F81C1121F47061E3
:1089A000C0F81C11D0F81C1141F40071C0F81C1162
:1089B0000020FDF71BFA0122D1030848F8F7FCF963
:1089C000BDE8F05F4FF6FF70FDF7F8B92001002019
:1089D0004C43442049443A25780D0A0000040240E3
:1089E0000246012000E05043491EC9B2FBD2704745
:1089F00008B50220401EFDD24FF0D840B0F88000EC
:108A0000ADF80000BDF8000008BD000070B55F4C77
:108A100000232146A279898841F66316012A01D0F4
:108A20001AB10CE0B14202D109E0B14207D10828E5
:108A300005D2DFE800F0161812140C19100E0828E1
:108A400012D2DFE800F0110406080A0C0E10802391
:108A50000AE0402308E0C02306E0202304E060236E
:108A600002E0A02300E0E023362045F21055A942A1
:108A700000D10002A1F51342413A07D0A1F5EE4220
:108A8000893A03D0A1F5EE42963A01D143F00803AA
:108A9000194600F013FAA188B1420AD0980620883E
:108AA000628802D5904202D303E0904201D922802D
:108AB00060806089A94240D100F0EAF9002000F00E
:108AC000DBF96089401C80B200F0E2F9002000F080
:108AD000D3F96089801C80B200F0DAF92088401E4A
:108AE000C0F30F2000F0C8F96089C01C80B200F00C
:108AF000CFF92078401EC0B200F0BEF9A08900F086
:108B0000C7F9002000F0B8F9A089401C80B200F03D
:108B1000BFF9002000F0B0F9A089801C80B200F0FD
:108B2000B7F96088401EC0F30F2000F0A5F9A089B6
:108B3000C01C80B200F0ACF921E000F0A9F90020DF
:108B400000F09AF9002000F097F92088401EC0F349
:108B50000F2000F091F92078401EC0B200F08CF98F
:108B6000A08900F095F9002000F086F9002000F0BF
:108B700083F96088401EC0F30F2000F07DF9A078D3
:108B8000BDE87040401EC0B200F076B92001002060
:108B9000F0B53B4A0D460446060A918810462F0A56
:108BA0004089A1F5C853633B16D0A1F5AA43103BF9
:108BB0004CD000F06DF9304600F05EF9E0B200F004
:108BC0005BF9908900F064F9384600F055F9E8B295
:108BD000BDE8F04000F050B9917931B300F058F998
:108BE000304600F049F9E0B200F046F91088401E26
:108BF000C0F30F2000F040F91078401E5FFA80F0BB
:108C000000F03AF9908900F043F9384600F034F961
:108C1000E8B200F031F95088401EC0F30F2000F098
:108C20002BF99078401EC0B2D2E71188091B491E6B
:108C30008CB200F02DF9002000F01EF9002000F0A9
:108C40001BF9200A00F018F9E0B2D9E700F020F98A
:108C5000304600F011F95089401C80B200F018F93C
:108C6000E0B200F009F9908900F012F9384600F0FE
:108C700003F99089401C80B200F00AF9A7E70000D0
:108C8000200100202DE9FF4F1D460C468B4658075A
:108C900000D0012000EBD500690810FB01F0203A5C
:108CA00000F0FF0AD0B20C2D0AD0102D0CD0182DD8
:108CB0000ED0202D46D1244901EB801600203EE045
:108CC00000EB4001214806E0214901EB0016F5E7E1
:108CD00000EBC0011F4800EB8106EFE716F80870B3
:108CE0004FF00009380601D50E9A03E00D9828B917
:108CF0001948026821460098FDF7EEF87806070E3D
:108D00001648641CA4B24088A0421BD9A4EB0B00F7
:108D1000A8420AD100985C46401C80B200900F48DF
:108D20000188009881420DD906E009F1010000F0A8
:108D3000FF09B9F1080FD5D308F10100C0B2804690
:108D40005045CBD3BDE8FF8FA8C90008E8B10008A3
:108D50005CB600084CBC0008040000202001002084
:108D60002DE9FF4F83B00026DDE910BA1D4681468C
:108D70003446B0464FEA5B0726E0281B401EC1B2CE
:108D80000A20FFF72DFE0599B1FBF0F00A21B0FB98
:108D9000F1F201FB120026B9691E8C4201DA38B1EA
:108DA00001263030C2B207FB049080B25B4604E07B
:108DB00007FB049080B25B462022CDE9008A04992B
:108DC000FFF760FF641CE4B2AC42D6D307B0BDE845
:108DD000F08F2DE9FC4F044600F0FF0910190D46F5
:108DE000DDE90BB61FFA80F8581987B24FF0000A78
:108DF00013E0444503D305EB0B004C4685B2BD425E
:108E000010D20D985B46CDE900A029462046FFF719
:108E100039FF04EB5B0084B2761C3278A2F12000AB
:108E20005E28E6D9BDE8FC8F10B50246BE2000F0F2
:108E30002FF8052000F020F81046F7F7E8FA9FED2C
:108E40000C1B53EC112BF7F770FAF7F7EDFA80B221
:108E500000F012F8012000F00FF8FF2000F00CF8ED
:108E6000002000F009F8BDE81040002000F004B830
:108E7000666666666666044001B5BDF80000ADF83A
:108E80000000BDF800004FF0D841A1F8800008BDF7
:108E900001B5BDF80000ADF80000BDF800004FF0CE
:108EA000D841A1F87E0008BD03484FF0D8410089A1
:108EB000A1F87E0070470000200100204FF0D8424A
:108EC00022F87E0F51807047C178827842EA0121F2
:108ED0004278007842EA012140EA0120704710B54B
:108EE000C17983790A0E43EA0121120242EA116232
:108EF0004379120243EA012142EA11620379120224
:108F000043EA012142EA1162C378120243EA0121D5
:108F1000837842EA116243EA0121130243EA1163B2
:108F20000A02417800780A43190241EA126140EAD4
:108F3000022010BD4178007840EA012070472DE9F9
:108F4000F04104460068A16B056900F0D8F80028DC
:108F500055D1E16B0878852850D12022284600F0B1
:108F6000BEF868784601A6F140002036B0F5007FD3
:108F700044D800212046FBF749F900283FD1A16BD6
:108F8000206800F0BCF8002839D1E16B0878C028CF
:108F900034D1202205F1200000F0A1F895F823003B
:108FA0000F212C30B0FBF1F0B6EB401F26D3402749
:108FB0004FF4187800212046FBF728F900281ED12D
:108FC000A16B206800F09BF8002818D1E16B0878AD
:108FD000C12813D1474503D2E819202200F07FF8B9
:108FE0002037B742E6D347450BD8284602F0DAF8D7
:108FF0000446A81CFFF79EFF844202D00220BDE871
:10900000F0810020FBE710B528B14069FCF760F95A
:1090100008B1012010BD002010BD0000F7F7E0FEF0
:10902000FAF762FBF9F7F2FAF9F73AFAF9F77EFA8A
:10903000F9F78AFBF9F764FBF9F750FB144801F0E4
:109040008DF800F001FF022000F072F8012000F01E
:109050006FF84FF42041022000F080F8022000F069
:1090600095F80B49091F08800A21B0FBF1F201FBBA
:109070001203B0FBF1F207A10948FAF7C9FC08494D
:1090800008A0FAF7B5FCF9F73DFA00F067FAFEE739
:109090004C00002025642E25303164252500000079
:1090A00040BA01205352414D455820202055534588
:1090B000443A2025730A000001460020842900D08C
:1090C000C81C70472DE9104010F8013B11F8014B06
:1090D0001B1B521E01D0002BF6D0184610BD002AD3
:1090E00005D011F8013B00F8013B521EF9D1704741
:1090F0005FFA81F100F8011B521EFBD1704770B579
:109100000446806B0D460026A8420FD0204600F092
:10911000ABFF06000AD1607801232A4604F13C0126
:10912000FBF7D8F908B1751E0126A563304670BD5E
:1091300030B504460748084D002150F8240042008D
:1091400005EB8400406900F03FF80120291981F8FF
:10915000200030BD68E100080800002010B5094A71
:10916000094C52F8202004EB8000B1FBF2F2002100
:1091700093B203E0446924F81130491C9142F9D3B9
:1091800010BD000074E100080800002010B50C4B71
:109190000C4C002253F82030114604EB800005E00F
:1091A000446934F8114004B1521C491C8B42F7D871
:1091B0004FF47A704243B2FBF3F080B210BD00006E
:1091C00068E100080800002002E000BF00F8011B71
:1091D000521EFBD27047000070B5040300F032F954
:1091E00000F0DAF80B4E4FF4804500222946304655
:1091F000F7F7E2FD202000F0FDFD204600F0B2F878
:10920000012229463046F7F7D7FDBDE8704000F04F
:10921000C3B800000004024070B50122164E950349
:1092200029463046F7F7C8FD012000F0F3FD00F0B5
:109230004FF812490880A0F56F4118391BD103205F
:1092400000F06CF80446C00715D100F0FBF844F0BC
:109250000201032000F04CF9002229463046F7F7BE
:10926000ABFDB72000F0C6FD29463046BDE8704092
:109270000122F7F7A1BD70BD000402402C000020C0
:109280002DE9F041DFF8448015460C4606464FF4C0
:109290008047002239464046F7F78EFD032000F054
:1092A000A9FD204600F05EF8002405E0FF2000F054
:1092B000A1FD3055641CA4B2AC42F7D339464046F8
:1092C000BDE8F0410122F7F777BD0000000402403D
:1092D00070B5114E4FF48045002229463046F7F70D
:1092E0006BFD902000F086FD002000F083FD002043
:1092F00000F080FD002000F07DFDFF2000F07AFDF1
:109300000402FF2000F076FD044301222946304686
:10931000F7F752FD204670BD0004024070B50128E9
:1093200003D0022803D0032803D0052402E035240B
:1093300000E015240A4E4FF48045002229463046AD
:10934000F7F73AFD204600F055FDFF2000F052FDF2
:109350000446012229463046F7F72EFD204670BD0F
:109360000004024010B504460A480088A0F56F4189
:10937000183902D1200E00F03DFDC4F3074000F083
:1093800039FDC4F3072000F035FDE0B2BDE8104020
:1093900000F030BD2C00002010B50120FFF7BEFF0B
:1093A000C007FAD110BD00002DE9F05FC1F30B0634
:1093B000DFF88C800F0BC6F580548946824615462F
:1093C000A24200D8144639038B464FF480524046DF
:1093D000FFF756FF002006E0321818F80210FF29A8
:1093E00003D1401C80B2A042F6D3A04222D238461C
:1093F000FFF7F2FE002006E01AF800208319401C57
:1094000008F8032080B2A042F6D359464FF48052A8
:109410004FEA080000F02CF8A5420FD0281BA24408
:10942000A144002685B24FF480547F1CA542CAD8BF
:109430002C46C8E7224649465046EBE7BDE8F09F78
:1094400040AA012070B5094D4FF480440022214606
:109450002846F7F7B1FC062000F0CCFC2146284650
:10946000BDE870400122F7F7A7BC000000040240ED
:109470002DE9F05F8046C8B2C0F580740E461546EF
:10948000A24200D81446DFF864A04FF480494FF49C
:10949000807B00BFFFF7D6FF002249465046F7F712
:1094A0008BFC022000F0A6FC3046FFF75BFF002794
:1094B00006E000BF18F8070000F09CFC7F1CBFB25C
:1094C000A742F7D3012249465046F7F775FCFFF74C
:1094D00063FFA54208D0281BA044264485B25C4601
:1094E000A542D7D82C46D5E7BDE8F09F000402403E
:1094F0002DE9F0410E46012803D0022803D00328AD
:1095000003D0012402E0312400E011240A4F4FF47B
:109510008045002229463846F7F74EFC204600F0E9
:1095200069FC304600F066FC29463846BDE8F0414B
:109530000122F7F741BC00000004024010B500B959
:10954000012000F02FFF002010BD10B501F07AFCC3
:10955000012801D0012010BD002010BD10B500F081
:10956000BDFF002010BD10B5FCF727FB18B1BDE80A
:10957000104001F07BBCBDE8104001F071BC03C895
:10958000002201F08FB800002DE9FF410D004FF0DF
:109590000006CDE9016507461ED000240396501C45
:1095A0001FD002B11446FCF708FB69464FF01008C3
:1095B000E8B103AA2846091D01F0D4FA012813D006
:1095C00000960398E8B114494FF080500860BFF34B
:1095D0004F8FBFF36F8F14E0802031462A460090F2
:1095E00011E04FF0FF34DEE7CDF80080E9E72246D6
:1095F0002846091D01F01AFA012808D054B140206C
:1096000000909DE8070087E80700BDE8FF81CDF8DE
:109610000080F6E70020F3E704ED00E037B50546EB
:1096200082B000200090140000D10124FCF7C5FA9C
:109630004FF0000388B16A4603A9284601F048F9B3
:10964000012811D1009890B10A494FF0805008606C
:10965000BFF34F8FBFF36F8F09E0224603A928465F
:1096600001F086F8012802D0FF2005B030BD0020AF
:10967000FBE7000004ED00E010B5012901D0002057
:1096800010BD03220021012001F00CF8040004D0D9
:1096900000231A46194601F06BF8204610BD10B59C
:1096A0000446FCF78AFA08B1822010BD204600F07B
:1096B00053FE002010BD000038B50024054600947C
:1096C000FCF77BFA90B16946284601F060F9012861
:1096D00001D0FF2038BD009888B10A494FF0805072
:1096E0000860BFF34F8FBFF36F8F08E000231A4667
:1096F0001946284601F03CF8012800D0FF242046F6
:1097000038BD000004ED00E038B505004FF0000062
:1097100000900FD00024481C0ED001B10C46FCF77D
:109720004CFAB8B16A460021284601F01BFA01281C
:1097300016D104E0802038BD4FF0FF34EFE70098E9
:1097400080B109494FF080500860BFF34F8FBFF3DD
:109750006F8F07E02146284601F052FA012801D018
:10976000FF2038BD002038BD04ED00E03EB50446C2
:109770000D46B0F90800FFF79FFC02A9CDE90001F2
:10978000208A2B4682B2D4E9001001F02FFB012879
:1097900001D000203EBD02983EBD00002DE9F047FB
:1097A00081460E4601F11A00FFF7C4FB28BB307852
:1097B000012520F04000401E00EB8001DFF84C80C6
:1097C00001EBC00400274FF6FF7A00BF18F807002E
:1097D0003044FFF7AFFB35B1FF2C0ED229F814004F
:1097E0000546641C01E0504507D17F1C0D2FEDD3C9
:1097F0003078400607D5FF2C02D30020BDE8F08763
:10980000002129F814100120F8E70000ECE100081D
:109810002DE9F041184C0F460546E6682068001D0A
:1098200000F057FC38B9206890F82C1001208840CF
:10983000216981432161681C07D137B12168BDE8E6
:10984000F0410E48091D00F07DBC20683544B5424A
:109850004560216805D2A06BBDE8F041091D00F00C
:1098600059BC606B091D00F055FCA06A854200D20E
:10987000A562BDE8F0810000A8000020CCC4012052
:109880002DE9F041054600F0C5FC2E4CA068401CB7
:10989000A06020682C4F10B1606940B32DE02560B6
:1098A000A068012829D1002606EB860007EB80007E
:1098B00000F022FC761C072EF6D323488C3000F0F3
:1098C0001BFC2148A03000F017FC1F48B43000F00A
:1098D00013FC1D48C83000F00FFC1B48DC3000F0C2
:1098E0000BFC19488C3060631430A06305E02068DD
:1098F000E96AC06A884200D82560606A401C6062DC
:10990000E96A0120226988401043206101EB81004F
:1099100007EB8000291D00F015FC00F09BFC60693E
:1099200000280CD02068E96AC06A884207D207493B
:109930004FF080500860BFF34F8FBFF36F8FBDE8CB
:10994000F0810000A8000020F0C3012004ED00E039
:1099500030B4026C0B46002A0BD0C1681144C160C0
:109960008468A14201D30168C16030BC1846F6F793
:10997000B8BC30BC70472DE9F041856B17460446F2
:109980000026026C82B1C7B1E068F6F7AAFCE16874
:10999000206C091AE1602268914202D2A168081A7B
:1099A000E060022F16D017E02068A8B9A06801F087
:1099B000CBFA06460020A0600EE06068F6F791FC46
:1099C000216C606808446060A168884204D3206804
:1099D000606001E005B16D1E6D1CA5633046BDE8F9
:1099E000F08110B50446006B00F048FC2046BDE84D
:1099F000104000F043BC0000144E154CA6F1C807FF
:109A00004FF08058DFF84C9012E000BF00F002FCED
:109A1000F068C568281D00F05CFBA068401EA060CF
:109A20006068401E606000F015FC2846FFF7D9FF13
:109A300060680028EAD138680128F9D9C9F800809F
:109A4000BFF34F8FBFF36F8FF2E70000B8C4012060
:109A5000A800002004ED00E02DE9F0479A46DDE97A
:109A6000098481466FF00303206B03EB82021044EC
:109A7000089E20F00707780707D0502080F3118850
:109A8000BFF34F8FBFF36F8FFEE7002561B100205A
:109A900023180A5C83F834200A5C12B1401C102899
:109AA000F6D384F8435001E084F83450072E00D3F5
:109AB0000626E662C4E91165201D00F028FB04F1CA
:109AC000180000F024FB2461C6F107006462A06165
:109AD000E56484F8505052464946384600F074F91F
:109AE0002060B8F1000F01D0C8F80040BDE8F08751
:109AF00030B5114900E011460A688242FBD34B6839
:109B00005C18844203D140681844486008464368A2
:109B10001C18944209D1084C183C2468A24209D070
:109B200052681A4442600A6812680260814200D09A
:109B3000086030BD0460F9E7FC00002010B5044661
:109B400000F068FBA06B28B15FF0000400F082FB1E
:109B5000204610BD0124F9E70648416B096829B188
:109B6000416BC968C9684968816270474FF0FF312D
:109B7000FAE70000A800002008484068401C4FF0A9
:109B8000500080F3118804D0BFF34F8FBFF36F8F65
:109B9000FEE7BFF34F8FBFF36F8FFEE70401002096
:109BA0002DE9F041044600F035FB94F9455004F1ED
:109BB000240609E0606A48B1304601F057FA08B15E
:109BC00000F01EFC6D1E6DB2002DF3DC4FF0FF3671
:109BD00084F8456000F03EFB00F01CFB94F9445013
:109BE00004F1100709E0206948B1384601F03EFA57
:109BF00008B100F005FC6D1E6DB2002DF3DC84F899
:109C00004460BDE8F04100F025BB2DE9F047022695
:109C100017460D46044602296FD3206AA8426CD924
:109C200020784FF00109012806D0022838D00328F7
:109C300046D0042861D143E0E16A05EB550801EB09
:109C400058212046FFF75BFA060056D1C8F30800FA
:109C500020443C3008F10108E90704D00178FAB249
:109C600062F31F1100E03946017084F80390E16A45
:109C7000204601EB5821FFF742FA06003DD1C8F318
:109C8000080020443C30E90702D0C7F3071105E083
:109C90000178C7F3032201F0F001114301702AE0BB
:109CA000E06A00EB15212046FFF729FA060024D1CF
:109CB000E8B204EB4000B9B23C3000F07FF91AE0A2
:109CC000E06A00EBD5112046FFF719FA060014D11F
:109CD00040F2FF1000EA8500217805193C3504297F
:109CE00005D02846FFF7F0F867F31B000746284623
:109CF000394600F05BF984F803903046BDE8F08700
:109D00002DE9F041294E054600273068B0B100F03A
:109D100019FC7069054243D1F5B30835680704D0D2
:109D200005F00700C0F108000544ADB37068854236
:109D300036D81E48183001460C6809E0502080F3E0
:109D40001188BFF34F8FBFF36F8FFEE720460C469D
:109D50006168A94202D221680029F7D131688C429A
:109D60001ED007682168016060680837411B102910
:109D700004D9601941606560FFF7BAFE61687068D8
:109D8000401A7060B268904200D2B06070690143BE
:109D90000020C4E9000100E002E0F068401CF0602F
:109DA00001F09EF93846BDE8F0810000E400002093
:109DB0000449086818B10868826C521C82640868FB
:109DC00070470000A800002010B5031F4FF08074FA
:109DD0001C601B1F21F001011960191F044B0B604F
:109DE00014390A60091F6FF0020244380A6010BD7E
:109DF000799B000801B582B04FF47A70009001237E
:109E000001AA02A90248F8F793F89DF804000EBDD4
:109E1000CCC201200B4910B50A68136823F0400337
:109E200013600A6813684FF6C774234013600A680A
:109E3000136843EAC00010600868016841F04001FF
:109E4000016010BDCCC201202DE9F04350488DB017
:109E50000024016841F040010160016801F0400107
:109E60000C91016841F008010160016801F00801EE
:109E70000C91016841F008010160016801F00801DE
:109E80000C91434908310A6842F001020A600968EE
:109E900001F001010C91016841F0080101600168C5
:109EA00001F008010C91016841F0100101600168A6
:109EB00001F010010C91016841F02001016001687E
:109EC00001F020010C91016841F04001016000683F
:109ED000022500F040000C904FF4806001278DE8CF
:109EE000A1000C20CDE90350DFF8A8906946484650
:109EF000F6F76CFE2020DFF8A0800090694640460F
:109F0000F6F764FE1026694640460096F6F75EFEB8
:109F10004FF603708DE8A100694640460395F6F7B9
:109F200055FE4FF68370009069461C48F6F74EFECA
:109F30004FF23F00009069461948F6F747FE3F2070
:109F4000009069464846F6F741FE16484FF020411A
:109F500005AA0160144941600421C0E90214C0E966
:109F6000044684618902C461C0E90941C462046392
:109F7000446384630820CDE90640059508941146A2
:109F800008480B94F8F7C5F80DB0BDE8F083000061
:109F90003038024000180240000C0240001002401D
:109FA00000140240E8C00120040100A00170090A69
:109FB0004170090A8170090AC17070470170090A6D
:109FC00041707047014600200B22430803EBC0108C
:109FD00011F8013B521E1844C0B2F6D17047000080
:109FE00070B5044600F040F8050036D1207803280B
:109FF0002CD12079012829D1420204F13C00002112
:10A000000646FFF775F84AF6552104F23A20FFF7A5
:10A01000D5FF13493046FFF7C9FF124904F5087010
:10A02000FFF7C4FF04F50970E169FFF7BFFF04F50E
:10A030000A70A169FFF7BAFFA26A0123521CA2634A
:10A0400060783146FAF760FA0020207100226078CB
:10A050001146FAF731FA00B10125284670BD00001B
:10A0600052526141727241612DE9F0410446C0785B
:10A070000027F8B1A56B04F13C01607801232A4662
:10A080008846FAF741FA08B1012713E00020E07092
:10A09000E06A616A281A88420CD2A67808E0606AF1
:10A0A0000123054460782A464146FAF72DFA761EC8
:10A0B000022EF4D23846BDE8F081002808D00C29E1
:10A0C00006D00B2904D00F2902D04069FBF7FEB857
:10A0D0007047D0E9013201699A60D0E901235A60E2
:10A0E0004A68824201D182684A600022026108689F
:10A0F000401E08600868704700F108014FF0FF3209
:10A10000C0E90112C16001610021016070470021B6
:10A110000161704730B50B685A1C02D000F108028B
:10A1200002E0026904E02246546825689D42FAD99B
:10A1300053684B6099608A60516008610168491CEE
:10A14000016030BD42684A6093688B6093685960D3
:10A15000916008610168491C01607047F0B52C4AA4
:10A1600000242546116839B1502080F31188BFF3CF
:10A170004F8FBFF36F8FFEE7014600262DE0096881
:10A180000F465FEA417C04D0F91D21F00701CF1B87
:10A19000DB1B5DB1176857B3B9420BD8502080F371
:10A1A0001188BFF34F8FBFF36F8FFEE7184F18373B
:10A1B000C7E900160B44083B23F007031768136038
:10A1C0005E60A3EB010C1E60C1E9003C07B1396081
:10A1D00049686D1C0C4400EBC5014B68002BCED1C7
:10A1E000946054605CB14FF000405061F0BD50206D
:10A1F00080F31188BFF34F8FBFF36F8FFEE75020BE
:10A2000080F31188BFF34F8FBFF36F8FFEE700001D
:10A21000E4000020502080F31188BFF34F8FBFF37C
:10A220006F8F0A494868401C486001280CD10848D3
:10A23000006810F0FF0F07D0502080F31188BFF3A3
:10A240004F8FBFF36F8FFEE77047000004010020BF
:10A2500004ED00E00849486828B1401E486001D17B
:10A2600080F311887047502080F31188BFF34F8F1F
:10A27000BFF36F8FFEE700000401002070B50028D7
:10A280002AD0164DA0F1080460686969084207D118
:10A29000502080F31188BFF34F8FBFF36F8FFEE71D
:10A2A00022683AB1502080F31188BFF34F8FBFF37B
:10A2B0006F8FFEE78843606000F044F9606869686A
:10A2C000084468602046FFF713FC2869401C286199
:10A2D000BDE8704000F004BF70BD0000E400002045
:10A2E0004FF0E02000210161816105494FF47A724D
:10A2F0000968B1FBF2F1491E416107210161704714
:10A30000A400002010B5F5F7A5FF114910280ED3C1
:10A3100000F1E02090F8F0030A78904207D2502034
:10A3200080F31188BFF34F8FBFF36F8FFEE70948AB
:10A330000068896800F4E060884207D9502080F303
:10A340001188BFF34F8FBFF36F8FFEE710BD000082
:10A35000040100200CED00E010B5040006D000F070
:10A360000DF82046BDE81040FFF788BF502080F36D
:10A370001188BFF34F8FBFF36F8FFEE7084A0021AC
:10A3800002EBC1035B68834206D1002042F8310032
:10A3900002EBC10148607047491C0829F0D370479F
:10A3A000B0C3012010B5020014D00F48006B38B1C3
:10A3B000502080F31188BFF34F8FBFF36F8FFEE7FC
:10A3C00000F0C0F800211046FFF722FA00F088FEE6
:10A3D000002807D105494FF080500860BFF34F8F28
:10A3E000BFF36F8F10BD0000A800002004ED00E057
:10A3F00002490A6A0260C96841607047A8000020EB
:10A4000001490120C8617047A800002010B50C4622
:10A4100050B1094909681831FFF77CFE2046BDE8B4
:10A4200010400121FFF7F4B9502080F31188BFF3E9
:10A430004F8FBFF36F8FFEE7A800002070B50400B8
:10A4400047D0A26CA2B1606C884200D30146E06A9A
:10A4500088423ED0012A3CD11E4D2A6894420FD139
:10A46000502080F31188BFF34F8FBFF36F8FFEE74B
:10A47000502080F31188BFF34F8FBFF36F8FFEE73B
:10A48000E162A269002A02DBC1F10701A161124E5B
:10A4900000EB8000616906EB8000814219D1201D2C
:10A4A000FFF717FE012130B994F82C002A6901FA50
:10A4B00000F082432A61E06A2A69814011432961E0
:10A4C00000EB800006EB8000211DBDE87040FFF727
:10A4D00039BE70BDA8000020F0C301201CB515488E
:10A4E0000024CDE9004023464FF4807212A11448A5
:10A4F00000F07CFC012809D0401C1AD1502080F3C8
:10A500001188BFF34F8FBFF36F8FFEE7502080F3AA
:10A510001188BFF34F8FBFF36F8F06484FF0FF31A5
:10A520002C38816201214161C460BDE81C4000F00B
:10A530003FB81CBDD400002049444C450000000039
:10A54000F99900080248016B491C0163704700003B
:10A55000A80000201448016B11B10121C1617047AE
:10A560000021C1610169B1FA81F1C1F11F0101EB63
:10A5700081020E4951F822306BB101EB820101F1E9
:10A5800008034A6852684A609A4201D152684A6098
:10A59000D16801607047502080F31188BFF34F8F5E
:10A5A000BFF36F8FFEE70000A8000020F0C301207A
:10A5B0001CB537480168374A914207D1502080F3D3
:10A5C0001188BFF34F8FBFF36F8FFEE700683149EB
:10A5D000491E884207D1502080F31188BFF34F8F66
:10A5E000BFF36F8FFEE72C4908780190FF200870B9
:10A5F00008788DF800009DF800009DF8002000F01C
:10A60000F000904207D0502080F31188BFF34F8FA5
:10A61000BFF36F8FFEE79DF80000204C00F0500064
:10A6200020700720A06005E09DF8002052008DF802
:10A630000020401E9DF800201206F5D4A0600328DB
:10A6400007D0502080F31188BFF34F8FBFF36F8F77
:10A65000FEE74FF44070A060019808700C4820306D
:10A66000016841F470010160016841F070410160CE
:10A67000FFF736FE00206060F5F7B4FD084801687A
:10A6800041F040410160F5F799FD00201CBD00003C
:10A6900000ED00E071C20F4100E400E00401002081
:10A6A00034EF00E070B50E46050012D005FB06F051
:10A6B0004830FFF725FB040009D004F1480120468B
:10A6C0007EB10160C0E90F56012100F00DF820466F
:10A6D00070BD502080F31188BFF34F8FBFF36F8F91
:10A6E000FEE70060EEE7000070B50D46040025D0DF
:10A6F000FFF790FDD4E90F20216802FB0011A16053
:10A700000021A163216861600A46D4E90F01401E5F
:10A7100000FB0121E16021464FF0FF3001F8440FBA
:10A72000487004F110008DB1FFF7E6FC04F124003D
:10A73000FFF7E2FCFFF78EFD012070BD502080F393
:10A740001188BFF34F8FBFF36F8FFEE72169002998
:10A75000F0D000F08BFC0028ECD004494FF0805082
:10A760000860BFF34F8FBFF36F8FE3E704ED00E0A6
:10A770002DE9FF4782B01D468A464FF000080400CD
:10A7800003D0BAF1000F08D011E0502080F31188F7
:10A79000BFF34F8FBFF36F8FFEE7206C38B15020AF
:10A7A00080F31188BFF34F8FBFF36F8FFEE7022D49
:10A7B0000AD1E06B012807D0502080F31188BFF345
:10A7C0004F8FBFF36F8FFEE700F03CFB3F4F4FF022
:10A7D00000094FF0805648B9049838B1502080F3F2
:10A7E0001188BFF34F8FBFF36F8FFEE7FFF712FDA6
:10A7F000A06BE16B884207D3022D05D00498D0B13D
:10A80000B8F1000F1AD01EE02A4651462046FFF745
:10A81000B2F8616A19B104F1240000F027FC20B1FC
:10A820003E60BFF34F8FBFF36F8FFFF713FD012023
:10A8300006B0BDE8F087FFF70DFD22E06846FFF7A0
:10A84000D7FD4FF00108FFF705FDFFF77BFEFFF78F
:10A85000E1FC94F94400401C01D184F8449094F93F
:10A860004500401C01D184F84590FFF7F3FC04A992
:10A87000684600F081FA30B12046FFF791F900F008
:10A880002FFC0020D4E7FFF7C5FCA06BE16B8842EA
:10A8900013D1FFF7DFFC04F110000499FFF7B6FDB8
:10A8A0002046FFF77DF900F01BFC00289ED13E609A
:10A8B000BFF34F8FBFF36F8F98E7FFF7CBFC2046B6
:10A8C000FFF76EF900F00CFC90E7000004ED00E0EB
:10A8D0002DE9F0471F4690468946040003D0B9F1A0
:10A8E000000F08D011E0502080F31188BFF34F8F84
:10A8F000BFF36F8FFEE7206C38B1502080F31188D2
:10A90000BFF34F8FBFF36F8FFEE7022F0AD1E06BCB
:10A91000012807D0502080F31188BFF34F8FBFF379
:10A920006F8FFEE7FFF7EEFC5020EFF3118680F308
:10A930001188BFF34F8FBFF36F8FA06BE16B88421D
:10A9400006D3022F04D0002086F31188BDE8F087DB
:10A9500094F94550A06B3A4649462046FFF70BF85C
:10A96000681C04D06D1C84F845500120ECE7606A37
:10A970000028FAD004F1240000F078FB0028F4D07D
:10A98000B8F1000FF1D00121C8F80010EDE770B563
:10A990000E46040009D0206C78B1502080F3118855
:10A9A000BFF34F8FBFF36F8FFEE7502080F3118806
:10A9B000BFF34F8FBFF36F8FFEE7206848B9A068E1
:10A9C00038B1502080F31188BFF34F8FBFF36F8FE2
:10A9D000FEE7FFF797FC5020EFF3118580F3118815
:10A9E000BFF34F8FBFF36F8FA16BE06B884218D915
:10A9F00094F94500491CA163411C04D0401C84F813
:10AA0000450001200EE0606A0028FAD004F124001D
:10AA100000F02CFB0028F4D0002EF2D00120306092
:10AA2000EFE7002085F3118870BD00002DE9F7479E
:10AA3000002683B08A46040003D0BAF1000F08D084
:10AA400011E0502080F31188BFF34F8FBFF36F8F59
:10AA5000FEE7206C38B1502080F31188BFF34F8F90
:10AA6000BFF36F8FFEE700F0EDF9DFF8F4804FF0F1
:10AA700000094FF0805748B9059838B1502080F34D
:10AA80001188BFF34F8FBFF36F8FFEE7FFF7C2FB55
:10AA9000A56BC5B151462046FEF75AFF6D1EA56352
:10AAA000206950B104F1100000F0E0FA28B1C8F8B4
:10AAB0000070BFF34F8FBFF36F8FFFF7CBFB012009
:10AAC00006B0BDE8F087059808B11EB106E0FFF7B3
:10AAD000C1FB27E06846FFF78BFC0126FFF7BAFBB6
:10AAE000FFF730FDFFF796FB94F94400401C01D1BD
:10AAF00084F8449094F94500401C01D184F84590B5
:10AB0000FFF7A8FB05A9684600F036F900282046A3
:10AB10000AD0FFF745F800F0E3FA2046FFF70EF8F9
:10AB20000028B3D00020CBE7FFF708F890B104F17C
:10AB300024000599FFF76AFC2046FFF731F800F082
:10AB4000CFFA0028A2D1C8F80070BFF34F8FBFF32F
:10AB50006F8F9BE72046FFF723F800F0C1FA95E7D7
:10AB600004ED00E02DE9F04790468946040003D04B
:10AB7000B9F1000F08D011E0502080F31188BFF325
:10AB80004F8FBFF36F8FFEE7206C38B1502080F3FA
:10AB90001188BFF34F8FBFF36F8FFEE7FFF7B2FB54
:10ABA0005020EFF3118680F31188BFF34F8FBFF36E
:10ABB0006F8FA76BF7B194F9445049462046FEF7D2
:10ABC000C7FE7F1EA763681C04D06D1C84F8445028
:10ABD000012010E020690028FAD004F1100000F0F4
:10ABE00045FA0028F4D0B8F1000FF1D00121C8F8DF
:10ABF0000010EDE7002086F31188BDE8F087000023
:10AC00002DE9F343002683B00400354609D0206CBB
:10AC100078B1502080F31188BFF34F8FBFF36F8F4F
:10AC2000FEE7502080F31188BFF34F8FBFF36F8F83
:10AC3000FEE700F007F9DFF83C814FF000094FF024
:10AC4000805748B9049838B1502080F31188BFF379
:10AC50004F8FBFF36F8FFEE7FFF7DCFAA06BC8B131
:10AC6000401EA063206810B9FFF7A2F8A060206919
:10AC700050B104F1100000F0F9F928B1C8F80070E3
:10AC8000BFF34F8FBFF36F8FFFF7E4FA012005B0DA
:10AC9000BDE8F083049808B166B10FE03DB15020E3
:10ACA00080F31188BFF34F8FBFF36F8FFEE7FFF77D
:10ACB000D1FA5DE06846FFF79BFB0126FFF7CAFA71
:10ACC000FFF740FCFFF7A6FA94F94400401C01D1BD
:10ACD00084F8449094F94500401C01D184F84590D3
:10ACE000FFF7B8FA04A9684600F046F800282046A5
:10ACF00012D0FEF755FF00F0F3F92046FEF71EFFD5
:10AD00000028A9D09DB3FFF785FA606A50B3206B85
:10AD10000068C0F1070126E0FEF710FFE0B12068EF
:10AD200038B9FFF777FAA06800F05AF90546FFF73F
:10AD300091FA04F124000499FFF768FB2046FEF71E
:10AD40002FFF00F0CDF9002886D1C8F80070BFF3BE
:10AD50004F8FBFF36F8F7FE72046FEF721FF00F094
:10AD6000BFF979E70021A068FFF768FB9FE7FFE7DD
:10AD700000208CE704ED00E02DE9F0410C460500D1
:10AD800011D0C4B1FFF746FA174BDA686E68206835
:10AD9000911B471C17D02F681B6A9F4219D09642FF
:10ADA00017D8012410E0502080F31188BFF34F8F93
:10ADB000BFF36F8FFEE7502080F31188BFF34F8FF2
:10ADC000BFF36F8FFEE70024FFF744FA2046BDE88B
:10ADD000F081884205D9401A20602846FFF708FB19
:10ADE000F1E700202060DCE7A80000202DE9FF5FEC
:10ADF0008346DDE90E87994616468A469000FEF79F
:10AE00007FFF05001AD05420FEF77AFF040012D00D
:10AE100025630021CDE90241CDE900874B4632464A
:10AE200051465846FEF718FE2046FEF729FD012040
:10AE300004B0BDE8F09F2846FFF720FA4FF0FF303E
:10AE4000F6E700000548416919B1006B18B1002010
:10AE5000704701207047022070470000A8000020C2
:10AE60000148C06870470000A800002010B5FFF737
:10AE700049FA0148C06810BDA80000202DE9F04142
:10AE80002F4C0026206B28B1A069401CA0613046E1
:10AE9000BDE8F081E5686D1CE56013D1606B00686A
:10AEA00038B1502080F31188BFF34F8FBFF36F8FFD
:10AEB000FEE7606BA16B6163A063206A401C2062A7
:10AEC000FEF74AFEA06ADFF87C80854209D3606BFA
:10AED0000068A0B1606BC068C7687868854211D20D
:10AEE000A0622068C06A00EB800158F821000128A8
:10AEF00000D90126E0690028C9D00126C7E74FF034
:10AF0000FF30EDE7381DFFF7E4F8B86A18B107F134
:10AF10001800FFF7DEF8F96A012022698840104323
:10AF2000206101EB810108EB8100391DFFF70AF96F
:10AF3000F86A2168C96A8842C9D30126C7E70000B8
:10AF4000A8000020F0C3012070B504004FF00001FC
:10AF500040D0214D2868844207D0502080F31188CA
:10AF6000BFF34F8FBFF36F8FFEE7A06C38B1401E69
:10AF7000A064636CE26A9A422CD040B12AE050206F
:10AF800080F31188BFF34F8FBFF36F8FFEE7201D53
:10AF9000FFF79FF8114A012150B9E06A00EB8003E6
:10AFA00052F8233023B92B6901FA00F083432B6157
:10AFB000606CE062C0F10700A061E06A2B6981402B
:10AFC0001943296100EB800002EB8000211DFFF78F
:10AFD000B9F80121084670BDA8000020F0C3012087
:10AFE00070B504004FF0000034D01E4DE16A2A68AD
:10AFF000D26A91422FD2A069002804DB2868C06A77
:10B00000C0F10700A061184E01EB8101606906EBF9
:10B01000810188421AD1201DFFF75BF8012130B968
:10B0200094F82C002A6901FA00F082432A6128680A
:10B03000C06AE0622A6981401143296100EB800007
:10B0400006EB8000211DFFF77DF802E02868C06A4A
:10B05000E062012070BD616C2A68D26A9142F8D327
:10B0600070BD0000A8000020F0C301202DE9F041D0
:10B07000C068C468ACB104F118000746FFF729F8AE
:10B08000154D286B0126A0B139461448FFF75AF830
:10B09000E06A2968C96A88421CD90120EE61BDE8CE
:10B0A000F081502080F31188BFF34F8FBFF36F8F73
:10B0B000FEE7201DFFF70DF8E16A2A6906FA01F0A4
:10B0C0001043286101EB81000449B43901EB800091
:10B0D000211DDBE70020E2E7A8000020A4C4012036
:10B0E0002DE9F0472C4D00242746286B38B1FFF797
:10B0F00091F8286B401E2863286B40B146E0502031
:10B1000080F31188BFF34F8FBFF36F8FFEE7A968FD
:10B11000224E0120D1B3A6F1B40980463068E8B1CF
:10B12000F068C46804F11800FEF7D3FF201DFEF795
:10B13000D0FFE06A2A6908FA00F11143296100EBA7
:10B14000800109EB8100211DFEF7FCFFE06A296800
:10B15000C96A8842E2D3C5F81C80DFE70CB1FEF76C
:10B16000FBFCAC6944B14646FFF788FE00B1EE61D6
:10B17000641EF9D10020A861E86938B108490127A7
:10B1800038070860BFF34F8FBFF36F8FFFF762F888
:10B190003846BDE8F0870000A8000020A4C40120C4
:10B1A00004ED00E030B5034640784FF4004442011E
:10B1B0000020014620320AE002290BD0C50700D04A
:10B1C000254605EB50005D5C284480B2491C914245
:10B1D000F2D330BD0321F9E7CA0701D04FF0004296
:10B1E00002EB51010844704700000000000000001D
:10B1F00000000000000000003F40000000000000D0
:10B2000000003000400030004000000009000BC08A
:10B210003D000BC03D00090018C024407FE02240E3
:10B2200031800000180024C01B000D8032400180D6
:10B2300003801C4027401C80074000401000600035
:10B2400000000000000000000000000000001F805F
:10B25000204040200000402020401F8000000000CF
:10B26000090006001F800600090000000400040019
:10B270003F80040004000000001000600000000097
:10B2800000000000040004000400040004000000AA
:10B29000000000400000000000000000002001C08D
:10B2A00006003800400000001F8020402040204061
:10B2B0001F800000000010403FC000400000000060
:10B2C00018C0214022402440184000001080204037
:10B2D000244024401B80000002000D0011003FC0EC
:10B2E000014000003C802440244024402380000092
:10B2F0001F802440244034400380000030002000A0
:10B3000027C03800200000001B8024402440244037
:10B310001B8000001C0022C0224022401F80000031
:10B3200000000000084000000000000000000000D5
:10B330000460000000000000000004000A0011008A
:10B3400020804040090009000900090009000000B0
:10B3500000004040208011000A0004001800200076
:10B3600023402400180000001F802040274029406F
:10B370001F400000004007C039000F0001C000401E
:10B3800020403FC0244024401B8000001F802040FC
:10B39000204020403080000020403FC0204020401E
:10B3A0001F80000020403FC024402E4030C00000DD
:10B3B00020403FC024402E00300000000F001080CD
:10B3C000204022403380020020403FC0040004009F
:10B3D0003FC02040204020403FC02040204000008F
:10B3E0000060202020203FC02000200020403FC0DF
:10B3F00024400B0030C0204020403FC0204000408F
:10B40000004000C03FC03C0003C03C003FC0000003
:10B4100020403FC00C4023003FC020001F80204040
:10B42000204020401F80000020403FC024402400D6
:10B43000180000001F802140214020E01FA00000D4
:10B4400020403FC02440260019C0004018C02440BE
:10B450002440224031800000300020403FC0204086
:10B460003000000020003F80004000403F8020006E
:10B4700020003E0001C0070038002000380007C04F
:10B480003C0007C038000000204039C0060039C029
:10B49000204000002000384007C038402000000055
:10B4A000304021C02640384020C00000000000008D
:10B4B0007FE0402040200000000070000C0003806E
:10B4C000004000000000402040207FE0000000001D
:10B4D00000002000400020000000000000100010CC
:10B4E00000100010001000100000000040000000DC
:10B4F00000000000000002800540054003C000403D
:10B5000020003FC00440044003800000000003808E
:10B510000440044006400000000003800440244032
:10B520003FC000400000038005400540034000008C
:10B53000000004401FC0244024402000000002E01E
:10B54000055005500650042020403FC00440040030
:10B5500003C000400000044027C00040000000007D
:10B5600000100010041027E00000000020403FC041
:10B570000140070004C00440204020403FC000407C
:10B580000040000007C0040007C0040003C0000022
:10B59000044007C00440040003C0004000000380D2
:10B5A0000440044003800000041007F004500440ED
:10B5B00003800000000003800440045007F00010E6
:10B5C000044007C0024004000400000000000640E0
:10B5D0000540054004C00000000004001F80044036
:10B5E00000400000040007800040044007C0004005
:10B5F0000400070004C0018006000400060001C02A
:10B60000070001C006000000044006C0010006C09B
:10B61000044000000410071004E00180060004004C
:10B620000000044005C00640044000000000000087
:10B6300004007BE040200000000000000000FFF05C
:10B6400000000000000040207BE00400000000003B
:10B65000400080004000200020004000000000006A
:10B6600000000000000000000000000000000000DA
:10B6700000001FCC000C00000000000000000800CB
:10B68000300060000800300060000000022003FC71
:10B690001E20022003FC1E200220000000000E18C5
:10B6A00011043FFF10840C78000000000F0010848C
:10B6B0000F3800C0077818840078000000780F84E5
:10B6C00010C411240E9800E40084000808006800EB
:10B6D00070000000000000000000000000000000FA
:10B6E000000007E01818200440020000000040029B
:10B6F0002004181807E0000000000000024002408B
:10B7000001800FF0018002400240000000800080B4
:10B7100000800FF800800080008000000001000D14
:10B72000000E00000000000000000000000000808B
:10B730000080008000800080008000800000000CFD
:10B74000000C0000000000000000000000000006E7
:10B75000001800600180060018002000000007F0BB
:10B76000080810041004080807F00000000008048E
:10B7700008041FFC000400040000000000000E0C80
:10B7800010141024104411840E0C000000000C183A
:10B7900010041104110412880C700000000000E075
:10B7A0000320042408241FFC0024000000001F982C
:10B7B000108411041104108810700000000007F0BC
:10B7C00008881104110418880070000000001C0093
:10B7D000100010FC13001C001000000000000E38C8
:10B7E00011441084108411440E380000000007003A
:10B7F000088C10441044088807F000000000000086
:10B800000000030C030C000000000000000000001A
:10B8100000010106000000000000000000000080A0
:10B820000140022004100808100400000220022039
:10B83000022002200220022002200000000010044A
:10B8400008080410022001400080000000000E00E3
:10B850001200100C106C10800F00000003E00C1898
:10B8600013E4142417C4082807D000000004003C87
:10B8700003C41C40074000E4001C000410041FFC2B
:10B880001104110411040E880070000003E00C186C
:10B8900010041004100410081C10000010041FFCF9
:10B8A000100410041004080807F0000010041FFC26
:10B8B0001104110417C410040818000010041FFC20
:10B8C0001104110017C010000800000003E00C185C
:10B8D0001004100410441C780040000010041FFCE9
:10B8E00010840080008010841FFC100400001004ED
:10B8F00010041FFC100410040000000000030001ED
:10B90000100110011FFE10001000000010041FFCA9
:10B91000110403801464181C1004000010041FFCA0
:10B920001004000400040004000C000010041FFCBC
:10B930001F0000FC1F001FFC1004000010041FFC6F
:10B940000C04030000E010181FFC100007F00808AA
:10B95000100410041004080807F0000010041FFC75
:10B9600010841080108010800F00000007F008186D
:10B9700010241024101C080A07F2000010041FFCF9
:10B980001104110011C011300E0C000400000E1C37
:10B9900011041084108410441C380000180010009A
:10B9A00010041FFC100410001800000010001FF805
:10B9B00010040004000410041FF8100010001E0002
:10B9C00011E0001C007013801C0010001FC0103C10
:10B9D00000E01F0000E0103C1FC000001004180C25
:10B9E000163401C001C01634180C100410001C00DD
:10B9F000130400FC13041C00100000000804101CB9
:10BA00001064108413041C041018000000000000CF
:10BA100000007FFE400240024002000000003000B3
:10BA20000C0003800060001C0003000000004002C6
:10BA3000400240027FFE0000000000000000000005
:10BA400020004000400040002000000000010001F4
:10BA500000010001000100010001000100004000A0
:10BA600040002000000000000000000000000098DE
:10BA7000012401440144014400FC000410001FFCA7
:10BA800000880104010400880070000000000070BC
:10BA90000088010401040104008800000000007017
:10BAA00000880104010411081FFC0004000000F8D4
:10BAB000014401440144014400C8000000000104A5
:10BAC00001040FFC1104110411001800000000D63D
:10BAD00001290129012901C90106000010041FFCE8
:10BAE000008401000100010400FC000400000104C6
:10BAF000190419FC00040004000000000000000309
:10BB000000010101190119FE0000000010041FFCD2
:10BB10000024004001B4010C0104000000001004E6
:10BB200010041FFC0004000400000000010401FCDC
:10BB30000104010001FC0104010000FC010401FCFE
:10BB4000008401000100010400FC0004000000F872
:10BB5000010401040104010400F80000010101FFD7
:10BB600000850104010400880070000000000070DE
:10BB7000008801040104010501FF00010104010422
:10BB800001FC00840104010001800000000000CCE1
:10BB90000124012401240124019800000000010077
:10BBA000010007F80104010400000000010001F891
:10BBB000000400040004010801FC000401000180ED
:10BBC0000170000C001001600180010001F0010C07
:10BBD000003001C00030010C01F001000000010440
:10BBE000018C00740170018C0104000001010181CD
:10BBF0000171000E00180160018001000000018445
:10BC0000010C013401440184010C0000000000001B
:10BC10000000000001003EFC400240020000000065
:10BC200000000000FFFF00000000000000004002D4
:10BC300040023EFC01000000000000000000600027
:10BC40008000800040004000200020000000000034
:10BC500000000000000000000000000000000000E4
:10BC600000000000000000000000000000000000D4
:10BC70000000000000000000000000000000000FB5
:10BC800080380FFE380F80380000000000000000F0
:10BC9000000000000000000000000100000600009D
:10BCA0000C00003800003100000600000C000038D5
:10BCB000000030000000000000000000618000670C
:10BCC000F807F98000618000618000618000618078
:10BCD0000067F807F98000618000000000000000A4
:10BCE000000001C0E003E0F00630080418081FFF60
:10BCF000FE040E080787F00381E00000000000004A
:10BD000001F000060C00040408060C7001F9C000E4
:10BD10000E00003BE000EC18070808040C180003B4
:10BD2000E00000000001E00007F003F818041C0820
:10BD300004170807E1D003C0E00023B0003C08006E
:10BD40002008000010000000000000010000310089
:10BD5000003200001C000000000000000000000095
:10BD600000000000000000000000000000000000D3
:10BD70000000000000000000000000007F0001FF44
:10BD8000C00780F00C001810000420000200000022
:10BD90000000002000021000040C00180780F001D1
:10BDA000FFC0007F00000000000000000000000055
:10BDB0000000000000000000420000660000660075
:10BDC000003C0000180003FFC0001800003C000009
:10BDD0006600006600004200000000000800000845
:10BDE0000000080000080000080001FFC000080073
:10BDF0000008000008000008000008000000000023
:10BE0000000100003100003200001C0000000000B2
:10BE10000000000000000000000000000000000022
:10BE200000000000080000080000080000080000F2
:10BE300008000008000008000008000008000008D2
:10BE40000000000000000000000000003800003882
:10BE500000003800000000000000000000000000AA
:10BE600000000000000000000000000000060000CC
:10BE70001C000070000180000E0000380000C000AF
:10BE80000700001C0000300000000000000000005F
:10BE90007F8001FFE00380700600180400080400A2
:10BEA0000806001803807001FFE0007F800000009A
:10BEB0000000000000000100080100080100080364
:10BEC000FFF807FFF8000008000008000008000065
:10BED0000000000000000001C03802C058040098B3
:10BEE000040118040218040418061C1803F81801A9
:10BEF000E0F800000000000000000001C0E003C006
:10BF0000F004000804080804080806180803F418D8
:10BF100001E7F00001E00000000000000000000068
:10BF20000300000D00001100006100008108030102
:10BF30000807FFF80FFFF8000108000108000000E3
:10BF40000000000000E007FCD00608080610080604
:10BF50001008061008061838060FF00607C0000083
:10BF600000000000000000003F8001FFE00384307B
:10BF70000208180410080410080410080718100319
:10BF80000FF00007C000000000000000000003C028
:10BF9000000700000600000600F80607F806180073
:10BFA00006E000070000060000000000000000019D
:10BFB000E1E003F7F0063410041808041808040C34
:10BFC00008040C0806161803F3F001C1E000000095
:10BFD00000000000F80003FC3003063804020804E7
:10BFE00002080402080404100308F001FFC0007FE7
:10BFF0000000000000000000000000000000000041
:10C000000000000070380070380070380000000038
:10C010000000000000000000000000000000000020
:10C020000000000000000000301A00301C0000007A
:10C030000000000000000000000000000000000000
:10C0400000000008000014000022000041000080F1
:10C0500080010040020020040010080008000000D9
:10C06000000000002100002100002100002100004C
:10C0700021000021000021000021000021000021FA
:10C08000000000000000000000000800080400108C
:10C0900002002001004000808000410000220000DA
:10C0A000140000080000000000000003C00004C0ED
:10C0B00000040000080038080F380808380810008D
:10C0C0000C300007E00003C000000000000000008A
:10C0D0003F8000FFE0038070020F1006708804C0EC
:10C0E00088048308047F8802C09003012000FE407A
:10C0F0000000080000180001F8003E0801C2000717
:10C10000020007E20000FE00001FC80001F8000066
:10C110003800000804000807FFF807FFF8040808C3
:10C1200004080804080804080806180803F418019D
:10C13000E7F00001E0000000000000003F8001FF88
:10C14000E0038070020018040008040008040008DE
:10C150000400100600200780C0000000040008074B
:10C16000FFF807FFF80400080400080400080400B2
:10C170001802001003807001FFE0007F80000000C3
:10C1800004000807FFF807FFF8040808040808047B
:10C190000808040808043E08040008060018010006
:10C1A0006000000004000807FFF807FFF804080813
:10C1B000040800040800040800043E00060000060D
:10C1C0000000018000000000000000003F8001FF2F
:10C1D000E003807006001804000804020804020846
:10C1E0000203F00783F000020000020004000807C9
:10C1F000FFF807FFF804080800080000080000081E
:10C200000000080004080807FFF807FFF80400080A
:10C2100000000000000004000804000804000807F3
:10C22000FFF807FFF80400080400080400080000F5
:10C2300000000000000000000006000007000001F0
:10C2400004000104000104000307FFFE07FFFC04D3
:10C25000000004000004000004000807FFF807FFC6
:10C26000F8040C08001800003E0004C7800503C84D
:10C270000600F8040038040018000008040008074D
:10C28000FFF807FFF804000800000800000800009D
:10C29000080000080000080000180000600000000E
:10C2A00004000807FFF807800807FC00007FC000B3
:10C2B00003F80007C000780007800807FFF807FFB1
:10C2C000F804000804000807FFF807000803C0008E
:10C2D00000E000003800001E000007000001C0045C
:10C2E00000F007FFF8040000000000007F8001FF5D
:10C2F000E003807006001804000804000806001817
:10C3000003003001FFE0007F800000000400080708
:10C31000FFF807FFF8040408040400040400040400
:10C3200000040400060C0003F80001F00000000007
:10C33000000000007F8001FFE00380700600880499
:10C3400000880400C806003C03003E01FFE6007FB1
:10C350008400000004000807FFF807FFF80408083D
:10C36000040800040C00040F00040BC00610F003C6
:10C37000F03801E00800000800000001E0F803F0D8
:10C3800030063010041808041808040C08040C08BF
:10C390000206180207F00781E00000000180000695
:10C3A000000004000004000004000807FFF807FF75
:10C3B000F8040008040000040000060000018000EA
:10C3C00004000007FFE007FFF00400180000080069
:10C3D000000800000800000800000804001007FF23
:10C3E000E004000004000006000007E00007FE0073
:10C3F000041FE00001F80000380001E0043E0007DF
:10C40000C00006000004000004000007E00007FF71
:10C41000C0041FF80007C007F80007FF80043FF8BA
:10C420000007C004F800070000040000000000043A
:10C43000000806001807C07805F1C8003E00001F7C
:10C44000800463E80780F806001804000800000074
:10C4500004000006000007800007E008047C0800D4
:10C460001FF80007F800180804E00807000006009D
:10C47000000400000000000100080600380400F875
:10C480000403E8040F08047C0805F00807C0080747
:10C490000018040060000000000000000000000020
:10C4A000000000000000003FFFFE2000022000020C
:10C4B0002000022000022000020000000000000016
:10C4C000000008000007000000C00000380000065F
:10C4D000000001C000003000000E0000010000005C
:10C4E00000000000000020000220000220000220C6
:10C4F00000022000023FFFFE0000000000000000DC
:10C500000000000000000000000000000008000023
:10C510001000003000002000003000001000000873
:10C520000000000000000000000001000001000009
:10C5300001000001000001000001000001000001F5
:10C5400000000100000100000100000100000000E7
:10C55000000000000020000020000010000010007B
:10C5600000000000000000000000000000000000CB
:10C570000000000000F00019F8001B18002208005D
:10C580002608002408002410003FF8001FF80000CF
:10C590000800001800000004000007FFF80FFFF07B
:10C5A00000181800100800200800200800301800AB
:10C5B0001FF0000FC00000000000000007C0001FB7
:10C5C000F0001830002008002008002008003C0877
:10C5D000001C1000006000000000000000000000CF
:10C5E00007C0001FF00038180020080020080020B5
:10C5F0000804101007FFF80FFFF000001000000003
:10C600000000000000000007C0001FF00012300012
:10C610002218002208002208003208001E10000E16
:10C62000200000000000000020000020080020087A
:10C6300001FFF803FFF8062008042008042008077B
:10C64000200003000000000000000000000E000EAB
:10C650006E001FF30031B10020B10020B100319114
:10C66000001F13002E1E00200E00300000000004EA
:10C67000000807FFF80FFFF8001008002000002056
:10C6800000002008003FF8001FF80000080000002C
:10C69000000000000000002008002008002008061C
:10C6A0003FF8063FF80000080000080000080000FE
:10C6B0000000000000000000000000000300000374
:10C6C000002001002001002003063FFE063FFC0081
:10C6D000000000000000000000000004000807FF48
:10C6E000F80FFFF8000188000300002FC00038F8A1
:10C6F00000203800200800000800000000000000B2
:10C70000000004000804000804000807FFF80FFFF9
:10C71000F800000800000800000800000000000009
:10C72000002008003FF8003FF8001008002000003B
:10C730003FF8003FF8001008002000003FF8003FDD
:10C74000F8000008000000002008003FF8003FF853
:10C75000001008001000002000002008003FF80032
:10C760001FF80000080000000000000007C0000FD4
:10C77000F0001830003008002008002008003008C1
:10C78000001830000FF00007C0000000000000009B
:10C790002001003FFF003FFF001011002009002092
:10C7A00008002008003038001FF0000FC000000013
:10C7B0000000000007C0001FF0003818002008002B
:10C7C0002008002009001011001FFF003FFF00009B
:10C7D00001000000002008002008002008003FF8A9
:10C7E000003FF800080800100800200800200000A2
:10C7F0003000003000000000000000000000000CCD
:10C8000078001E1800330800230800210800218842
:10C810000021980030F000386000000000000000A7
:10C82000200000200000200000FFF003FFF800209F
:10C830000800200800200800003000000000000070
:10C84000000000002000003FF0007FF8000018000A
:10C850000008000008002010003FF8007FF00000F2
:10C8600010000000000000002000003000003C002C
:10C87000003F800023F0000078000070002380005B
:10C880003C00003000002000002000003C00003F81
:10C89000E00023F80000E0002700003E00003FE039
:10C8A0000021F80001E0003E000020000000000030
:10C8B0002008002008003838003E68002780000368
:10C8C000C8002CF8003838002018002008000000AC
:10C8D000000000002000003003003C01003F830006
:10C8E00023EC000070002380003C000020000020AA
:10C8F00000000000000000000000003808002038A0
:10C900000020F80023E8002F88003E0800380800C7
:10C91000201800007000000000000000000000006F
:10C92000000000000000000008000014001FF7FCD9
:10C93000300006200002000000000000000000009F
:10C940000000000000000000000000000000FFFFE9
:10C95000FF000000000000000000000000000000D8
:10C960000000000000002000023000061FF7FC005D
:10C97000140000080000000000000000000000009B
:10C9800000000000000000180000600000400000EF
:10C990004000002000001000000800000400000417
:10C9A00000000C000010000000000000000000006B
:10C9B0000000000000000000000000000000000077
:10C9C0000000000000000000000000000000000067
:10C9D0000000000000000000000000000000000057
:10C9E0000000000000000000000000000000000047
:10C9F0000000000000000000000000000000000037
:10CA000007F000C007FFE1E007F001E0000000C010
:10CA10000000000000000000000000000000000016
:10CA20000000000000000000000000000000000006
:10CA30000020000001C00000078000001F0000006F
:10CA40001E0000001C20000001C000000780000044
:10CA50001F0000001E0000001C000000000000007D
:10CA600000000000000000000000000000180C00A2
:10CA700000180C0000180FE0001FFC0003F80C0069
:10CA800000180C0000180C0000180C0000180C0016
:10CA900000180FE0001FFC0003F80C0000180C0049
:10CAA00000180C0000000000000000000000000062
:10CAB00000000780007807C000FC0640010E00203F
:10CAC00003070020020380200FFFFFFC0201C020AB
:10CAD0000200E0600130704001F03F8000F01F0074
:10CAE000000000000000000000FE000001FF000048
:10CAF0000301800002008060030181C001FF070084
:10CB000000FE18000000E0000003BF00000CFFC0A2
:10CB10000071806001C10020030180600000FFC03F
:10CB200000003F000000000000001F0000007FC068
:10CB300000FCC0C001FF80600303E02002027820F7
:10CB400002061E2003FC074001F00380000103C021
:10CB500000011C600001E0200001002000010040F5
:10CB60000000018000000000000000000020000024
:10CB70001C6000001C4000001F8000000F0000002F
:10CB800000000000000000000000000000000000A5
:10CB90000000000000000000000000000000000095
:10CBA0000000000000000000000000000000000085
:10CBB0000000000000000000000000000000000075
:10CBC000000000000007F800003FFF00007807C0E9
:10CBD00001C000E003000030040000080800000469
:10CBE0001000000200000000000000001000000221
:10CBF00008000004040000080300003001C000E049
:10CC0000007807C0003FFF000007F80000000000A8
:10CC10000000000000000000000000000000000014
:10CC20000000000000000000000000000000000004
:10CC3000000C1800000E3800000E3800000630000E
:10CC4000000360000061438000FFFF80006143003B
:10CC50000003600000063000000E3800000E3800AF
:10CC6000000C1800000000000000000000000000A0
:10CC700000008000000080000000800000008000B4
:10CC80000000800000008000007FFF0000008000A6
:10CC90000000800000008000000080000000800094
:10CCA0000000800000000000000000000000000103
:10CCB000000000E3000000E2000000FC000000783B
:10CCC0000000000000000000000000000000000064
:10CCD0000000000000000000000000000000000054
:10CCE00000000000000000000000000000008000C4
:10CCF0000000800000008000000080000000800034
:10CD00000000800000008000000080000000800023
:10CD10000000800000008000000080000000800013
:10CD20000000800000000000000000000000000083
:10CD3000000000C0000001E0000001E0000000C0B1
:10CD400000000000000000000000000000000000E3
:10CD500000000000000000000000000000000000D3
:10CD60000000000000000000000000000000000CB7
:10CD700000000038000000E00000038000000E000A
:10CD8000000038000000E00000038000000E0000FA
:10CD90000038000000E00000038000000E000000EA
:10CDA000180000000000000000000000000000006B
:10CDB000000FF800007FFF0000F00780018000C036
:10CDC000030000600200002002000020020000209A
:10CDD00003000060018000C000E00380007FFF00CE
:10CDE000000FF8000000000000000000000000003C
:10CDF0000000000000800020008000200080002053
:10CE00000080006001FFFFE003FFFFE00000006022
:10CE100000000020000000200000002000000000B2
:10CE20000000000000000000000000000000000002
:10CE3000007800E0009801600100026002000460D8
:10CE400002000860020010600200206002004060E2
:10CE5000030080600183006001FE00E0007C078029
:10CE600000000000000000000000000000000000C2
:10CE700000F0078001F007C0010000400200002020
:10CE80000201002002010020020100200303802093
:10CE90000186804001FCC0C000787F8000001E0039
:10CEA000000000000000000000000000000008007A
:10CEB000000038000000480000018800000608005B
:10CEC000000C0810003008100040081001FFFFF0AF
:10CED00003FFFFF003FFFFF0000008100000081040
:10CEE000000008100000000000000000000000002A
:10CEF00000000780001F864003E10020030200209D
:10CF00000304002003040020030400200304002085
:10CF100003060040030301C00301FF8003007E00FD
:10CF20000000000000000000000000000000000001
:10CF30000007FC00003FFF000070C380008180C03C
:10CF40000101006003020020020200200202002012
:10CF5000020200200203004001C180C000C0FF8027
:10CF600000007E0000000000000000000000000043
:10CF700000F0000003C00000038000000300000078
:10CF8000030007E003003FE00301C00003060000C8
:10CF9000031800000360000003800000030000008D
:10CFA00000000000000000000000000000001F0062
:10CFB00000783F8000FC60C0018EC04003078020E5
:10CFC0000203002002018020020180200201C02013
:10CFD0000301E040018670C000FC3F8000781F0024
:10CFE000000000000000000000000000003F000002
:10CFF00000FF81C001C0C1C00100602002002020EC
:10D00000020020200200202002002060020040C018
:10D010000100C18000C18F00007FFE00001FF000F2
:10D020000000000000000000000000000000000000
:10D0300000000000000000000000000000000000F0
:10D04000000300C0000781E0000781E0000300C08A
:10D0500000000000000000000000000000000000D0
:10D0600000000000000000000000000000000000C0
:10D0700000000000000000000000000000000000B0
:10D0800000060066000600780000000000000000B6
:10D090000000000000000000000000000000000090
:10D0A0000000000000000000000000000000000080
:10D0B000000080000001C000000360000006300096
:10D0C000000C180000180C0000300600006003007F
:10D0D00000C0018001000040020000200400001098
:10D0E000000000000000000000000000000410002C
:10D0F00000041000000410000004100000041000E0
:10D1000000041000000410000004100000041000CF
:10D1100000041000000410000004100000041000BF
:10D1200000041000000000000000000000000000EB
:10D1300004000010020000200100004000C0018037
:10D14000006003000030060000180C00000C1800FE
:10D1500000063000000360000001C00000008000F5
:10D1600000000000000000000000000000000000BF
:10D170000078000001F80000023800000200000002
:10D18000040000C0040079E0040081E0040100C054
:10D1900004030000020200000306000001FC00007E
:10D1A00000F800000000000000000000000FF80080
:10D1B000003FFE000070078000C000C00101F84081
:10D1C0000307FC20021E0420023008200220302029
:10D1D000023FFC20013F044001800CC000E0318090
:10D1E000001FC200000000000000002000000060DE
:10D1F000000003E000003E200003E020003E20008D
:10D2000003E020000380200007FC2000003FE00036
:10D210000003FE2000003FE0000001E000000020CD
:10D2200000000020000000000000000002000020BC
:10D230000200002003FFFFE003FFFFE002010020E7
:10D240000201002002010020020100200201002052
:10D25000030300200186806001FCC0C000F87F80CD
:10D2600000001F0000000000000000000007F800A0
:10D27000003FFF000070078000C000C001000040B8
:10D280000300002002000020020000200200002015
:10D290000200002001000040018000C003C00180A6
:10D2A0000030060000000000000000000200002026
:10D2B0000200002003FFFFE003FFFFE00200002068
:10D2C0000200002002000020020000200300006095
:10D2D00001000040018000C000F00780007FFE00D8
:10D2E000000FF80000000000000000000200002015
:10D2F0000200002003FFFFE003FFFFE00201002027
:10D300000201002002010020020100200201002091
:10D3100002038020020FE0200300006003C000E051
:10D320000060030000000000000000000200002078
:10D330000200002003FFFFE003FFFFE002010020E6
:10D3400002010020020100000201000002010000B1
:10D350000201000002038000030FE0000300000050
:10D3600003C0000000600000000000000007F8009B
:10D37000003FFE000070078001C001C001000040B6
:10D380000300002002000020020000200200002014
:10D39000010020200100204003C03F8000303F807A
:10D3A00000002000000020000200002002000020F9
:10D3B00003FFFFE003FFFFE0020080200200802067
:10D3C000000080000000800000008000020080203B
:10D3D0000200802003FFFFE003FFFFE002000020C7
:10D3E000020000200000000000000000000000001B
:10D3F00000000000020000200200002002000020C7
:10D400000200002003FFFFE003FFFFE00200002016
:10D4100002000020020000200200002000000000A6
:10D420000000000000000000000000000000000EEE
:10D430000000000F0000000F0000000102000001CA
:10D4400002000001020000030200000603FFFFFCCF
:10D4500003FFFFF8020000000200000002000000CD
:10D460000200000000000000000000000200002098
:10D470000200002003FFFFE003FFFFE00200C020E6
:10D480000201002000078000000FE0000030F800DB
:10D4900002603E2003800F20030003E0020000E052
:10D4A0000200002000000020000000000200002018
:10D4B0000200002003FFFFE003FFFFE00200002066
:10D4C00002000020000000200000002000000020DA
:10D4D000000000200000002000000060000000E0CC
:10D4E00000000300000000000200002002000020F5
:10D4F00003FFFFE003E0002003FF0020001FF00017
:10D500000001FF8000000FE000001E000003E000AB
:10D51000003E002003E0002003FFFFE003FFFFE0E8
:10D520000200002002000020020000200200002073
:10D5300003FFFFE00380002003F0002000FC000058
:10D54000001F00000007C0000001F00000007C0088
:10D5500002001F80020007E003FFFFE0020000005E
:10D56000020000000000000000000000000FF800B2
:10D57000003FFE0000F00780018000C00100004075
:10D580000200002002000020020000200200002013
:10D5900001000040018000C000F00380003FFE0059
:10D5A000000FF80000000000000000000200002052
:10D5B0000200002003FFFFE003FFFFE002008020E5
:10D5C0000200802002008000020080000200800033
:10D5D00002008000030180000183000000FE0000C3
:10D5E000007C00000000000000000000000FF800B8
:10D5F000007FFF0000F00380018001C001000640B1
:10D60000020004200200042002000620020003E0C1
:10D61000010000F80180005C00E0038C003FFF0C7B
:10D62000000FFC18000000000000000002000020B5
:10D630000200002003FFFFE003FFFFE002010020E3
:10D6400002010020020180000201E0000201FC0052
:10D6500003033F80018607E001FC00E000F80020A2
:10D66000000000200000000000000000000000009A
:10D670000078060000FE01E0018600C003030040C0
:10D680000203002002018020020180200201C0204C
:10D690000200C0200100E060018070C003E03F8014
:10D6A00000001F00000000000000000000600000FB
:10D6B00003800000030000000200000002000020C0
:10D6C0000200002003FFFFE003FFFFE00200002054
:10D6D00002000020020000000200000003800000A1
:10D6E00000E0000000000000020000000200000056
:10D6F00003FFFF0003FFFFC00200004002000060C4
:10D700000000002000000020000000200000002099
:10D71000020000400200008003FFFF000200000042
:10D7200002000000000000000000000002000000F5
:10D730000200000003C0000003FC0000023FC00024
:10D740000003F80000007F80000007E00000078071
:10D75000000078000203C000023C000003C000008B
:10D7600002000000020000000200000003C00000F0
:10D7700003FF8000023FFE0002007FE000000F0078
:10D780000200F00003EF000003FF8000020FFE0024
:10D7900000003FE000001F000207E00003F8000067
:10D7A0000300000002000000000000000200002052
:10D7B00002000020038000E003F0032002FC0C20A4
:10D7C000021F30000007C0000007F00002187C00B4
:10D7D00002601F20038003E0020000E0020000203E
:10D7E0000000002000000000000000000200000017
:10D7F0000300000003C0000003F80000023E002008
:10D80000020FC0200001FFE000007FE00003802045
:10D81000021C0020027000000380000002000000D3
:10D8200002000000000000000000000000000020D6
:10D83000006000E0038003E003000FA002003E2030
:10D840000200F8200203E020020F8020023E0020A8
:10D850000278002003E00060038000E00200030083
:10D8600000000000000000000000000000000000B8
:10D8700000000000000000000000000000000000A8
:10D880001FFFFFFC10000004100000041000000443
:10D890001000000410000004100000041000000438
:10D8A0000000000000000000000000000000000078
:10D8B000000000000700000003C000000078000026
:10D8C000001E00000003C0000000F00000001E0069
:10D8D00000000780000000F00000003C000000068F
:10D8E0000000000000000000000000000000000038
:10D8F00010000004100000041000000410000004D8
:10D900001000000410000004100000041FFFFFFCC2
:10D910000000000000000000000000000000000007
:10D9200000000000000000000000000000000000F7
:10D9300000000000000000000200000004000000E1
:10D94000080000001800000010000000180000008F
:10D9500018000000040000000200000000000000A9
:10D9600000000000000000000000000100000001B5
:10D9700000000001000000010000000100000001A3
:10D980000000000100000001000000010000000193
:10D990000000000100000001000000010000000183
:10D9A0000000000100000001000000000000000075
:10D9B0000000000010000000100000001000000037
:10D9C0001800000008000000040000000000000033
:10D9D0000000000000000000000000000000000047
:10D9E00000000000000000000000000000000380B4
:10D9F00000018FC000038C60000618200004102076
:10DA000000041020000420200004204000062040D4
:10DA10000003FFC00001FFE0000000200000002024
:10DA2000000000C000000000000000000200000034
:10DA30000200000003FFFFE007FFFFC0000180C0FD
:10DA4000000200600002002000040020000400200A
:10DA50000004002000060040000300C00001FF8019
:10DA60000000FE00000000000000000000000000B8
:10DA700000007E000001FF80000381C00002004022
:10DA80000006002000040020000400200004002004
:10DA9000000600200003C0400001C0800000030019
:10DAA0000000000000000000000000000000000076
:10DAB00000007E000001FF80000380C000060060BF
:10DAC00000040020000400200004002002040040A4
:10DAD0000202008003FFFFE007FFFFC000000040DC
:10DAE00000000040000000000000000000000000F6
:10DAF00000007E000001FF80000311C00002104002
:10DB00000004106000041020000410200004102005
:10DB100000061020000310400001F0C0000071005A
:10DB200000000000000000000000000000000000F5
:10DB30000004000000040020000400200004002075
:10DB4000007FFFE001FFFFE001040020030400204C
:10DB50000204002002040020020400000200000071
:10DB600001C0000001C00000000000000000000033
:10DB70000000001C0000E33E0003FFC200020CC3D3
:10DB8000000404C1000404C1000404C1000404C171
:10DB900000060CC10003F8C30005F0620006007E19
:10DBA0000006003C00000000000000000200002011
:10DBB0000200002003FFFFE007FFFFE0000100205C
:10DBC0000002002000060000000400000004000025
:10DBD00000040020000600200003FFE00001FFE039
:10DBE00000000020000000200000000000000000F5
:10DBF00000000000000400200004002000040020B9
:10DC0000000400200387FFE0038FFFE00380002073
:10DC100000000020000000200000002000000000A4
:10DC200000000000000000000000000000000000F4
:10DC300000000000000000060000000700000001D6
:10DC400000000001000400010004000100040003C2
:10DC5000000400060387FFFC038FFFF80380000029
:10DC60000000000000000000000000000200002092
:10DC70000200002003FFFFE007FFFFE00000082094
:10DC800000001020000030000000FC0000058E00A5
:10DC9000000707A0000601E0000400E000040020E7
:10DCA0000000002000000000000000000000000054
:10DCB00000000000020000200200002002000020FE
:10DCC0000200002003FFFFE007FFFFE0000000204C
:10DCD00000000020000000200000002000000000E4
:10DCE0000000000000000000000000000004002010
:10DCF0000007FFE0000FFFE000020020000400002A
:10DD0000000400200007FFE00003FFE00002002005
:10DD100000040000000400200007FFE00003FFE013
:10DD200000000020000000000000000000040020AF
:10DD3000000400200007FFE0000FFFE000010020CA
:10DD400000020020000200000004000000040000A7
:10DD500000040020000600200003FFE00001FFE0B7
:10DD60000000002000000020000000000000000073
:10DD700000007E000000FF80000381C00002004020
:10DD80000006002000040020000400200004002001
:10DD90000006002000020040000381C00001FF8057
:10DDA00000007E00000000000000000000040001F0
:10DDB000000400010007FFFF000FFFFF000100C18A
:10DDC00000020041000400200004002000040020A4
:10DDD0000004002000060040000301C00001FF8095
:10DDE00000007E00000000000000000000000000B5
:10DDF00000007E000001FF80000380C00002006080
:10DE00000004002000040020000400200004002082
:10DE100000020041000300C10003FFFF0007FFFFF5
:10DE200000000001000000010000000000040020CC
:10DE3000000400200004002000040020000FFFE088
:10DE4000000FFFE00000C0200001002000020020C1
:10DE5000000600200004000000040000000700008D
:10DE600000030000000000000000000000000000AF
:10DE7000000003E00001C0E00003E04000063020A5
:10DE8000000430200004182000041820000418208A
:10DE900000040C2000020C60000307C00007838010
:10DEA0000000000000000000000000000000000072
:10DEB000000400000004000000040000000C00004A
:10DEC000001FFF8000FFFFC000040060000400206E
:10DED0000004002000040020000400400000018035
:10DEE000000000000000000000000000000400002E
:10DEF000000400000007FF80000FFFC0000000606A
:10DF00000000002000000020000000200000002091
:10DF100000040040000400800007FFE0000FFFC085
:10DF2000000000400000004000000000000400006D
:10DF300000040000000780000007F0000004FE005D
:10DF400000041FC0000003E00000038000001C006C
:10DF500000046000000780000006000000040000CC
:10DF600000000000000000000004000000060000A7
:10DF70000007C0000007FC0000043F80000003E031
:10DF800000040F800006F0000007F0000007FF808B
:10DF900000040FE00000038000043C000007C00004
:10DFA0000006000000040000000000000000002047
:10DFB0000004002000040060000700E00007832048
:10DFC0000007E6000004F80000003C0000045E20AA
:10DFD000000587A0000601E00004006000040020A6
:10DFE000000000200000000000000000000400000D
:10DFF00000040003000700030007E0010004F8012B
:10E0000000041F02000007FC000000E00000070001
:10E01000000438000007C0000006000000040000F3
:10E0200000040000000000000000000000000000EC
:10E0300000078060000600E0000403E0000407A081
:10E0400000040E2000043C20000470200005E020A5
:10E050000007802000070060000400E0000003804B
:10E0600000000000000000000000000000000000B0
:10E0700000000000000000000000000000000000A0
:10E08000000000000000800000008000000140004F
:10E0900007FE3FF808000004100000021000000214
:10E0A0000000000000000000000000000000000070
:10E0B0000000000000000000000000000000000060
:10E0C0000000000000000000FFFFFFFF0000000054
:10E0D0000000000000000000000000000000000040
:10E0E0000000000000000000000000000000000030
:10E0F00010000002100000020800000407FE3FF8B4
:10E1000000014000000080000000800000000000CE
:10E1100000000000000000000000000000000000FF
:10E1200000000000000000000000000018000000D7
:10E1300030000000400000004000000040000000EF
:10E140002000000030000000080000000400000073
:10E150000200000002000000020000000C000000AD
:10E160001800000000000000800C00008007000084
:10E170006078000020000000200000002000000067
:10E180000090010000F00000000C0F0009320008B0
:10E1900041330008A132000845330008513200081D
:10E1A0000A0000000200000053544D333220535047
:10E1B0004920544553542100DC8D030811350008D3
:10E1C0000000000000000000001000000006101613
:10E1D0000006101600000000000000000102030409
:10E1E00006070809000000000102030401030507F7
:10E1F000090E10121416181C1E222A2B2C2E3A3B24
:10E200003C3D3E3F5B5D7C7F000001000400100050
:10E2100040000001000200000100020004000800AC
:10E22000100020000000A400E8A1A700ECA1A800B5
:10E23000A7A1B000E3A1B100C0A1B700A4A1D7007D
:10E24000C1A1E000A4A8E100A2A8E800A8A8E900F4
:10E25000A6A8EA00BAA8EC00ACA8ED00AAA8F200B3
:10E26000B0A8F300AEA8F700C2A1F900B4A8FA0064
:10E27000B2A8FC00B9A80101A1A81301A5A81B011F
:10E28000A7A82B01A9A84401BDA84801BEA84D011B
:10E29000ADA86B01B1A8CE01A3A8D001ABA8D20153
:10E2A000AFA8D401B3A8D601B5A8D801B6A8DA01A1
:10E2B000B7A8DC01B8A85102BBA86102C0A8C70278
:10E2C000A6A1C902A5A1CA0240A8CB0241A8D902B1
:10E2D00042A89103A1A69203A2A69303A3A6940326
:10E2E000A4A69503A5A69603A6A69703A7A698039A
:10E2F000A8A69903A9A69A03AAA69B03ABA69C036A
:10E30000ACA69D03ADA69E03AEA69F03AFA6A00339
:10E31000B0A6A103B1A6A303B2A6A403B3A6A50306
:10E32000B4A6A603B5A6A703B6A6A803B7A6A903D5
:10E33000B8A6B103C1A6B203C2A6B303C3A6B40371
:10E34000C4A6B503C5A6B603C6A6B703C7A6B80339
:10E35000C8A6B903C9A6BA03CAA6BB03CBA6BC0309
:10E36000CCA6BD03CDA6BE03CEA6BF03CFA6C003D9
:10E37000D0A6C103D1A6C303D2A6C403D3A6C503A6
:10E38000D4A6C603D5A6C703D6A6C803D7A6C90375
:10E39000D8A60104A7A71004A1A71104A2A71204DC
:10E3A000A3A71304A4A71404A5A71504A6A71604DD
:10E3B000A8A71704A9A71804AAA71904ABA71A04A9
:10E3C000ACA71B04ADA71C04AEA71D04AFA71E0479
:10E3D000B0A71F04B1A72004B2A72104B3A7220449
:10E3E000B4A72304B5A72404B6A72504B7A7260419
:10E3F000B8A72704B9A72804BAA72904BBA72A04E9
:10E40000BCA72B04BDA72C04BEA72D04BFA72E04B8
:10E41000C0A72F04C1A73004D1A73104D2A732046A
:10E42000D3A73304D4A73404D5A73504D6A736041C
:10E43000D8A73704D9A73804DAA73904DBA73A04E8
:10E44000DCA73B04DDA73C04DEA73D04DFA73E04B8
:10E45000E0A73F04E1A74004E2A74104E3A7420488
:10E46000E4A74304E5A74404E6A74504E7A7460458
:10E47000E8A74704E9A74804EAA74904EBA74A0428
:10E48000ECA74B04EDA74C04EEA74D04EFA74E04F8
:10E49000F0A74F04F1A75104D7A710205CA91320BF
:10E4A00043A81420AAA1152044A81620ACA1182026
:10E4B000AEA11920AFA11C20B0A11D20B1A1252023
:10E4C00045A82620ADA13020EBA13220E4A13320C5
:10E4D000E5A1352046A83B20F9A1AC20800003210E
:10E4E000E6A1052147A8092148A81621EDA121216F
:10E4F00059A96021F1A26121F2A26221F3A2632154
:10E50000F4A26421F5A26521F6A26621F7A2672193
:10E51000F8A26821F9A26921FAA26A21FBA26B2163
:10E52000FCA27021A1A27121A2A27221A3A2732137
:10E53000A4A27421A5A27521A6A27621A7A2772163
:10E54000A8A27821A9A27921AAA29021FBA19121B8
:10E55000FCA19221FAA19321FDA1962149A897211E
:10E560004AA898214BA899214CA80822CAA10F2299
:10E57000C7A11122C6A115224DA81A22CCA11D2285
:10E58000D8A11E22DEA11F224EA82022CFA1232225
:10E590004FA82522CEA12722C4A12822C5A1292225
:10E5A000C9A12A22C8A12B22D2A12E22D3A1342272
:10E5B000E0A13522DFA13622C3A13722CBA13D2223
:10E5C000D7A14822D6A14C22D5A1522250A8602220
:10E5D000D9A16122D4A16422DCA16522DDA1662239
:10E5E00051A8672252A86E22DAA16F22DBA19522E0
:10E5F00092A89922D1A1A522CDA1BF2253A812236E
:10E60000D0A16024D9A26124DAA26224DBA263240F
:10E61000DCA26424DDA26524DEA26624DFA26724D6
:10E62000E0A26824E1A26924E2A27424C5A27524B0
:10E63000C6A27624C7A27724C8A27824C9A27924C6
:10E64000CAA27A24CBA27B24CCA27C24CDA27D2496
:10E65000CEA27E24CFA27F24D0A28024D1A2812466
:10E66000D2A28224D3A28324D4A28424D5A2852436
:10E67000D6A28624D7A28724D8A28824B1A289242E
:10E68000B2A28A24B3A28B24B4A28C24B5A28D2476
:10E69000B6A28E24B7A28F24B8A29024B9A2912446
:10E6A000BAA29224BBA29324BCA29424BDA2952416
:10E6B000BEA29624BFA29724C0A29824C1A29924E6
:10E6C000C2A29A24C3A29B24C4A20025A4A9012506
:10E6D000A5A90225A6A90325A7A90425A8A905255A
:10E6E000A9A90625AAA90725ABA90825ACA909252A
:10E6F000ADA90A25AEA90B25AFA90C25B0A90D25FA
:10E70000B1A90E25B2A90F25B3A91025B4A91125C9
:10E71000B5A91225B6A91325B7A91425B8A9152599
:10E72000B9A91625BAA91725BBA91825BCA9192569
:10E73000BDA91A25BEA91B25BFA91C25C0A91D2539
:10E74000C1A91E25C2A91F25C3A92025C4A9212509
:10E75000C5A92225C6A92325C7A92425C8A92525D9
:10E76000C9A92625CAA92725CBA92825CCA92925A9
:10E77000CDA92A25CEA92B25CFA92C25D0A92D2579
:10E78000D1A92E25D2A92F25D3A93025D4A9312549
:10E79000D5A93225D6A93325D7A93425D8A9352519
:10E7A000D9A93625DAA93725DBA93825DCA93925E9
:10E7B000DDA93A25DEA93B25DFA93C25E0A93D25B9
:10E7C000E1A93E25E2A93F25E3A94025E4A9412589
:10E7D000E5A94225E6A94325E7A94425E8A9452559
:10E7E000E9A94625EAA94725EBA94825ECA9492529
:10E7F000EDA94A25EEA94B25EFA9502554A851258E
:10E8000055A8522556A8532557A8542558A855252C
:10E8100059A856255AA857255BA858255CA85925FC
:10E820005DA85A255EA85B255FA85C2560A85D25CC
:10E8300061A85E2562A85F2563A8602564A861259C
:10E8400065A8622566A8632567A8642568A865256C
:10E8500069A866256AA867256BA868256CA869253C
:10E860006DA86A256EA86B256FA86C2570A86D250C
:10E8700071A86E2572A86F2573A8702574A87125DC
:10E8800075A8722576A8732577A8812578A8822592
:10E8900079A883257AA884257BA885257CA8862548
:10E8A0007DA887257EA8882580A8892581A88A2516
:10E8B00082A88B2583A88C2584A88D2585A88E25E4
:10E8C00086A88F2587A8932588A8942589A89525AB
:10E8D0008AA8A025F6A1A125F5A1B225F8A1B32506
:10E8E000F7A1BC258BA8BD258CA8C625F4A1C725FA
:10E8F000F3A1CB25F0A1CE25F2A1CF25F1A1E225F0
:10E900008DA8E3258EA8E4258FA8E52590A80526E7
:10E91000EFA10626EEA1092691A84026E2A14226F3
:10E92000E1A10030A1A10130A2A10230A3A10330D6
:10E93000A8A10530A9A1063065A9073096A908301D
:10E94000B4A10930B5A10A30B6A10B30B7A10C3083
:10E95000B8A10D30B9A10E30BAA10F30BBA1103053
:10E96000BEA11130BFA1123093A81330FEA1143004
:10E97000B2A11530B3A11630BCA11730BDA11D3016
:10E9800094A81E3095A8213040A9223041A92330F7
:10E9900042A9243043A9253044A9263045A927306F
:10E9A00046A9283047A9293048A94130A1A44230BE
:10E9B000A2A44330A3A44430A4A44530A5A4463067
:10E9C000A6A44730A7A44830A8A44930A9A44A3037
:10E9D000AAA44B30ABA44C30ACA44D30ADA44E3007
:10E9E000AEA44F30AFA45030B0A45130B1A45230D7
:10E9F000B2A45330B3A45430B4A45530B5A45630A7
:10EA0000B6A45730B7A45830B8A45930B9A45A3076
:10EA1000BAA45B30BBA45C30BCA45D30BDA45E3046
:10EA2000BEA45F30BFA46030C0A46130C1A4623016
:10EA3000C2A46330C3A46430C4A46530C5A46630E6
:10EA4000C6A46730C7A46830C8A46930C9A46A30B6
:10EA5000CAA46B30CBA46C30CCA46D30CDA46E3086
:10EA6000CEA46F30CFA47030D0A47130D1A4723056
:10EA7000D2A47330D3A47430D4A47530D5A4763026
:10EA8000D6A47730D7A47830D8A47930D9A47A30F6
:10EA9000DAA47B30DBA47C30DCA47D30DDA47E30C6
:10EAA000DEA47F30DFA48030E0A48130E1A4823096
:10EAB000E2A48330E3A48430E4A48530E5A4863066
:10EAC000E6A48730E7A48830E8A48930E9A48A3036
:10EAD000EAA48B30EBA48C30ECA48D30EDA48E3006
:10EAE000EEA48F30EFA49030F0A49130F1A49230D6
:10EAF000F2A49330F3A49B3061A99C3062A99D30AD
:10EB000066A99E3067A9A130A1A5A230A2A5A33015
:10EB1000A3A5A430A4A5A530A5A5A630A6A5A73079
:10EB2000A7A5A830A8A5A930A9A5AA30AAA5AB3049
:10EB3000ABA5AC30ACA5AD30ADA5AE30AEA5AF3019
:10EB4000AFA5B030B0A5B130B1A5B230B2A5B330E9
:10EB5000B3A5B430B4A5B530B5A5B630B6A5B730B9
:10EB6000B7A5B830B8A5B930B9A5BA30BAA5BB3089
:10EB7000BBA5BC30BCA5BD30BDA5BE30BEA5BF3059
:10EB8000BFA5C030C0A5C130C1A5C230C2A5C33029
:10EB9000C3A5C430C4A5C530C5A5C630C6A5C730F9
:10EBA000C7A5C830C8A5C930C9A5CA30CAA5CB30C9
:10EBB000CBA5CC30CCA5CD30CDA5CE30CEA5CF3099
:10EBC000CFA5D030D0A5D130D1A5D230D2A5D33069
:10EBD000D3A5D430D4A5D530D5A5D630D6A5D73039
:10EBE000D7A5D830D8A5D930D9A5DA30DAA5DB3009
:10EBF000DBA5DC30DCA5DD30DDA5DE30DEA5DF30D9
:10EC0000DFA5E030E0A5E130E1A5E230E2A5E330A8
:10EC1000E3A5E430E4A5E530E5A5E630E6A5E73078
:10EC2000E7A5E830E8A5E930E9A5EA30EAA5EB3048
:10EC3000EBA5EC30ECA5ED30EDA5EE30EEA5EF3018
:10EC4000EFA5F030F0A5F130F1A5F230F2A5F330E8
:10EC5000F3A5F430F4A5F530F5A5F630F6A5FC30B3
:10EC600060A9FD3063A9FE3064A90531C5A806314D
:10EC7000C6A80731C7A80831C8A80931C9A80A31F0
:10EC8000CAA80B31CBA80C31CCA80D31CDA80E31C0
:10EC9000CEA80F31CFA81031D0A81131D1A8123190
:10ECA000D2A81331D3A81431D4A81531D5A8163160
:10ECB000D6A81731D7A81831D8A81931D9A81A3130
:10ECC000DAA81B31DBA81C31DCA81D31DDA81E3100
:10ECD000DEA81F31DFA82031E0A82131E1A82231D0
:10ECE000E2A82331E3A82431E4A82531E5A82631A0
:10ECF000E6A82731E7A82831E8A82931E9A8203279
:10ED0000E5A22132E6A22232E7A22332E8A224328F
:10ED1000E9A22532EAA22632EBA22732ECA228325F
:10ED2000EDA22932EEA231325AA9A33249A98E337B
:10ED30004AA98F334BA99C334CA99D334DA99E33CF
:10ED40004EA9A1334FA9C43350A9CE3351A9D13311
:10ED500052A9D23353A9D53354A9004EBBD2014E88
:10ED6000A1B6024E4081034EDFC6044E4181054EDE
:10ED70004281064E4381074EF2CD084EC9D5094E59
:10ED8000FDC80A4ECFC90B4EC2CF0C4EA2D80D4EB5
:10ED9000BBB20E4EEBD30F4E4481104EA4D8114E91
:10EDA000F3B3124E4581134EA8D7144ED2C7154E59
:10EDB000A7D8164EC0CA174E4681184EF0C7194E36
:10EDC000FBB11A4EB5D21B4ED4B41C4EABB61D4E81
:10EDD000BFCB1E4EA9D81F4E4781204E4881214EE1
:10EDE0004981224EAAB6234E4A81244EBDC1254EEA
:10EDF000CFD1264E4B81274EA5C9284EADD8294EDE
:10EE00004C812A4EF6B82B4EBED12C4EDCE32D4E53
:10EE1000D0D62E4E4D812F4E4E81304EE1B7314E21
:10EE20004F81324EAEB4334E5081344ED9C1354E3F
:10EE30005181364EBCD8374E5281384EE8CD394ECE
:10EE4000A4B53A4EAACE3B4EF7D63C4E53813D4E2A
:10EE5000F6C03E4ED9BE3F4EAFD8404E5481414ED3
:10EE60005581424E5681434ECBC4444E5781454E48
:10EE7000C3BE464E5881474EB1D8484EB4C3494EE2
:10EE8000E5D24A4E59814B4EAED64C4EDACE4D4E5F
:10EE9000A7D54E4EF5BA4F4EA6B7504ED6C0514EDE
:10EEA0005A81524EB9C6534ED2C5544EC7C7554E5D
:10EEB0005B81564ED4B9574E5C81584ECBB3594EF8
:10EEC000D2D25A4E5D815B4E5E815C4EBFD85D4EA4
:10EED000C5BE5E4EF2C65F4EB2D2604EB0CF614E3E
:10EEE000E7CF624E5F81634E6081644E6181654E03
:10EEF0006281664EE9CA674E6381684E6481694EDD
:10EF0000C0D86A4E65816B4E66816C4E67816D4ECE
:10EF100068816E4E69816F4E6A81704EF2C2714E89
:10EF2000D2C2724E6B81734EE9C8744E6C81754EBD
:10EF30006D81764E6E81774E6F81784E7081794EFD
:10EF400071817A4E72817B4E73817C4E74817D4ECD
:10EF500075817E4EACC77F4E7681804E7781814E23
:10EF60007881824E7981834E7A81844E7B81854E71
:10EF70007C81864ECBC1874E7D81884EE8D3894EF9
:10EF8000F9D58A4E7E818B4EC2CA8C4EFEB68D4E0E
:10EF9000A1D88E4EDAD38F4EF7BF904E8081914E1E
:10EFA000C6D4924EA5BB934EC1D8944EE5CE954E95
:10EFB000AEBE964E8181974E8281984EA8D8994ECA
:10EFC00083819A4EC7D19B4EA9D09C4E84819D4E81
:10EFD00085819E4E86819F4EBDD8A04EEFD9A14E11
:10EFE000F6CDA24EBABFA34E8781A44EBBBDA54E9F
:10EFF000A5BAA64EE0D2A74EFAB2A84EE0BAA94EE4
:10F00000B6C4AA4E8881AB4EEDCFAC4EA9BEAD4E74
:10F01000A4CDAE4EC1C1AF4E8981B04E8A81B14EF2
:10F020008B81B24ED7C7B34EF1D9B44E8C81B54E59
:10F03000F4D9B64E8D81B74E8E81B84E8F81B94EC0
:10F040009081BA4ECBC8BB4EE9D8BC4E9181BD4E23
:10F050009281BE4E9381BF4EDAD2C04EB2CAC14E2B
:10F06000CAC8C24EECD8C34EEAD8C44EC6D8C54EA4
:10F07000F6BDC64ECDC6C74EF0B3C84E9481C94E3C
:10F08000EBD8CA4EF1BDCB4EE9BDCC4E9581CD4EED
:10F09000D4C8CE4ED3B4CF4E9681D04E9781D14EA8
:10F0A000D8C2D24E9881D34ED6B2D44ED0D7D54EF8
:10F0B000CBCAD64EFBCBD74ECCD5D84EB6B8D94E50
:10F0C000C9CFDA4E9981DB4E9A81DC4E9B81DD4EB1
:10F0D000DAD9DE4EF0D8DF4EAAC7E04E9C81E14E71
:10F0E000EED8E24E9D81E34EFAB4E44EEEC1E54E19
:10F0F000D4D2E64E9E81E74E9F81E84EEDD8E94E90
:10F10000A081EA4EC7D2EB4EEFD8EC4EC7C3ED4E0E
:10F11000A181EE4EA281EF4EA381F04EF6D1F14EC9
:10F12000A481F24ED9D6F34EF2D8F44EA581F54E15
:10F13000F5D8F64EFEBCF74EDBBCF84EA681F94E74
:10F14000A781FA4EA881FB4ECEC8FC4EA981FD4E88
:10F15000DDB7FE4EAA81FF4EC2B7004FAB81014F13
:10F16000F3C6024FAC81034FAD81044FAE81054F12
:10F17000AF81064FB081074FB181084FB281094F6F
:10F18000F8D80A4FC1D20B4FB3810C4FB4810D4F49
:10F19000E9CE0E4FBFBC0F4FFCB7104FA5B7114FB4
:10F1A000DDD0124FB581134FB681144FB781154F83
:10F1B000B881164FB981174FDAD6184FC5D3194FFA
:10F1C000EFBB1A4FE1BB1B4FF1D81C4FBA811D4F4B
:10F1D000BB811E4FA1C91F4FB0CE204FABB4214FF2
:10F1E000BC81224FF3D8234FBD81244FCBC9254F7B
:10F1F000F6D8264FD7C2274FF7D8284FBE81294FC0
:10F20000BF812A4FB1CE2B4FF9D82C4FC0812D4F43
:10F21000C1812E4FC2812F4FAEB2304FC0B9314F96
:10F22000C381324FA3D9334FC481344FE9B0354F36
:10F23000C581364FE6C1374FC681384FECC9394FCB
:10F24000C7813A4FC5CB3B4FC8813C4FC6CB3D4FE2
:10F25000A4D93E4FC9813F4FCA81404FCB81414F16
:10F26000CC81424FCD81434FE8B5444FCE81454FCD
:10F27000CF81464FABB5474FD081484FD181494FE1
:10F28000D2814A4FD3814B4FD4814C4FD5814D4FC2
:10F29000BBCE4E4FCDB54F4FA1D7504FF4D7514FA6
:10F2A000D3D3524FD681534FE5CC544FD781554FCE
:10F2B000CEBA564FD881574FA2D9584FDCD9594FA3
:10F2C000E0D35A4FFDD85B4FF0B75C4FF7D75D4F97
:10F2D000FED85E4FFAD85F4FA1D9604FE3C4614FAB
:10F2E000D981624FDA81634FB6D3644FF4D8654F4A
:10F2F000DDD9664FDB81674FFBD8684FDC81694FF2
:10F30000E5C56A4FDD816B4FDE816C4FD0C06D4F1C
:10F31000DF816E4FE0816F4FF0D1704FDBB0714FE6
:10F32000E181724FE281734FD1BC744FA6D9754F02
:10F33000E381764FA5D9774FE481784FE581794F06
:10F34000E6817A4FE7817B4FACD97C4FAED97D4FB8
:10F35000E8817E4FABD97F4FB9CA804FE981814F99
:10F36000EA81824FEB81834FA9D9844FB6D6854F6E
:10F37000EC81864FED81874FEE81884FDEB3894F58
:10F38000A8D98A4FEF818B4FFDC08C4FF0818D4FF4
:10F39000CCCA8E4FF1818F4FAAD9904FF281914FF5
:10F3A000A7D9924FF381934FF481944FB0D9954FE1
:10F3B000F581964FF681974FB1B6984FF781994FE7
:10F3C000F8819A4FF9819B4FA9B99C4FFA819D4FC3
:10F3D000C0D29E4FFB819F4FFC81A04FC0CFA14F59
:10F3E000FD81A24FFE81A34FC2C2A44F4082A54F10
:10F3F000C4BDA64FECD5A74FE0B2A84FC8C7A94FD0
:10F40000EBBFAA4FADD9AB4F4182AC4FAFD9AD4F97
:10F410004282AE4FEACEAF4FEEBAB04F4382B14F09
:10F420004482B24F4582B34F4682B44F4782B54FB4
:10F43000D6C7B64F4882B74F4982B84F4A82B94FB4
:10F440004B82BA4F4C82BB4F4D82BC4F4E82BD4F58
:10F450004F82BE4F5082BF4FE3B1C04F5182C14F68
:10F460005282C24F5382C34FD9B4C44FEDB6C54F79
:10F47000B4D9C64F5482C74F5582C84F5682C94F20
:10F480005782CA4FA1BFCB4F5882CC4F5982CD4F24
:10F490005A82CE4FDED9CF4FCEC7D04FFEC0D14F0C
:10F4A000B8D9D24F5B82D34F5C82D44F5D82D54FA7
:10F4B0005E82D64F5F82D74FD7CBD84FFDB7D94F9B
:10F4C0006082DA4FB5D9DB4F6182DC4FB7D9DD4FAF
:10F4D000A3B1DE4FE1D3DF4FB9D9E04F6282E14FF4
:10F4E000C5D0E24F6382E34FB6D9E44F6482E54F63
:10F4F0006582E64FB1D9E74F6682E84FB2D9E94F4E
:10F50000A9C1EA4FB3D9EB4F6782EC4F6882ED4F48
:10F51000F3BCEE4FDED0EF4FA9B8F04F6982F14F48
:10F52000E3BEF24F6A82F34FBDD9F44F6B82F54FC1
:10F530006C82F64F6D82F74F6E82F84FBAD9F94F51
:10F540006F82FA4FB3B0FB4F7082FC4F7182FD4F58
:10F550007282FE4FC2D9FF4F7382005074820150F5
:10F56000758202507682035077820450788205506B
:10F57000798206507A8207507B8208507C8209503B
:10F580007D820A507E820B5080820C50C4D90D506F
:10F59000B6B10E5081820F50BFD9105082821150E7
:10F5A00083821250B9B5135084821450F3BE1550A3
:10F5B000858216508682175087821850C8CC195001
:10F5C000F2BA1A50D0D21B5088821C50C3D91D5099
:10F5D00089821E508A821F50E8BD20508B822150A4
:10F5E000ABB322508C8223508D8224508E822550C2
:10F5F000C5D92650EBBE27508F822850C6D9295036
:10F60000BBD92A50DFC42B5090822C50BED92D502C
:10F61000C1D92E50C0D92F50918230509282315092
:10F620009382325094823350958234509682355072
:10F630009782365098823750998238509A82395042
:10F640009B823A50AED53B509C823C50B5D63D5043
:10F650009D823E50E3C73F509E8240509F82415062
:10F66000A0824250A1824350C8D94450A282455042
:10F67000A3824650A4824750D9BC4850CAD94950A9
:10F68000A5824A50A6824B50A7824C50BCD94D50FF
:10F69000A8824E50CBD94F50ABC65050A982515082
:10F6A000AA825250AB825350AC825450AD82555016
:10F6B000C9D95650AE825750AF825850B082595077
:10F6C000B1825A50F6D75B50B2825C50A3CD5D50E8
:10F6D000B3825E50B4825F50B5826050B682615092
:10F6E000B7826250B8826350B9826450BA82655062
:10F6F000A1BD6650BB826750BC826850BD82695014
:10F70000BE826A50BF826B50C0826C50CCD96D50A3
:10F71000C1826E50C2826F50C3827050C4827150D9
:10F72000C5827250C6827350C7827450C8827550A9
:10F73000C9827650BCC57750B5CD7850CA82795011
:10F74000CB827A50CC827B50CDD97C50CD827D50FB
:10F75000CE827E50C7D97F50A5B38050FEBF815066
:10F76000CF828250D0828350D1828450D282855001
:10F77000B5B88650D3828750D4828850FCC0895057
:10F78000D5828A50D6828B50D7828C50D8828D50A9
:10F79000F8B08E50D9828F50DA829050DB8291502F
:10F7A000DC829250DD829350DE829450DF8295504D
:10F7B000E0829650E1829750E2829850E38299501D
:10F7C000E4829A50E5829B50E6829C50E7829D50ED
:10F7D000E8829E50E9829F50EA82A050EB82A150BD
:10F7E000EC82A250ED82A350F6B4A450EE82A55054
:10F7F000CED9A650EF82A750CFD9A850A2B4A95015
:10F80000D0D9AA50F082AB50F182AC50DFB4AD50E9
:10F81000F282AE50F382AF50F482B050F582B15014
:10F82000F682B250C1B0B350F782B450F882B550EE
:10F83000F982B650FA82B750FB82B850FC82B950B8
:10F84000FD82BA50D1D9BB50B5C9BC50FE82BD5063
:10F850004083BE504183BF504283C0504383C15058
:10F860004483C2504583C3504683C4504783C55028
:10F870004883C6504983C7504A83C8504B83C950F8
:10F880004C83CA504D83CB504E83CC504F83CD50C8
:10F890005083CE505183CF50F1CFD0505283D150AE
:10F8A0005383D2505483D3505583D4505683D5506C
:10F8B0005783D650D2D9D7505883D8505983D9506E
:10F8C0005A83DA50C5C1DB505B83DC505C83DD506A
:10F8D0005D83DE505E83DF505F83E0506083E150E4
:10F8E0006183E2506283E3506383E4506483E550B4
:10F8F0006583E650D6D9E750AEC9E8506683E95033
:10F900006783EA506883EB506983EC50D5D9ED509A
:10F91000D4D9EE50D7D9EF506A83F0506B83F150B1
:10F920006C83F2506D83F350DBCBF4506E83F55053
:10F93000A9BDF6506F83F7507083F8507183F9506A
:10F940007283FA507383FB50A7C6FC507483FD503A
:10F950007583FE507683FF50778300517883015181
:10F96000798302517A8303517B8304517C8305514F
:10F970007D830651D3D90751D8D908517E830951C7
:10F9800080830A5181830B51D9D90C5182830D5147
:10F9900083830E5184830F518583105186831151C7
:10F9A00087831251E5C813518883145189831551F7
:10F9B0008A8316518B8317518C8318518D8319516B
:10F9C0008E831A518F831B5190831C5191831D513B
:10F9D00092831E5193831F5194832051958321510B
:10F9E000DCC022519683235197832451988325515B
:10F9F000998326519A8327519B8328519C832951AF
:10FA00009D832A519E832B519F832C51A0832D517E
:10FA1000A1832E51A2832F51A3833051A48331514E
:10FA2000A5833251A6833351A7833451A88335511E
:10FA3000A9833651AA833751AB833851AC833951EE
:10FA4000AD833A51AE833B51AF833C51B0833D51BE
:10FA5000B1833E51B2833F51F9B64051A3D84151D1
:10FA6000CAD44251B3834351AAD44451D6D045514C
:10FA7000E4B34651D7D54751B4834851C8CF495113
:10FA8000E2B94A51B5834B51CBBF4C51B6834D516E
:10FA9000E2C34E51B7834F51B8835051B98351518E
:10FAA000D2B65251BA835351BB835451C3CD555131
:10FAB000EED95651F0D95751BC835851BD83595195
:10FAC000BE835A51B3B55B51BF835C51B5B65D512E
:10FAD000C0835E51C1835F51C2836051C383615152
:10FAE000C4836251A4BE6351C5836451C68365510A
:10FAF000EBC86651C7836751C8836851ABC8695169
:10FB0000C9836A51CA836B51CBB06C51ABB96D518B
:10FB1000F9C16E51E2D96F51CB837051BCC07151A4
:10FB2000B2B97251CC837351D8B97451CBD07551DD
:10FB3000F8B17651E4C67751DFBE7851E4B579511A
:10FB4000C8D77A51CD837B51F8D17C51E6BC7D5129
:10FB5000DECA7E51CE837F51CF838051BDBC81519F
:10FB6000E6D98251E7D88351D0838451D18385511E
:10FB7000DAC48651D2838751D3838851D4B889514E
:10FB8000BDC88A51D4838B51D5838C51E1B28D513C
:10FB9000D9D48E51D6838F51D7839051D883915128
:10FBA000D9839251B0C39351DA839451DB83955139
:10FBB000E1C39651A2DA9751DFC89851DC8399517D
:10FBC000B4D09A51DD839B51FCBE9C51A9C59D5177
:10FBD000DE839E51DF839F51E083A051DAB9A151AA
:10FBE000E183A251A3DAA351E283A451A9D4A55180
:10FBF000A4DAA651E383A751E483A851E583A95170
:10FC0000E683AA51E783AB51FBD9AC51ACB6AD51F9
:10FC1000E883AE51E983AF51EBB7B051F9B1B151BF
:10FC2000FCD9B251E5B3B351F6BEB451EA83B55134
:10FC3000F6BFB651B1D2B751E4C0B851EB83B95158
:10FC4000EC83BA51ED83BB51B3B6BC51FED9BD5163
:10FC5000FDD9BE51EE83BF51EF83C051BBBEC15130
:10FC6000F083C251F183C351F283C451E0C6C55140
:10FC7000F383C651BCD7C751A1DAC851F483C95127
:10FC8000B9C1CA51F583CB51F2B5CC51E8C1CD51C0
:10FC9000F683CE51F783CF51F5BCD051F883D151C3
:10FCA000D5B4D251F983D351FA83D451FB83D551C2
:10FCB000FC83D651FD83D751FE83D8514084D9515E
:10FCC0004184DA514284DB51DDC1DC514384DD5192
:10FCD000FDC4DE514484DF514584E051B8BCE1519C
:10FCE000B2B7E2514684E3514784E451EFB7E5519E
:10FCF0004884E6514984E7514A84E8514B84E951EC
:10FD00004C84EA514D84EB51ECD9EC514E84ED51C9
:10FD1000BEC6EE514F84EF51ADBFF051CBBBF15198
:10FD20005084F2515184F351CAB5F4515284F551C3
:10FD3000C9DBF651D7D0F7515384F851B9CDF951F9
:10FD4000BCB0FA51F6B3FB51F7BBFC51CADBFD5115
:10FD5000AFBAFE515484FF51E4D40052B6B50152FB
:10FD6000F3B50252D6D80352D0C804525584055276
:10FD700056840652D6B70752D0C70852D7D8095270
:10FD800057840A52AFBF0B5258840C5259840D52FB
:10FD9000BBDB0E52D8D80F525A8410525B841152DA
:10FDA000CCD01252AEBB13525C8414525D841552F7
:10FDB0005E841652BEEB1752D0C11852F5C11952CB
:10FDC000F2D41A52D5B81B52B4B41C525F841D52DF
:10FDD000F5B31E5260841F5261842052BEC9215265
:10FDE000628422526384235264842452D0C52552F3
:10FDF000658426526684275267842852D9C52952C1
:10FE0000FBC02A5268842B52F0B12C5269842D52C7
:10FE1000D9D82E52CEB92F526A843052BDB5315244
:10FE20006B8432526C843352DAD834526D8435523A
:10FE30006E843652C6D63752A2CB3852AFC839522A
:10FE4000B2C93A52CCB43B52CCBF3C526F843D5203
:10FE5000F4B93E5270843F52DBD84052DCD8415254
:10FE6000E7B64252C1BC4352EACC44527184455277
:10FE7000728446527384475274844852758449523E
:10FE800076844A52F7CF4B5277844C52DDD84D528C
:10FE9000B0C74E5278844F5279845052D0B95152E3
:10FEA000A3BD52527A8453527B845452DECC5552B5
:10FEB0007C845652CAC657527D8458527E84595209
:10FEC00080845A5281845B5282845C52E0D85D52B5
:10FED00083845E52DED85F5284846052858461528E
:10FEE000DFD8625286846352878464528884655264
:10FEF000FEB0665289846752E7BE68528A846952AE
:10FF0000A3CA6A52F4BC6B528B846C528C846D52BF
:10FF10008D846E528E846F52B1B870528F8471523C
:10FF200090847252EEB873529184745292847552D6
:10FF30009384765294847752958478529684795239
:10FF400097847A5298847B5299847C529A847D5209
:10FF5000E2D87E529B847F52CBBD80529C848152DA
:10FF6000E4D88252E3D883529D8484529E84855281
:10FF70009F848652A0848752A1848852FCC58952EE
:10FF8000A2848A52A3848B52A4848C52A5848D525D
:10FF9000A6848E52A7848F52A8849052E5D891529D
:10FFA000A9849252AA849352E6D89452AB84955273
:10FFB000AC849652AD849752AE849852AF849952D5
:10FFC000B0849A52B1849B52A6C19C52B2849D5275
:10FFD000B0C89E52ECB09F52A6B9A052D3BCA15259
:10FFE000F1CEA252BDDBA352D3C1A452B384A55219
:10FFF000B484A652B584A752B684A852AFB6A9520B
:020000040801F1
:10000000FAD6AA52ACC5AB52D9BDAC52BEDBAD528A
:10001000BFDBAE52B784AF52B884B052B984B1528C
:10002000F8C0B252A2BEB352CDC0B452BA84B552D7
:10003000BB84B652BC84B752BD84B852BE84B95298
:10004000BF84BA52C084BB52C184BC52C284BD5268
:10005000C384BE52C0DBBF52C6CAC052C484C152A0
:10006000C584C252C684C352AAB2C452C784C55200
:10007000C884C652C984C752C2D3C852CA84C9529E
:10008000E3C3CA52CB84CB52ABD1CC52CC84CD5239
:10009000CD84CE52CE84CF52CF84D052C2DBD15247
:1000A000D084D252D5C0D352D184D452D284D55226
:1000B000D384D652C3DBD752D484D852B1BFD952DD
:1000C000D584DA52D684DB52D784DC52D884DD5210
:1000D000D984DE52DA84DF52BCC4E052DB84E152C0
:1000E000DC84E252DD84E352DE84E452DAC7E55276
:1000F000DF84E652E084E752E184E852E284E95288
:10010000E384EA52E484EB52E584EC52E684ED5257
:10011000E784EE52E884EF52E984F052C4DBF152F6
:10012000EA84F252EB84F352EC84F452ED84F552FB
:10013000EE84F652EF84F752F084F852F184F952CB
:10014000E8D9FA52D7C9FB52F284FC52F384FD522B
:10015000F484FE52B4B9FF52F0CE0053C8D4015318
:10016000F5840253F6840353F7840453F88405534B
:10017000FCB00653D2B40753F9840853D9D00953BD
:10018000FA840A53FB840B53FC840C53FD840D53F7
:10019000E9D90E53FE840F53CBDE1053EBD9115324
:1001A000408512534185135342851453438515539B
:1001B000B0D81653AFBB1753B1B118534485195378
:1001C000D7B31A53CED81B5345851C5346851D53B0
:1001D000D1D41E5347851F5348852053B3BD2153A7
:1001E000EFBF225349852353BBCF24534A85255360
:1001F0004B852653D0D827534C8528534D852953FA
:100200004E852A53CBB72B534F852C5350852D53F6
:1002100051852E53D1D82F535285305353853153A6
:10022000548532535585335356853453578535534A
:1002300058853653598537535A8538535B8539531A
:10024000A5C63A53F8C73B53BDD23C535C853D53DA
:100250005D853E53D2D83F53E4C440535E8541533D
:10026000AECA42535F854353A7C744536085455385
:10027000A6D8465361854753FDC94853E7CE495335
:10028000DCBB4A53EBB04B5362854C5363854D53F3
:1002900064854E53AABB4F53ADD05053658551531F
:1002A000B0B15253E4D75353BFD754536685555317
:1002B000A5B55653F4C25753CFC458536785595305
:1002C00068855A53A9B25B5369855C53B7B25D53D5
:1002D0006A855E53E5B15F53B2DF6053BCD56153AD
:1002E000A8BF6253ACC26353D5D86453B1C265533F
:1002F0006B856653D4D86753D4CE68536C856953E5
:10030000E0DA6A536D856B53C0CE6C536E856D53C6
:100310006F856E53B4D86F53AEC37053A1D371536E
:10032000A3CE725370857353B4BC7453B4C8755361
:10033000D1C2765371857753EDBE7853B6D07953D9
:1003400072857A53E1DA7B5373857C5374857D53D0
:1003500075857E5376857F53E4C7805377858153B7
:1003600078858253A7B3835379858453F2B6855336
:10037000FCCC8653FAC087537A8588537B85895392
:10038000F7C08A537C858B53B9D18C53E1D18D53FF
:10039000C7D88E537D858F537E859053808591532A
:1003A0008185925382859353838594538485955395
:1003B000DEB296538585975386859853E5C0995349
:1003C00087859A53F1BA9B5388859C5389859D53A1
:1003D000C8D89E538A859F53ADD4A0538B85A15313
:1003E0008C85A253E1CFA353C9D8A4538D85A553BF
:1003F000CAD8A653C3CFA7538E85A853F8B3A95321
:10040000C7BEAA538F85AB539085AC539185AD532E
:100410009285AE53CBD8AF539385B0539485B153E7
:100420009585B2539685B3539785B4539885B55344
:100430009985B653CCDBB7539A85B8539B85B9538E
:100440009C85BA539D85BB53A5C8BC539E85BD539F
:100450009F85BE53A085BF53D8CFC053A185C1533C
:10046000FEC8C253CEB2C353A285C453A385C5539D
:10047000A485C653A585C753A685C853D6D3C953EB
:10048000E6B2CA53B0BCCB53D1D3CC53ABCBCD53D4
:10049000B4B7CE53A785CF53A885D053A985D153E0
:1004A000A2B7D253AA85D353AB85D453E5CAD5534B
:1004B000AC85D653A1C8D753DCCAD853E4B1D953BD
:1004C000F0D0DA53AD85DB53D1C5DC53AE85DD53B7
:1004D000AF85DE53B085DF53C5DBE053FEB5E15396
:1004E000B185E253B285E353DABFE453C5B9E553AE
:1004F000E4BEE653EDC1E753B385E853B6DFE953F5
:10050000B5DFEA53BBD6EB53D0BDEC53D9D5ED5391
:10051000C8B0EE53A3B6EF53C9BFF053A8CCF15304
:10052000B3DFF253B7CAF353D2D3F453B485F553C0
:10053000CFD8F653B6D2F753C5BAF853BECBF9535A
:10054000BECCFA53B585FB53B7DFFC53F0B5FD5372
:10055000B4DFFE53B685FF53B7850054B885015408
:10056000F5D30254B9850354D4B30454F7B80554F1
:10057000BA850654BADF0754BB850854CFBA09546C
:10058000AABC0A54F5B50B54BC850C54ACCD0D5423
:10059000FBC30E54F3BA0F54F4C01054C2CD11541F
:1005A000F2CF1254B8DF1354C5CF1454BD8515547F
:1005B000C0C21654B9DF1754F0C21854BE8519547E
:1005C000BF851A54C0851B54FDBE1C54C1851D54E3
:1005D000DFC11E54CCCD1F54F7D22054CDB72154C7
:1005E000C1DF2254C2852354C4DF2454C38525545B
:1005F000C4852654F1B72754C9B02854D6B6295417
:10060000D4B72A54C5852B54ACBA2C54FDCC2D54E8
:10061000D4BF2E54B1CB2F54F4C63054C6853154B8
:10062000A8D63254C5DF3354C7853454E2CE35548E
:10063000B3B33654C8853754C9853854FCCE3954C1
:10064000B5B43A54CA853B54C7CE3C54F0BA3D5475
:10065000CB853E54E1CE3F54CC854054BDD141546E
:10066000CD854254CE854354C0DF4454CF85455494
:10067000D0854654F4B44754D1854854CAB349543C
:10068000D2854A54E6B84B54BBDF4C54D3854D5405
:10069000D4854E54D5854F54D6855054C5C4515435
:1006A000D7855254BCDF5354BDDF5454BEDF55547C
:1006B000BBC55654BFDF5754C2DF5854B1D4595448
:1006C000C3DF5A54D8855B54BAC75C54D8CE5D5446
:1006D000D9855E54DA855F54DB856054DC856154CE
:1006E000DD856254D8C46354DE856454CADF655422
:1006F000DF856654CFDF6754E0856854DCD66954E3
:10070000E1856A54E2856B54E3856C54E4856D544D
:10071000E5856E54E6856F54E7857054E88571541D
:10072000C9DF7254DADF7354B6CE7454E985755458
:10073000C7BA7654CEDF7754C8DF7854DEC5795413
:10074000EA857A54EB857B54EBC97C54F4BA7D542A
:10075000FCC37E54EC857F54ED858054D7BE815414
:10076000EE858254C6DF8354EF858454CDDF8554F3
:10077000F0858654D8C58754F1858854F28589540C
:10078000F3858A54F4858B54A6D58C54CDBA8D54F8
:10079000F5858E54CCBE8F54BDD39054C0B89154BF
:1007A000F6859254E4D69354F7859454C7DF955454
:1007B000BEB99654A7BF9754F8859854F9859954B3
:1007C000FCC19A54CBDF9B54CCDF9C54FA859D54DA
:1007D000D0DF9E54FB859F54FC85A054FD85A15419
:1007E000FE85A2544086A354DBDFA454E5DFA55464
:1007F0004186A654D7DFA754D6DFA854C9D7A95439
:10080000E3DFAA54E4DFAB54EBE5AC54A7D2AD541C
:10081000D2DFAE544286AF54A9BFB0544386B15420
:10082000DBD4B2544486B354C8BFB454D4DFB554F7
:100830004586B6544686B7544786B854CCCFB9548B
:100840004886BA544986BB54DDDFBC544A86BD5441
:10085000CAD1BE544B86BF54DEDFC054A7B0C154CA
:10086000B7C6C254D3DFC3544C86C454E5BAC5548A
:100870004D86C654DFB6C754DBCDC854FEB9C95443
:10088000D5D4CA544E86CB544F86CC54DFDFCD54DA
:10089000ECCFCE54A5B0CF54E7DFD054D1DFD15444
:1008A000C6D1D254D5DFD354D8DFD454D9DFD554F0
:1008B000DCDFD6545086D754A9BBD8545186D954BE
:1008C000E0DFDA54E1DFDB545286DC54E2DFDD5452
:1008D000E6DFDE54E8DFDF54B4D3E0545386E1545E
:1008E0005486E2545586E3545686E4545786E554BC
:1008F000E7B8E654B6C5E754EADFE854DAC9E95484
:10090000A8C1EA54C4C4EB545886EC545986ED543B
:10091000DEBFEE54F8CFEF545A86F0545B86F154A4
:100920005C86F254DCD5F354EEDFF4545D86F55466
:100930005E86F6545F86F7546086F8546186F954F3
:100940006286FA54B8B2FB546386FC54DFBAFD5495
:10095000ECDFFE546486FF54C1DB0055658601550B
:10096000E4D10255668603556786045568860555A9
:1009700069860655F4CB0755BDB408556A860955F6
:10098000A6B00A556B860B556C860C556D860D55B9
:100990006E860E556F860F55F1DF1055C6CC11557A
:1009A000F2DF12557086135571861455EDDF15551B
:1009B000728616557386175574861855758619559F
:1009C00076861A5577861B55E9DF1C5578861D55A6
:1009D00079861E557A861F557B862055EBDF21557B
:1009E0007C862255EFDF2355F0DF2455BDBB25550E
:1009F0007D8626557E862755F3DF28558086295526
:100A000081862A55F4DF2B5582862C55A3BB2D55A4
:100A100083862E55DBCA2F55A8CE3055A7E0315519
:100A2000AAB3325584863355A6E0345585863555AC
:100A30008686365587863755A1E0385588863955DC
:100A400089863A558A863B558B863C55FEDF3D5557
:100A50008C863E55D9CD3F55FCDF40558D8641559E
:100A6000FADF42558E864355D0BF4455C4D745550D
:100A70008F864655CCC9475590864855918649552D
:100A8000F8DF4A55A1B04B5592864C5593864D558B
:100A900094864E5595864F5596865055FDDF515597
:100AA0009786525598865355998654559A8655552A
:100AB000FBDF5655A2E057559B8658559C865955E5
:100AC0009D865A559E865B559F865C55A8E05D5570
:100AD000A0865E55A1865F55A2866055A3866155A6
:100AE000C8B76255A4866355A5866455A1C66555E9
:100AF000B6C96655B2C06755F5DF6855A686695513
:100B0000A7866A55BEC56B55A8866C55C4D86D5569
:100B1000F9DF6E55F6C46F55A9867055AA867155D2
:100B2000AB867255AC867355AD867455AE867555D9
:100B3000A3E07655A4E07755A5E07855A5D0795582
:100B4000AF867A55B0867B55B4E07C55E4CC7D55B4
:100B5000B1867E55B1E07F55B2868055A6BF8155DE
:100B6000AFE08255B9CE8355ABE08455C6C98555F3
:100B7000B3868655B4868755AEC08855AEE0895594
:100B8000EDBA8A55B0BA8B55A9E08C55B5868D550E
:100B9000B6868E55B7868F55F6DF9055B886915537
:100BA000B3E09255B9869355BA869455B8E09555F9
:100BB000BB869655BC869755BD869855ADB499555C
:100BC000B9E09A55BE869B55BF869C55B2CF9D55C0
:100BD000C8BA9E55C0869F55B0E0A055C186A155A4
:100BE000C286A255C386A355C486A455C586A555FD
:100BF000C686A655C786A755FAD0A855C886A95552
:100C0000C986AA55CA86AB55CB86AC55CC86AD55A0
:100C1000CD86AE55CE86AF55CF86B055D086B15570
:100C2000ACE0B255D186B355FBD4B455D286B55598
:100C3000F7DFB655D386B755E7C5B855D486B9554D
:100C4000ADE0BA55D586BB55F7D3BC55D686BD5554
:100C5000B6E0BE55B7E0BF55D786C055D886C1555A
:100C6000D986C255DA86C355DB86C455C4E0C5555E
:100C7000E1D0C655DC86C755DD86C855DE86C95528
:100C8000BCE0CA55DF86CB55E086CC55C9E0CD55D2
:100C9000CAE0CE55E186CF55E286D055E386D155E0
:100CA000BEE0D255AAE0D355A4C9D455C1E0D5556C
:100CB000E486D655B2E0D755E586D855E686D955AF
:100CC000E786DA55E886DB55E986DC55C8CADD5586
:100CD000C3E0DE55EA86DF55B5E0E055EB86E15529
:100CE000CBCEE255EC86E355C3CBE455CDE0E555DC
:100CF000C6E0E655C2E0E755ED86E855CBE0E9559C
:100D0000EE86EA55BAE0EB55BFE0EC55C0E0ED5594
:100D1000EF86EE55F086EF55C5E0F055F186F155BA
:100D2000F286F255C7E0F355C8E0F455F386F55561
:100D3000CCE0F655F486F755BBE0F855F586F95545
:100D4000F686FA55F786FB55F886FC55F986FD556B
:100D5000D4CBFE55D5E0FF55FA860056D6E00156B5
:100D6000D2E00256FB860356FC860456FD860556E5
:100D7000FE8606564087075641870856D0E009563A
:100D8000CEBC0A5642870B5643870C56D1E00D560F
:100D900044870E56C2B80F56C5D81056458711560F
:100DA0004687125647871356488714564987155663
:100DB0004A8716564B8717564C871856EAD019564D
:100DC0004D871A564E871B56EFC21C564F871D562D
:100DD00050871E56CFE01F56BDE020565187215642
:100DE0005287225653872356D4E02456D3E0255603
:100DF0005487265655872756D7E0285656872956B2
:100E000057872A5658872B5659872C56DCE02D5683
:100E1000D8E02E565A872F565B8730565C8731565E
:100E2000F6D63256B0B333565D873456ECD73556C6
:100E30005E873656BBCB37565F8738566087395644
:100E4000DAE03A5661873B56FBCE3C5662873D5608
:100E500063873E5664873F56D9BA405665874156E8
:100E60006687425667874356688744566987455662
:100E70006A8746566B8747566C8748566D87495632
:100E80006E874A566F874B5670874C56E1E04D5639
:100E9000DDE04E56ADD24F5671875056728751568F
:100EA000738752567487535675875456E2E05556E9
:100EB0007687565677875756DBE05856D9E059560D
:100EC000DFE05A5678875B5679875C56E0E05D56DE
:100ED0007A875E567B875F567C8760567D87615632
:100EE0007E876256DEE0635680876456E4E065568E
:100EF000818766568287675683876856F7C6695624
:100F0000ACD86A56EBD46B56E6E06C56C9CA6D563F
:100F100084876E5685876F56868770568787715689
:100F2000E5E0725688877356898774568A877556A6
:100F30008B877656C1B877568C8778568D877956C9
:100F40008E877A568F877B56E7E07C56E8E07D56A1
:100F500090877E5691877F569287805693878156D9
:100F600094878256958783569687845697878556A9
:100F7000E9E08656E3E08756988788569987895630
:100F80009A878A569B878B569C878C569D878D5651
:100F90009E878E56BFBA8F56E7CC90569F87915644
:100FA000A0879256A1879356EAE09456A287955659
:100FB000A3879656A4879756A5879856A6879956CD
:100FC000A7879A56A8879B56A9879C56AA879D569D
:100FD000AB879E56AC879F56AD87A056AE87A1566D
:100FE000AF87A256B087A356F9CFA456B187A556AE
:100FF000B287A656B387A756B487A856B587A95611
:10100000B687AA56B787AB56B887AC56B987AD56E0
:10101000BA87AE56BB87AF56EBE0B056BC87B15629
:10102000BD87B256BE87B356BF87B456C087B55684
:10103000C187B656C287B756C2C8B856C387B95615
:10104000C487BA56C587BB56C687BC56C0BDBD56F9
:10105000C787BE56C887BF56C987C056CA87C156FC
:10106000CB87C256CC87C356CD87C456CE87C556CC
:10107000CF87C656D087C756D187C856D287C9569C
:10108000D387CA56D2C4CB56D487CC56D587CD5633
:10109000D687CE56D787CF56D887D056D987D15640
:1010A000DA87D256DB87D356DC87D456ECE0D556A8
:1010B000DD87D656DE87D756EDE0D856DF87D9567E
:1010C000E087DA56F4C7DB56C4CBDC56E187DD5641
:1010D000EEE0DE56D8BBDF56B6D8E056F2D2E15687
:1010E000EFE0E256C5CDE356E287E456DAB6E556C0
:1010F000E387E656E487E756E587E856E687E9564C
:10110000E787EA56E887EB56F1E0EC56E987ED56BB
:10111000B0D4EE56EA87EF56EB87F056A7C0F156EB
:10112000D1B4F256EC87F356ED87F456A7CEF556B8
:10113000F0E0F656EE87F756EF87F856F087F95647
:10114000F2E0FA56CCB9FB56F187FC56F287FD5611
:10115000FAB9FE56BCCDFF56F3E00057F3870157AE
:10116000F4870257F5870357D4C60457F4E00557B0
:10117000F6870657B2D40757F7870857A6C8095706
:10118000F6E00A57F5E00B57F8870C57F9870D572B
:10119000FA870E57FB870F57FC871057FD871157AB
:1011A000FE871257408813574188145742881557B5
:1011B0004388165744881757458818574688195743
:1011C00047881A5748881B5749881C57F7E01D570E
:1011D0004A881E574B881F57C1CD20574C8821572E
:1011E0004D8822574E882357A5CA24574F88255724
:1011F000508826575188275752882857DAD42957BC
:10120000D7DB2A57D9DB2B5753882C57D8DB2D57E0
:10121000E7B92E57DCDB2F57DDDB3057D8B5315718
:101220005488325755883357DADB34575688355748
:101230005788365758883757598838575A883957F2
:10124000DBDB3A57A1B33B57DFDB3C575B883D57AD
:101250005C883E57F8BB3F575D884057B7D641572B
:101260005E884257E0DB43575F88445760884557A4
:101270006188465762884757F9BE4857638849577F
:1012800064884A57BBB74B5765884C57D0DB4D57DE
:10129000AECC4E57B2BF4F57B5BB5057F8D751578A
:1012A000D3BF525766885357678854576888555735
:1012B000698856576A885757E9BF58576B885957F6
:1012C0006C885A57E1BC5B57B3CC5C57DEDB5D578B
:1012D000D3B05E57EBCE5F57D8B76057B9D76157D9
:1012E000C2C662576D8863576E886457A4C065573D
:1012F0006F886657B9CC675770886857E7DB6957BE
:10130000E1DB6A57BAC66B57E3DB6C5771886D57E0
:10131000E8DB6E5772886F57F7C57057738871573F
:101320007488725775887357EADB745776887557D7
:1013300077887657E9DB7757C0BF78577888795731
:1013400079887A577A887B57E6DB7C57E5DB7D57CF
:101350007B887E577C887F577D8880577E88815721
:1013600080888257B9B48357ACC08457A2C28557CE
:10137000E2DB8657E4DB8757818888578288895764
:1013800083888A5784888B57CDD08C57EDDB8D5757
:1013900085888E5786888F57878890578888915779
:1013A00089889257DDC09357F2DB94578A88955706
:1013B0008B8896578C8897578D8898578E88995721
:1013C0008F889A5790889B57E2B69C5791889D5773
:1013D00092889E5793889F579488A057F3DBA15714
:1013E000D2DBA257B8B9A357ABD4A457ECDBA557AF
:1013F0009588A657D1BFA757F0DBA8579688A9575D
:10140000D1DBAA579788AB57E6B5AC579888AD574C
:10141000EBDBAE57E5BFAF579988B0579A88B15705
:101420009B88B257EEDBB3579C88B457F1DBB557B6
:101430009D88B6579E88B7579F88B857F9DBB9572C
:10144000A088BA57A188BB57A288BC57A388BD57AC
:10145000A488BE57A588BF57A688C057A788C1577C
:10146000A888C257A1B9C357A3B0C457A988C55704
:10147000AA88C657AB88C757AC88C857AD88C95724
:10148000AE88CA57AF88CB57F1C2CC57B088CD577A
:10149000B188CE57C7B3CF57EFDBD057B288D157FB
:1014A000B388D257F8DBD357B488D457D2C6D557B0
:1014B000F4DBD657B588D757B688D857F5DBD95758
:1014C000F7DBDA57F6DBDB57B788DC57B888DD5730
:1014D000FEDBDE57B988DF57F2D3E057BAB2E157E7
:1014E000BA88E257BB88E357BC88E457FDDBE55771
:1014F000BD88E657BE88E757BF88E857C088E957D8
:10150000C188EA57C288EB57C388EC57C488ED57A7
:10151000A4DCEE57C588EF57FBDBF057C688F157C0
:10152000C788F257C888F357C988F457FADBF557CC
:10153000CA88F657CB88F757CC88F857FCDBF957A1
:10154000E0C5FA57F9BBFB57CD88FC57CE88FD574D
:10155000A3DCFE57CF88FF57D0880058A5DC015880
:10156000D1880258C3CC0358D2880458D388055870
:10157000D4880658D1B60758C0DD0858D588095810
:10158000D6880A58D7880B58A1DC0C58D8880D5833
:10159000A2DC0E58D9880F58DA881058DB88115809
:1015A000B5C71258DC881358DD881458DE881558E2
:1015B000E9B61658DF881758E0881858E188195896
:1015C000A7DC1A58E2881B58E3881C58E4881D5889
:1015D000E5881E58A6DC1F58E6882058A9DC21584B
:1015E000A4B12258E7882358E8882458CCB5255858
:1015F000E9882658EA882758EB882858EC88295823
:10160000ED882A58B0BF2B58EE882C58EF882D58FB
:10161000F0882E58F1882F58F2883058DFD1315891
:10162000F3883258F4883358F5883458F68835589A
:10163000C2B63658F7883758F8883858F988395874
:10164000FA883A58FB883B58FC883C58FD883D583E
:10165000FE883E5840893F58418940584289415848
:10166000438942584489435845894458A8DC455821
:1016700046894658478947584889485849894958AA
:101680004A894A584B894B584C894C58FACB4D588B
:10169000F3EB4E584D894F584E8950584F89515849
:1016A000DCCB52585089535851895458FECB555869
:1016B000528956585389575854895858C1CC59584B
:1016C00055895A5856895B5857895C5858895D58CE
:1016D00059895E58FBC85F585A8960585B896158C0
:1016E0005C8962585D8963585E8964585F89655872
:1016F000AADC6658608967586189685862896958A8
:1017000063896A5864896B58EECC6C58ABDC6D58B1
:1017100065896E5866896F586789705868897158ED
:10172000698972586A8973586B8974586C897558BD
:101730006D8976586E8977586F897858708979588D
:1017400071897A5872897B5873897C5874897D585D
:1017500075897E58D3DB7F5876898058AFDC8158F5
:10176000ACDC825877898358B3BE84587889855811
:10177000FBCA8658798987587A8988587B8989581D
:10178000ADDC8A587C898B587D898C587E898D5830
:1017900080898E5881898F58828990588389915881
:1017A00084899258CAC99358B9C494588589955860
:1017B0008689965887899758888998588989995829
:1017C000BDC79A58AEDC9B588A899C588B899D5816
:1017D0008C899E58F6D49F58E6D0A0588D89A15880
:1017E0008E89A2588F89A3589089A4589189A558A9
:1017F0009289A6589389A7589489A858ABC4A95828
:10180000D5B6AA589589AB589689AC589789AD58E2
:101810009889AE589989AF589A89B0589B89B15820
:101820009C89B2589D89B3589E89B4589F89B558F0
:10183000A089B658A189B758A289B858A389B958C0
:10184000A489BA58A589BB58A689BC58D4DBBD5811
:10185000A789BE58A889BF58A989C058AA89C15864
:10186000DAB1C258AB89C358AC89C458AD89C558E0
:10187000D5DBC658AE89C758AF89C858B089C95892
:10188000B189CA58B289CB58B389CC58B489CD58DC
:10189000B589CE58B689CF58B789D058B889D158AC
:1018A000D6DBD258B989D358BA89D458BB89D55810
:1018B000BEBAD658BC89D758BD89D858BE89D95820
:1018C000BF89DA58C089DB58C189DC58C289DD5824
:1018D000C389DE58C489DF58C589E058C689E158F4
:1018E000C789E258C889E358C989E458C0C8E5588F
:1018F000CA89E658CB89E758CC89E858CD89E95898
:10190000CE89EA58CF89EB58BFCAEC58C9C8ED5800
:10191000D089EE58B3D7EF58D189F058F9C9F158AA
:10192000D289F258D389F358C7BFF458D489F558EF
:10193000D589F658F8BAF758D689F858D789F9589A
:10194000BCD2FA58D889FB58D989FC58DA89FD5895
:10195000DB89FE58DC89FF58DD890059DE89015991
:10196000DF890259BAE20359E0890459A6B405593E
:10197000E1890659E2890759B8B10859E38909593B
:10198000E4890A59E5890B59E6890C59E7890D590B
:10199000B4B80E59E8890F59C4CF1059E9891159C3
:1019A000EA891259EB891359EC891459E7D9155969
:1019B000A6CF1659E2CD1759ED891859EE89195954
:1019C000EDD91A59E0B61B59EF891C59B9D21D59E6
:1019D000F0891E59F1891F59BBB92059F289215943
:1019E000F3892259F4892359F5892459B9E22559F3
:1019F000B7E22659F6892759F3B42859F7892959A6
:101A0000ECCC2A59ABCC2B59F2B72C59F8892D596B
:101A1000B2D82E59EBD12F59BBBA3059F989315967
:101A2000A7CA3259FA893359FB893459B7CD355988
:101A3000FC893659FD893759C4D23859E4BF395920
:101A4000D0BC3A59E1B63B59FE893C59C5DE3D59F7
:101A5000408A3E59418A3F59428A4059438A4159F6
:101A6000C6DE4259BCDB4359448A4459D9D1455951
:101A7000458A4659468A4759E6C64859CEC4495907
:101A8000EEB74A59478A4B59DCB74C59488A4D59E9
:101A9000498A4E59FCBF4F59E0D750594A8A51598B
:101AA000F5C652594B8A53594C8A5459BCB15559B1
:101AB000C8DE5659B1BD5759D7CC5859CADE595905
:101AC0004D8A5A59C9DE5B594E8A5C594F8A5D5915
:101AD000508A5E59518A5F59528A6059ECB56159F2
:101AE000538A6259DDC96359548A6459558A6559C4
:101AF000C2B06659568A6759578A6859588A6959CF
:101B0000598A6A595A8A6B595B8A6C595C8A6D5931
:101B10005D8A6E595E8A6F595F8A7059608A715901
:101B2000618A7259628A7359AEC57459ABC57559C9
:101B3000638A7659CCC47759648A7859E9BC795953
:101B4000FDCB7A59658A7B59668A7C59678A7D59AB
:101B5000C3BA7E59688A7F59698A80596A8A8159CD
:101B6000F9E58259E7C88359FAE58459FDCD8559CD
:101B70006B8A8659B1D78759BEB88859E8C2895946
:101B80006C8A8A59D1C88B596D8A8C596E8A8D5945
:101B9000FBE58E596F8A8F59708A9059718A9159D5
:101BA000728A9259CAB69359CBBC9459738A955983
:101BB000748A9659FDD19759A1E69859758A995911
:101BC000EEC39A59768A9B59778A9C59788A9D598F
:101BD000798A9E59A4E69F597A8AA0597B8AA1598D
:101BE0007C8AA2597D8AA359FEE5A459A5E6A55988
:101BF000D7CDA6597E8AA759808AA859C1B7A959B5
:101C0000FCE5AA59FDE5AB59A3E6AC59818AAD596B
:101C1000828AAE59DDC4AF59A8E6B059838AB1595A
:101C2000848AB259A7E6B359858AB459868AB559C8
:101C3000878AB659888AB759898AB8598A8AB95918
:101C4000C3C3BA598B8ABB59DEC6BC598C8ABD59ED
:101C50008D8ABE59AAE6BF598E8AC0598F8AC1594A
:101C6000908AC259918AC359928AC459938AC55994
:101C7000948AC659B7C4C759958AC859968AC9590A
:101C8000978ACA59A2E6CB59BCCACC59988ACD5971
:101C9000998ACE599A8ACF599B8AD059E3BDD15996
:101CA000C3B9D259A6E6D359D5D0D459AFCED55958
:101CB0009C8AD6599D8AD759A9E6D859B0E6D959F0
:101CC0009E8ADA59A6D2DB599F8ADC59AABDDD5912
:101CD000ADE6DE59A08ADF59A18AE059A28AE1590E
:101CE000A38AE259A48AE359AFE6E459A58AE559E3
:101CF000D1C0E659A68AE759A78AE859CCD2E95952
:101D0000A88AEA59A98AEB59AA8AEC59A7BCED59C5
:101D1000AB8AEE59AC8AEF59AD8AF059AE8AF159C7
:101D2000AF8AF259B08AF359B18AF459B28AF55997
:101D3000B38AF659B48AF759B58AF859B68AF95967
:101D4000B1E6FA59B78AFB59F6D2FC59B88AFD595F
:101D5000B98AFE59BA8AFF59CBD7005ABB8A015AB1
:101D6000FECD025ABC8A035ADECD045AA6C2055AD9
:101D7000ABE6065AACE6075ABFBD085AAEE6095AAA
:101D8000B3E60A5ABD8A0B5ABE8A0C5AB2E60D5AFD
:101D9000BF8A0E5AC08A0F5AC18A105AC28A115A73
:101DA000B6E6125AC38A135AB8E6145AC48A155AA8
:101DB000C58A165AC68A175AC78A185AEFC4195ABA
:101DC000C88A1A5AC98A1B5ACA8A1C5AC8C41D5AB8
:101DD000CB8A1E5ACC8A1F5AEABE205AEFC9215A12
:101DE000CD8A225ACE8A235AB7E6245ACF8A255A58
:101DF000F0B6265AD08A275AD18A285AD28A295A26
:101E0000E4C32A5AD38A2B5AD48A2C5AD58A2D5AFB
:101E1000D68A2E5AD78A2F5AD88A305AD98A315A16
:101E2000E9D3325AB4E6335ADA8A345AB5E6355A27
:101E3000DB8A365AA2C8375ADC8A385ADD8A395AC0
:101E4000DE8A3A5ADF8A3B5AE08A3C5ABDE63D5A5E
:101E5000E18A3E5AE28A3F5AE38A405AB9E6415A39
:101E6000E48A425AE58A435AE68A445AE78A455A3E
:101E7000E88A465AC5C6475AE98A485AEA8A495AF8
:101E8000F1CD4A5ABBE64B5AEB8A4C5AEC8A4D5A72
:101E9000ED8A4E5AEE8A4F5AEF8A505AF08A515ABA
:101EA000F18A525AF28A535AF38A545AF48A555A8A
:101EB000BCE6565AF58A575AF68A585AF78A595A3A
:101EC000F88A5A5AE9BB5B5AF98A5C5AFA8A5D5A0F
:101ED000FB8A5E5AFC8A5F5AFD8A605AFE8A615A02
:101EE000408B625ABEE6635A418B645A428B655AF4
:101EF000438B665A448B675ABAE6685A458B695ACF
:101F0000468B6A5AB7C06B5A478B6C5A488B6D5ACE
:101F1000498B6E5A4A8B6F5A4B8B705A4C8B715A45
:101F20004D8B725A4E8B735A4F8B745AA4D3755A79
:101F3000BFE6765AF4C9775AC3E6785A508B795A75
:101F4000518B7A5AC4E67B5A528B7C5A538B7D5AFA
:101F5000548B7E5A558B7F5AF6D0805A568B815AB5
:101F6000578B825A588B835A598B845A5A8B855A6D
:101F70005B8B865A5C8B875A5D8B885A5E8B895A3D
:101F80005F8B8A5A608B8B5A618B8C5A628B8D5A0D
:101F9000638B8E5A648B8F5A658B905A668B915ADD
:101FA000678B925ABDC3935A688B945A698B955A22
:101FB0006A8B965A6B8B975A6C8B985A6D8B995A81
:101FC0006E8B9A5AC4C39B5AC2E69C5A6F8B9D5A19
:101FD000708B9E5A718B9F5A728BA05A738BA15A29
:101FE000748BA25A758BA35A768BA45A778BA55AF9
:101FF000788BA65A798BA75A7A8BA85A7B8BA95AC9
:102000007C8BAA5AC1E6AB5A7D8BAC5A7E8BAD5AFB
:10201000808BAE5A818BAF5A828BB05A838BB15A68
:10202000848BB25AC7E6B35AB1CFB45A858BB55A2E
:10203000F4EBB65A868BB75A878BB85ACAE6B95AA8
:10204000888BBA5A898BBB5A8A8BBC5A8B8BBD5AE8
:102050008C8BBE5AC5E6BF5A8D8BC05A8E8BC15A27
:10206000DEBCC25AA9C9C35A8F8BC45A908BC55AB9
:10207000918BC65A928BC75A938BC85A948BC95A64
:10208000B5BCCA5A958BCB5A968BCC5AD3CFCD5A66
:10209000978BCE5A988BCF5A998BD05A9A8BD15A0C
:1020A0009B8BD25AC8E6D35A9C8BD45AC9E6D55AD0
:1020B0009D8BD65ACEE6D75A9E8BD85AD0E6D95A9F
:1020C0009F8BDA5AA08BDB5AA18BDC5AD1E6DD5A02
:1020D000A28BDE5AA38BDF5AA48BE05ACBE6E15ADF
:1020E000D5B5E25AA58BE35ACCE6E45AA68BE55A5D
:1020F000A78BE65ACFE6E75AA88BE85AA98BE95A8C
:10210000DBC4EA5AAA8BEB5AC6E6EC5AAB8BED5A03
:10211000AC8BEE5AAD8BEF5AAE8BF05AAF8BF15AB7
:10212000CDE6F25AB08BF35AB18BF45AB28BF55A12
:10213000B38BF65AB48BF75AB58BF85AB68BF95A5B
:10214000B78BFA5AB88BFB5AB98BFC5ABA8BFD5A2B
:10215000BB8BFE5ABC8BFF5ABD8B005BBE8B015BF9
:10216000BF8B025BC08B035BC18B045BC28B055BC7
:10217000C38B065BC48B075BC58B085BC68B095B97
:10218000D2E60A5BC78B0B5BC88B0C5BC98B0D5B04
:10219000CA8B0E5BCB8B0F5BCC8B105BCD8B115B3B
:1021A000CE8B125BCF8B135BD08B145BD18B155B0B
:1021B000D28B165BD4E6175BD3E6185BD38B195B27
:1021C000D48B1A5BD58B1B5BD68B1C5BD78B1D5BB3
:1021D000D88B1E5BD98B1F5BDA8B205BDB8B215B83
:1021E000DC8B225BDD8B235BDE8B245BDF8B255B53
:1021F000E08B265BE18B275BE28B285BE38B295B23
:10220000E48B2A5BE58B2B5BE68B2C5BE78B2D5BF2
:10221000E88B2E5BE98B2F5BEA8B305BEB8B315BC2
:10222000EC8B325BD5E6335BED8B345BF8D9355BF9
:10223000EE8B365BEF8B375BD6E6385BF08B395B2A
:10224000F18B3A5BF28B3B5BF38B3C5BF48B3D5B3E
:10225000F58B3E5BF68B3F5BF78B405BD7E6415BD4
:10226000F88B425BF98B435BFA8B445BFB8B455BE2
:10227000FC8B465BFD8B475BFE8B485B408C495B70
:10228000418C4A5B428C4B5B438C4C5B448C4D5B7A
:10229000458C4E5B468C4F5B478C505BD3D7515B74
:1022A000DDE6525B488C535BDEE6545BD7BF555B83
:1022B000D0D4565B498C575BD6D7585BE6B4595B94
:1022C000EFCB5A5BDAE65B5BC3D85C5BCED75D5B7A
:1022D000A2D05E5B4A8C5F5BCFC3605B4B8C615B63
:1022E0004C8C625BDFE6635BBEBC645BC2B9655B62
:1022F000DBE6665BA7D1675B4D8C685B4E8C695BE8
:10230000A2BA6A5BCFC26B5B4F8C6C5BABD86D5B68
:10231000508C6E5B518C6F5B528C705BEBCA715B47
:10232000EEE5725B538C735BDCE6745B548C755B1F
:10233000F5B7765B558C775B568C785B578C795B01
:10234000588C7A5BE6C87B5B598C7C5B5A8C7D5BD6
:10235000F5C47E5B5B8C7F5B5C8C805BB2E5815BF4
:10236000FEC4825B5D8C835BFCCB845BB3E5855BE9
:10237000ACD5865B5E8C875BEED3885BD8CA895B05
:10238000B2B08A5B5F8C8B5BCECB8C5BEACD8D5B16
:10239000608C8E5B618C8F5BEABA905B628C915B28
:1023A000638C925B648C935BB5E5945B658C955B09
:1023B000B4E5965B668C975BDAD7985BD9B9995B85
:1023C000E6D69A5BA8B69B5BF0CD9C5BCBD29D5BBF
:1023D000A6B19E5BB5CA9F5B678CA05BE8B3A15BAF
:1023E000F3C9A25BCDBFA35BFBD0A45BD2CAA55B44
:1023F000B6E5A65BC2BBA75B688CA85B698CA95BD2
:102400006A8CAA5BDCCFAB5BACB9AC5B6B8CAD5BB5
:102410006C8CAE5B6D8CAF5B6E8CB05BD7D4B15BFC
:102420006F8CB25B708CB35BA6BAB45BE7D1B55B63
:10243000FCCFB65BD2BCB75B718CB85BB7E5B95B60
:10244000DDC8BA5B728CBB5B738CBC5B748CBD5B90
:10245000EDBFBE5BF6B1BF5BDECBC05B758CC15B15
:10246000768CC25BC5BCC35B778CC45BC4BCC55BEC
:10247000FAD2C65BDCC3C75BDCBFC85B788CC95BC8
:10248000798CCA5B7A8CCB5B7B8CCC5BBBB8CD5B2D
:102490007C8CCE5B7D8CCF5B7E8CD05BC2C3D15BF2
:1024A000808CD25BAEBAD35BA2D4D45B818CD55B7B
:1024B000828CD65B838CD75B848CD85B858CD95B14
:1024C000868CDA5B878CDB5B888CDC5B898CDD5BE4
:1024D000DEC7DE5BAFC4DF5BECB2E05B8A8CE15B46
:1024E000D1B9E25B8B8CE35B8C8CE45BBBE5E55B99
:1024F000C8C1E65B8D8CE75B8E8CE85BAFD5E95B92
:102500008F8CEA5B908CEB5B918CEC5B928CED5B3F
:10251000938CEE5BBCE5EF5B948CF05BBEE5F15B0E
:10252000958CF25B968CF35B978CF45B988CF55BE7
:10253000998CF65B9A8CF75B9B8CF85BE7B4F95B44
:10254000D4B6FA5BC2CBFB5BB0D1FC5BBCB5FD5B28
:102550009C8CFE5B9D8CFF5BD9CA005C9E8C015CF1
:10256000E2B7025C9F8C035CA08C045CE4C9055C50
:10257000A18C065CABBD075CA28C085CA38C095CDB
:10258000BECE0A5CF0D70B5CA48C0C5CA58C0D5CF9
:10259000A68C0E5CA78C0F5CA1D0105CA88C115C83
:1025A000D9C9125CA98C135CAA8C145CFBB6155CAF
:1025B000D8E6165CE2BC175CAB8C185CBEB3195C49
:1025C000AC8C1A5CD0C91B5CAD8C1C5CD9E61D5C64
:1025D000A2B31E5CAE8C1F5CAF8C205CB08C215C07
:1025E000B18C225CCCDE235CB28C245CC8D3255C2D
:1025F000CDDE265CB38C275CA2D2285CB48C295C2F
:10260000B58C2A5CB68C2B5CB78C2C5CCEDE2D5C3A
:10261000B88C2E5CB98C2F5CBA8C305CBB8C315C76
:10262000CDBE325CBC8C335CBD8C345CCFDE355CA3
:10263000BE8C365CBF8C375CC08C385CACCA395CF5
:10264000FCD23A5CDFB33B5CEAE53C5CE1C43D5C58
:10265000A1BE3E5CB2CE3F5CF2C4405CD6BE415CE3
:10266000A8C6425CE3B2435CC18C445CC28C455C4E
:10267000D3BE465CC38C475CC48C485CFCC7495CD9
:10268000EBCC4A5CECBD4B5CDDCE4C5CC58C4D5C50
:10269000C68C4E5CBACA4F5CC1C6505CECE5515C5E
:1026A000BCD0525CC78C535CC88C545CC98C555CE4
:1026B000B9D5565CCA8C575CCB8C585CCC8C595CB9
:1026C000EDE55A5CCD8C5B5CCE8C5C5CCF8C5D5C4C
:1026D000D08C5E5CF4CA5F5CD18C605CC0CD615C08
:1026E000C5C2625CD28C635CEFE5645CD38C655CD4
:1026F000C4C2665CF0E5675CD48C685CD58C695CB0
:10270000D68C6A5CD78C6B5CD88C6C5CD98C6D5C1D
:10271000DA8C6E5CF8E56F5CCDCD705CDB8C715C47
:10272000BDC9725CDC8C735CDD8C745CDE8C755CAA
:10273000DF8C765CE08C775CE18C785CE28C795C99
:10274000D9D27A5CA8E17B5CE38C7C5CE48C7D5C18
:10275000E58C7E5CE68C7F5CECD3805CE78C815CF6
:10276000EACB825CF1C6835CE88C845CE98C855C96
:10277000EA8C865CEB8C875CEC8C885CACE1895CD9
:10278000ED8C8A5CEE8C8B5CEF8C8C5CA7E18D5CB5
:10279000A9E18E5CF08C8F5CF18C905CAAE1915C7D
:1027A000AFE1925CF28C935CF38C945CEDB2955C3F
:1027B000F48C965CABE1975CDAB8985CADE1995C1F
:1027C000AEE19A5CB0E19B5CBAB59C5CB1E19D5C0A
:1027D000F58C9E5CF68C9F5CF78CA05CF88CA15C01
:1027E000F98CA25CB3E1A35CB8E1A45CFA8CA55CB3
:1027F000FB8CA65CFC8CA75CFD8CA85CFE8CA95CA9
:10280000D2D1AA5C408DAB5CB6E1AC5CB5E1AD5C0D
:10281000EBC1AE5C418DAF5C428DB05C438DB15C71
:10282000B7E1B25C448DB35CC0D4B45C458DB55C9B
:10283000B2E1B65C468DB75CBAE1B85CB6B0B95CE3
:10284000478DBA5C488DBB5C498DBC5C4A8DBD5CD4
:10285000B4E1BE5C4B8DBF5CF9BFC05C4C8DC15C0C
:10286000B9E1C25C4D8DC35C4E8DC45CBBE1C55CFF
:102870004F8DC65C508DC75C518DC85C528DC95C54
:10288000538DCA5C548DCB5CBEE1CC5C558DCD5C68
:10289000568DCE5C578DCF5C588DD05C598DD15CF8
:1028A0005A8DD25CBCE1D35C5B8DD45C5C8DD55C15
:1028B0005D8DD65C5E8DD75C5F8DD85C608DD95C9C
:1028C000C5D6DA5C618DDB5C628DDC5C638DDD5CC2
:1028D000648DDE5C658DDF5C668DE05C678DE15C40
:1028E000BFCFE25C688DE35C698DE45CBDE1E55CD3
:1028F000BFE1E65CCDC2E75C6A8DE85CEBB6E95C03
:102900006B8DEA5CF8D3EB5C6C8DEC5C6D8DED5CF3
:10291000CDC7EE5C6E8DEF5C6F8DF05CE5B7F15C62
:10292000708DF25C718DF35C728DF45C738DF55C6F
:10293000748DF65C758DF75C768DF85C778DF95C3F
:10294000788DFA5C798DFB5CFEBEFC5C7A8DFD5C5B
:102950007B8DFE5C7C8DFF5C7D8D005D7E8D015DE1
:10296000808D025DC0E1035DC1E1045D818D055D87
:10297000828D065DC7E1075DE7B3085D838D095D64
:10298000848D0A5D858D0B5D868D0C5D878D0D5D5B
:10299000888D0E5DE9C60F5D898D105D8A8D115D94
:1029A0008B8D125D8C8D135D8D8D145DDEB4155D88
:1029B0008E8D165DC2D1175D8F8D185D908D195D5E
:1029C000918D1A5D928D1B5DC8E11C5D938D1D5D1F
:1029D000948D1E5DC6E11F5D958D205D968D215DF8
:1029E000978D225D988D235D998D245DC5E1255DD0
:1029F0009A8D265DC3E1275DC2E1285D9B8D295D2F
:102A0000C0B12A5D9C8D2B5D9D8D2C5D9E8D2D5DB5
:102A1000B8D52E5DC4E12F5D9F8D305DA08D315DF9
:102A2000A18D325DA28D335DA38D345DCBE1355D2B
:102A3000A48D365DA58D375DA68D385DA78D395D7A
:102A4000A88D3A5DA98D3B5DAA8D3C5DAB8D3D5D4A
:102A5000CCE13E5DCAE13F5DAC8D405DAD8D415D39
:102A6000AE8D425DAF8D435DB08D445DB18D455DF2
:102A7000B28D465DB38D475DFAEF485DB48D495D1B
:102A8000B58D4A5DD3E14B5DD2E14C5DB6C74D5D7E
:102A9000B68D4E5DB78D4F5DB88D505DB98D515D72
:102AA000BA8D525DBB8D535DBC8D545DBD8D555D42
:102AB000BE8D565DBF8D575DC08D585DC9E1595DB6
:102AC000C18D5A5DC28D5B5DCEE15C5DC38D5D5D88
:102AD000D0E15E5DC48D5F5DC58D605DC68D615D5D
:102AE000C78D625DC88D635DC98D645DCA8D655D8E
:102AF000CB8D665DCC8D675DCD8D685DCE8D695D5E
:102B0000D4E16A5DCF8D6B5DD1E16C5DCDE16D5D32
:102B1000D08D6E5DD18D6F5DCFE1705DD28D715DB9
:102B2000D38D725DD48D735DD58D745DD5E1755D8A
:102B3000D68D765DD78D775DD88D785DD98D795DB1
:102B4000DA8D7A5DDB8D7B5DDC8D7C5DDD8D7D5D81
:102B5000DE8D7E5DDF8D7F5DE08D805DE18D815D51
:102B6000E28D825DD6E1835DE38D845DE48D855DDC
:102B7000E58D865DE68D875DE78D885DE88D895DF5
:102B8000E98D8A5DEA8D8B5DEB8D8C5DEC8D8D5DC5
:102B9000ED8D8E5DEE8D8F5DEF8D905DF08D915D95
:102BA000F18D925DF28D935DF38D945DF48D955D65
:102BB000F58D965DF68D975DF78D985DF88D995D35
:102BC000D7E19A5DF98D9B5DFA8D9C5DFB8D9D5DD6
:102BD000D8E19E5DFC8D9F5DFD8DA05DFE8DA15DAC
:102BE000408EA25D418EA35D428EA45D438EA55DA5
:102BF000448EA65D458EA75D468EA85D478EA95D75
:102C0000488EAA5D498EAB5D4A8EAC5D4B8EAD5D44
:102C10004C8EAE5D4D8EAF5D4E8EB05D4F8EB15D14
:102C2000508EB25D518EB35D528EB45D538EB55DE4
:102C3000548EB65D558EB75DDAE1B85D568EB95DDE
:102C4000578EBA5D588EBB5D598EBC5D5A8EBD5D88
:102C50005B8EBE5D5C8EBF5D5D8EC05D5E8EC15D58
:102C60005F8EC25D608EC35D618EC45D628EC55D28
:102C7000DBE1C65D638EC75D648EC85D658EC95D30
:102C8000668ECA5D678ECB5D688ECC5D698ECD5DCC
:102C9000A1CECE5D6A8ECF5D6B8ED05D6C8ED15D28
:102CA0006D8ED25D6E8ED35D6F8ED45D708ED55D70
:102CB000718ED65D728ED75D738ED85D748ED95D40
:102CC000758EDA5D768EDB5DDDE7DC5D778EDD5D52
:102CD000A8B4DE5DDDD6DF5D788EE05D798EE15DE6
:102CE000B2D1E25DB2B3E35D7A8EE45D7B8EE55DE9
:102CF000A4B9E65DF3D7E75DC9C7E85DDEBEE95D6F
:102D0000AEB9EA5D7C8EEB5DD7CEEC5D7D8EED5D80
:102D10007E8EEE5DEEB2EF5DCFDBF05D808EF15D1D
:102D2000BABCF25DD1D2F35DC8CBF45DCDB0F55D38
:102D3000818EF65D828EF75DEFCFF85D838EF95D53
:102D4000848EFA5D858EFB5D868EFC5D878EFD5DD3
:102D5000E3D9FE5DEDBDFF5D888E005E898E015E6C
:102D6000D2B1025ED0CA035EBCB2045E8A8E055E3A
:102D7000A7CB065EABB7075E8B8E085EA6CA095E60
:102D80008C8E0A5E8D8E0B5E8E8E0C5EA3CF0D5EDA
:102D90008F8E0E5E908E0F5EF8E0105ECAD5115ECB
:102DA000FBE0125E918E135E928E145EFAE0155E69
:102DB000C1C5165EFBCC175E938E185EB1C1195E5D
:102DC000F9E01A5EE3D61B5EAFB21C5EC4D61D5E90
:102DD000DBB51E5E948E1F5E958E205E968E215E04
:102DE000978E225E988E235E998E245E9A8E255E43
:102DF0009B8E265EF8B4275EA1D6285E9C8E295E47
:102E00009D8E2A5E9E8E2B5E9F8E2C5EA08E2D5EEA
:102E1000AFCF2E5EEFB02F5EA18E305EA28E315E00
:102E2000FCE0325EA38E335EA48E345EA58E355EEA
:102E3000A68E365EA78E375EA1E1385EA3B3395EFB
:102E4000A88E3A5EA98E3B5EFDE03C5EFEE03D5EF4
:102E5000B1C33E5EAA8E3F5EAB8E405EAC8E415EDD
:102E6000AD8E425EDDC3435EAE8E445EA2E1455E42
:102E7000F9B7465EAF8E475EB08E485EB18E495E52
:102E8000B28E4A5EB38E4B5EB48E4C5ECFBB4D5E4F
:102E9000B58E4E5EB68E4F5EB78E505EB88E515E6A
:102EA000B98E525EBA8E535EBB8E545EA3E1555E00
:102EB000BBC4565EBC8E575EBD8E585EBE8E595EDC
:102EC000BF8E5A5EC08E5B5EA4E15C5EC18E5D5EAD
:102ED000C28E5E5EA5E15F5EC38E605EC48E615E83
:102EE000A6E1625EB1B4635EC58E645EC68E655E49
:102EF000C78E665EC88E675EC98E685ECA8E695E62
:102F0000CB8E6A5ECC8E6B5ECD8E6C5ECE8E6D5E31
:102F1000CF8E6E5ED08E6F5ED18E705ED28E715E01
:102F2000D38E725EC9B8735EBDC6745EEAC4755E48
:102F3000D48E765EA2B2775ED58E785ED2D0795E80
:102F4000D68E7A5EDBE77B5EC3BB7C5ED7D37D5ECD
:102F5000C4D37E5ED78E7F5EE3B9805ECFE2815EB2
:102F6000D88E825ED98E835EDA8E845EAFD7855E20
:102F7000DB8E865EECC7875ED3B1885EDC8E895EB1
:102F8000DD8E8A5EB2B48B5ED1E28C5EDE8E8D5EAB
:102F9000DF8E8E5EE08E8F5EF2D0905EAEC2915E6E
:102FA000D0E2925EE18E935EE2BF945EA6D3955E20
:102FB000D7B5965ED2E2975EEAB5985EE28E995EEC
:102FC000EDC39A5EFDB89B5EE38E9C5EAEB89D5EDF
:102FD000E48E9E5ED3C59F5ECFB7A05ED4E2A15EB5
:102FE000E58EA25EE68EA35EE78EA45EE88EA55E09
:102FF000D3E2A65EC8B6A75EF9D7A85EE98EA95E41
:10300000EA8EAA5EEB8EAB5EEC8EAC5EED8EAD5EB4
:10301000A5CDAE5EEE8EAF5EEF8EB05EF08EB15E91
:10302000F18EB25EF28EB35ED8E2B45EF38EB55E20
:10303000D6E2B65EFCCAB75EB5BFB85EB9D3B95EBC
:10304000D5E2BA5EF48EBB5EF58EBC5EF68EBD5EDA
:10305000F78EBE5ED7E2BF5EF88EC05EF98EC15EAF
:10306000FA8EC25EFB8EC35EFC8EC45EFD8EC55EB4
:10307000FE8EC65E408FC75E418FC85E428FC95EBE
:10308000AEC1CA5EC8C0CB5E438FCC5E448FCD5EFE
:10309000458FCE5E468FCF5E478FD05E488FD15E24
:1030A000DBE2D25EDAE2D35EAAC0D45E498FD55E9F
:1030B0004A8FD65ECEC1D75E4B8FD85E4C8FD95E1D
:1030C0004D8FDA5E4E8FDB5EDCE2DC5E4F8FDD5EC5
:1030D000508FDE5E518FDF5E528FE05E538FE15E78
:1030E000548FE25E558FE35E568FE45E578FE55E48
:1030F000588FE65E598FE75E5A8FE85EDDE2E95E43
:103100005B8FEA5EDEE2EB5E5C8FEC5E5D8FED5E18
:103110005E8FEE5E5F8FEF5E608FF05E618FF15EBF
:10312000628FF25E638FF35E648FF45EC8DBF55EE0
:10313000658FF65ED3D1F75EA2CDF85E668FF95E3D
:10314000678FFA5EA8BDFB5E688FFC5E698FFD5ECF
:103150006A8FFE5EC3DEFF5EA5D8005FAABF015F77
:10316000CDDB025FECD2035FFAC6045FAAC5055F40
:103170006B8F065F6C8F075F6D8F085FC4DE095F22
:103180006E8F0A5FD7B10B5FAEDF0C5F6F8F0D5F85
:10319000708F0E5F718F0F5FBDCA105F728F115FEE
:1031A000B1DF125F738F135FADB9145F748F155F5A
:1031B000FDD2165F758F175FA5B8185FEBBA195F60
:1031C000768F1A5F778F1B5FDAB31C5F788F1D5F76
:1031D000798F1E5F7A8F1F5FDCB5205FC5D5215FB9
:1031E0007B8F225F7C8F235F7D8F245F7E8F255FA7
:1031F000D6C3265FD2CF275FA1BB285F808F295F10
:10320000F3E52A5FF2E52B5F818F2C5F828F2D5FC4
:10321000F4E52E5F838F2F5FE4CD305F848F315FC5
:10322000F5C8325F858F335F868F345F878F355F58
:10323000888F365F898F375F8A8F385F8B8F395FD2
:10324000AFB53A5FBFC73B5F8C8F3C5FF6E53D5F34
:103250008D8F3E5F8E8F3F5F8F8F405FB0EC415F01
:10326000908F425F918F435F928F445F938F455F52
:10327000948F465F958F475F968F485F978F495F22
:10328000988F4A5F998F4B5F9A8F4C5F9B8F4D5FF2
:103290009C8F4E5F9D8F4F5F9E8F505FE6E5515F25
:1032A0009F8F525FE9B9535FB1B5545FA08F555FEF
:1032B000BCC2565FE8E5575FE7E5585FE9E5595F4F
:1032C000A18F5A5FA28F5B5FA38F5C5FA48F5D5F4E
:1032D000CDD25E5FA58F5F5FA68F605FA78F615FB6
:1032E000EAE1625FCED0635FA88F645FAECD655FB9
:1032F000A98F665FE5D1675FAA8F685FAB8F695F53
:10330000CAB26A5FEBB16B5FAC8F6C5FF2B16D5F9D
:10331000EDC56E5FAD8F6F5FAE8F705FC3D5715FB0
:10332000B0D3725FAF8F735FDCE1745FB08F755F96
:10333000B18F765FB28F775FDDE1785FB38F795FB2
:10334000DBD27A5FB48F7B5FB9B37C5FCBB17D5F3B
:10335000B58F7E5FB68F7F5FB78F805FF9CD815F5E
:10336000F7D5825FDEE1835FB88F845FB6BE855F8D
:10337000FDB4865FB98F875FDFE1885FDCBA895F64
:10338000E0E18A5FB2BB8B5FC9C28C5FE1E18D5F18
:10339000BA8F8E5FBB8F8F5FBC8F905FECD0915FD9
:1033A000BD8F925FBDCD935FBE8F945FBF8F955FE2
:1033B000E2E1965FC08F975FC3B5985FC7C5995F1D
:1033C000E3E19A5FC18F9B5FC28F9C5FE4E19D5FE9
:1033D000C38F9E5FC48F9F5FC58FA05FC68FA15FA5
:1033E000F9D3A25FC78FA35FC88FA45FC98FA55F02
:1033F000CA8FA65FCB8FA75FCC8FA85FE5E1A95FDF
:10340000CD8FAA5FADD1AB5FCE8FAC5FCF8FAD5FFD
:10341000E6E1AE5FA2CEAF5FD08FB05FD18FB15F7C
:10342000D28FB25FD38FB35FD48FB45FD58FB55FC8
:10343000E7E1B65FD68FB75FC2B5B85FD78FB95F28
:10344000D88FBA5FD98FBB5FDA8FBC5FE8E1BD5F11
:10345000D5BBBE5FDB8FBF5FDC8FC05FDD8FC15F21
:10346000DE8FC25FDF8FC35FC4D0C45FE0E2C55FA1
:10347000D8B1C65FE4D2C75FE08FC85FE18FC95F94
:10348000E1E2CA5FE28FCB5FE38FCC5FC9BCCD5F67
:10349000CCC8CE5FE48FCF5FE3E2D05FFEECD15FBC
:1034A000FDECD25FAFDFD35FE58FD45FE68FD55FF2
:1034B000E78FD65FE2E2D75FBED6D85FFCCDD95F9B
:1034C000A6C3DA5FE88FDB5FE98FDC5FEA8FDD5F41
:1034D000C3E3DE5FEB8FDF5FEC8FE05FD2D6E15FAF
:1034E000E7E2E25FED8FE35FEE8FE45FE8E2E55F46
:1034F000EF8FE65FF08FE75FC7D3E85FF18FE95F9B
:10350000F28FEA5FECE2EB5FECBFEC5FF38FED5F15
:10351000EDE2EE5FE5E2EF5FF48FF05FF58FF15FD4
:10352000C0B3F25FF68FF35FF78FF45FF88FF55F4C
:10353000EEC4F65FF98FF75FFA8FF85FEEE2F95F9E
:10354000FB8FFA5FFC8FFB5FC3D0FC5FFD8FFD5FDD
:10355000F6BAFE5FE9E2FF5FDEB70060B3BB016071
:10356000ACCC0260CBCB0360E4E20460E6E2056031
:10357000EAE20660EBE20760FE8F086040900960B7
:1035800041900A60F7E20B6042900C6043900D603E
:10359000F4E20E60F5D40F60F3E210604490116025
:1035A00045901260ADC5136046901460FAD5156061
:1035B000C2C51660C0B21760479018604890196085
:1035C000EFE21A6049901B60F2E21C60AFC11D601F
:1035D000BCCB1E604A901F604B902060A1B521605B
:1035E000F9E222604C9023604D9024604E9025605B
:1035F000B1BC2660F1E22760D4D02860B9D429603C
:10360000F5E22A60D6B92B60F6E22C604F902D606F
:1036100050902E6051902F60D3C73060529031602F
:1036200053903260549033605590346056903560BA
:10363000F0E23660579037605890386059903960A2
:103640005A903A605B903B60DCD73C60A1ED3D60F6
:103650005C903E605D903F60F8E240605E9041604B
:10366000A5ED4260FEE24360D1CA44605F904560D0
:1036700060904660619047606290486063904960E6
:1036800064904A6065904B60B5C14C6066904D6037
:10369000D0BB4E6067904F6068905060D6BF51605D
:1036A00069905260E3BA53606A9054606B905560C1
:1036B000A1CB56606C9057606D9058606E905960C9
:1036C000A6ED5A60A3ED5B606F905C6070905D60EA
:1036D000A2ED5E6071905F60729060607390616057
:1036E00074906260D6BB6360A7ED6460F4D06560DF
:1036F0007590666076906760A4ED6860DEBA696078
:10370000F7B66A60A1E36B60B2B66C60F1CC6D6035
:10371000A7B96E6077906F60A2CF7060A1C771602B
:103720007890726079907360D2BF74607A9075609F
:103730007B907660F1B677607C907860FAE2796091
:10374000FBE27A60FDE27B60FCE27C60D5C47D60D8
:10375000A2E37E607D907F60C1D380607E908160B7
:103760008090826081908360A7E38460C4C7856095
:10377000829086608390876084908860859089605D
:10378000A4CF8A6086908B6087908C60A9E38D605F
:10379000B7BA8E6088908F60899090608A909160AF
:1037A0008B909260A8E393608C909460DABB9560F4
:1037B0008D909660A3E397608E9098608F9099604B
:1037C00090909A60A4E39B60AAE39C6091909D60B6
:1037D000A6E39E6092909F60F2CEA060C6D3A160E7
:1037E0009390A2609490A360BCBBA4609590A560E8
:1037F0009690A660C3D4A7609790A860FAC4A96009
:103800009890AA609990AB60A8EDAC60FCD0AD60D8
:10381000A5E3AE609A90AF60F5C3B0609B90B160D5
:10382000ADE3B260AFB1B3609C90B460B2E3B56099
:103830009D90B6609E90B7609F90B860C2BCB96022
:10384000A090BA60A190BB60ACE3BC60BFB5BD60A6
:10385000A290BE60A390BF60A490C060A590C1601C
:10386000A690C260A790C360A890C460A990C560EC
:10387000E9C7C660B0E3C760AA90C860AB90C960F2
:10388000AC90CA60AABECB60EFCDCC60AD90CD60ED
:10389000AE90CE60AF90CF60B090D060B190D1606C
:1038A000F3BBD260B290D360B390D460B490D560D3
:1038B000E8CCD660B590D760B690D860AFE3D96059
:1038C000B790DA60B1E3DB60B890DC60A7CFDD6071
:1038D000AEE3DE60B990DF60A9CEE060DDBBE16001
:1038E000BA90E260BB90E360BC90E460BD90E5609C
:1038F000BE90E660EBB5E760E5BEE860D2B2E96095
:10390000CDB3EA60BF90EB60B9B1EC60ABE3ED60C2
:10391000D1B2EE60ACB5EF60DFB9F060E8B6F1604F
:10392000C090F260C190F360EBCFF460B7E3F56054
:10393000C290F660CCBBF760C390F860C490F960A9
:10394000C7C8FA60CAD0FB60C590FC60C690FD6035
:10395000C790FE60C890FF60C9900061B8E3016144
:10396000EEB30261CA900361CB900461CC90056113
:10397000CD900661A9ED0761CE900861FAD3096187
:10398000E4D30A61CF900B61D0900C61D1900D61AE
:10399000AAED0E61B9E30F61E2D21061D29011611C
:1039A000D3901261D4901361D5901461D6901561B3
:1039B000B5E31661D7901761D8901861D990196155
:1039C000DA901A61DED31B61DB901C61DC901D6113
:1039D000DD901E61DE901F61D0B82061B3E32161EC
:1039E000DF902261E0902361B6E32461DFB72561B7
:1039F000E1902661B4E32761A2C02861E2902961C9
:103A0000E3902A61E4902B61BAE32C61E5902D618B
:103A1000E6902E61E7902F61E8903061E990316186
:103A2000EA903261EB903361EC903461ED90356156
:103A3000EE903661EF903761F0903861F190396126
:103A4000F2903A61F3903B61F4903C61F5903D61F6
:103A5000F6903E61F7903F61B8D44061F8904161C3
:103A6000F9904261FA904361FB904461FC9045619A
:103A7000FD904661FE90476140914861C8B449613C
:103A800041914A61BBE34B6142914C61C5BB4D61C1
:103A900043914E61F7C94F61449150614591516125
:103AA000E5C952614691536147915461489155610E
:103AB000BDC45661499157614A9158614B91596112
:103AC0004C915A614D915B614E915C614F915D618A
:103AD000ABED5E6150915F615191606152916161A6
:103AE00053916261FDC26361549164615591656156
:103AF0005691666157916761DBBB6861AEBF6961D2
:103B000058916A6159916B615A916C615B916D61D9
:103B10005C916E615D916F615E917061BFCE71610C
:103B20005F9172616091736161917461629175617D
:103B3000BCE3766163917761B6BF78616491796126
:103B400065917A6166917B6167917C6168917D6125
:103B500069917E616A917F616B9180616C918161F5
:103B60006D9182616E9183616F91846170918561C5
:103B70007191866172918761739188617491896195
:103B800075918A6176918B61EFB18C6177918D61CE
:103B900078918E61F7D48F61799190617A9191617A
:103BA0007B9192617C9193617D919461BEE395617B
:103BB0007E919661809197618191986182919961DE
:103BC00083919A6184919B6185919C6186919D61AD
:103BD000ADED9E6187919F618891A0618991A161FE
:103BE0008A91A2618B91A3618C91A4618D91A56151
:103BF0008E91A6618F91A761BFE3A861A9BAA9615F
:103C0000ACEDAA619091AB619191AC61BDE3AD6106
:103C10009291AE619391AF619491B0619591B161D0
:103C20009691B2619791B3619891B4619991B561A0
:103C30009A91B6619B91B761C0E3B8619C91B961FB
:103C40009D91BA619E91BB619F91BC61A091BD6144
:103C5000A191BE61B6BABF61A291C061A391C161D9
:103C6000A491C261AEB6C361A591C461A691C561BC
:103C7000A791C661A891C761A991C861B8D0C9616F
:103C8000AA91CA61C3B0CB61AEEDCC61AB91CD61FD
:103C9000AC91CE61AD91CF61AE91D061AF91D16168
:103CA000AFEDD261C1C0D361B091D461C1E3D56140
:103CB000B191D661B291D761B391D861B491D96114
:103CC000B591DA61B691DB61B791DC61B891DD61E4
:103CD000B991DE61BA91DF61BB91E061BC91E161B4
:103CE000BD91E261BE91E361BF91E461C091E56184
:103CF000C191E661B3C5E761C291E861C391E96131
:103D0000C491EA61C591EB61C691EC61C791ED6127
:103D1000C891EE61C991EF61CA91F061CB91F161F7
:103D2000CC91F261CD91F361CE91F461CF91F561C7
:103D3000C2E3F661D091F761D191F861D291F96156
:103D4000D391FA61D491FB61D591FC61D691FD616B
:103D5000D791FE61D891FF61B2DC0062D991016216
:103D6000DA910262DB910362DC910462DD9105620B
:103D7000DE910662B0ED0762DF910862EAB809627F
:103D8000E0910A62ECCE0B62A7EA0C62E7D00D620A
:103D9000F9CA0E62D6C80F62B7CF1062C9B31162FA
:103DA000D2CE1262E4BD1362E1911462E291156217
:103DB000DEE31662F2BB1762A8EA1862BDD519628B
:103DC000E3911A62DDC61B62A9EA1C62E4911D62DE
:103DD000E5911E62E6911F62AAEA2062E7912162E4
:103DE000ACEA2262ABEA2362E8912462AEEA256281
:103DF000ADEA2662E9912762EA912862EB91296295
:103E0000EC912A62D8BD2B62ED912C62AFEA2D6253
:103E1000EE912E62BEC22F62EF913062F09131625C
:103E2000F1913262F2913362C1B43462F7B4356217
:103E3000F3913662F4913762A7BB3862F59139622B
:103E4000F6913A62F7913B62F8913C62F9913D62DA
:103E5000E6EC3E62E5EC3F62BFB74062F9CB4162FF
:103E6000E2B14262FA914362E7EC4462FB9145623F
:103E7000FC914662FD914762C8C94862E8EC49621C
:103E8000E9EC4A62FE914B62D6CA4C62D0DE4D62CA
:103E9000C5B24E62FAD44F62409250624192516272
:103EA000CBC65262C7B05362F2B45462D3C85562F3
:103EB000429256624392576244925862D0CD596200
:103EC00045925A6246925B62B8BF5C6247925D62FD
:103ED00048925E6249925F624A9260624B9261626E
:103EE0004C9262624D926362DBBF64624E92656285
:103EF0004F926662A4C76762B4D6686250926962E4
:103F0000A9C06A62D1DE6B62A8C96C62EFD16D6232
:103F1000A4C56E62E7B06F62B6B37062C5C8716265
:103F20005192726252927362E2B0746253927562FD
:103F300054927662F6B777625592786256927962B9
:103F4000FAC57A6257927B6258927C62F3B67D62C0
:103F500059927E62D2D57F62D0B38062BCBC81624E
:103F60005A9282625B9283625C928462ADB3856294
:103F70005D9286625E9287625F92886260928962D9
:103F8000F1BE8A62D1B08B6261928C6262928D6264
:103F900063928E6264928F62659290626692916281
:103FA000D6D29262E3CA9362A5D794626792956271
:103FB000B6CD9662B6B69762B9BF9862DBD5996204
:103FC00068929A62A7B89B62D7C59C6269929D620B
:103FD0006A929E626B929F62D2DEA062D9BFA1629A
:103FE000D5C2A262C0C7A3626C92A462A4BBA56240
:103FF000A8B1A6626D92A7626E92A862EAC5A96294
:104000006F92AA627092AB62FBC5AC62A7CCAD6244
:104010007192AE627292AF627392B0627492B16248
:10402000A7B1B2627592B3627692B4627792B562CA
:10403000D6B5B6627892B7627992B8627A92B9626E
:10404000A8C4BA627B92BB62D3DEBC62BAD1BD6245
:10405000E9B3BE627C92BF62F2C3C0627D92C1626C
:104060007E92C262F7B7C3628092C462F4D6C56220
:10407000A3B5C662F0B2C762B4C4C862E9C4C9627B
:10408000ADC0CA62D4DECB628192CC62E8B0CD62B0
:10409000C4C5CE62E0C1CF628292D062D5B9D1628E
:1040A0008392D262DCBED362D8CDD462CEB0D56268
:1040B0008492D662CFCDD762D6DED862D0BED96226
:1040C000BED7DA62D5DEDB62D0D5DC62DDB0DD6280
:1040D0008592DE628692DF62E2C4E0628792E162EC
:1040E0008892E262A3C2E362F0BCE4628992E56274
:1040F000B5D3E662B9C0E762A1C5E862A6B2E962DB
:10410000F1D4EA628A92EB628B92EC62A8C0ED6213
:10411000C3CAEE62D7DEEF62FCD5F0628C92F16228
:10412000B0B9F2628D92F362ADC8F462A9CBF562C8
:104130008E92F662D9DEF762BDBFF8628F92F962A5
:104140009092FA629192FB629292FC62B4C6FD6216
:10415000A7D7FE62B0CAFF62C3C400639392016333
:10416000D6B30263D2B90363949204639592056354
:104170009692066397920763B8D60863FCEA0963D0
:10418000B4B00A6398920B6399920C639A920D6390
:104190009B920E63E6BF0F639C9210639D92116326
:1041A000F4CC12639E9213639F921463A0921563E2
:1041B000A1921663DACD1763A2921863A3921963D2
:1041C000A4921A63BFD61B63CEC21C63A5921D6363
:1041D000CECE1E63A2CC1F63AED02063D3C42163B6
:1041E000B2B52263D8DE2363F5D52463B7BC25635B
:1041F000D3BB2663A6922763A7922863A4B0296342
:10420000A8922A63B2C52B63ECB42C63A9922D63E8
:10421000AA922E63AB922F63F1D53063AC923163D7
:10422000AD923263FDEA3363AE923463AF9235638D
:10423000B0923663B1923763B2923863B392396306
:10424000DADE3A63A6CD3B63B4923C63B5923D633C
:10425000ECCD3E63B6923F63B7924063B892416340
:10426000B9924263E6CE4363DCDE4463BA924563AF
:10427000B1CD4663A6C04763BB924863BC92496315
:10428000BDD74A63BD924B63DBDE4C63C6B04D6362
:10429000B4BA4E63D3C94F63F3C45063E8BE5163ED
:1042A000BE925263BF925363C0925463C1925563EE
:1042B000B6B25663C2925763C3925863C4925963AD
:1042C000C5925A63C6925B63C7925C63C8925D6392
:1042D000C9925E63CCC05F63F0CB6063CA926163D6
:1042E000F1BC6263BBBB6363B7B56463CB926563C8
:1042F000CC926663CD926763F5C56863CE926963BD
:10430000E6DE6A63CF926B63D0926C63D1926D6389
:10431000E3DE6E63DDBE6F63D2927063D39271632E
:10432000DFDE7263D4927363D5927463D692756341
:10433000D7927663B7B47763DDBD7863D89279633B
:10434000D9927A63E0DE7B63EDC47C63DA927D63AD
:10435000DB927E63DC927F63DD928063C6CF8163F4
:10436000DE928263E0B58363DF928463E0928563CB
:10437000E1928663E2928763DEB68863DACA896374
:10438000F4B58A63E5DE8B63E3928C63C6D58D63F7
:10439000E4928E63E1DE8F63CDCC9063FEC69163C1
:1043A000E5929263C5C59363E6929463E792956341
:1043B000E8929663B4D29763E9929863F2BE9963E8
:1043C000EA929A63EB929B63EC929C63ED929D63FD
:1043D000EE929E63EF929F63F092A063D3C2A163BB
:1043E000F192A263BDCCA363B8B3A463F292A563B8
:1043F000D3BDA663F392A763D8BFA863C6CDA96354
:10440000DAD1AA63EBB4AB63F492AC63E4DEAD63E0
:10441000DDDEAE63E7DEAF63F592B063FEEAB16363
:10442000F692B263F792B363B0C2B463E2DEB563EF
:10443000F892B663F992B763C0D6B863A7B5B9630B
:10444000FA92BA63F4B2BB63FB92BC63E8DEBD636D
:10445000FC92BE63F2DEBF63FD92C063FE92C16355
:104460004093C2634193C3634293C463EDDEC5636B
:104470004393C663F1DEC7634493C8634593C9633E
:10448000E0C8CA634693CB634793CC634893CD633C
:10449000E1D7CE63EFDECF63E8C3D063E1CCD16375
:1044A0004993D263E5B2D3634A93D4634B93D56304
:1044B0004C93D663BED2D7634D93D8634E93D963E2
:1044C0004F93DA635093DB635193DC635293DD6364
:1044D0005393DE63EEDEDF635493E063EBDEE16370
:1044E000D5CEE2635593E363A7B4E4635693E563E3
:1044F0005793E6635893E7635993E8635A93E963E4
:10450000ABBFEA63BEBEEB635B93EC635C93ED63AE
:10451000D2BDEE635D93EF635E93F0635F93F163EF
:104520006093F263E9DEF3636193F463AED4F56301
:104530006293F663DEDEF7636393F863EADEF963A2
:104540006493FA636593FB636693FC636793FD630F
:10455000BFC0FE636893FF63ECDE0064F3B20164E6
:10456000E9B80264A7C20364699304646A930564AA
:10457000C1BD06646B9307646C9308646D93096412
:104580006E930A646F930B64F5DE0C64F8DE0D64C1
:1045900070930E6471930F64ABB21064A4B4116491
:1045A0007293126473931364EAB41464A6C9156415
:1045B00074931664759317647693186477931964EB
:1045C00078931A6479931B64F6DE1C64D1CB1D6466
:1045D0007A931E64E3B81F647B932064F7DE216442
:1045E000FADE22647C9323647D9324647E932564A5
:1045F00080932664F9DE276481932864829329647A
:1046000083932A64C2CC2B6484932C64E1B02D6420
:10461000EEB42E6485932F6486933064879331645F
:1046200088933264899333648A933464BAE5356439
:104630008B9336648C9337648D9338648E9339648E
:104640008F933A64AFD03B6490933C6491933D6404
:10465000EBB23E6492933F64A1EB40649393416458
:10466000F4DE42649493436495934464E3C94564DF
:10467000F3DE4664DAB04764A1D24864F7B1496416
:1046800096934A64AFCC4B6497934C6498934D6473
:1046900099934E649A934F649B9350649C93516496
:1046A0009D935264F0DE53649E935464A4CB55648E
:1046B0009F935664A0935764A1935864AAD55964F4
:1046C000A2935A64A3935B64A4935C64A5935D6412
:1046D000A6935E64FBDE5F64A7936064A893616445
:1046E000A9936264AA936364AB936464AC936564B6
:1046F000AD936664AE936764DDB46864AF93696438
:10470000A6C46A64B0936B64B1936C64B2936D6435
:10471000FDDE6E64B3936F64B4937064B59371649B
:10472000B6937264B7937364B8937464B993756401
:10473000BA937664BB937764BC937864FEC3796460
:10474000A1C47A64A1DF7B64BD937C64BE937D6465
:10475000BF937E64C0937F64C1938064C29381647D
:10476000C3938264CCC18364C4938464FCDE856497
:10477000EFBE8664C5938764B2C68864C6938964B5
:10478000C7938A64C8938B64C9938C64CA938D64FD
:10479000CB938E64CC938F64CD939064CE939164CD
:1047A000C5B39264F6C89364CF939464D093956430
:1047B000BACB9664FEDE9764D1939864D2939964E1
:1047C000A4DF9A64D3939B64D4939C64D5939D6433
:1047D000D6939E64B2D79F64D793A064D893A16404
:1047E000D993A264DA93A364DB93A464B7B3A564FA
:1047F000DC93A664DD93A764DE93A864DF93A964C9
:10480000C3C1AA64E093AB64E193AC64CBC7AD646D
:10481000A5B2AE64E9B4AF64E293B064ABD7B1645F
:10482000E393B264E493B364E593B464E693B5644C
:10483000ECC4B664E793B764A2DFB864A3DFB964DD
:10484000E893BA64A5DFBB64E993BC64B3BABD6402
:10485000EA93BE64EB93BF64EC93C064A6DFC164CB
:10486000ED93C264DEC0C364EE93C464EF93C56489
:10487000C3C9C664F093C764F193C864F293C96472
:10488000F393CA64F493CB64F593CC64F693CD644C
:10489000D9B2CE64E6C7CF64F793D064A7DFD16402
:1048A000F893D264DCC7D364F993D464FA93D564E3
:1048B000FB93D664FC93D764A8DFD864A2EBD964D9
:1048C000FD93DA64FE93DB644094DC644194DD6420
:1048D0004294DE64D3CBDF644394E0644494E164A7
:1048E0004594E264AADFE3644694E464A9DFE564E6
:1048F0004794E664C1B2E7644894E8644994E96483
:104900004A94EA644B94EB644C94EC644D94ED64EB
:104910004E94EE644F94EF645094F0645194F164BB
:104920005294F2645394F3645494F4645594F5648B
:104930005694F6645794F7645894F8645994F9645B
:104940005A94FA645B94FB645C94FC645D94FD642B
:104950005E94FE645F94FF6460940065CAC501655F
:1049600061940265629403656394046564940565CB
:10497000659406656694076567940865689409659B
:10498000ABDF0A6569940B656A940C656B940D65E1
:104990006C940E656D940F656E9410656F9411653F
:1049A00070941265DCD41365719414657294156566
:1049B000739416657494176575941865C1C8196564
:1049C00076941A6577941B6578941C6579941D65B7
:1049D0007A941E657B941F657C9420657D94216587
:1049E0007E94226580942365819424658294256554
:1049F000ACDF2665839427658494286585942965B2
:104A000086942A6587942B65F0BE2C6588942D6565
:104A100089942E65ADDF2F65A7D630658A94316500
:104A20008B9432658C9433658D943465B7EA356523
:104A3000B6EB3665D5CA37658E943865FCD83965CE
:104A4000C4B83A658F943B65A5B93C6590943D65C3
:104A500091943E65C5B73F65FED54065929441652A
:104A60009394426594944365959444659694456502
:104A7000CAB946659794476598944865A7D0496533
:104A8000CDF44A6599944B659A944C65D0B54D65C3
:104A90009B944E659C944F65F4C350659D945165FD
:104AA000C8BE52659E9453659F945465A094556505
:104AB000B7EB5665BDB05765A1945865A29459658A
:104AC000CCBD5A65A3945B65B2C15C65A4945D6579
:104AD000D6B15E65A8B35F65A5946065A69461656F
:104AE000A7946265D2B86365A2C96465A894656538
:104AF000A9946665D8B66765AA946865AB9469653C
:104B0000AC946A65AD946B65B8EB6C65B4BE6D65CD
:104B1000AE946E65AF946F65B0947065FDCA7165B3
:104B2000B1947265C3C77365B2947465FBD575653E
:104B3000B3947665B4947765F3B77865B594796581
:104B4000B6947A65B7947B65B8947C65B9947D65B5
:104B5000BA947E65BB947F65BC948065BD94816585
:104B6000BE948265BF948365C0948465C194856555
:104B7000C2948665C3948765C4CE8865C4948965EC
:104B8000C5948A65C6948B65ABD58C65F3B18D658C
:104B9000C7948E65C8948F65C9949065B3EC916590
:104BA000DFB09265CA949365B5EC9465CB94956536
:104BB000CC949665CD949765B7B69865CE94996573
:104BC000CFC19A65CF949B65FAF59C65B1D09D6580
:104BD000D0949E65D1949F65E5D5A065D294A165DA
:104BE000D3CEA265D394A365D494A465EFBDA56587
:104BF000E2B3A665D594A765ABB8A865D694A965B8
:104C0000B6D5AA65D794AB65BDEDAC65D894AD6556
:104C1000CFB6AE65D994AF65B9CBB065C2D0B1653A
:104C2000DA94B265DB94B365DC94B465DD94B56564
:104C3000DE94B665DF94B765E094B865E194B96534
:104C4000BDB7BA65E294BB65E394BC65B6ECBD65DF
:104C5000A9CABE65E494BF65E594C065E694C165E4
:104C6000D4C5C265E794C365B9ECC465B8ECC56545
:104C7000C3C2C665B7ECC765E894C865E994C96561
:104C8000EA94CA65EB94CB65FDD0CC65BAECCD65F2
:104C9000EC94CE65BBECCF65E5D7D065ED94D165DE
:104CA000EE94D265BCECD365EF94D465F094D565F1
:104CB000F194D665BDECD765ECC6D865F294D9659C
:104CC000F394DA65F494DB65F594DC65F694DD65C0
:104CD000F794DE65F894DF65F994E065DECEE16572
:104CE000FA94E265C8BCE365FB94E465FC94E56571
:104CF000D5C8E665A9B5E765C9BEE865BCD6E9656E
:104D0000E7D4EA65FD94EB65FE94EC65AED1ED6504
:104D1000F1D0EE65B8EAEF65B9EAF065BAEAF16597
:104D2000B5BAF2654095F3654195F4654295F56530
:104D30004395F665B1CAF765F5BFF8654495F96521
:104D40004595FA65FACDFB654695FC654795FD6589
:104D50004895FE654995FF654A950066C0EA01667B
:104D60004B950266BAB00366BEEA04664C950566CA
:104D70004D950666A5C007664E9508664F9509666F
:104D800050950A66BBEA0B6651950C66FDB20D663E
:104D900052950E66F7C30F66E8BB10665395116611
:104DA0005495126655951366D7D21466F4CE1566DF
:104DB000BFEA166656951766579518665895196690
:104DC000BCEA1A6659951B665A951C665B951D666A
:104DD000C3EA1E665C951F66C7D02066B3D3216602
:104DE0005D9522665E9523665F95246660952566CF
:104DF000BAB4266661952766C1C32866F2D72966CC
:104E000062952A6663952B6664952C6665952D667A
:104E1000D1D52E6666952F66C7CA3066679531660E
:104E2000C5EA32666895336669953466C4EA3566C4
:104E3000C7EA3666C6EA37666A9538666B9539669C
:104E40006C953A666D953B666E953C66E7D63D6619
:104E50006F953E66D4CF3F6670954066719541660A
:104E6000CBEA426672954366CEBB4466739545664F
:104E70007495466675954766769548667795496652
:104E800078954A6679954B66FABD4C66CEC94D66F3
:104E90007A954E667B954F66CCEA50667C95516656
:104EA0007D955266B9C95366FECF5466CAEA556607
:104EB000CED45666CDEA5766CFEA58667E955966D7
:104EC00080955A66EDCD5B6681955C6682955D66E0
:104ED00083955E6684955F66C9EA606685956166BE
:104EE000CEEA62668695636687956466EECE6566F1
:104EF00088956666DEBB676689956866BFB3696636
:104F00008A956A668B956B668C956C668D956D66D9
:104F10008E956E66D5C66F66B0BE7066FACE716647
:104F20008F9572669095736691957466E7C77566FE
:104F300092957666A7BE7766D0EA7866939579668D
:104F400094957A66C7D67B6695957C6696957D66C0
:104F500097957E66C0C17F669895806699958166B3
:104F60009A958266DDD483669B958466D1EA8566D0
:104F70009C9586669D958766BECF88669E95896658
:104F80009F958A66A0958B66A1958C66D2EA8D6600
:104F9000A2958E66A3958F66A4959066A595916659
:104FA000EECA9266A6959366A7959466A8959566AF
:104FB000A9959666AFC59766B5B09866AA959966A5
:104FC000AB959A66AC959B66AD959C66AE959D66D5
:104FD000D4EA9E66AF959F66B095A066B195A1662E
:104FE000B295A266B395A366B495A466B595A56679
:104FF000B695A666B795A766D3EAA866DFF4A96654
:10500000B895AA66B995AB66BA95AC66BB95AD6620
:10501000BC95AE66BAC4AF66BD95B066BE95B166C6
:10502000BF95B266C095B366C195B466A9B1B566C1
:10503000C295B666C395B766C495B866C595B96698
:10504000DFE5BA66C695BB66C795BC66C895BD6602
:10505000C995BE66D5EABF66CA95C066CB95C166DE
:10506000CC95C266CD95C366CE95C466CF95C56610
:10507000D095C666D195C766D295C866D395C966E0
:10508000D495CA66D595CB66D695CC66D795CD66B0
:10509000D895CE66D995CF66DA95D066DB95D16680
:1050A000DC95D266DD95D366DE95D466DF95D56650
:1050B000E095D666E195D766E295D866E395D96620
:1050C000EFCADA66E495DB66D6EADC66D7EADD6627
:1050D000D8C6DE66E595DF66E695E066E795E166AB
:1050E000E895E266E995E366EA95E466EB95E566A0
:1050F000EC95E666D8EAE766ED95E866EE95E96632
:10510000D9EAEA66EF95EB66F095EC66F195ED6607
:10511000F295EE66F395EF66F495F066BBD4F16612
:10512000F595F266FAC7F366B7D2F466FCB8F56691
:10513000F695F666F795F766C2EAF866F895F966A9
:10514000DCB2FA66F995FB66FA95FC66FCC2FD6670
:10515000FB95FE66F8D4FF66E6CC0067EED70167E4
:10516000FC950267FD950367FE9504674096056709
:10517000419606674296076743960867C2D4096757
:10518000D0D30A67C3EB0B67F3C50C6744960D6772
:10519000FEB70E6745960F6746961067D4EB11670A
:1051A000479612674896136749961467B7CB1567F9
:1051B000DEEB16674A961767CAC018674B961967E1
:1051C0004C961A674D961B67FBCD1C674E961D6764
:1051D000AFB31E674F961F67DAC6206750962167E8
:1051E00051962267529623675396246754962567F3
:1051F00055962667FCEB276756962867BEC4296735
:1052000057962A67B4CE2B67A9C42C67BEB12D6709
:10521000FDD42E6758962F67F5CA306759963167C7
:10522000ECD632675A9633675B963467D3C63567D8
:10523000E4B636675C9637675D9638675E96396781
:105240005F963A67FABB3B6760963C6761963D673D
:10525000E0D03E6762963F6763964067B1C9416799
:1052600064964267D3D44367A8C844676596456788
:1052700066964667CBB8476767964867BEE8496752
:10528000BCC94A6768964B6769964C67BBE84D672F
:105290006A964E67EEC04F67D3D05067C4B251676D
:1052A000E5B452676B965367BCE854676C965567D4
:1052B0006D965667C8D557676E9658676F9659674B
:1052C00070965A6771965B6772965C67C5B65D6744
:1052D00073965E67BDE85F67F8CA6067DCB86167B0
:1052E000F5CC6267749663677596646776966567B2
:1052F000B4C066677796676778966867EED1696726
:10530000BFE86A67C2E86B6779966C677A966D67E3
:10531000BCBA6E677B966F67ADB17067DCBD7167B5
:105320007C967267BDEA7367C3E874677D9675679C
:10533000C6E876677E967767CBE878678096796768
:1053400081967A6782967B6783967C67CCE87D67D7
:1053500084967E67C9CB7F67E5B080678596816755
:10536000ABBC82678696836787968467B9B9856781
:105370008896866789968767C1E888678A9689676D
:10538000F7CD8A678B968B67CAE88C678C968D679A
:105390008D968E678E968F678F969067F6CE916703
:1053A0009096926791969367929694679396956775
:1053B000EDD5966794969767D6C19867C4E89967C4
:1053C00095969A67B6C39B6796969C67FBB99D674F
:1053D000A6D69E67C8E89F679796A0679896A1672C
:1053E0009996A267E0CAA367E6D4A4679A96A567D0
:1053F000C0E8A6679B96A767C5E8A867C7E8A9673E
:105400009C96AA67B9C7AB67E3B7AC679D96AD67D3
:10541000C9E8AE679E96AF67DDBFB067D2E8B167F7
:105420009F96B267A096B367D7E8B467A196B567B1
:10543000D5E8B667DCBCB767CFBCB867DBE8B9674F
:10544000A296BA67A396BB67A496BC67A596BD67EC
:10545000A696BE67A796BF67A896C067A996C167BC
:10546000DEE8C267AA96C367DAE8C467FAB1C5671F
:10547000AB96C667AC96C767AD96C867AE96C96768
:10548000AF96CA67B096CB67B196CC67B296CD6738
:10549000B396CE67B496CF67D8B0D067B3C4D167A0
:1054A000CCB8D267E2C6D367BEC8D467E1C8D567B7
:1054B000B596D667B696D767B796D867CFE8D96757
:1054C000D4E8DA67D6E8DB67B896DC67F1B9DD6760
:1054D000D8E8DE67F5D7DF67B996E067FBC4E16718
:1054E000BA96E267DCE8E367BB96E467BC96E567DB
:1054F000E9B2E667BD96E767BE96E867BF96E967DB
:10550000D1E8EA67C096EB67C196EC67EDBCED6742
:10551000C296EE67C396EF67C2BFF067CDE8F1674A
:10552000F9D6F267C496F367F8C1F467F1B2F5678C
:10553000C596F667C696F767C796F867C896F9677F
:10554000C996FA67CA96FB67CB96FC67CC96FD674F
:10555000DFE8FE67CD96FF67C1CA0068D9E8016839
:10556000CE960268CF960368D0960468D1960568F7
:10557000A4D50668D2960768EAB10868BBD5096861
:10558000CEE80A68D0E80B68B0B60C68D3E80D68BE
:10559000D3960E68DDE80F68B8C01068D49611681D
:1055A000F7CA1268D5961368A8CB1468D696156802
:1055B000D7961668DCC61768F5C01868D8961968BB
:1055C000D9961A68DA961B68DB961C68DC961D680B
:1055D000E9E81E68DD961F68DE962068DF96216880
:1055E000A3D02268E0962368E1962468E2962568B5
:1055F000E3962668E4962768E5962868E696296883
:10560000F2E82A68EAD62B68E7962C68E8962D68B7
:10561000E9962E68EA962F68EB963068EC9631682A
:10562000ED963268E0E83368E1E83468EE96356874
:10563000EF963668F0963768F9D13868CBBA396892
:10564000F9B83A68F1963B68F2963C68F1B83D6863
:10565000D4D43E68EFE83F68F3964068EEE84168CE
:10566000ECE84268F0B94368D2CC4468E6E84568A3
:10567000A6CE4668F2BF4768F4964868B8B0496855
:10568000F1E84A68F0E84B68F5964C68C0D74D6879
:10569000F6964E68E4E84F68F7965068A9CD5168D1
:1056A000A3C95268F8965368B8BB5468DBBD556807
:1056B000EAE85668F9965768FA965868FB9659686A
:1056C000FC965A68FD965B68FE965C6840975D683C
:1056D00041975E6842975F6843976068E2E8616857
:1056E000E3E86268E5E86368B5B56468E7E86568BB
:1056F000C5C76668EBE86768EDE86868B0BD6968CB
:10570000AED76A6844976B68F8E86C6845976D682F
:1057100046976E6847976F684897706849977168B1
:105720004A9772684B9773684C977468F5E8756888
:105730004D977668B0CD7768F6E878684E977968C7
:105740004F977A6850977B6851977C6852977D682D
:1057500053977E6854977F685597806856978168FD
:10576000BAC1826857978368E8E884685897856863
:10577000B7C38668F0B08768599788685A97896870
:105780005B978A685C978B685D978C685E978D687D
:105790005F978E6860978F68F4E89068619791686A
:1057A0006297926863979368F7E89468649795683E
:1057B0006597966866979768A3B998686797996898
:1057C00068979A6869979B686A979C686B979D68C9
:1057D0006C979E686D979F686E97A0686F97A16899
:1057E0007097A268D2C9A3687197A4687297A568D8
:1057F0007397A668CEC3A768E0CEA868E6C0A9687C
:105800007497AA687597AB687697AC687797AD6818
:10581000F3CBAE687897AF68DDCCB068B5D0B1682F
:105820007997B2687A97B368E1CAB4687B97B5682C
:10583000F3E8B6687C97B7687D97B8687E97B968D3
:105840008097BA688197BB688297BC688397BD6868
:105850008497BE688597BF688697C068ECBCC168AE
:105860008797C268F9E8C3688897C4688997C5684C
:105870008A97C6688B97C7688C97C8688D97C968E0
:10588000DEC3CA688E97CB68E5C6CC688F97CD68B3
:10589000F7B9CE689097CF689197D0689297D16802
:1058A0009397D268F4B0D3689497D4689597D568E5
:1058B000D8D7D6689697D7689797D868ACBCD96878
:1058C0009897DA68EFC5DB689997DC689A97DD6886
:1058D0009B97DE689C97DF689D97E068C4CCE16881
:1058E0009E97E2689F97E368A6E9E468A097E56859
:1058F000A197E668A297E768A397E868A497E96884
:10590000A597EA68A697EB68A797EC68A897ED6853
:10591000A997EE68ADC9EF68AA97F068A2E9F168A7
:10592000E2C0F268AB97F368AC97F468AD97F5689E
:10593000C3BFF668AE97F768AF97F868B097F96895
:10594000FEE8FA68D7B9FB68B197FC68FBE8FD6828
:10595000B297FE68B397FF68B4970069B59701697D
:10596000A4E90269B6970369B7970469B89705690E
:10597000CED20669B9970769BA970869BB970969D2
:10598000BC970A69BD970B69A3E90C69BE970D69BD
:10599000B2D60E69B5D70F69BF971069A7E911692B
:1059A000C0971269B7BD1369C1971469C297156989
:1059B000C3971669C4971769C5971869C697196977
:1059C000C7971A69C8971B69C9971C69CA971D6947
:1059D000CB971E69CC971F69FCE82069FDE8216917
:1059E000CD972269CE972369CF972469A1E92569CC
:1059F000D0972669D1972769D2972869D3972969C3
:105A0000D4972A69D5972B69D6972C69D7972D6992
:105A1000D6CD2E69D8972F69D9973069ACD2316924
:105A2000DA973269DB973369DC973469B2E9356913
:105A3000DD973669DE973769DF973869E09739690E
:105A4000A9E93A69E1973B69E2973C69E3973D69C7
:105A5000AAB43E69E4973F69BBB44069E5974169E0
:105A6000E6974269ABE94369E7974469E897456976
:105A7000E9974669EA974769EB974869EC9749695E
:105A8000ED974A69EE974B69EF974C69F0974D692E
:105A9000F1974E69F2974F69F3975069F4975169FE
:105AA000F5975269F6975369F7975469A8D05569E5
:105AB000F8975669F9975769A5E95869FA975969A6
:105AC000FB975A69FEB35B69FC975C69FD975D695A
:105AD000ACE95E69E3C05F69FE976069AAE9616944
:105AE0004098626941986369B9E964694298656957
:105AF00043986669B8E9676944986869459869692F
:105B000046986A6947986B69AEE96C6948986D690F
:105B100049986E69FAE86F694A9870694B9871699B
:105B2000A8E972694C9873694D9874694E987569C3
:105B30004F98766950987769ACBF7869B1E979690F
:105B4000BAE97A6951987B6952987C69A5C27D69E6
:105B500053987E6954987F6955988069AFE9816947
:105B600056988269C5B8836957988469ADE9856993
:105B700058988669DCD38769B4E98869B5E9896989
:105B8000B7E98A6959988B695A988C695B988D69CD
:105B9000C7E98E695C988F695D9890695E98916994
:105BA0005F9892696098936961989469C6C0956995
:105BB000C5E996696298976963989869B0E99969A7
:105BC00064989A6965989B69BBE99C69F1B09D6985
:105BD00066989E6967989F696898A0696998A169A5
:105BE0006A98A2696B98A3696C98A4696D98A56975
:105BF0006E98A6696F98A769BCE9A869A5D5A96937
:105C00007098AA697198AB69BEE9AC697298AD6980
:105C1000BFE9AE697398AF697498B0697598B16956
:105C2000C1E9B2697698B3697798B469F1C1B56989
:105C30007898B6697998B769B6C8B8697A98B96931
:105C40007B98BA697C98BB69BDE9BC697D98BD69E0
:105C50007E98BE698098BF698198C0698298C16941
:105C6000C2E9C2698398C3698498C4698598C56983
:105C70008698C6698798C7698898C8698998C969E4
:105C80008A98CA69C3E9CB698B98CC69B3E9CD69B5
:105C90008C98CE69B6E9CF698D98D069B1BBD169CE
:105CA0008E98D2698F98D3699098D469C0E9D569E4
:105CB0009198D6699298D7699398D8699498D96938
:105CC0009598DA699698DB69F7BCDC699798DD6985
:105CD0009898DE699998DF69C4E9E069C6E9E169E5
:105CE0009A98E2699B98E3699C98E4699D98E569B4
:105CF0009E98E6699F98E769A098E869A198E96984
:105D0000A298EA69A398EB69A498EC69A598ED6953
:105D1000CAE9EE69A698EF69A798F069A898F169B1
:105D2000A998F269CEE9F369AA98F469AB98F56984
:105D3000AC98F669AD98F769AE98F869AF98F969CB
:105D4000B098FA69B198FB69B298FC69B398FD699B
:105D5000DBB2FE69B498FF69C8E9006AB598016AC8
:105D6000B698026AB798036AB898046AB998056A3F
:105D7000BA98066ABB98076ABC98086ABD98096A0F
:105D8000BE980A6AAEB70B6ABF980C6AC0980D6AD3
:105D9000C1980E6AC2980F6AC398106AC498116AB3
:105DA000C598126AC698136AC798146AC898156A83
:105DB000C998166ACA98176ACBE9186ACCE9196AB1
:105DC000CB981A6ACC981B6ACD981C6ACE981D6A2B
:105DD000CF981E6AD0981F6AC1D5206AD198216ACF
:105DE000A3C4226AD298236AD398246AD498256AD5
:105DF000D598266AD698276AD798286AD8E9296A52
:105E0000D8982A6AE1BA2B6AD9982C6ADA982D6A4E
:105E1000DB982E6ADC982F6AC9E9306ADD98316A0E
:105E2000A3D3326ADE98336ADF98346AE098356A21
:105E3000D4E9366AE198376AE298386AE398396AB1
:105E4000E4983A6AE5983B6AE6983C6AE7983D6AC6
:105E5000D7E93E6AD0E93F6AE898406AE998416A22
:105E6000EA98426AEB98436AEC98446ACFE9456A3B
:105E7000ED98466AEE98476AC1C7486AEF98496A42
:105E8000F0984A6AF1984B6AF2984C6AF3984D6A16
:105E9000F4984E6AF5984F6AF698506AD2E9516ABA
:105EA000F798526AF898536AF998546AFA98556ABA
:105EB000FB98566AFC98576AFD98586AD9E9596A5E
:105EC000C8B35A6AFE985B6AD3E95C6A40995D6A16
:105ED00041995E6A42995F6A4399606A4499616A2E
:105EE000F0CF626A4599636A4699646A4799656A20
:105EF000CDE9666A4899676A4999686A4A99696A00
:105F00004B996A6A4C996B6A4D996C6A4E996D6AA5
:105F10004F996E6A50996F6A5199706A5299716A75
:105F2000F7B3726A5399736A5499746A5599756A8A
:105F30005699766A5799776A5899786A5999796A19
:105F4000D6E97A6A5A997B6A5B997C6ADAE97D6A52
:105F50005C997E6A5D997F6A5E99806AB4CC816A39
:105F60005F99826A6099836A6199846AADCF856A14
:105F70006299866A6399876A6499886A6599896A69
:105F800066998A6A67998B6A68998C6A69998D6A39
:105F90006A998E6AD5E98F6A6B99906ADCE9916A91
:105FA000DBE9926A6C99936A6D99946A6E99956A25
:105FB0006F99966A7099976ADEE9986A7199996AF9
:105FC00072999A6A73999B6A74999C6A75999D6A89
:105FD00076999E6A77999F6A7899A06AD1E9A16AB1
:105FE0007999A26A7A99A36A7B99A46A7C99A56A2D
:105FF0007D99A66A7E99A76A8099A86A8199A96AFB
:10600000DDE9AA6A8299AB6ADFE9AC6ACAC3AD6A04
:106010008399AE6A8499AF6A8599B06A8699B16AA4
:106020008799B26A8899B36A8999B46A8A99B56A74
:106030008B99B66A8C99B76A8D99B86A8E99B96A44
:106040008F99BA6A9099BB6A9199BC6A9299BD6A14
:106050009399BE6A9499BF6A9599C06A9699C16AE4
:106060009799C26A9899C36A9999C46A9A99C56AB4
:106070009B99C66A9C99C76A9D99C86A9E99C96A84
:106080009F99CA6AA099CB6AA199CC6AA299CD6A54
:10609000A399CE6AA499CF6AA599D06AA699D16A24
:1060A000A799D26AA899D36AA999D46AAA99D56AF4
:1060B000AB99D66AAC99D76AAD99D86AAE99D96AC4
:1060C000AF99DA6AB099DB6AB199DC6AB299DD6A94
:1060D000B399DE6AB499DF6AB599E06AB699E16A64
:1060E000B799E26AB899E36AB999E46ABA99E56A34
:1060F000BB99E66ABC99E76ABD99E86ABE99E96A04
:10610000BF99EA6AC099EB6AC199EC6AC299ED6AD3
:10611000C399EE6AC499EF6AC599F06AC699F16AA3
:10612000C799F26AC899F36AC999F46ACA99F56A73
:10613000CB99F66ACC99F76ACD99F86ACE99F96A43
:10614000CF99FA6AD099FB6AD199FC6AD299FD6A13
:10615000D399FE6AD499FF6AD599006BD699016BE1
:10616000D799026BD899036BD999046BDA99056BAF
:10617000DB99066BDC99076BDD99086BDE99096B7F
:10618000DF990A6BE0990B6BE1990C6BE2990D6B4F
:10619000E3990E6BE4990F6BE599106BE699116B1F
:1061A000E799126BE899136BE999146BEA99156BEF
:1061B000EB99166BEC99176BED99186BEE99196BBF
:1061C000EF991A6BF0991B6BF1991C6BF2991D6B8F
:1061D000F3991E6BF4991F6BF599206BB7C7216B70
:1061E000CEB4226BB6BB236BC0D0246BA3EC256B63
:1061F000F699266BF799276BB7C5286BF899296B29
:10620000F9992A6BFA992B6BFB992C6BFC992D6BE6
:10621000FD992E6BFE992F6B409A306B419A316B32
:10622000429A326BFBD3336B439A346B449A356B8F
:10623000459A366B469A376BA4EC386B479A396BA4
:10624000A5EC3A6BDBC63B6B489A3C6B499A3D6BBD
:106250004A9A3E6BEEBF3F6B4B9A406B4C9A416B38
:106260004D9A426B4E9A436BA6EC446B4F9A456B2A
:10627000509A466BA7EC476BAAD0486B519A496B72
:10628000B8C74A6B529A4B6B539A4C6BE8B84D6B3C
:10629000549A4E6B559A4F6B569A506B579A516B56
:1062A000589A526B599A536B5A9A546B5B9A556B26
:1062B0005C9A566B5D9A576B5E9A586B5F9A596BF6
:1062C000A8EC5A6B609A5B6B619A5C6B629A5D6B2F
:1062D000639A5E6B649A5F6B659A606B669A616B9A
:1062E000679A626BB9D6636BFDD5646BCBB4656B93
:1062F000BDB2666BE4CE676BE7C6686B689A696B84
:10630000699A6A6BE1CD6B6B6A9A6C6B6B9A6D6B79
:106310006C9A6E6B6D9A6F6B6E9A706B6F9A716BF5
:10632000709A726B719A736B729A746B739A756BC5
:10633000749A766B759A776B769A786B779A796B95
:10634000F5B47A6B789A7B6BC0CB7C6BDFBC7D6BD2
:10635000799A7E6B7A9A7F6B7B9A806B7C9A816B41
:10636000E2E9826BE3E9836BEAD1846BE5E9856B53
:106370007D9A866BF9B4876BE4E9886B7E9A896BAA
:10638000B3D18A6BE2CA8B6BD0B28C6B809A8D6B67
:10639000E8E98E6B819A8F6B829A906B839A916BEE
:1063A000849A926BE6E9936BE7E9946B859A956B17
:1063B000869A966BB3D6976B879A986B889A996BE7
:1063C000899A9A6BE9E99B6BEAE99C6B8A9A9D6BC7
:1063D0008B9A9E6B8C9A9F6B8D9AA06B8E9AA16BF9
:1063E000EBE9A26B8F9AA36B909AA46B919AA56B21
:1063F000929AA66B939AA76B949AA86B959AA96B9D
:10640000969AAA6BECE9AB6B979AAC6B989AAD6BCA
:10641000999AAE6B9A9AAF6B9B9AB06B9C9AB16B40
:106420009D9AB26B9E9AB36BAFECB46BB9C5B56B6A
:10643000CEB6B66B9F9AB76BF3D2B86BA09AB96B16
:10644000A19ABA6BA29ABB6BA39ABC6BA49ABD6BC0
:10645000A59ABE6BA69ABF6BEEB5C06BA79AC16B2F
:10646000D9BBC26BB1ECC36BA89AC46BA99AC56BBC
:10647000E3D2C66BAA9AC76BAB9AC86BAC9AC96BCE
:10648000AD9ACA6BAE9ACB6BE3CECC6BAF9ACD6BA9
:10649000B8C4CE6BB09ACF6BBFC3D06BB19AD16B7F
:1064A000B29AD26BBEB6D36BB9D8D46BC8B1D56B28
:1064B000CFB1D66BD1B1D76BFEC5D86BB39AD96BC0
:1064C000D0B1DA6BB49ADB6BABC3DC6BB59ADD6B26
:1064D000B69ADE6BB79ADF6BB89AE06BB99AE16B4C
:1064E000B1D5E26BBA9AE36BBB9AE46BBC9AE56BED
:1064F000BD9AE66BBE9AE76BBF9AE86BC09AE96BF0
:10650000C19AEA6BA4EBEB6BC1BAEC6BC29AED6B70
:10651000C39AEE6BC49AEF6BBACCF06BC59AF16B71
:10652000C69AF26BC79AF36BA5EBF46BC89AF56B3E
:10653000A7EBF66BC99AF76BCA9AF86BCB9AF96B13
:10654000A8EBFA6BCC9AFB6BCD9AFC6BCE9AFD6BE9
:10655000A6EBFE6BCF9AFF6BD09A006CD19A016CC0
:10656000D29A026CD39A036CD49A046CD59A056CB7
:10657000A9EB066CABEB076CAAEB086CD69A096C1E
:10658000D79A0A6CD89A0B6CD99A0C6CDA9A0D6C63
:10659000ACEB0E6CDB9A0F6CCFCA106CB5D8116CDB
:1065A000F1C3126CDC9A136CA5C3146CF8C6156C9D
:1065B000ADEB166CCAC4176CDD9A186CAEEB196C97
:1065C000AFEB1A6CB0EB1B6CD5B71C6CDE9A1D6C74
:1065D000DF9A1E6CE09A1F6CFAB7206CE19A216C6E
:1065E000B1EB226CE2C7236CE29A246CB3EB256C0E
:1065F000E39A266CA4BA276CF5D1286CB1B0296C4B
:10660000B2EB2A6CB4EB2B6CE49A2C6CE59A2D6CF3
:10661000E69A2E6CAAB52F6CC8C2306CE8C7316CF4
:10662000E79A326CB5EB336CE89A346CAECB356CD0
:10663000DFE3366CE99A376CEA9A386CC0D3396C70
:10664000EB9A3A6CEC9A3B6CED9A3C6CEE9A3D6C92
:10665000DBD93E6CEF9A3F6CF09A406CA1CD416C57
:10666000ADD6426CF3C7436CF19A446CF29A456C18
:10667000F39A466CE0D9476CE3BB486CF49A496CDA
:10668000BABA4A6CE2E34B6CF59A4C6CF69A4D6CD4
:10669000F79A4E6CF89A4F6CF99A506CABCF516CDC
:1066A000FA9A526CFB9A536CFC9A546CE0E3556C6A
:1066B000C7C9566CFD9A576CB9BA586CFE9A596C9A
:1066C000409B5A6C419B5B6CB4D15C6CE1E35D6CAC
:1066D000EAC85E6CAFB95F6CADBD606CD8B3616C7D
:1066E000DBCE626C429B636C439B646CC0CC656C7C
:1066F000449B666C459B676C469B686CE8E3696CE1
:10670000E9E36A6CF4CD6B6C479B6C6C489B6D6CD9
:10671000499B6E6C4A9B6F6C4B9B706CADCC716CE3
:106720004C9B726CB3BC736C4D9B746CEAE3756CE0
:106730004E9B766CEBE3776C4F9B786C509B796C3F
:10674000DAD07A6C519B7B6C529B7C6C539B7D6C3A
:10675000FBC67E6CDAB77F6C549B806C559B816C5A
:10676000DFC7826CCAD2836CD6CE846C569B856C94
:10677000E4E3866CECE3876C579B886CF2C9896C08
:10678000C1B38A6C589B8B6C599B8C6CE7E38D6C06
:106790005A9B8E6C5B9B8F6CE3C6906CE5E3916CAF
:1067A0005C9B926C5D9B936CB3ED946CE6E3956C93
:1067B0005E9B966C5F9B976C609B986C619B996CE1
:1067C000B3C99A6C629B9B6CE6C59C6C639B9D6C89
:1067D000649B9E6C659B9F6CB5B9A06C669BA16C1D
:1067E000BBC3A26C679BA36CE3E3A46CBDC5A56CA3
:1067F000A4C1A66CD9C2A76CD7B2A86C689BA96CBF
:10680000EDE3AA6CA6BBAB6CADC4AC6C699BAD6C84
:10681000F0E3AE6CDABEAF6C6A9BB06C6B9BB16C94
:10682000FBE3B26CF5E3B36CD3BAB46C6C9BB56CA0
:106830006D9BB66C6E9BB76C6F9BB86CD0B7B96C28
:10684000CDD3BA6C709BBB6CCED6BC6CD3D5BD6CB3
:10685000C1B9BE6CB4D5BF6CD8D1C06C719BC16CD2
:10686000729BC26C739BC36C749BC46CB9D0C56CB7
:10687000F6C7C66C759BC76C769BC86C779BC96C5A
:10688000AAC8CA6CB4B2CB6C789BCC6CDAC3CD6CA2
:10689000799BCE6C7A9BCF6C7B9BD06CEEE3D16CFA
:1068A0007C9BD26C7D9BD36CFCE3D46CEFE3D56C0A
:1068B000A8B7D66CF7E3D76CF4E3D86C7E9BD96CA1
:1068C000809BDA6C819BDB6CBAB7DC6C829BDD6CE5
:1068D000839BDE6CA2C5DF6C849BE06CF6E3E16C0D
:1068E000DDC5E26CA8B2E36CFCC6E46C859BE56C8C
:1068F000E0C4E66C869BE76C879BE86CA2D7E96CEA
:10690000889BEA6CE1C0EB6CF9E3EC6C899BED6C65
:106910008A9BEE6CFAE3EF6CFDE3F06CA9CCF16CB2
:10692000F3E3F26C8B9BF36CBED3F46C8C9BF56C35
:10693000C3B1F66CB4EDF76CF1E3F86CF2E3F96C0B
:106940008D9BFA6CF8E3FB6CBAD0FC6CC3C6FD6C93
:10695000F3D4FE6CFEE3FF6C8E9B006D8F9B016D8C
:10696000E0BD026D909B036D919B046DA7E4056DE6
:10697000929B066D939B076DA6E4086D949B096D31
:10698000959B0A6D969B0B6DF3D10C6DA3E40D6D79
:10699000979B0E6DA9E40F6D989B106D999B116DDF
:1069A0009A9B126DF7C8136D9B9B146D9C9B156D84
:1069B0009D9B166D9E9B176DB4CF186D9F9B196D97
:1069C000A8E41A6DAEE41B6DE5C21C6DA09B1D6DA5
:1069D000A19B1E6DB4B61F6DA29B206DA39B216D64
:1069E000A49B226DA59B236DA69B246DA79B256D63
:1069F000F2BD266DA89B276DA2E4286DA99B296D89
:106A0000AA9B2A6DE9BA2B6DAAE42C6DAB9B2D6D68
:106A1000AC9B2E6DACE42F6DAD9B306DAE9B316D9C
:106A2000FDB6326DDED6336DB2E4346DAF9B356D9D
:106A3000ADE4366DB09B376DB19B386DB29B396D4F
:106A4000A1E43A6DB39B3B6DEEBB3C6DDDCD3D6D7E
:106A5000A2C73E6DC9C53F6DB49B406DB59B416DEE
:106A6000F7C1426DB69B436DA4E4446DB79B456D81
:106A7000B3C7466DACBD476DBDBD486DA5E4496D5E
:106A8000B89B4A6DC7D74B6DE2B24C6DB99B4D6D4B
:106A9000ABE44E6DC3BC4F6DAFE4506DBA9B516D0E
:106AA000EBBB526DB0E4536DA8C5546DB1E4556DA8
:106AB000BB9B566DBC9B576DBD9B586DBE9B596D66
:106AC000E3D55A6DA3BF5B6DBF9B5C6DBAE45D6D92
:106AD000C09B5E6DB7E45F6DC19B606DBBE4616D93
:106AE000C29B626DC39B636DBDE4646DC49B656DA9
:106AF000C59B666DD6C6676DC69B686DC79B696D85
:106B0000C6BA6A6DCBC06B6DC89B6C6DC99B6D6D51
:106B1000CA9B6E6DA1B86F6DB4E4706DCB9B716D47
:106B2000CC9B726DCD9B736DCE9B746DA1D4756D36
:106B3000CF9B766DD09B776DA3BA786DFEBD796DD6
:106B4000D19B7A6DD29B7B6DD39B7C6DBCE47D6DBC
:106B5000D49B7E6DD59B7F6DD69B806DD79B816DC1
:106B6000D89B826DBFCD836DD99B846DDA9B856D7B
:106B7000F9C4866DDB9B876DDC9B886DFBCF896DCF
:106B8000E6C98A6DDD9B8B6DDE9B8C6DBFD38D6DF1
:106B9000DF9B8E6DD1CF8F6DE09B906DE19B916DF2
:106BA000B3E4926DE29B936DB8E4946DB9E4956D96
:106BB000E9CC966DE39B976DE49B986DE59B996D91
:106BC000E69B9A6DE79B9B6DCECC9C6DE89B9D6D83
:106BD000D4C09E6DB5E49F6DB0C1A06DB6E4A16D4B
:106BE000D0CEA26DE99BA36DC1BBA46DD3B5A56D3D
:106BF000EA9BA66DF3C8A76DA7BDA86DC7D5A96D03
:106C0000ACC9AA6DA2B8AB6DCAE4AC6DEB9BAD6D1F
:106C1000EC9BAE6DCCE4AF6DC4D1B06DED9BB16DAE
:106C2000EE9BB26DBAD2B36DEF9BB46DF09BB56DB8
:106C3000ADBAB66DF19BB76DF29BB86DD4BAB96DB4
:106C4000F39BBA6DF49BBB6DF59BBC6DF69BBD6D64
:106C5000F79BBE6DF89BBF6DC3E4C06DEDB5C16D14
:106C6000F99BC26DFA9BC36DFB9BC46DCDD7C56DFF
:106C7000C0E4C66DFDCFC76DBFE4C86DFC9BC96D98
:106C8000FD9BCA6DFE9BCB6DDCC1CC6DCACCCD6DBE
:106C9000409CCE6D419CCF6D429CD06D439CD16D8C
:106CA000E7CAD26D449CD36D459CD46D469CD56D8E
:106CB000479CD66DD7C4D76D489CD86DD4CCD96DC0
:106CC000C8E4DA6D499CDB6D4A9CDC6D4B9CDD6D44
:106CD000C7E4DE6DC1E4DF6D4C9CE06DC4E4E16DA2
:106CE000ADB5E26D4D9CE36D4E9CE46DD9D3E56D81
:106CF0004F9CE66DC6E4E76D509CE86D519CE96DD4
:106D0000529CEA6D539CEB6DF9D2EC6DE3B4ED6DE2
:106D1000549CEE6DB4BBEF6D559CF06D569CF16DBF
:106D2000EEC9F26D579CF36DBEB4F46D589CF56DD1
:106D3000599CF66D5A9CF76DECBBF86D5B9CF96D38
:106D4000CDD1FA6D5C9CFB6DEDCCFC6DB5EDFD6DB0
:106D50005D9CFE6D5E9CFF6D5F9C006E609C016E95
:106D6000619C026E629C036E639C046E649C056E63
:106D7000E5C7066E659C076E669C086E679C096E8B
:106D8000689C0A6EA8D40B6E699C0C6ECBE40D6EE9
:106D9000D5D70E6EC2E40F6E6A9C106EA5BD116E43
:106DA000C5E4126E6B9C136E6C9C146EE6D3156E6C
:106DB0006D9C166EC9E4176EF8C9186E6E9C196E3C
:106DC0006F9C1A6EBEE41B6E709C1C6E719C1D6ED7
:106DD000E5D31E6E729C1F6E739C206EFEC7216EE3
:106DE000C9B6226E749C236EFCD4246EB3B2256E99
:106DF000D7E4266E759C276E769C286E779C296E4C
:106E0000C2CE2A6E789C2B6ECDE42C6E799C2D6EB2
:106E1000BCCE2E6E7A9C2F6EDBB8306E7B9C316EB2
:106E20007C9C326ED6E4336E7D9C346ECABF356E68
:106E30007E9C366E809C376E819C386ECED3396EC8
:106E4000829C3A6EECC33B6E839C3C6E849C3D6E90
:106E5000859C3E6E869C3F6E879C406E889C416EF2
:106E6000899C426E8A9C436EC8C5446ED8E4456EC8
:106E70008B9C466E8C9C476E8D9C486E8E9C496E9A
:106E80008F9C4A6E909C4B6E919C4C6E929C4D6E6A
:106E9000C4CD4E6ECFE44F6E939C506E949C516E59
:106EA000959C526E969C536ED4E4546ED5E4556E08
:106EB000979C566EFEBA576E989C586EE6CF596EE8
:106EC000999C5A6E9A9C5B6EBFD55C6E9B9C5D6E66
:106ED0009C9C5E6E9D9C5F6ED2E4606E9E9C616E1B
:106EE0009F9C626EA09C636EA19C646EA29C656E6A
:106EF000A39C666EA49C676EA59C686EA69C696E3A
:106F0000A79C6A6EA89C6B6ED0E46C6EA99C6D6E9B
:106F1000AA9C6E6ECEE46F6EAB9C706EAC9C716E74
:106F2000AD9C726EAE9C736EAF9C746EB09C756EB1
:106F3000B19C766EB29C776EB39C786EB49C796E81
:106F4000B59C7A6EB69C7B6EB79C7C6EB89C7D6E51
:106F5000B99C7E6EE5CD7F6EAACA806EBA9C816EAA
:106F6000BB9C826EBC9C836EA3C0846EBD9C856EF0
:106F7000A6BD866ED3E4876EBE9C886EBF9C896E6C
:106F8000C8B88A6EC09C8B6EC19C8C6EC29C8D6E84
:106F9000C39C8E6EC49C8F6EE7E4906EB4D4916EE9
:106FA000C59C926EC69C936EC79C946EC89C956E51
:106FB000C99C966ECA9C976ECB9C986EDBE4996ECA
:106FC000CC9C9A6ECD9C9B6ECE9C9C6EEFC19D6EB0
:106FD000CF9C9E6ED09C9F6EE9E4A06ED19CA16E6A
:106FE000D29CA26EE7D2A36ED39CA46ED49CA56E55
:106FF000DFE4A66ED59CA76EE0E4A86ED69CA96ED1
:10700000D79CAA6EAACFAB6ED89CAC6ED99CAD6E45
:10701000DA9CAE6EDB9CAF6EDDCBB06EDC9CB16EED
:10702000DAE4B26ED1E4B36EDD9CB46EE5E4B56E25
:10703000DE9CB66EDCC8B76EE3E4B86EDF9CB96E5A
:10704000E09CBA6EE7C4BB6EE2E4BC6EE19CBD6E30
:10705000E1E4BE6EE29CBF6EE39CC06EE49CC16E38
:10706000FCB3C26EE8E4C36EE59CC46EE69CC56EDC
:10707000E79CC66EE89CC76EE1B5C86EE99CC96E18
:10708000EA9CCA6EEB9CCB6ECCD7CC6EEC9CCD6EE2
:10709000ED9CCE6EEE9CCF6EE6E4D06EEF9CD16E92
:1070A000ACBBD26EF09CD36ED2D7D46ECFCCD56EA3
:1070B000F8EBD66EF19CD76EE4E4D86EF29CD96EF4
:1070C000F39CDA6EF6B9DB6EF49CDC6EF59CDD6E3B
:1070D000F69CDE6ECDD6DF6ED9E4E06EDCE4E16EC8
:1070E000FAC2E26EDEE4E36EF79CE46ECBC2E56EBC
:1070F000C4C0E66ED0C2E76EF89CE86EF5B1E96EEA
:10710000B2CCEA6EF99CEB6EFA9CEC6EFB9CED6ED9
:10711000FC9CEE6EFD9CEF6EFE9CF06E409DF16E51
:10712000419DF26E429DF36E439DF46ECEB5F56EB9
:10713000449DF66E459DF76E469DF86E479DF96E2F
:10714000EFE4FA6E489DFB6E499DFC6E4A9DFD6E14
:107150004B9DFE6E4C9DFF6E4D9D006F4E9D016FD1
:107160004F9D026FAFC6036F509D046F519D056F19
:10717000529D066FE1C6076F539D086F549D096FBE
:10718000F5E40A6F559D0B6F569D0C6F579D0D6F63
:10719000589D0E6F599D0F6FA9C2106F5A9D116FA8
:1071A0005B9D126F5C9D136FECC0146FDDD1156F8A
:1071B000EEE4166F5D9D176F5E9D186F5F9D196FF2
:1071C000609D1A6F619D1B6F629D1C6F639D1D6F9B
:1071D000649D1E6F659D1F6F669D206FAEC4216FFD
:1071E000679D226F689D236F699D246FEDE4256F75
:1071F0006A9D266F6B9D276F6C9D286F6D9D296F13
:10720000F6E42A6FF4E42B6FFEC22C6F6E9D2D6F97
:10721000DDE42E6F6F9D2F6FF0E4306F709D316F46
:10722000FECA326F719D336FC4D5346F729D356F56
:10723000739D366FF1E4376F749D386F759D396FAC
:10724000769D3A6F779D3B6F789D3C6F799D3D6F42
:107250007A9D3E6FFAD13F6F7B9D406F7C9D416F61
:107260007D9D426F7E9D436F809D446F819D456FE4
:10727000829D466FEBE4476FECE4486F839D496F56
:10728000849D4A6F859D4B6FF2E44C6F869D4D6FD8
:10729000ABCE4E6F879D4F6F889D506F899D516F0C
:1072A0008A9D526F8B9D536F8C9D546F8D9D556F32
:1072B0008E9D566F8F9D576F909D586FCBC5596FA0
:1072C000919D5A6F929D5B6F939D5C6FB1C75D6F8F
:1072D000949D5E6FBAC25F6F959D606F969D616F62
:1072E000979D626FEAE4636F989D646F999D656FE7
:1072F0009A9D666FCAC1676F9B9D686F9C9D696F01
:107300009D9D6A6F9E9D6B6F9F9D6C6FA09D6D6F25
:10731000B6CC6E6FB1B36F6FA19D706FA29D716F90
:10732000A39D726FFBE4736FA49D746FF3E4756F9C
:10733000A59D766FA69D776FA79D786FFAE4796F0C
:10734000A89D7A6FFDE47B6FA99D7C6FFCE47D6F47
:10735000AA9D7E6FAB9D7F6FAC9D806FAD9D816F51
:10736000AE9D826FAF9D836FB09D846FCEB3856FEE
:10737000B19D866FB29D876FB39D886FBAB3896FD9
:10738000F7E48A6FB49D8B6FB59D8C6FF9E48D6FB8
:10739000F8E48E6FECC58F6FB69D906FB79D916FBF
:1073A000B89D926FB99D936FBA9D946FBB9D956F79
:1073B000BC9D966FBD9D976FBE9D986FBF9D996F49
:1073C000C09D9A6FC19D9B6FC29D9C6FBDC09D6FFC
:1073D000C39D9E6FC49D9F6FC59DA06FC69DA16FED
:1073E000E8D4A26FC79DA36FC89DA46FC99DA56F68
:1073F000CA9DA66FCB9DA76FA2E5A86FCC9DA96F74
:10740000CD9DAA6FCE9DAB6FCF9DAC6FD09DAD6F64
:10741000D19DAE6FD29DAF6FD39DB06FD49DB16F34
:10742000D59DB26FD69DB36FC4B0B46FD79DB56F05
:10743000D89DB66FA4E5B76FD99DB86FDA9DB96FC7
:10744000A3E5BA6FDB9DBB6FDC9DBC6FDD9DBD6F9F
:10745000DE9DBE6FDF9DBF6FE09DC06FA4BCC16F9E
:10746000E19DC26FA5E5C36FE29DC46FE39DC56F4B
:10747000E49DC66FE59DC76FE69DC86FE79DC96F28
:10748000A1E5CA6FE89DCB6FE99DCC6FEA9DCD6FFA
:10749000EB9DCE6FEC9DCF6FED9DD06FEE9DD16FCC
:1074A000FEE4D26FF4B1D36FEF9DD46FF09DD56F32
:1074B000F19DD66FF29DD76FF39DD86FF49DD96F74
:1074C000F59DDA6FF69DDB6FF79DDC6FF89DDD6F44
:1074D000F99DDE6FA8E5DF6FFA9DE06FA9E5E16F2A
:1074E000A6E5E26FFB9DE36FFC9DE46FFD9DE56FFC
:1074F000FE9DE66F409EE76F419EE86F429EE96FFA
:10750000439EEA6F449EEB6F459EEC6F469EED6F87
:10751000479EEE6FA7E5EF6FAAE5F06F489EF16F0B
:10752000499EF26F4A9EF36F4B9EF46F4C9EF56F2F
:107530004D9EF66F4E9EF76F4F9EF86F509EF96FFF
:10754000519EFA6F529EFB6F539EFC6F549EFD6FCF
:10755000559EFE6F569EFF6F579E0070589E01709D
:10756000599E02705A9E03705B9E04705C9E05706B
:107570005D9E06705E9E07705F9E0870609E09703B
:10758000619E0A70629E0B70639E0C70649E0D700B
:10759000659E0E70669E0F70679E1070689E1170DB
:1075A000D9C61270699E13706A9E14706B9E157016
:1075B0006C9E16706D9E17706E9E18706F9E19707F
:1075C000709E1A70ABE51B70ADE51C70719E1D704E
:1075D000729E1E70739E1F70749E2070759E217027
:1075E000769E2270779E2370ACE52470789E25707D
:1075F000799E26707A9E27707B9E28707C9E2970CB
:107600007D9E2A707E9E2B70809E2C70819E2D7098
:10761000829E2E70839E2F70849E3070859E317066
:10762000869E3270879E3370889E3470899E357036
:10763000AFE536708A9E37708B9E38708C9E39709D
:10764000AEE53A708D9E3B708E9E3C708F9E3D7075
:10765000909E3E70919E3F70929E4070939E4170AE
:10766000949E4270959E4370969E4470979E45707E
:10767000989E4670999E47709A9E48709B9E49704E
:107680009C9E4A709D9E4B709E9E4C70E0B94D70C2
:107690009F9E4E70A09E4F70B0E55070A19E51709D
:1076A000A29E5270A39E5370A49E5470A59E5570C6
:1076B000A69E5670A79E5770A89E5870A99E597096
:1076C000AA9E5A70AB9E5B70AC9E5C70AD9E5D7066
:1076D000AE9E5E70B1E55F70AF9E6070B09E6170EF
:1076E000B19E6270B29E6370B39E6470B49E65700A
:1076F000B59E6670B69E6770B79E6870B89E6970DA
:10770000B99E6A70BA9E6B70F0BB6C70E1EC6D70E4
:10771000F0C36E70BB9E6F70C6B57070D2BB7170D7
:10772000BC9E7270BD9E7370BE9E7470BF9E75705D
:10773000E9C17670EED47770C09E7870C4BE79705F
:10774000C19E7A70C29E7B70C39E7C70C6D77D70CE
:10775000C49E7E70D6D47F70D3B28070BEEC817030
:10776000C59E8270C69E8370C79E8470C89E8570B9
:10777000C1EA8670C99E8770CA9E8870CB9E897048
:10778000AFC28A70B6B48B70CC9E8C70CD9E8D705B
:10779000CE9E8E70D7D18F70CF9E9070D09E9170FC
:1077A000D19E9270B4B39370D29E9470B2C895700B
:1077B000BBBF9670C0EC9770D39E9870D49E9970A2
:1077C000CBD69A70D59E9B70D69E9C70BFEC9D7058
:1077D000C1EC9E70D79E9F70D89EA070D99EA1705C
:1077E000DA9EA270DB9EA370DC9EA470DD9EA57065
:1077F000DE9EA670DF9EA770E09EA870E19EA97035
:10780000E29EAA70E39EAB70C5ECAC70E6BEAD70B4
:10781000BFCCAE70DAC5AF70BCBEB070E49EB170C4
:10782000C6ECB270E59EB370FEB1B470E69EB57062
:10783000E79EB670E89EB770C4ECB870A8D5B97072
:10784000E3B5BA70E99EBB70C2ECBC70B6C1BD7046
:10785000E3B3BE70EA9EBF70EB9EC070C3ECC17014
:10786000B8CBC270C3C0C370FECCC470EC9EC570F0
:10787000ED9EC670EE9EC770EF9EC870D2C1C970F3
:10788000F09ECA70C8ECCB70F19ECC70F29ECD70A9
:10789000F39ECE70F49ECF70F59ED070F69ED170A0
:1078A000F79ED270F89ED370F99ED470FA9ED57070
:1078B000FB9ED670FC9ED770FD9ED870E6BAD9703C
:1078C000D3C0DA70FE9EDB70F2D6DC70409FDD70B4
:1078D000419FDE70429FDF70CCD1E070439FE1702A
:1078E000449FE270459FE370469FE470BEBFE57021
:1078F000479FE670B3B7E770D5C9E870C7ECE97089
:10790000E2BBEA70489FEB70CCCCEC70FDBDED7033
:10791000C8C8EE70499FEF70A9CFF0704A9FF17010
:107920004B9FF2704C9FF3704D9FF4704E9FF5701B
:107930004F9FF670509FF770E9CDF870519FF97026
:10794000EBC5FA70529FFB70539FFC70549FFD7003
:10795000E9B7FE70559FFF70569F0071579F0171E8
:10796000589F0271599F03715A9F04715B9F057163
:107970005C9F06715D9F07715E9F08715F9F097133
:10798000C9D10A71B8BA0B71609F0C71619F0D71FA
:10799000629F0E71639F0F71649F1071C9EC11712A
:1079A000659F1271669F1371CAEC1471679F157100
:1079B000C0BB1671CBEC1771689F1871E2EC19719E
:1079C000BAB11A71D9B71B71699F1C716A9F1D7179
:1079D0006B9F1E716C9F1F716D9F20716E9F217137
:1079E0006F9F2271709F2371719F2471729F257107
:1079F000739F2671B9BD2771749F2871759F297176
:107A0000769F2A71779F2B71789F2C71799F2D71AA
:107A10007A9F2E717B9F2F71CCEC3071E6D1317142
:107A2000CDEC32717C9F33717D9F34717E9F3571B7
:107A3000809F3671BBC83771819F3871829F3971C1
:107A4000839F3A71849F3B71859F3C71869F3D71F6
:107A5000879F3E71889F3F71899F40718A9F4171C6
:107A60008B9F42718C9F43718D9F44718E9F457196
:107A7000D1EC46718F9F4771909F4871919F4971DA
:107A8000929F4A71D3EC4B71939F4C71CDBB4D715A
:107A9000949F4E71E5BC4F71959F5071969F5171A7
:107AA000979F5271989F5371999F54719A9F5571E6
:107AB0009B9F56719C9F57719D9F58719E9F5971B6
:107AC0009F9F5A71A09F5B71A19F5C71CFEC5D710C
:107AD000A29F5E71B7C95F71A39F6071A49F61711E
:107AE000A59F6271A69F6371A79F6471BAC36571F8
:107AF000A89F6671E3EC6771D5D56871D0EC6971A8
:107B0000A99F6A71AA9F6B71AB9F6C71AC9F6D71DD
:107B1000AD9F6E71F3D66F71AE9F7071AF9F717133
:107B2000B09F7271D2EC7371CEEC7471B19F7571AC
:107B3000B29F7671B39F7771B49F7871D4EC7971ED
:107B4000B59F7A71D5EC7B71B69F7C71B79F7D71C3
:107B5000BFC97E71B89F7F71B99F8071BA9F8171D3
:107B6000BB9F8271BC9F8371BD9F8471A8CF8571BB
:107B7000BE9F8671BF9F8771C09F8871C19F8971A9
:107B8000C29F8A71DCD08B71C39F8C71C49F8D7131
:107B9000C59F8E71C69F8F71ACD19071C79F917137
:107BA000C89F9271C99F9371CA9F9471DBC89571E8
:107BB000CB9F9671CC9F9771CD9F9871D6EC9971A0
:107BC000F5CE9A71CE9F9B71CF9F9C71D09F9D7176
:107BD000D19F9E71D29F9F71ECCAA071DAECA17106
:107BE000D39FA271D49FA371D59FA471D69FA57175
:107BF000D79FA671D89FA771D99FA871D9ECA971F9
:107C0000DA9FAA71DB9FAB71DC9FAC71BEB0AD7126
:107C1000DD9FAE71DE9FAF71DF9FB071E09FB171EC
:107C2000E19FB271E29FB371D7ECB471E39FB5717C
:107C3000D8ECB671E49FB771E59FB871E69FB97152
:107C4000E4ECBA71E79FBB71E89FBC71E99FBD711D
:107C5000EA9FBE71EB9FBF71EC9FC071ED9FC17138
:107C6000EE9FC271EF9FC371BCC8C471F09FC57114
:107C7000F19FC671F29FC771F39FC871F49FC971DC
:107C8000F59FCA71F69FCB71F79FCC71F89FCD71AC
:107C9000F99FCE71C7C1CF71FA9FD071FB9FD1718F
:107CA000FC9FD271FD9FD371FE9FD471DCECD57126
:107CB000E0D1D67140A0D77141A0D87142A0D9714E
:107CC00043A0DA7144A0DB7145A0DC7146A0DD71F0
:107CD00047A0DE7148A0DF7149A0E071DBECE171E3
:107CE0004AA0E2714BA0E3714CA0E4714DA0E57194
:107CF000EFD4E6714EA0E771DDECE8714FA0E971B9
:107D000050A0EA7151A0EB7152A0EC7153A0ED713B
:107D100054A0EE71C6DBEF7155A0F07156A0F17161
:107D200057A0F27158A0F37159A0F4715AA0F571DF
:107D30005BA0F6715CA0F7715DA0F8715EA0F971AF
:107D4000DEECFA715FA0FB7160A0FC7161A0FD71B7
:107D500062A0FE7163A0FF7164A0007265A0017251
:107D600066A0027267A0037268A0047269A005721F
:107D70006AA00672ACB107726BA008726CA009729F
:107D80006DA00A726EA00B726FA00C7270A00D72C3
:107D900071A00E7272A00F7273A0107274A0117293
:107DA00075A0127276A0137277A0147278A0157263
:107DB00079A016727AA017727BA018727CA0197233
:107DC0007DA01A727EA01B7280A01C7281A01D7201
:107DD000DFEC1E7282A01F7283A0207284A0217229
:107DE00085A0227286A0237287A0247288A02572A3
:107DF00089A026728AA027728BA02872E0EC2972D3
:107E00008CA02A72A6D72B728DA02C72C0C52D72A1
:107E10008EA02E728FA02F7290A03072BCEB3172A8
:107E2000AEB0327291A0337292A0347293A03572C8
:107E3000F4BE3672B8B83772AFD23872D6B0397273
:107E4000F9B53A7294A03B72B3D83C7295A03D72DA
:107E5000ACCB3E7296A03F72DDE3407297A04172B8
:107E600098A0427299A043729AA044729BA0457256
:107E70009CA046729DA04772ACC64872E6B049729B
:107E80009EA04A729FA04B72A0A04C72C6C54D72B4
:107E9000B9EB4E72A1A04F72A2A05072A3A0517272
:107EA000A4A05272BAEB5372A5A05472A6A0557248
:107EB000A7A05672BBEB5772A8A05872A9A059721E
:107EC000C0D15A72AAA05B72A3C55C72ABA05D72EE
:107ED000F2EA5E72ACA05F72B2C46072ADA0617271
:107EE000B5C46272CEC06372AEA06472AFA0657298
:107EF000B0A06672F3EA6772C1C46872B1A0697219
:107F0000EFCE6A72B2A06B72B3A06C72B4A06D7245
:107F1000B5A06E72F0EA6F72F4EA7072B6A0717278
:107F2000B7A07272FCC97372B8A07472B9A07572EE
:107F3000A3C77672BAA07772BBA07872BCA0797220
:107F4000D8CC7A72FECE7B72BDA07C72BEA07D7250
:107F5000BFA07E72F5EA7F72F6EA8072ACCF8172C2
:107F6000E7C08272C0A08372C1A08472F7EA8572F2
:107F7000C2A08672C3A08772C4A08872C5A089728D
:107F8000C6A08A72BFB68B72F8EA8C72C7A08D72D7
:107F9000F9EA8E72C8A08F72FAEA9072C9A0917243
:107FA000CAA09272FBEA9372CBA09472CCA0957295
:107FB000CDA09672CEA09772CFA09872D0A09972E1
:107FC000D1A09A72D2A09B72D3A09C72D4A09D72B1
:107FD000D5A09E72D6A09F72F1EAA072D7A0A1721E
:107FE000D8A0A272D9A0A372DAA0A472DBA0A57255
:107FF000DCA0A672DDA0A772DEA0A872DFA0A97225
:10800000E0A0AA72E1A0AB72E2A0AC72AEC8AD7201
:10801000EBE1AE72E3A0AF72B8B7B072ECE1B1724F
:10802000E4A0B272E5A0B372E6A0B472EDE1B5725D
:10803000E7A0B672B4D7B772EEE1B872EFE1B972E9
:10804000CCD3BA72E8A0BB72E9A0BC72EAA0BD7240
:10805000EBA0BE72ECA0BF72EDA0C072EEA0C17228
:10806000F1E1C272F1BFC372F0E1C472D2B5C57260
:10807000EFA0C672F0A0C772F1A0C872B7B1C97202
:10808000F2A0CA72F3A0CB72F4A0CC72F5A0CD72AC
:10809000F3E1CE72F2E1CF72F6A0D072FCBAD172E7
:1080A000F7A0D272F4E1D372F8A0D472F9A0D5721D
:1080B000FAA0D672FBA0D772B7B9D872FCA0D97259
:1080C000D1BEDA72FDA0DB72FEA0DC7240AADD72C6
:1080D00041AADE72FCC4DF7242AAE072DDBAE1722C
:1080E000C6BDE27243AAE37244AAE47245AAE572ED
:1080F00046AAE67247AAE77248AAE872F5E1E97271
:10810000F7E1EA7249AAEB724AAAEC72C0B6ED72C4
:10811000C1CFEE72A8CAEF72F6E1F072F8D5F17233
:10812000FCD3F272F8E1F372FCE1F472F9E1F5725A
:108130004BAAF6724CAAF772FAE1F872EAC0F97229
:108140004DAAFA72FEE1FB72A1E2FC72C7C0FD7299
:108150004EAAFE724FAAFF7250AA007351AA017371
:10816000FBE1027352AA0373FDE1047353AA057382
:1081700054AA067355AA077356AA087357AA097317
:1081800058AA0A73A5E20B7359AA0C735AAA0D7365
:108190005BAA0E73D4C10F735CAA10735DAA11732E
:1081A0005EAA12735FAA1373A3E2147360AA157315
:1081B000A8E21673FEB21773A2E2187361AA1973CC
:1081C00062AA1A7363AA1B73CDC31C73C2B21D7358
:1081D000A7E21E73A6E21F7364AA207365AA217327
:1081E000A4E22273A9E2237366AA247367AA257303
:1081F000ABE2267368AA277369AA28736AAA29734F
:10820000C9D02A73EDD62B73A8C32C73ACE22D739F
:108210006BAA2E73D7CF2F736CAA30736DAA3173EC
:10822000AEE232736EAA33736FAA3473EFBA35734A
:1082300070AA367371AA3773E0E93873ADE2397307
:10824000AAE23A7372AA3B7373AA3C7374AA3D7391
:1082500075AA3E73ABBB3F73B3D4407376AA417328
:1082600077AA427378AA437379AA44737AAA4573AA
:108270007BAA46737CAA47737DAA48737EAA49737A
:1082800080AA4A7381AA4B7382AA4C7383AA4D7346
:10829000B0E24E7384AA4F7385AA5073AFE2517354
:1082A00086AA5273E1E9537387AA547388AA557357
:1082B00089AA56738AAA5773B1E258738BAA597365
:1082C0008CAA5A738DAA5B738EAA5C738FAA5D7396
:1082D00090AA5E7391AA5F7392AA6073B2E261730F
:1082E00093AA627394AA637395AA647396AA65733A
:1082F00097AA667398AA677399AA68739AAA69730A
:108300009BAA6A739CAA6B739DAA6C73B3E26D738C
:10831000A1CC6E739EAA6F73B4E270739FAA71733F
:10832000A0AA727340AB737341AB747342AB7573A5
:1083300043AB767344AB777345AB787346AB7973D5
:1083400047AB7A7348AB7B7349AB7C734AAB7D73A5
:108350004BAB7E73B5E27F734CAB80734DAB8173D7
:108360004EAB82734FAB837350AB8473FED0857377
:1083700051AB867352AB8773CAC2887353AB897390
:10838000F1D38A7354AB8B73F5CD8C7355AB8D736E
:1083900056AB8E73E0E78F7357AB907358AB917306
:1083A000E1E7927359AB93735AAB94735BAB9573DC
:1083B0005CAB9673C1BE97735DAB98735EAB9973FC
:1083C0005FAB9A7360AB9B73EAC29C7361AB9D73A6
:1083D00062AB9E7363AB9F73E4E7A07364ABA1735E
:1083E00065ABA273E3E7A37366ABA47367ABA57336
:1083F00068ABA67369ABA7736AABA8736BABA973C1
:10840000E6CDAA736CABAB73B5C3AC736DABAD7398
:108410006EABAE73E2E7AF73B7BBB073D6CFB173D9
:108420006FABB273E1C1B373E9E7B47370ABB5730B
:1084300071ABB67372ABB773E8E7B87373ABB9736C
:1084400074ABBA73F4E7BB73A3B2BC7375ABBD7303
:1084500076ABBE7377ABBF7378ABC073EAE7C1731B
:1084600079ABC273E6E7C3737AABC4737BABC573F6
:108470007CABC6737DABC7737EABC873ECE7C973C7
:10848000EBE7CA73BAC9CB7380ABCC7381ABCD7346
:10849000E4D5CE7382ABCF73E5E7D073A9B7D173C0
:1084A000E7E7D27383ABD37384ABD47385ABD57357
:1084B00086ABD67387ABD77388ABD87389ABD973C8
:1084C000EEE7DA738AABDB738BABDC738CABDD73FB
:1084D0008DABDE73F3E7DF738EABE073E9D6E17348
:1084E0008FABE27390ABE37391ABE47392ABE57344
:1084F000EDE7E67393ABE773F2E7E87394ABE973E8
:10850000F1E7EA7395ABEB7396ABEC7397ABED7356
:10851000E0B0EE7398ABEF7399ABF0739AABF17375
:108520009BABF273F5E7F3739CABF4739DABF57300
:108530009EABF6739FABF773A0ABF87340ACF973C7
:1085400041ACFA7342ACFB7343ACFC7344ACFD73B7
:1085500045ACFE7346ACFF7347AC007448AC017485
:1085600049AC02744AAC0374F2C704744BAC057492
:10857000C5C00674EDC007744CAC08744DAC0974EA
:10858000F0C10A74F0E70B744EAC0C744FAC0D7470
:1085900050AC0E7451AC0F74F6E71074F6CB117436
:1085A00052AC127453AC137454AC147455AC1574AF
:1085B00056AC167457AC177458AC187459AC19747F
:1085C0005AAC1A74A2E81B74A1E81C745BAC1D744D
:1085D0005CAC1E745DAC1F745EAC20745FAC217427
:1085E00060AC2274C1D7237461AC247462AC25746E
:1085F000FAE72674F9E7277463AC2874FBE729745B
:1086000064AC2A74F7E72B7465AC2C74FEE72D7408
:1086100066AC2E74FDE72F7467AC3074FCE73174E0
:1086200068AC327469AC3374D5C13474D9C735744D
:10863000FDC53674C3C537746AAC38746BAC397415
:108640006CAC3A746DAC3B746EAC3C74EDC73D746D
:108650006FAC3E7470AC3F7471AC407472AC4174DA
:10866000A3E8427473AC437474AC447475AC457441
:1086700076AC467477AC477478AC487479AC49747E
:108680007AAC4A747BAC4B747CAC4C747DAC4D744E
:108690007EAC4E7480AC4F7481AC507482AC51741B
:1086A00083AC527484AC537485AC547486AC5574EA
:1086B000A6E8567487AC5774A5E8587488AC59740A
:1086C000A7E85A74F7BA5B74F8E75C74A4E85D74C1
:1086D00089AC5E74F0C85F74AAC960748AAC6174B6
:1086E0008BAC62748CAC63748DAC64748EAC65744A
:1086F0008FAC667490AC677491AC687492AC69741A
:1087000093AC6A7494AC6B7495AC6C7496AC6D74E9
:10871000A9E86E7497AC6F7498AC7074E5B9717415
:1087200099AC72749AAC73749BAC74749CAC757491
:108730009DAC7674FED17774A8E878749EAC797499
:108740009FAC7A74A0AC7B7440AD7C7441AD7D74F9
:1087500042AD7E74AAE87F7443AD8074ADE8817445
:10876000AEE8827444AD8374A7C1847445AD85744A
:1087700046AD867447AD8774AFE8887448AD897498
:1087800049AD8A744AAD8B74B0E88C744BAD8D746E
:108790004CAD8E74ACE88F744DAD9074B4E89174A8
:1087A0004EAD92744FAD937450AD947451AD9574B9
:1087B00052AD967453AD977454AD987455AD997489
:1087C00056AD9A7457AD9B7458AD9C74ABE89D74CC
:1087D00059AD9E74B1E89F745AADA0745BADA1749D
:1087E0005CADA2745DADA3745EADA4745FADA57401
:1087F00060ADA67461ADA774B5E8A874B2E8A974B9
:10880000B3E8AA7462ADAB7463ADAC7464ADAD741F
:1088100065ADAE7466ADAF7467ADB07468ADB1747C
:1088200069ADB2746AADB3746BADB4746CADB5744C
:108830006DADB6746EADB7746FADB87470ADB9741C
:1088400071ADBA74B7E8BB7472ADBC7473ADBD746E
:1088500074ADBE7475ADBF7476ADC07477ADC174C0
:1088600078ADC27479ADC3747AADC4747BADC57490
:108870007CADC6747DADC7747EADC87480ADC9745F
:1088800081ADCA7482ADCB7483ADCC7484ADCD742C
:1088900085ADCE7486ADCF7487ADD07488ADD174FC
:1088A00089ADD274B6E8D3748AADD4748BADD57467
:1088B0008CADD6748DADD7748EADD8748FADD974A0
:1088C00090ADDA7491ADDB7492ADDC74CFB9DD7428
:1088D00093ADDE74ACF0DF7494ADE074ADF0E17490
:1088E00095ADE274B0C6E374EAB0E474BFC8E57451
:1088F00096ADE674DFCDE77497ADE87498ADE97492
:1089000099ADEA749AADEB749BADEC749CADED74CB
:108910009DADEE74CDCEEF74B1EAF0749EADF174FE
:108920009FADF274A0ADF37440AEF474B2EAF57486
:1089300041AEF674BFC6F774C9B4F87442AEF974A8
:1089400043AEFA7444AEFB7445AEFC7446AEFD749F
:1089500047AEFE7448AEFF74B3EA007549AE0175C8
:108960004AAE02754BAE03754CAE0475E7D505757E
:108970004DAE06754EAE07754FAE087550AE097513
:1089800051AE0A7552AE0B7553AE0C7554AE0D75E3
:10899000F9DD0E7555AE0F75B4EA107556AE11754A
:1089A000B5EA127557AE1375B6EA147558AE15755B
:1089B00059AE16755AAE17755BAE1875CAB81975EB
:1089C000B0DF1A75F5C91B755CAE1C75F0CC1D7552
:1089D0005DAE1E755EAE1F75FAC920755FAE21755E
:1089E00060AE227561AE237562AE247563AE2575E7
:1089F000FBC9267564AE277565AE2875C3D3297586
:108A0000A6CB2A7566AE2B75A6B82C75AEF02D7563
:108A1000C2B12E7567AE2F75B8E53075EFCC3175E4
:108A2000C9D33275D7BC3375EAC9347568AE3575AC
:108A3000E7B5367569AE3775D0C43875E9B539759F
:108A40006AAE3A75AEEE3B75ADBB3C756BAE3D752F
:108A50006CAE3E75DEE73F756DAE4075AFEE4175AD
:108A60006EAE42756FAE437570AE447571AE4575AE
:108A7000A9B3467572AE477573AE4875B2EE4975C7
:108A800074AE4A7575AE4B75B1EE4C75E7BD4D755C
:108A900076AE4E75B0EE4F75B7CE507577AE517558
:108AA00078AE527579AE53757AAE5475CFC555759B
:108AB0007BAE56757CAE57757DAE58757EAE5975DA
:108AC000F4C15A75CEDB5B75B3EE5C75F3D05D75A2
:108AD00080AE5E7581AE5F7582AE607583AE617586
:108AE00084AE627585AE637586AE647587AE657556
:108AF000D4C26675E8C6677588AE687589AE697553
:108B00008AAE6A75ACB76B758BAE6C758CAE6D75D5
:108B10008DAE6E758EAE6F758FAE707590AE7175D1
:108B200091AE7275B4EE737592AE7475EBB37575E4
:108B300093AE767594AE777595AE7875FBBB797507
:108B4000B5EE7A7596AE7B7597AE7C7598AE7D75F1
:108B500099AE7E759AAE7F75DCE780759BAE8175A8
:108B60009CAE82759DAE8375B6EE84759EAE85759E
:108B70009FAE8675AEBD8775A0AE887540AF89750E
:108B800041AF8A7542AF8B75E2F18C7543AF8D753D
:108B900044AF8E7545AF8F75E8CA907546AF917535
:108BA000C9D29275DAF0937547AF9475DBF095757D
:108BB00048AF9675DCF09775C6C1987549AF997541
:108BC000EDB89A75CEBE9B754AAF9C754BAF9D753F
:108BD000DEF09E754CAF9F75B1C5A075DDF0A17537
:108BE000F1D1A2754DAFA375E0F0A475CCB0A57519
:108BF000EABDA6754EAFA7754FAFA87550AFA97562
:108C000051AFAA7552AFAB75DFD2AC75DFF0AD7561
:108C100053AFAE75AFB4AF75E8B7B075E6F0B175E8
:108C2000E5F0B275A3C6B375E1F0B475E2F0B575C1
:108C3000C3B4B67554AFB77555AFB875E3F0B97531
:108C4000EED5BA7556AFBB7557AFBC75DBCCBD75ED
:108C5000D2BEBE75B2BCBF7558AFC07559AFC17535
:108C60005AAFC275E8F0C375E7F0C475E4F0C57596
:108C7000A1B2C6755BAFC775A2D6C875B8D3C975A2
:108C8000B7BECA75ACC8CB755CAFCC755DAFCD75E2
:108C9000EAF0CE755EAFCF755FAFD07560AFD175BE
:108CA00061AFD275F7D1D37562AFD475CCD6D57517
:108CB000DBBAD675E9F0D77563AFD875BBB6D97591
:108CC00064AFDA7565AFDB75B4CDDC7566AFDD75A5
:108CD00067AFDE75A6C6DF7568AFE07569AFE17591
:108CE0006AAFE275A1C1E375EBF0E475EEF0E575EE
:108CF0006BAFE675EDF0E775F0F0E875ECF0E9754F
:108D00006CAFEA75BEBBEB75EFF0EC756DAFED7552
:108D10006EAFEE756FAFEF7570AFF075B5CCF175E6
:108D2000F2F0F27571AFF37572AFF475D5B3F575F6
:108D300073AFF67574AFF77575AFF87576AFF975F3
:108D4000D4B1FA7577AFFB7578AFFC75F3F0FD75AC
:108D500079AFFE757AAFFF75F4F00076F6F0017624
:108D6000E1B402767BAF0376F1F004767CAF057652
:108D7000F7F006767DAF07767EAF087680AF09768E
:108D800081AF0A76FAF00B7682AF0C76F8F00D76AA
:108D900083AF0E7684AF0F7685AF1076F5F011763F
:108DA00086AF127687AF137688AF147689AF1576C3
:108DB000FDF016768AAF1776F9F01876FCF0197682
:108DC000FEF01A768BAF1B76A1F11C768CAF1D7668
:108DD0008DAF1E768EAF1F76C1CE2076A4F12176A0
:108DE0008FAF2276A3F1237690AF2476F6C1257655
:108DF000FBF02676DDCA277691AF287692AF2976EA
:108E0000F1B42A76F1B12B76B1CC2C7693AF2D76D6
:108E1000A6F12E7694AF2F7695AF3076A7F1317606
:108E200096AF327697AF3376ACF13476CED53576D1
:108E3000A9F1367698AF377699AF3876B3C83976D8
:108E40009AAF3A769BAF3B769CAF3C76A2F13D76EB
:108E50009DAF3E76ABF13F76A8F14076A5F1417625
:108E60009EAF42769FAF4376AAF14476A0AF457697
:108E700040B0467641B0477642B0487643B0497636
:108E800044B04A7645B04B7646B04C76A9B04D76A4
:108E9000ADF14E7647B04F7648B0507649B0517636
:108EA0004AB052764BB053764CB05476AFF155760B
:108EB0004DB05676B1F157764EB058764FB05976E0
:108EC00050B05A7651B05B7652B05C76B0F15D76B8
:108ED00053B05E76AEF15F7654B0607655B0617691
:108EE00056B0627657B06376A2D1647658B0657694
:108EF00059B066765AB067765BB068765CB06976D2
:108F00005DB06A765EB06B76B2F16C765FB06D760E
:108F100060B06E7661B06F76B3F1707662B07176E4
:108F200063B0727664B0737665B0747666B0757649
:108F300067B0767668B0777669B07876EFB979768B
:108F40006AB07A766BB07B76C7B57C766CB07D768E
:108F5000D7B07E76D9B07F766DB080766EB08176F0
:108F60006FB08276EDD4837670B08476C4B58576A2
:108F700071B08676D4BD8776CABB8876A7F089762D
:108F800072B08A7673B08B76DEB88C7674B08D76DC
:108F900075B08E76A8F08F7676B0907677B09176B1
:108FA000A8B0927678B09376A9F0947679B0957659
:108FB0007AB09676EECD97767BB098767CB099763F
:108FC000AAF09A767DB09B767EB09C7680B09D7636
:108FD00081B09E7682B09F7683B0A07684B0A17671
:108FE00085B0A27686B0A37687B0A476ABF0A576DE
:108FF00088B0A67689B0A7768AB0A8768BB0A97615
:109000008CB0AA768DB0AB768EB0AC768FB0AD76E4
:1090100090B0AE76A4C6AF7691B0B07692B0B1768D
:10902000E5D6B276E4F1B37693B0B476E5F1B576F1
:1090300094B0B67695B0B77696B0B87697B0B97664
:1090400098B0BA7699B0BB769AB0BC769BB0BD7634
:109050009CB0BE769DB0BF76F3C3C0769EB0C1769D
:109060009FB0C276DBD3C376A0B0C47640B1C576DC
:10907000D1D6C676E8C5C77641B1C876AFD3C97632
:1090800042B1CA76E6D2CB7643B1CC7644B1CD7646
:10909000C1EECE76BBB0CF76B5D5D076CED1D17677
:1090A000E0BCD276D0BAD37645B1D476F8BFD576C7
:1090B00046B1D676C7B8D776C1B5D876CCC5D976FD
:1090C00047B1DA7648B1DB76A2CADC7649B1DD7603
:1090D0004AB1DE764BB1DF76CBC3E0764CB1E176B8
:1090E0004DB1E2764EB1E3764FB1E47650B1E5761C
:1090F000C2EEE67651B1E77652B1E87653B1E97641
:1091000054B1EA7655B1EB7656B1EC7657B1ED76BF
:1091100058B1EE76BFC4EF76A2B6F07659B1F176CB
:10912000ECEDF276A4C3F3765AB1F476B1D6F576C7
:109130005BB1F6765CB1F7765DB1F876E0CFF976A3
:10914000EFEDFA765EB1FB765FB1FC76CEC5FD76CB
:1091500060B1FE76DCB6FF7661B1007762B101776F
:10916000A1CA027763B1037764B10477EDED0577A7
:1091700065B1067766B10777F0ED0877F1ED09770D
:10918000BCC30A7767B10B77B4BF0C7768B10D77B2
:10919000EEED0E7769B10F776AB110776BB1117789
:1091A0006CB112776DB113776EB114776FB115771B
:1091B00070B1167771B1177772B1187773B11977EB
:1091C000F4ED1A77F2ED1B7774B11C7775B11D774A
:1091D00076B11E7777B11F77E6D52077DFC3217789
:1091E00078B12277F3ED237779B124777AB12577B7
:1091F0007BB12677F6ED27777CB12877A3D5297741
:10920000A3D12A777DB12B777EB12C7780B12D77D2
:10921000F5ED2E7781B12F77D0C3307782B13177DA
:1092200083B1327784B1337785B1347786B13577BE
:10923000F7ED3677F4BF3777ECBE3877F8ED39774E
:1092400087B13A77F7CC3B7788B13C77DBD13D7774
:1092500089B13E778AB13F778BB14077C5D74177E7
:10926000F6D542778CB14377FCED44778DB14577E5
:109270008EB146778FB14777FBED487790B149774C
:1092800091B14A7792B14B7793B14C7794B14D77C6
:1092900095B14E7796B14F7797B15077F9ED5177F9
:1092A000FAED527798B1537799B154779AB15577CF
:1092B0009BB156779CB157779DB158779EB159773E
:1092C0009FB15A77FDED5B77A6BE5C77A0B15D7765
:1092D00040B25E7741B25F7742B2607743B2617766
:1092E000AFCB6277A1EE6377BDB6647744B26577A2
:1092F000A2EE6677C0C4677745B26877FEED6977FE
:1093000046B26A7747B26B77DEBD6C77C7B26D77CE
:1093100048B26E7749B26F774AB270774BB27177C5
:109320004CB272774DB273774EB274774FB2757795
:1093300050B2767751B2777752B2787753B2797765
:10934000C3B67A7754B27B7755B27C7756B27D77C5
:10935000A5EE7E77BAD87F77A3EE8077A6EE8177E9
:1093600057B2827758B2837759B28477E9C3857749
:10937000F2B386775AB287775BB288775CB2897727
:109380005DB28A775EB28B775FB28C77A7EE8D770E
:10939000A4EE8E77B9CF8F7760B2907761B2917774
:1093A000A8EE9277F7C2937762B2947763B295771B
:1093B00064B2967765B2977766B2987767B2997715
:1093C00068B29A7769B29B776AB29C776BB29D77E5
:1093D0006CB29E776DB29F77A9EEA077AAEEA177C7
:1093E0006EB2A277ABDEA3776FB2A47770B2A57727
:1093F000B3C6A67771B2A777C6C7A87772B2A977A6
:10940000F5D6AA77C9B5AB7773B2AC77B2CBAD77E7
:1094100074B2AE7775B2AF7776B2B077ABEEB177A4
:1094200077B2B27778B2B377ABCDB47779B2B5779C
:10943000ACEEB6777AB2B7777BB2B8777CB2B97751
:109440007DB2BA777EB2BB77B0D5BC7780B2BD773C
:10945000ADEEBE7781B2BF77C4F6C07782B2C17776
:1094600083B2C27784B2C37785B2C47786B2C57738
:1094700087B2C67788B2C77789B2C8778AB2C97708
:109480008BB2CA778CB2CB778DB2CC778EB2CD77D8
:10949000C7DBCE778FB2CF7790B2D07791B2D1774A
:1094A00092B2D27793B2D37794B2D47795B2D5777C
:1094B00096B2D67797B2D777A3B4D87798B2D97740
:1094C00099B2DA779AB2DB77ACC3DC77E6F1DD7775
:1094D0009BB2DE779CB2DF779DB2E0779EB2E177F8
:1094E0009FB2E277B8CAE377D3D2E477A0B2E57748
:1094F000AAD6E67740B3E777F2EFE87741B3E977AA
:10950000D8BEEA7742B3EB77C3BDEC77F3EFED77E4
:10951000CCB6EE77ABB0EF7743B3F07744B3F177E7
:1095200045B3F27746B3F377AFCAF47747B3F5772D
:1095300048B3F677B6EDF77749B3F877B7EDF97733
:109540004AB3FA774BB3FB774CB3FC774DB3FD7757
:10955000F9CEFE77AFB7FF77F3BF0078B8ED0178AB
:10956000EBC20278B0C903784EB304784FB30578E4
:1095700050B3067851B3077852B3087853B30978DB
:10958000B9ED0A7854B30B7855B30C78F6C60D785C
:10959000B3BF0E7856B30F7857B3107858B311781D
:1095A000BCED1278F8C5137859B31478D0D115787A
:1095B0005AB31678A9D71778BAED1878BBED197891
:1095C0005BB31A78E2D11B785CB31C78BFED1D78D1
:1095D000C0ED1E785DB31F78C4ED20785EB32178AE
:1095E0005FB3227860B32378C8ED247861B325781F
:1095F000C6ED2678CEED2778E8D5287862B32978AD
:10960000C9ED2A7863B32B7864B32C78C7ED2D7835
:10961000BEED2E7865B32F7866B33078E9C5317822
:1096200067B3327868B3337869B33478C6C63578AF
:109630006AB336786BB33778E9C93878D2D43978D9
:10964000C1ED3A78C2ED3B78C3ED3C78C5ED3D788D
:109650006CB33E78F9C03F786DB34078A1B44178DF
:109660006EB342786FB3437870B3447871B3457882
:10967000E8B9467872B34778D0ED487873B3497843
:1096800074B34A7875B34B7876B34C78D1ED4D7896
:1096900077B34E78CAED4F7878B35078CFED5178E4
:1096A00079B35278F8CE53787AB354787BB355783F
:1096B000B6CB5678CCED5778CDED58787CB3597849
:1096C0007DB35A787EB35B7880B35C7881B35D7884
:1096D000F5CF5E7882B35F7883B3607884B36178C6
:1096E00085B3627886B3637887B3647888B3657826
:1096F00089B366788AB367788BB368788CB36978F6
:109700008DB36A78D2ED6B78F2C16C78B2D36D7894
:10971000CBED6E78B7C86F788EB370788FB37178F1
:1097200090B3727891B3737892B3747893B3757879
:1097300094B3767895B37778EFBC787896B37978E8
:1097400097B37A7898B37B7899B37C78F0C57D78B5
:109750009AB37E789BB37F789CB380789DB38178F1
:109760009EB382789FB38378A0B3847840B4857821
:1097700041B4867842B48778D6ED887843B4897846
:10978000EFB58A7844B48B7845B48C78B5C28D78BF
:10979000ADB08E78E9CB8F7846B4907847B49178A5
:1097A000AEB1927848B49378D4ED947849B4957872
:1097B0004AB496784BB49778EBCD9878E2B599781F
:1097C0004CB49A78D5ED9B78D3ED9C78D7ED9D7805
:1097D0004DB49E784EB49F78FAB5A0784FB4A17876
:1097E000D8EDA27850B4A378D9EDA47851B4A57877
:1097F000DCEDA67852B4A778CCB1A87853B4A97898
:1098000054B4AA7855B4AB7856B4AC7857B4AD78A4
:1098100058B4AE7859B4AF785AB4B078F6C5B178C8
:10982000EEBCB278DAEDB378BCCCB478EAB2B578F5
:109830005BB4B6785CB4B7785DB4B8785EB4B97828
:10984000DBEDBA785FB4BB7860B4BC7861B4BD7846
:1098500062B4BE78EBC4BF7863B4C07864B4C17836
:10986000C5B4C27865B4C37866B4C47867B4C57843
:10987000F5B0C67868B4C77869B4C8786AB4C978EE
:10988000DFEDCA78DAC0CB78E8B4CC786BB4CD78A9
:109890006CB4CE786DB4CF786EB4D078CDC5D178B5
:1098A0006FB4D27870B4D37871B4D478DDEDD57854
:1098B000C4BFD67872B4D77873B4D87874B4D97872
:1098C000DEEDDA7875B4DB7876B4DC7877B4DD7801
:1098D00078B4DE7879B4DF787AB4E0787BB4E17874
:1098E0007CB4E2787DB4E3787EB4E47880B4E57843
:1098F00081B4E67882B4E77883B4E878A5C4E978DF
:1099000084B4EA7885B4EB7886B4EC78E0EDED7851
:1099100087B4EE7888B4EF7889B4F0788AB4F178B7
:109920008BB4F278E1EDF3788CB4F478E3EDF5786C
:109930008DB4F6788EB4F778D7C1F8788FB4F9780B
:1099400090B4FA78C7BBFB7891B4FC7892B4FD78F8
:1099500093B4FE7894B4FF7895B4007996B4017905
:10996000B8BD027997B4037998B4047999B40579AC
:10997000E2ED06799AB407799BB408799CB4097929
:109980009DB40A799EB40B799FB40C79A0B40D797B
:1099900040B50E7941B50F7942B5107943B51179CB
:1099A00044B5127945B51379E4ED147946B51579C6
:1099B00047B5167948B5177949B518794AB519796F
:1099C0004BB51A794CB51B794DB51C794EB51D793F
:1099D0004FB51E79E6ED1F7950B5207951B5217943
:1099E00052B5227953B5237954B52479E5ED25791B
:1099F00055B5267956B5277957B5287958B52979B7
:109A000059B52A795AB52B795BB52C795CB52D7986
:109A10005DB52E795EB52F795FB5307960B5317956
:109A200061B5327962B5337963B53479E7ED35796B
:109A300064B5367965B5377966B5387967B53979FA
:109A400068B53A79BECA3B79EAEC3C79F1C03D7918
:109A500069B53E79E7C93F796AB54079EBEC417960
:109A6000EEC642796BB543796CB544796DB54579ED
:109A70006EB54679ECEC47796FB54879EDC6497912
:109A8000EDEC4A7970B54B7971B54C7972B54D7979
:109A900073B54E7974B54F7975B5507976B55179FE
:109AA00077B5527978B55379F0EC547979B5557921
:109AB0007AB55679E6D75779F3EC58797BB5597969
:109AC0007CB55A79F1EC5B79EEEC5C79EFEC5D7981
:109AD000A3D75E79F1C95F79EECB6079F4EC617957
:109AE0007DB56279F2EC63797EB5647980B565798C
:109AF000E9CF667981B56779F6EC6879B1C669799D
:109B000082B56A7983B56B7984B56C7985B56D79E1
:109B1000C0BC6E7986B56F79F5EC707987B57179CF
:109B200088B5727989B573798AB574798BB5757989
:109B30008CB576798DB57779BBB57879F6BB7979BF
:109B40008EB57A79F7EC7B798FB57C7990B57D7994
:109B500091B57E7992B57F7993B58079F7D981797E
:109B6000FBBD827994B5837995B58479BBC285793B
:109B7000F8EC867996B5877997B5887998B589791B
:109B800099B58A79F9EC8B799AB58C799BB58D79F1
:109B90009CB58E799DB58F79A3B890799EB5917952
:109BA0009FB59279A0B5937940B6947941B69579ED
:109BB00042B6967943B6977944B6987945B699797D
:109BC00046B69A79FAEC9B7947B69C7948B69D7966
:109BD00049B69E794AB69F794BB6A0794CB6A17921
:109BE0004DB6A2794EB6A3794FB6A47950B6A579F1
:109BF00051B6A67952B6A779FBECA87953B6A979E4
:109C000054B6AA7955B6AB7956B6AC7957B6AD7994
:109C100058B6AE7959B6AF795AB6B0795BB6B17964
:109C20005CB6B2795DB6B379FCECB4795EB6B57961
:109C30005FB6B67960B6B77961B6B87962B6B97908
:109C4000EDD3BA79AED8BB79EBC0BC7963B6BD7938
:109C5000DDC7BE79CCBABF7964B6C079E3D0C1792B
:109C6000BDCBC27965B6C379BACDC47966B6C579BC
:109C700067B6C679D1B8C77968B6C87969B6C979FF
:109C8000FCB1CA796AB6CB79EFC7CC796BB6CD791E
:109C9000D6D6CE796CB6CF796DB6D0796EB6D1798D
:109CA000C6BFD279EBC3D3796FB6D47970B6D57904
:109CB000F5EFD67971B6D77972B6D879D8C3D97994
:109CC00073B6DA7974B6DB7975B6DC7976B6DD7998
:109CD00077B6DE7978B6DF79E2D7E07979B6E179DF
:109CE0007AB6E2797BB6E379F7EFE479D3B3E57935
:109CF0007CB6E679D8C7E779EDD1E8797DB6E97920
:109D0000C8D6EA797EB6EB79F8EFEC7980B6ED79D2
:109D1000F6EFEE7981B6EF79FDBBF079C6B3F17954
:109D200082B6F27983B6F37984B6F47985B6F5799B
:109D300086B6F67987B6F77988B6F879D5BDF97918
:109D400089B6FA798AB6FB79C6D2FC798BB6FD79E9
:109D5000E0BBFE798CB6FF798DB6007AA1CF017A8F
:109D60008EB6027AFCEF037AFBEF047A8FB6057A9F
:109D700090B6067AF9EF077A91B6087A92B6097A20
:109D800093B60A7A94B60B7ACCB30C7A95B60D7A60
:109D9000D4C90E7AB0CB0F7A96B6107A97B6117AEC
:109DA00098B6127A99B6137A9AB6147AFEEF157AA3
:109DB0009BB6167A9CB6177ADEB0187A9DB6197AD9
:109DC0009EB61A7AC9D61B7A9FB61C7AA0B61D7A9F
:109DD00040B71E7AFDEF1F7A41B7207AEDB3217AA2
:109DE00042B7227A43B7237AD5F6247A44B7257A44
:109DF00045B7267A46B7277A47B7287A48B7297AE7
:109E000049B72A7A4AB72B7A4BB72C7A4CB72D7AB6
:109E10004DB72E7A4EB72F7A4FB7307A50B7317A86
:109E200051B7327A52B7337AC8CE347A53B7357ACB
:109E300054B7367A55B7377AA2F0387A56B7397AA6
:109E4000A1F03A7A57B73B7ABEB53C7ADABC3D7A94
:109E5000FCBB3E7A58B73F7AE5B8407A59B7417AA9
:109E60005AB7427A5BB7437A5CB7447A5DB7457AB2
:109E70005EB7467AC2C4477A5FB7487A60B7497A14
:109E800061B74A7A62B74B7A63B74C7A64B74D7A56
:109E900065B74E7A66B74F7A67B7507A68B7517A26
:109EA000A3F0527A69B7537A6AB7547A6BB7557A86
:109EB0006CB7567A6DB7577AEBCB587A6EB7597A3A
:109EC0006FB75A7A70B75B7A71B75C7A72B75D7A9E
:109ED00073B75E7A74B75F7A75B7607A76B7617A6E
:109EE00077B7627A78B7637A79B7647A7AB7657A3E
:109EF0007BB7667A7CB7677A7DB7687A7EB7697A0E
:109F000080B76A7A81B76B7A82B76C7A83B76D7AD9
:109F100084B76E7A85B76F7A86B7707AA6F0717A51
:109F200087B7727A88B7737A89B7747AA8D1757A45
:109F30008AB7767ABFBE777AEEC7787AB6F1797A41
:109F4000B7F17A7AD5BF7B7A8BB77C7A8CB77D7A7A
:109F50008DB77E7A8EB77F7AA9B4807AB8F1817A8C
:109F6000BBCD827A8FB7837AD4C7847AADD5857A10
:109F700090B7867AB9F1877A91B7887ABAF1897AF7
:109F800092B78A7A93B78B7A94B78C7A95B78D7A91
:109F9000CFC78E7A96B78F7A97B7907A98B7917A1B
:109FA000A4D2927ACFD6937A99B7947A9AB7957ABF
:109FB000BBF1967AD1BD977AB0B4987ABDBE997A42
:109FC0009BB79A7A9CB79B7A9DB79C7ADCB49D7AB2
:109FD000D1CE9E7A9EB79F7ADFBFA07ABDF1A17ADB
:109FE0009FB7A27AA0B7A37A40B8A47A41B8A57A5D
:109FF000FABFA67ABCF1A77A42B8A87ABFF1A97ACB
:10A0000043B8AA7A44B8AB7A45B8AC7ABEF1AD7A17
:10A01000C0F1AE7A46B8AF7A47B8B07A48B8B17AEC
:10A0200049B8B27A4AB8B37AC1F1B47A4BB8B57AC2
:10A030004CB8B67A4DB8B77A4EB8B87A4FB8B97A44
:10A0400050B8BA7A51B8BB7A52B8BC7A53B8BD7A14
:10A0500054B8BE7A55B8BF7AFEC1C07A56B8C17A34
:10A0600057B8C27A58B8C37A59B8C47A5AB8C57AB8
:10A070005BB8C67A5CB8C77A5DB8C87A5EB8C97A88
:10A080005FB8CA7A60B8CB7AA2C1CC7A61B8CD7A0F
:10A0900062B8CE7A63B8CF7A64B8D07A65B8D17A2C
:10A0A00066B8D27A67B8D37A68B8D47A69B8D57AFC
:10A0B0006AB8D67AFACAD77A6BB8D87A6CB8D97A2D
:10A0C000BED5DA7A6DB8DB7A6EB8DC7A6FB8DD7A35
:10A0D00070B8DE7ABABEDF7AB9BEE07AC2D5E17A6C
:10A0E00071B8E27A72B8E37AA2BFE47A73B8E57A1B
:10A0F000AFCDE67AB5F1E77A74B8E87A75B8E97A5F
:10A1000076B8EA7A77B8EB7A78B8EC7A79B8ED7AFB
:10A11000DFBDEE7A7AB8EF7ACBB6F07A7BB8F17A17
:10A120007CB8F27A7DB8F37A7EB8F47A80B8F57AA2
:10A1300081B8F67A82B8F77A83B8F87A84B8F97A6F
:10A14000F1D6FA7AC3F3FB7A85B8FC7A86B8FD7A41
:10A15000C4F3FE7A87B8FF7ACDB8007B88B8017B5C
:10A1600089B8027B8AB8037BC6F3047BC7F3057BFF
:10A170008BB8067BCAB0077B8CB8087BC5F3097B1C
:10A180008DB80A7BC9F30B7BF1CB0C7B8EB80D7BB2
:10A190008FB80E7B90B80F7BCBF3107B91B8117BFF
:10A1A000A6D0127B92B8137B93B8147BCAB1157BEF
:10A1B000C8F3167B94B8177B95B8187B96B8197BB3
:10A1C000CFF31A7B97B81B7BD1B51C7B98B81D7B4E
:10A1D00099B81E7BD7F31F7B9AB8207BD2F3217BE3
:10A1E0009BB8227B9CB8237B9DB8247BD4F3257B32
:10A1F000D3F3267BFBB7277B9EB8287BBFB1297B97
:10A200009FB82A7BCEF32B7BCAF32C7BDAB52D7B50
:10A21000A0B82E7BD0F32F7B40B9307B41B9317B86
:10A22000D1F3327B42B9337BD5F3347B43B9357BF1
:10A2300044B9367B45B9377B46B9387BCDF3397B9A
:10A2400047B93A7BE3BC3B7B48B93C7BFDC13D7BD6
:10A2500049B93E7BD6F33F7B4AB9407B4BB9417B42
:10A260004CB9427B4DB9437B4EB9447B4FB9457BDA
:10A27000DAF3467B50B9477BCCF3487B51B9497B35
:10A28000C8B54A7B52B94B7BEEBD4C7BDCF34D7BB2
:10A2900053B94E7B54B94F7BA4B7507BF0BF517B71
:10A2A000FED6527BB2CD537B55B9547BF0B4557B6F
:10A2B00056B9567BDFB2577B57B9587BD8F3597BD9
:10A2C00058B95A7BD9F35B7BB8C95C7B59B95D7BC4
:10A2D000DDF35E7B5AB95F7B5BB9607BDEF3617B4C
:10A2E0005CB9627BE1F3637B5DB9647B5EB9657BDE
:10A2F0005FB9667B60B9677B61B9687B62B9697B6E
:10A3000063B96A7B64B96B7B65B96C7B66B96D7B3D
:10A3100067B96E7BDFF36F7B68B9707B69B9717B5E
:10A32000E3F3727BE2F3737B6AB9747B6BB9757B81
:10A33000DBF3767B6CB9777BEABF787B6DB9797B91
:10A34000EFB37A7B6EB97B7BE0F37C7B6FB97D7B6F
:10A3500070B97E7BA9C77F7B71B9807BF2BC817BA2
:10A3600072B9827B73B9837B74B9847B75B9857B41
:10A37000EBF3867B76B9877B77B9887B78B9897B65
:10A3800079B98A7B7AB98B7B7BB98C7B7CB98D7BE5
:10A39000BFB98E7B7DB98F7B7EB9907BE4F3917BD7
:10A3A00080B9927B81B9937B82B9947BADB2957B66
:10A3B000FEBB967B83B9977BE3CB987B84B9997B73
:10A3C00085B99A7B86B99B7B87B99C7BEDF39D7B96
:10A3D000E9F39E7B88B99F7B89B9A07B8AB9A17B71
:10A3E000DCB9A27BEEF3A37B8BB9A47B8CB9A57BF4
:10A3F0008DB9A67BE5F3A77BE6F3A87BEAF3A97BFF
:10A40000E1C2AA7BECF3AB7BEFF3AC7BE8F3AD7B73
:10A41000FDBCAE7B8EB9AF7B8FB9B07B90B9B17B01
:10A42000E4CFB27B91B9B37B92B9B47BF0F3B57B47
:10A4300093B9B67B94B9B77B95B9B87BE7F3B97B91
:10A4400096B9BA7B97B9BB7B98B9BC7B99B9BD7BF0
:10A450009AB9BE7B9BB9BF7B9CB9C07B9DB9C17BC0
:10A46000F2F3C27B9EB9C37B9FB9C47BA0B9C57B05
:10A4700040BAC67BADD7C77BAAC6C87B41BAC97BE9
:10A4800042BACA7B43BACB7B44BACC7BF3F3CD7BD5
:10A4900045BACE7B46BACF7B47BAD07B48BAD17B90
:10A4A000F1F3D27B49BAD37BA8C2D47B4ABAD57B1D
:10A4B0004BBAD67B4CBAD77B4DBAD87B4EBAD97B38
:10A4C000DDB8DA7BF5F3DB7B4FBADC7B50BADD7BA2
:10A4D000F4F3DE7B51BADF7B52BAE07B53BAE17B07
:10A4E000DBB4E27B54BAE37B55BAE47B56BAE57B36
:10A4F000F6F3E67BF7F3E77B57BAE87B58BAE97BDC
:10A5000059BAEA7BF8F3EB7B5ABAEC7B5BBAED7B8A
:10A510005CBAEE7BBAC0EF7B5DBAF07B5EBAF17BD2
:10A52000E9C0F27B5FBAF37B60BAF47B61BAF57B7A
:10A5300062BAF67B63BAF77BF1C5F87B64BAF97B44
:10A5400065BAFA7B66BAFB7B67BAFC7BFBF3FD7BE3
:10A5500068BAFE7BFAF3FF7B69BA007C6ABA017CB9
:10A560006BBA027C6CBA037C6DBA047C6EBA057C53
:10A570006FBA067C70BA077CD8B4087C71BA097CC3
:10A5800072BA0A7C73BA0B7CFEF30C7CF9F30D7C77
:10A5900074BA0E7C75BA0F7CFCF3107C76BA117C11
:10A5A00077BA127C78BA137C79BA147C7ABA157CA3
:10A5B0007BBA167CFDF3177C7CBA187C7DBA197CBB
:10A5C0007EBA1A7C80BA1B7C81BA1C7C82BA1D7C44
:10A5D00083BA1E7C84BA1F7CA1F4207C85BA217CBE
:10A5E00086BA227C87BA237C88BA247C89BA257CE7
:10A5F0008ABA267CA3F4277CC9BB287C8BBA297C29
:10A600008CBA2A7CA2F42B7C8DBA2C7C8EBA2D7C41
:10A610008FBA2E7C90BA2F7C91BA307C92BA317C62
:10A6200093BA327C94BA337C95BA347C96BA357C32
:10A6300097BA367C98BA377C99BA387CA4F4397CBE
:10A640009ABA3A7C9BBA3B7C9CBA3C7C9DBA3D7CD6
:10A650009EBA3E7C9FBA3F7CBEB2407CA6F4417C51
:10A66000A5F4427CA0BA437C40BB447C41BB457C02
:10A6700042BB467C43BB477C44BB487C45BB497CD2
:10A6800046BB4A7C47BB4B7C48BB4C7C49BB4D7CA2
:10A69000AEBC4E7C4ABB4F7C4BBB507C4CBB517C10
:10A6A0004DBB527C4EBB537C4FBB547C50BB557C46
:10A6B00051BB567C52BB577C53BB587C54BB597C16
:10A6C00055BB5A7C56BB5B7C57BB5C7C58BB5D7CE6
:10A6D00059BB5E7C5ABB5F7C5BBB607C5CBB617CB6
:10A6E0005DBB627C5EBB637C5FBB647C60BB657C86
:10A6F00061BB667C62BB677C63BB687C64BB697C56
:10A7000065BB6A7C66BB6B7C67BB6C7C68BB6D7C25
:10A7100069BB6E7C6ABB6F7C6BBB707C6CBB717CF5
:10A720006DBB727C6EBB737CD7C3747CE1D9757CC6
:10A730006FBB767C70BB777C71BB787C72BB797C9D
:10A7400073BB7A7C74BB7B7CE0C07C7CCCF47D7C6E
:10A75000D1D77E7C75BB7F7C76BB807C77BB817CD0
:10A7600078BB827C79BB837C7ABB847C7BBB857C19
:10A770007CBB867C7DBB877C7EBB887C80BB897CE8
:10A78000DBB78A7C81BB8B7C82BB8C7C83BB8D7C62
:10A7900084BB8E7C85BB8F7C86BB907C87BB917C89
:10A7A000CEF4927CA3C1937C88BB947C89BB957CBE
:10A7B000C9C6967C8ABB977CD6B4987CB3D5997C65
:10A7C0008BBB9A7C8CBB9B7C8DBB9C7CD0F49D7C92
:10A7D000CFF49E7CD1F49F7CDACBA07C8EBBA17C95
:10A7E0008FBBA27CD2F4A37C90BBA47CC1D4A57CFB
:10A7F000E0D6A67C91BBA77C92BBA87C93BBA97C2E
:10A8000094BBAA7CE0B7AB7C95BBAC7C96BBAD7C23
:10A8100097BBAE7CB8C1AF7C98BBB07C99BBB17C18
:10A82000BBC1B27CD3F4B37CACBEB47C9ABBB57C68
:10A830009BBBB67C9CBBB77C9DBBB87C9EBBB97CEC
:10A84000E2B4BA7C9FBBBB7CA0BBBC7CD4F4BD7C17
:10A85000D5F4BE7CABBEBF7C40BCC07C41BCC17CDF
:10A86000D6F4C27C42BCC37C43BCC47C44BCC57C23
:10A87000DBF4C67C45BCC77CD7F4C87CDAF4C97C61
:10A8800046BCCA7CFDBACB7C47BCCC7CD8F4CD7C22
:10A89000D9F4CE7C48BCCF7C49BCD07C4ABCD17CAE
:10A8A0004BBCD27C4CBCD37C4DBCD47C4EBCD57C48
:10A8B000E2B8D67CC7CCD77CDCF4D87C4FBCD97C42
:10A8C000DAB2DA7C50BCDB7C51BCDC7CD3C3DD7CEF
:10A8D00052BCDE7C53BCDF7CE3D4E07CB7BFE17CC0
:10A8E00054BCE27C55BCE37C56BCE47C57BCE57CA4
:10A8F00058BCE67C59BCE77C5ABCE87CDDF4E97CBA
:10A900005BBCEA7C5CBCEB7C5DBCEC7C5EBCED7C47
:10A910005FBCEE7C60BCEF7CB4C5F07C61BCF17CBC
:10A9200062BCF27C63BCF37C64BCF47C65BCF57CEB
:10A9300066BCF67C67BCF77C68BCF87CE9F4F97C03
:10A9400069BCFA7C6ABCFB7CB5CFFC7C6BBCFD7C33
:10A950006CBCFE7C6DBCFF7C6EBC007D6FBC017D61
:10A9600070BC027D71BC037D72BC047D73BC057D2F
:10A9700074BC067D75BC077D76BC087D77BC097DFF
:10A9800078BC0A7DC9CE0B7D79BC0C7D7ABC0D7D6F
:10A990007BBC0E7D7CBC0F7D7DBC107D7EBC117DA3
:10A9A00080BC127D81BC137D82BC147D83BC157D6F
:10A9B00084BC167D85BC177D86BC187D87BC197D3F
:10A9C00088BC1A7D89BC1B7D8ABC1C7D8BBC1D7D0F
:10A9D0008CBC1E7D8DBC1F7D8EBC207DD8CB217D87
:10A9E0008FBC227DF7CB237D90BC247D91BC257D3F
:10A9F00092BC267D93BC277DF4BD287D94BC297D27
:10AA000095BC2A7D96BC2B7DCFD72C7D97BC2D7D08
:10AA100098BC2E7D99BC2F7DDBC0307D9ABC317DEA
:10AA20009BBC327D9CBC337D9DBC347D9EBC357D02
:10AA30009FBC367DA0BC377D40BD387D41BD397D92
:10AA400042BD3A7D43BD3B7D44BD3C7D45BD3D7D22
:10AA500046BD3E7D47BD3F7D48BD407D49BD417DF2
:10AA60004ABD427D4BBD437D4CBD447D4DBD457DC2
:10AA70004EBD467D4FBD477D50BD487D51BD497D92
:10AA800052BD4A7D53BD4B7D54BD4C7D55BD4D7D62
:10AA900056BD4E7D57BD4F7D58BD507D59BD517D32
:10AAA0005ABD527D5BBD537D5CBD547D5DBD557D02
:10AAB0005EBD567D5FBD577D60BD587D61BD597DD2
:10AAC00062BD5A7D63BD5B7D64BD5C7D65BD5D7DA2
:10AAD00066BD5E7D67BD5F7D68BD607D69BD617D72
:10AAE0006ABD627D6BBD637D6CBD647D6DBD657D42
:10AAF0006EBD667D6FBD677D70BD687D71BD697D12
:10AB000072BD6A7D73BD6B7D74BD6C7D75BD6D7DE1
:10AB100076BD6E7DF5D06F7D77BD707D78BD717D22
:10AB200079BD727D7ABD737D7BBD747D7CBD757D85
:10AB30007DBD767D7EBD777DEAF4787D80BD797DB3
:10AB400081BD7A7D82BD7B7D83BD7C7D84BD7D7D25
:10AB500085BD7E7D86BD7F7D87BD807D88BD817DF5
:10AB600089BD827D8ABD837D8BBD847D8CBD857DC5
:10AB70008DBD867D8EBD877D8FBD887D90BD897D95
:10AB800091BD8A7D92BD8B7D93BD8C7D94BD8D7D65
:10AB900095BD8E7D96BD8F7D97BD907D98BD917D35
:10ABA00099BD927D9ABD937D9BBD947D9CBD957D05
:10ABB0009DBD967D9EBD977D9FBD987DA0BD997DD5
:10ABC00040BE9A7D41BE9B7D42BE9C7D43BE9D7D25
:10ABD00044BE9E7D45BE9F7D46BEA07D47BEA17DF5
:10ABE00048BEA27D49BEA37D4ABEA47D4BBEA57DC5
:10ABF0004CBEA67DEBF4A77D4DBEA87D4EBEA97DC3
:10AC00004FBEAA7D50BEAB7D51BEAC7D52BEAD7D68
:10AC100053BEAE7DECF4AF7D54BEB07D55BEB17D6C
:10AC200056BEB27D57BEB37D58BEB47D59BEB57D0C
:10AC30005ABEB67D5BBEB77D5CBEB87D5DBEB97DDC
:10AC40005EBEBA7D5FBEBB7D60BEBC7D61BEBD7DAC
:10AC500062BEBE7D63BEBF7D64BEC07D65BEC17D7C
:10AC600066BEC27D67BEC37D68BEC47D69BEC57D4C
:10AC70006ABEC67D6BBEC77D6CBEC87D6DBEC97D1C
:10AC80006EBECA7D6FBECB7D70BECC7D71BECD7DEC
:10AC900072BECE7D73BECF7D74BED07D75BED17DBC
:10ACA00076BED27D77BED37D78BED47D79BED57D8C
:10ACB0007ABED67D7BBED77D7CBED87D7DBED97D5C
:10ACC0007EBEDA7D80BEDB7D81BEDC7D82BEDD7D29
:10ACD00083BEDE7D84BEDF7D85BEE07D86BEE17DF8
:10ACE00087BEE27D88BEE37D89BEE47D8ABEE57DC8
:10ACF0008BBEE67D8CBEE77D8DBEE87D8EBEE97D98
:10AD00008FBEEA7D90BEEB7D91BEEC7D92BEED7D67
:10AD100093BEEE7D94BEEF7D95BEF07D96BEF17D37
:10AD200097BEF27D98BEF37D99BEF47D9ABEF57D07
:10AD30009BBEF67D9CBEF77D9DBEF87D9EBEF97DD7
:10AD40009FBEFA7DA0BEFB7D40BFFC7D41BFFD7D67
:10AD500042BFFE7D43BFFF7D44BF007E45BF017EF5
:10AD600046BF027E47BF037E48BF047E49BF057EC3
:10AD70004ABF067E4BBF077E4CBF087E4DBF097E93
:10AD80004EBF0A7E4FBF0B7E50BF0C7E51BF0D7E63
:10AD900052BF0E7E53BF0F7E54BF107E55BF117E33
:10ADA00056BF127E57BF137E58BF147E59BF157E03
:10ADB0005ABF167E5BBF177E5CBF187E5DBF197ED3
:10ADC0005EBF1A7E5FBF1B7E60BF1C7E61BF1D7EA3
:10ADD00062BF1E7E63BF1F7E64BF207E65BF217E73
:10ADE00066BF227E67BF237E68BF247E69BF257E43
:10ADF0006ABF267E6BBF277E6CBF287E6DBF297E13
:10AE00006EBF2A7E6FBF2B7E70BF2C7E71BF2D7EE2
:10AE100072BF2E7E73BF2F7E74BF307E75BF317EB2
:10AE200076BF327E77BF337E78BF347E79BF357E82
:10AE30007ABF367E7BBF377E7CBF387E7DBF397E52
:10AE40007EBF3A7E80BF3B7EE3F73C7E81BF3D7E86
:10AE500082BF3E7E83BF3F7E84BF407E85BF417EF2
:10AE6000B1B7427E86BF437E87BF447E88BF457EA2
:10AE700089BF467E8ABF477EEDF4487E8BBF497E00
:10AE80008CBF4A7E8DBF4B7E8EBF4C7E8FBF4D7E6A
:10AE900090BF4E7E91BF4F7E92BF507E93BF517E3A
:10AEA00094BF527E95BF537E96BF547E97BF557E0A
:10AEB00098BF567E99BF577E9ABF587E9BBF597EDA
:10AEC0009CBF5A7E9DBF5B7E9EBF5C7E9FBF5D7EAA
:10AED000A0BF5E7E40C05F7E41C0607E42C0617E9A
:10AEE00043C0627E44C0637E45C0647E46C0657ECA
:10AEF00047C0667E48C0677E49C0687E4AC0697E9A
:10AF00004BC06A7E4CC06B7E4DC06C7E4EC06D7E69
:10AF10004FC06E7E50C06F7E51C0707E52C0717E39
:10AF200053C0727E54C0737E55C0747E56C0757E09
:10AF300057C0767E58C0777E59C0787E5AC0797ED9
:10AF40005BC07A7E5CC07B7E5DC07C7E5EC07D7EA9
:10AF50005FC07E7E60C07F7E61C0807E62C0817E79
:10AF600063C0827EEBD7837E64C0847E65C0857EAD
:10AF700066C0867E67C0877E68C0887E69C0897E1D
:10AF80006AC08A7E6BC08B7E6CC08C7E6DC08D7EED
:10AF90006EC08E7E6FC08F7E70C0907E71C0917EBD
:10AFA00072C0927E73C0937E74C0947E75C0957E8D
:10AFB00076C0967E77C0977E78C0987E79C0997E5D
:10AFC0007AC09A7E7BC09B7EEEF49C7E7CC09D7E88
:10AFD0007DC09E7E7EC09F7EF9E6A07EC0BEA17E23
:10AFE000FAE6A27EECBAA37EFBE6A47ECBCFA57EDA
:10AFF000FCE6A67EBCD4A77EB6BCA87EFDE6A97EF4
:10B00000FEE6AA7ECDBCAB7ED2C8AC7EB3CEAD7E12
:10B01000A1E7AE7E80C0AF7EBFB4B07EA2E7B17EB6
:10B02000B4C9B27ED9B8B37EC9C4B47E81C0B57E7E
:10B03000DDD7B67EDAC2B77ED7B7B87EBDD6B97EC9
:10B04000C6CEBA7EC4B7BB7E82C0BC7E83C0BD7E86
:10B05000A6C5BE7EA3E7BF7EDFCFC07EA4E7C17ECC
:10B06000A5E7C27EA6E7C37EB7C1C47EE9D7C57E89
:10B07000F0C9C67EB8CFC77EAFD6C87ED5D6C97E4A
:10B08000A7E7CA7EEDB0CB7EA8E7CC7EA9E7CD7E50
:10B09000DCC9CE7EEFD2CF7EADBED07EAAE7D17E18
:10B0A000F3B0D27EDEC8D37EE1BDD47EABE7D57EE1
:10B0B000C6C8D67E84C0D77EACE7D87EE6BBD97E34
:10B0C000F8B8DA7EA4D1DB7EADE7DC7EE7C2DD7EB8
:10B0D000F8BEDE7ECABDDF7EB3CDE07EAEE7E17EA8
:10B0E000AFE7E27EEEBEE37EE5D0E47E85C0E57E9E
:10B0F000E7CBE67ED0CCE77ECCBCE87EB0E7E97E4D
:10B10000A8BCEA7EF7D0EB7EB1E7EC7E86C0ED7E90
:10B11000F8D0EE7EB2E7EF7EB3E7F07EC2B4F17E08
:10B12000B4E7F27EB5E7F37EFEC9F47EACCEF57EE1
:10B13000E0C3F67EB7E7F77EC1B1F87EF1B3F97EE2
:10B1400087C0FA7EB8E7FB7EB9E7FC7EDBD7FD7EE1
:10B15000C0D5FE7EBAE7FF7ECCC2007FBAD7017FA2
:10B16000BBE7027FBCE7037FBDE7047FEABC057F46
:10B17000E5C3067FC2C0077FBEE7087FBFE7097F40
:10B18000A9BC0A7F88C00B7FC0E70C7FC1E70D7F99
:10B19000B6E70E7FD0B60F7FC2E7107F89C0117F60
:10B1A000C3E7127FC4E7137FBABB147FDEB5157FF8
:10B1B000C6C2167FE0B1177FC5E7187FB5D4197FE7
:10B1C000C6E71A7FBFB81B7FC8E71C7FC7E71D7F94
:10B1D000ECB71E7F8AC01F7FC9E7207FF8B2217FAE
:10B1E000CAE7227FCBE7237FCCE7247FCDE7257F0B
:10B1F000CEE7267FCFE7277FD0E7287FA7D3297F19
:10B20000F5CB2A7FD1E72B7FD2E72C7FD3E72D7FA9
:10B21000D4E72E7FC9C92F7FD5E7307FD6E7317FAE
:10B22000D7E7327FD8E7337FD9E7347FC9BD357F91
:10B23000DAE7367FBEF3377F8BC0387FD7B8397FE8
:10B240008CC03A7FB1C83B7F8DC03C7F8EC03D7FB4
:10B250008FC03E7F90C03F7F91C0407F92C0417FB2
:10B2600093C0427FBFF3437F94C0447FC0F3457FC8
:10B27000C1F3467F95C0477F96C0487F97C0497FFE
:10B2800098C04A7F99C04B7F9AC04C7F9BC04D7F2E
:10B290009CC04E7F9DC04F7F9EC0507FDEB9517FC6
:10B2A000F8CD527F9FC0537FA0C0547FE8D8557F10
:10B2B000B1BA567F40C1577FDEC2587FB7EE597F83
:10B2C00041C15A7FA3B75B7F42C15C7F43C15D7FB1
:10B2D00044C15E7F45C15F7FB9EE607F46C1617F3B
:10B2E000B8EE627FD5B0637F47C1647F48C1657F98
:10B2F00049C1667F4AC1677F4BC1687FBBEE697FEA
:10B30000D6D56A7FEFD76B7F4CC16C7F4DC16D7F07
:10B310004EC16E7FC3D66F7F4FC1707F50C1717FAA
:10B32000BDEE727FF0CA737F51C1747FBCEE757F32
:10B3300052C1767F53C1777F54C1787F55C1797FE1
:10B34000BEEE7A7F56C17B7F57C17C7F58C17D7F1F
:10B3500059C17E7FC0EE7F7F5AC1807F5BC1817FF4
:10B36000BFEE827F5CC1837F5DC1847F5EC1857FCC
:10B370005FC1867F60C1877F61C1887F62C1897F2D
:10B3800063C18A7FF2D18B7F64C18C7FBCC78D7F04
:10B3900065C18E7FC0C38F7F66C1907F67C1917F7B
:10B3A00068C1927F69C1937F6AC1947FE1B8957F3C
:10B3B0006BC1967F6CC1977F6DC1987F6EC1997F7D
:10B3C0006FC19A7FE7C19B7F70C19C7F71C19D7FD8
:10B3D000C6F49E7FDFD09F7FC7F4A07F72C1A17F9C
:10B3E000DBCFA27F73C1A37F74C1A47FBAC8A57F3E
:10B3F00075C1A67F76C1A77FC8F4A87F77C1A97F52
:10B4000078C1AA7F79C1AB7F7AC1AC7F7BC1AD7FA8
:10B410007CC1AE7F7DC1AF7FC9F4B07FCAF4B17F7C
:10B420007EC1B27FCBF4B37F80C1B47F81C1B57FD1
:10B4300082C1B67F83C1B77F84C1B87FFAD9B97F93
:10B44000FEB8BA7F85C1BB7F86C1BC7FF1E5BD7FF9
:10B45000F0D3BE7F87C1BF7FE0F4C07F88C1C17FCA
:10B46000CCCEC27F89C1C37F8AC1C47F8BC1C57F57
:10B47000E1B3C67F8CC1C77F8DC1C87F8EC1C97F34
:10B480008FC1CA7FB4F1CB7F90C1CC7FEED2CD7F8C
:10B4900091C1CE7FE1F4CF7F92C1D07F93C1D17FA4
:10B4A00094C1D27F95C1D37F96C1D47FE8CFD57F99
:10B4B000E2F4D67F97C1D77F98C1D87FCCC7D97F18
:10B4C00099C1DA7F9AC1DB7F9BC1DC7F9CC1DD7FA4
:10B4D0009DC1DE7F9EC1DF7FD4B5E07FE4B4E17F14
:10B4E000E4F4E27F9FC1E37FA0C1E47F40C2E57F37
:10B4F000E3F4E67FE5F4E77F41C2E87F42C2E97FFB
:10B50000E6F4EA7F43C2EB7F44C2EC7F45C2ED7FA5
:10B5100046C2EE7FE7F4EF7F47C2F07FB2BAF17F19
:10B52000BFB0F27F48C2F37FE8F4F47F49C2F57FF1
:10B530004AC2F67F4BC2F77F4CC2F87F4DC2F97FFB
:10B540004EC2FA7F4FC2FB7FADB7FC7FEDD2FD7FCD
:10B5500050C2FE7F51C2FF7F52C20080ABD2018039
:10B56000CFC0028053C20380BCBF0480A3EB058020
:10B57000DFD50680C8EA078054C2088055C209801A
:10B5800056C20A8057C20B80F3F10C80F8B60D80CA
:10B59000A3CB0E8058C20F8059C21080CDC4118039
:10B5A0005AC21280E7F113805BC21480E8F1158063
:10B5B000FBB81680E9F11780C4BA1880C5D4198089
:10B5C000D2B01A805CC21B805DC21C80EAF11D8073
:10B5D0005EC21E805FC21F8060C22080EBF12180AE
:10B5E00061C22280ECF1238062C2248063C2258084
:10B5F000EDF12680EEF12780EFF12880F1F129802E
:10B60000F0F12A80D5C52B8064C22C8065C22D80C4
:10B6100066C22E8067C22F8068C2308069C23180C6
:10B62000F2F132806AC23380FAB634806BC2358060
:10B63000F4F13680AED23780C7DE3880CACB39808D
:10B640006CC23A806DC23B80DCB33C806EC23D80F0
:10B65000A2B53E806FC23F80A2B9408070C24180D7
:10B6600071C24280F4C44380F5F1448072C24580C7
:10B6700073C24680F6F1478074C2488075C2498023
:10B6800076C24A80C4C14B80FBC14C80B0D64D808D
:10B69000F7F14E8077C24F8078C2508079C25180D6
:10B6A0007AC25280F8F153807BC25480AAC155807F
:10B6B0007CC256807DC257807EC25880B8C65980F1
:10B6C00080C25A80DBBE5B8081C25C8082C25D80AA
:10B6D00083C25E8084C25F8085C2608086C26180D2
:10B6E00087C2628088C2638089C264808AC26580A2
:10B6F0008BC266808CC267808DC268808EC2698072
:10B70000F9F16A80CFB46B808FC26C8090C26D807B
:10B7100091C26E8092C26F8093C2708094C2718019
:10B72000FAF1728095C2738096C2748097C2758058
:10B7300098C2768099C277809AC278809BC27980BD
:10B740009CC27A809DC27B809EC27C809FC27D808D
:10B75000A0C27E8040C37F80B2ED8080B1ED818049
:10B7600041C3828042C38380E0CB8480DED2858067
:10B7700043C38680C1CB8780D8D5888044C3898065
:10B78000E2C88A8045C38B80DFC08C80A1BC8D80DD
:10B7900046C38E8047C38F8048C3908049C3918041
:10B7A0004AC392804BC39380C1EB94804CC3958075
:10B7B0004DC39680A4D097804EC39880E2D69980DE
:10B7C0004FC39A80C7B69B80D8B89C80C0EB9D8041
:10B7D000CEB89E8050C39F80BFEBA080A6B3A1804F
:10B7E000C9B9A280ABD6A38051C3A480F4B7A58009
:10B7F000CAB7A68052C3A78053C3A88054C3A980E8
:10B80000E7BCAA80BEB7AB80C6EBAC8055C3AD80A9
:10B81000C7EBAE80B9B0AF80CFBFB08056C3B180A8
:10B82000C5EBB280FDD3B38057C3B480C8EBB580FD
:10B8300058C3B68059C3B780C9EBB8805AC3B98022
:10B840005BC3BA80CEB7BB805CC3BC80C2EBBD809B
:10B85000C4EBBE80F6C9BF80D7D6C080CDD5C1802D
:10B86000B2D0C280CFEBC380B8CEC480D0EBC5804D
:10B870005DC3C680A8B5C7805EC3C8805FC3C980EA
:10B8800060C3CA8061C3CB8062C3CC80B3B1CD80BA
:10B89000D2EBCE80A5CCCF8063C3D08064C3D180EF
:10B8A00065C3D28066C3D38067C3D48068C3D580A4
:10B8B00069C3D680D6C5D780D3EBD8806AC3D98078
:10B8C000D1EBDA80DFC5DB80CEEBDC80A4CADD8083
:10B8D000D5EBDE80FBB0DF806BC3E0806CC3E18022
:10B8E000FABAE2806DC3E3806EC3E480B7D8E58026
:10B8F000E3F1E6806FC3E780CAEBE880CBEBE98039
:10B90000CCEBEA80CDEBEB80D6EBEC80C0E6ED80B3
:10B91000D9EBEE8070C3EF80E8BFF080C8D2F18031
:10B92000D7EBF280DCEBF380ECB8F480D8EBF58059
:10B9300071C3F680BABDF78072C3F880D8D0F980A1
:10B9400073C3FA80B7B0FB8074C3FC80DDEBFD806D
:10B95000DCC4FE8075C3FF8076C3008177C301819C
:10B9600078C30281ACD6038179C304817AC305818F
:10B970007BC30681E0B407817CC308817DC3098154
:10B98000F6C20A81B9BC0B817EC30C8180C30D81D4
:10B99000DAEB0E81DBEB0F81E0D41081EAC6118176
:10B9A000D4C41281DFEB1381A7C51481F5D91581A9
:10B9B00081C31681B1B2178182C31881E4EB19816A
:10B9C00083C31A81C5BD1B8184C31C8185C31D81AE
:10B9D00086C31E81E2EB1F8187C3208188C321813A
:10B9E00089C322818AC323818BC324818CC325818F
:10B9F0008DC326818EC327818FC3288190C329815F
:10BA000091C32A8192C32B8193C32C81E3EB2D81B7
:10BA100094C32E8195C32F81ACB8308196C33181F8
:10BA2000D1CD3281E5EB338197C3348198C3358121
:10BA300099C33681E1EB37819AC33881B3C139812B
:10BA40009BC33A819CC33B819DC33C819EC33D8186
:10BA50009FC33E81A2C63F81A0C3408140C44181B3
:10BA600041C4428142C4438143C4448144C44581AA
:10BA700045C44681F3CC478146C44881E6EB498101
:10BA800047C44A81B0C04B81B8D24C81E7EB4D81AD
:10BA900048C44E8149C44F814AC45081AFB85181D6
:10BAA000ADB852814BC45381E8EB5481BBC755817B
:10BAB000F3CD56814CC457814DC458814EC4598131
:10BAC000EAEB5A81EBEB5B814FC45C8150C45D8132
:10BAD00051C45E8152C45F8153C46081EDEB6181CA
:10BAE00054C4628155C4638156C4648157C465815E
:10BAF000C8D0668158C46781F2EB688159C46981F6
:10BB0000EEEB6A815AC46B815BC46C815CC46D814D
:10BB1000F1EB6E81F9C86F815DC47081FCD17181D8
:10BB2000ECEB72815EC473815FC47481E9EB758153
:10BB300060C4768161C4778162C4788163C479818D
:10BB4000B9B87A81D9CF7B81E5C47C81EFEB7D8167
:10BB5000F0EB7E81DACC7F81C8CD8081F2B081812B
:10BB600064C48281F6EB838165C4848166C4858167
:10BB700067C4868168C4878169C48881F5EB89813F
:10BB80006AC48A81B2B28B816BC48C816CC48D8192
:10BB90006DC48E816EC48F81E0B890816FC4918135
:10BBA000F7EB928170C4938171C4948172C49581C2
:10BBB00073C4968174C4978175C49881ECB19981DE
:10BBC00076C49A8177C49B81C5CC9C81A4C49D8195
:10BBD000A5CF9E8178C49F8179C4A0817AC4A181B8
:10BBE0007BC4A2817CC4A381F9EBA4817DC4A5811F
:10BBF0007EC4A681A2ECA78180C4A881F2C5A981D8
:10BC000081C4AA81FAEBAB8182C4AC8183C4AD81CB
:10BC100084C4AE8185C4AF8186C4B08187C4B1813C
:10BC200088C4B28189C4B381C5C9B4818AC4B581CD
:10BC30008BC4B6818CC4B7818DC4B8818EC4B981E0
:10BC40008FC4BA81DFE2BB81FEEBBC8190C4BD81B1
:10BC500091C4BE8192C4BF8193C4C081CECDC18145
:10BC6000A1ECC281DBB1C381B7D3C48194C4C581C7
:10BC700095C4C681DCD2C78196C4C88197C4C981E6
:10BC800098C4CA81FDEBCB8199C4CC81FBEBCD81FB
:10BC90009AC4CE819BC4CF819CC4D0819DC4D181E4
:10BCA0009EC4D2819FC4D381A0C4D48140C5D58114
:10BCB00041C5D68142C5D78143C5D88144C5D98104
:10BCC00045C5DA8146C5DB8147C5DC8148C5DD81D4
:10BCD00049C5DE814AC5DF814BC5E0814CC5E181A4
:10BCE0004DC5E2814EC5E381BCB3E4814FC5E5811A
:10BCF00050C5E68151C5E781B0EAE88152C5E981C6
:10BD000053C5EA81D4D7EB8154C5EC81ABF4ED8106
:10BD1000F4B3EE8155C5EF8156C5F08157C5F18169
:10BD200058C5F28159C5F381C1D6F481C2D6F581D7
:10BD30005AC5F6815BC5F7815CC5F8815DC5F9819F
:10BD40005EC5FA815FC5FB81E9D5FC81CABEFD8174
:10BD500060C5FE81A7F4FF8161C50082A8D201827F
:10BD6000A8F40282A9F4038262C50482AAF40582BF
:10BD7000CBBE0682DFD3078263C5088264C5098211
:10BD800065C50A8266C50B8267C50C82E0C90D8253
:10BD9000E1C90E8268C50F8269C51082C2F31182A3
:10BDA0006AC51282E6CA13826BC51482F2CC158270
:10BDB0006CC516826DC517826EC518826FC5198253
:10BDC00070C51A8271C51B82B6E21C82B4CB1D827B
:10BDD00072C51E82E8CE1F82DBD6208273C5218207
:10BDE000ADF42282AEF42382AFF4248274C525829E
:10BDF00075C5268276C5278277C52882B2F4298246
:10BE000078C52A82BDBA2B82B3F42C82E3B02D828E
:10BE1000B0F42E8279C52F82B1F43082A2BD318276
:10BE2000D5B232827AC53382B6F43482B7F4358221
:10BE3000E6B63682B0B23782CFCF3882B4F43982D8
:10BE4000ACB43A827BC53B82B5F43C827CC53D8272
:10BE50007DC53E82B8F43F827EC5408280C5418266
:10BE600081C5428282C5438283C54482B9F445823A
:10BE700084C5468285C54782A7CD488286C549824A
:10BE8000BAF44A8287C54B82BBF44C8288C54D8286
:10BE900089C54E828AC54F82BCF450828BC55182BF
:10BEA0008CC552828DC553828EC554828FC55582F2
:10BEB00090C5568291C5578292C55882D2CB59827D
:10BEC00093C55A82BDF45B8294C55C8295C55D8240
:10BED00096C55E8297C55F82BEF4608298C5618216
:10BEE00099C562829AC563829BC564829CC565823E
:10BEF0009DC566829EC567829FC56882BFF46982C0
:10BF0000A0C56A8240C66B8241C66C8242C66D8201
:10BF100043C66E82DEF46F82BCC17082E8BC71825F
:10BF200044C67282ABC97382DED17482F5E5758234
:10BF300045C6768246C6778247C6788248C67982E9
:10BF4000B3DC7A82D5D27B8249C67C824AC67D82A6
:10BF5000B4DC7E82ACB07F82B5DC80824BC681824D
:10BF60004CC68282DABD83824DC68482B9DC85826A
:10BF70004EC686824FC6878250C68882C2D88982C2
:10BF800051C68A82B7DC8B82F3D38C8252C68D82F3
:10BF9000D6C98E82BADC8F82B6DC908253C691827B
:10BFA000BBDC9282A2C3938254C6948255C695820A
:10BFB00056C6968257C69782BCDC9882C5DC9982A9
:10BFC000BDDC9A8258C69B8259C69C82DFCE9D8278
:10BFD000A5D69E825AC69F82CFDCA0825BC6A18274
:10BFE000CDDCA2825CC6A3825DC6A482D2DCA5821F
:10BFF000E6BDA682ABC2A7825EC6A882B8DCA982D3
:10C00000CBDCAA82CEDCAB82BEDCAC82D2B7AD8206
:10C01000C5B0AE82C7DCAF82BED0B082C1DCB18217
:10C02000A8BBB2825FC6B382BCB7B482CCDCB58297
:10C0300060C6B68261C6B782C6DCB882BFDCB98290
:10C04000DBC7BA8262C6BB8263C6BC8264C6BD82DD
:10C05000BFD1BE82C0DCBF8265C6C08266C6C18257
:10C06000CADCC28267C6C38268C6C482D0DCC5820D
:10C0700069C6C6826AC6C782ADCEC882C2DCC98222
:10C080006BC6CA82C3DCCB82C8DCCC82C9DCCD8261
:10C09000D4B2CE82D1DCCF82D5CBD0826CC6D18255
:10C0A000B7D4D282DBDCD382DFDCD482A6CCD582CB
:10C0B000E6DCD6826DC6D782E7C3D882DCDCD982C3
:10C0C0006EC6DA826FC6DB82C1BFDC82D9DCDD825C
:10C0D00070C6DE82FAB0DF82B6B9E082E5DCE182CA
:10C0E000D3DCE28271C6E382C4DCE482D6DCE58282
:10C0F000F4C8E682E0BFE78272C6E88273C6E982CE
:10C1000074C6EA8275C6EB82BBC9EC8276C6ED8244
:10C1100077C6EE8278C6EF82BDB1F08279C6F18231
:10C12000A2D3F2827AC6F3827BC6F482DADCF5828D
:10C130007CC6F6827DC6F782D5DCF8827EC6F9829F
:10C14000BBC6FA8280C6FB82DEDCFC8281C6FD8231
:10C1500082C6FE8283C6FF8284C6008385C60183B1
:10C16000C2D70283AFC30383B6B70483D1C70583A5
:10C17000A9C30683E2DC0783D8DC0883EBDC0983F0
:10C18000D4DC0A8386C60B8387C60C83DDDC0D8373
:10C1900088C60E83A5BE0F83D7DC108389C61183A2
:10C1A000E0DC12838AC613838BC61483E3DC158319
:10C1B000E4DC16838CC61783F8DC18838DC61983DC
:10C1C0008EC61A83E1DC1B83A2DD1C83E7DC1D83A2
:10C1D0008FC61E8390C61F8391C6208392C621837B
:10C1E00093C6228394C6238395C6248396C625834B
:10C1F00097C6268398C62783EBBC2883C4B42983BB
:10C2000099C62A839AC62B83A3C32C83E7B22D83B6
:10C21000FADC2E839BC62F83F2DC30839CC63183ED
:10C22000EFDC32839DC63383FCDC3483EEDC358364
:10C23000F0D23683E8B237839EC63883D7C83983B5
:10C24000E3C83A83FBDC3B839FC63C83EDDC3D8344
:10C25000A0C63E8340C73F8341C74083F7DC41838C
:10C2600042C7428343C74383F5DC448344C74583C5
:10C2700045C74683A3BE4783F4DC488346C749834A
:10C28000DDB24A8347C74B8348C74C8349C74D83B8
:10C290004AC74E834BC74F83F3DC5083F6BC5183B0
:10C2A000E8DC5283C4BB53834CC75483F3C055832B
:10C2B0004DC756834EC757834FC7588350C75983BE
:10C2C00051C75A83D4BC5B83E9DC5C83EADC5D83C1
:10C2D00052C75E83F1DC5F83F6DC6083F9DC618347
:10C2E000B4B5628353C76383D9C86483E7BB6583EE
:10C2F000FEDC6683FDDC6783ABD36883A1DD6983E5
:10C30000A3DD6A83A5DD6B83F1D26C83A4DD6D832D
:10C31000A6DD6E83A7DD6F83A9D2708354C77183B6
:10C3200055C7728356C7738357C7748358C77583BD
:10C3300059C776835AC77783C9BA7883A9DD7983C9
:10C340005BC77A835CC77B83B6DD7C83B1DD7D838D
:10C35000B4DD7E835DC77F835EC780835FC78183D3
:10C3600060C7828361C7838362C7848363C7858311
:10C37000B0DD8683CEC6878364C7888365C789831B
:10C38000F2C08A8366C78B8367C78C8368C78D8337
:10C3900069C78E83AFC98F836AC790836BC7918348
:10C3A0006CC79283ECDC9383AEDD94836DC7958379
:10C3B0006EC796836FC7978370C79883B7DD9983DD
:10C3C00071C79A8372C79B83F0DC9C83AFDD9D832A
:10C3D00073C79E83B8DD9F8374C7A083ACDDA18340
:10C3E00075C7A28376C7A38377C7A48378C7A583BD
:10C3F00079C7A6837AC7A7837BC7A883B9DDA9833A
:10C40000B3DDAA83ADDDAB83AAC4AC837CC7AD83A7
:10C410007DC7AE837EC7AF8380C7B083A8DDB183FD
:10C42000B3C0B283ABC1B383AADDB483ABDDB58344
:10C4300081C7B683B2DDB783F1BBB883B5DDB983FD
:10C44000A8D3BA83BADDBB8382C7BC83BBDDBD83FF
:10C45000A7C3BE8383C7BF8384C7C083D2DDC18324
:10C46000BCDDC28385C7C38386C7C48387C7C58332
:10C47000D1DDC68388C7C783BDB9C88389C7C983CF
:10C480008AC7CA83D5BECB838BC7CC83FABECD8384
:10C490008CC7CE838DC7CF83CABAD0838EC7D183D2
:10C4A0008FC7D28390C7D38391C7D483CADDD58386
:10C4B00092C7D683C5DDD78393C7D883BFDDD98321
:10C4C00094C7DA8395C7DB8396C7DC83CBB2DD8361
:10C4D000C3DDDE8397C7DF83CBDDE083A4B2E183D6
:10C4E000D5DDE28398C7E38399C7E4839AC7E583E0
:10C4F000BEDDE6839BC7E7839CC7E8839DC7E983CE
:10C50000D0C6EA83D0DDEB839EC7EC839FC7ED8363
:10C51000A0C7EE8340C8EF8341C8F083D4DDF18328
:10C52000E2C1F283C6B7F38342C8F48343C8F583FC
:10C5300044C8F68345C8F78346C8F883CEDDF9833F
:10C54000CFDDFA8347C8FB8348C8FC8349C8FD8315
:10C55000C4DDFE834AC8FF834BC800844CC80184F5
:10C56000BDDD02844DC80384CDDD0484D1CC0584B7
:10C570004EC80684C9DD07844FC8088450C80984A2
:10C5800051C80A8452C80B84C2DD0C84C8C30D8410
:10C59000BCC60E84AECE0F84CCDD108453C811848B
:10C5A000C8DD128454C8138455C8148456C8158431
:10C5B00057C8168458C8178459C81884C1DD19840F
:10C5C0005AC81A845BC81B845CC81C84C6DD1D84E1
:10C5D000DCC21E845DC81F845EC820845FC82184BD
:10C5E00060C8228461C8238462C82484A9D32584B6
:10C5F000AAD32684D3DD2784F4CF2884F8C82984DD
:10C6000063C82A8464C82B8465C82C8466C82D84BA
:10C6100067C82E8468C82F8469C830846AC831848A
:10C62000E6DD32846BC833846CC834846DC83584CD
:10C630006EC836846FC8378470C83884C7DD3984C3
:10C6400071C83A8472C83B8473C83C84E0DD3D8481
:10C65000E4C23E8474C83F8475C8408476C841846F
:10C6600077C8428478C8438479C844847AC84584AA
:10C670007BC84684E1DD47847CC848847DC8498402
:10C680007EC84A8480C84B8481C84C8482C84D844B
:10C6900083C84E8484C84F8485C8508486C851841A
:10C6A000D7DD528487C8538488C8548489C8558488
:10C6B0008AC856848BC85784F8D658848CC8598445
:10C6C000D9DD5A84D8DD5B84F0B85C84D6DD5D8426
:10C6D0008DC85E848EC85F848FC8608490C8618472
:10C6E000CFC6628491C86384ADB6648492C8658401
:10C6F00093C8668494C8678495C8688496C869841A
:10C70000E2DD6A8497C86B84F9BA6C84E1D46D84E5
:10C71000E7DD6E8498C86F8499C870849AC8718464
:10C72000D0B472849BC87384DADD74849CC8758429
:10C73000FBBF7684E3DD77849DC87884DFDD798470
:10C740009EC87A84DDDD7B849FC87C84A0C87D84FC
:10C7500040C97E8441C97F8442C9808443C98184A1
:10C7600044C98284D9B5838445C9848446C98584F3
:10C7700047C9868448C98784DBDD8884DCDD8984F9
:10C78000DEDD8A8449C98B84AFBD8C84E4DD8D8471
:10C790004AC98E84E5DD8F844BC990844CC991844D
:10C7A0004DC992844EC993844FC9948450C99584CD
:10C7B00051C9968452C99784F5DD988453C99984E8
:10C7C000C9C39A8454C99B8455C99C84E2CB9D8477
:10C7D00056C99E8457C99F8458C9A08459C9A18449
:10C7E000F2DDA2845AC9A3845BC9A4845CC9A58470
:10C7F0005DC9A6845EC9A7845FC9A88460C9A984ED
:10C8000061C9AA8462C9AB8463C9AC8464C9AD84BC
:10C8100065C9AE8466C9AF84E1D8B08467C9B18404
:10C8200068C9B284D1C6B38469C9B484F4DDB5845F
:10C830006AC9B6846BC9B7846CC9B884F4D5B984A5
:10C84000F3DDBA84F0DDBB846DC9BC846EC9BD84E0
:10C85000ECDDBE846FC9BF84EFDDC08470C9C184C4
:10C86000E8DDC28471C9C38472C9C484EED0C584B2
:10C8700073C9C68474C9C78475C9C88476C9C98494
:10C88000D8C8CA84EEDDCB8477C9CC8478C9CD847E
:10C89000E9DDCE8479C9CF847AC9D084EADDD18438
:10C8A000F2CBD2847BC9D384EDDDD4847CC9D5841A
:10C8B0007DC9D684CDB1D7847EC9D88480C9D984B6
:10C8C00081C9DA8482C9DB8483C9DC8484C9DD84BC
:10C8D000B6C0DE8485C9DF84BBBCE084F1DDE184C1
:10C8E00086C9E28487C9E384F7DDE48488C9E584E6
:10C8F000F6DDE684EBDDE78489C9E8848AC9E9844A
:10C900008BC9EA848CC9EB848DC9EC84EEC5ED84B7
:10C910008EC9EE848FC9EF8490C9F084FBDDF18469
:10C9200091C9F28492C9F38493C9F48494C9F584BB
:10C9300095C9F68496C9F78497C9F88498C9F9848B
:10C9400099C9FA849AC9FB849BC9FC84A4DEFD843E
:10C950009CC9FE849DC9FF84A3DE00859EC9018514
:10C960009FC90285A0C9038540CA048541CA0585BF
:10C9700042CA068543CA078544CA088545CA09854F
:10C9800046CA0A8547CA0B8548CA0C85F8DD0D855D
:10C9900049CA0E854ACA0F854BCA10854CCA1185F3
:10C9A000EFC312854DCA1385FBC214854ECA158587
:10C9B0004FCA168550CA1785E1D5188551CA198501
:10C9C00052CA1A85B5CE1B8553CA1C8554CA1D850B
:10C9D00055CA1E8556CA1F85FDDD208557CA21858B
:10C9E000CCB2228558CA238559CA24855ACA2585BE
:10C9F0005BCA26855CCA27855DCA28855ECA2985EB
:10CA00005FCA2A8560CA2B85E8C42C85DFCA2D85BC
:10CA100061CA2E8562CA2F8563CA308564CA318592
:10CA200065CA328566CA338567CA348568CA358562
:10CA300069CA36856ACA3785BEC73885FADD398541
:10CA4000FCDD3A85FEDD3B85A2DE3C85AAB03D8556
:10CA5000CEB13E856BCA3F856CCA40856DCA4185A3
:10CA60006ECA42856FCA4385ACDE448570CA45856F
:10CA700071CA468572CA478573CA4885A6DE49854C
:10CA8000B6BD4A85EFC84B8574CA4C8575CA4D85BD
:10CA900076CA4E8577CA4F8578CA508579CA51853E
:10CAA0007ACA52857BCA53857CCA54857DCA55850E
:10CAB0007ECA5685A1DE578580CA588581CA5985A8
:10CAC000A5DE5A8582CA5B8583CA5C8584CA5D857A
:10CAD00085CA5E85A9DE5F8586CA608587CA61854D
:10CAE00088CA628589CA63858ACA6485A8DE658525
:10CAF0008BCA66858CCA67858DCA6885A7DE6985FD
:10CB00008ECA6A858FCA6B8590CA6C8591CA6D85FD
:10CB100092CA6E8593CA6F8594CA708595CA7185CD
:10CB200096CA7285ADDE738597CA7485CCD4758537
:10CB300098CA768599CA77859ACA78859BCA798575
:10CB4000B3DE7A85AADE7B85AEDE7C859CCA7D85D8
:10CB50009DCA7E85D9C07F859ECA80859FCA8185F2
:10CB6000A0CA828540CB838541CB8485A1B18585D0
:10CB7000B6DE868542CB8785B1DE888543CB898545
:10CB800044CB8A8545CB8B8546CB8C8547CB8D8521
:10CB900048CB8E8549CB8F85B2DE90854ACB918577
:10CBA0004BCB92854CCB93854DCB94854ECB9585C5
:10CBB0004FCB968550CB978551CB988552CB998595
:10CBC00053CB9A8554CB9B85A6D19C85B5DE9D859C
:10CBD00055CB9E8556CB9F8557CBA08558CBA1853D
:10CBE00059CBA2855ACBA3855BCBA485AFDEA585A7
:10CBF0005CCBA6855DCBA7855ECBA885B0DEA9857D
:10CC00005FCBAA85BDD0AB8560CBAC8561CBAD8554
:10CC100062CBAE85B4DEAF85EDCAB085B9DEB18535
:10CC200063CBB28564CBB38565CBB48566CBB58564
:10CC300067CBB68568CBB785B8DEB88569CBB985D3
:10CC4000B7DEBA856ACBBB856BCBBC856CCBBD85AB
:10CC50006DCBBE856ECBBF856FCBC08570CBC185DC
:10CC6000BBDEC28571CBC38572CBC48573CBC58552
:10CC700074CBC68575CBC78576CBC88577CBC98580
:10CC8000E5BDCA8578CBCB8579CBCC857ACBCD85F4
:10CC90007BCBCE857CCBCF85D8B2D085EAC3D1857E
:10CCA0007DCBD2857ECBD385BADED48580CBD585AE
:10CCB000BAC5D68581CBD78582CBD88583CBD9859C
:10CCC00084CBDA8585CBDB8586CBDC85BCDEDD8558
:10CCD00087CBDE8588CBDF8589CBE0858ACBE18574
:10CCE0008BCBE2858CCBE3858DCBE485D9CCE585F8
:10CCF0008ECBE6858FCBE78590CBE88591CBE98518
:10CD0000AAB7EA8592CBEB8593CBEC8594CBED85E6
:10CD100095CBEE8596CBEF8597CBF08598CBF185BB
:10CD200099CBF2859ACBF3859BCBF4859CCBF5858B
:10CD30009DCBF6859ECBF7859FCBF885A0CBF9855B
:10CD400040CCFA8541CCFB85E5D4FC8542CCFD8501
:10CD500043CCFE8544CCFF85BDDE008645CC0186F4
:10CD600046CC028647CC038648CC048649CC05864F
:10CD7000BFDE06864ACC07864BCC08864CCC09869B
:10CD80004DCC0A864ECC0B864FCC0C8650CC0D86F3
:10CD900051CC0E8652CC0F8653CC108654CC1186C3
:10CDA000A2C4128655CC138656CC148657CC158651
:10CDB00058CC1686C1DE178659CC18865ACC1986EF
:10CDC0005BCC1A865CCC1B865DCC1C865ECC1D863B
:10CDD0005FCC1E8660CC1F8661CC208662CC21860B
:10CDE00063CC228664CC238665CC248666CC2586DB
:10CDF00067CC268668CC2786BEDE288669CC298645
:10CE0000C0DE2A866ACC2B866BCC2C866CCC2D8619
:10CE10006DCC2E866ECC2F866FCC308670CC318652
:10CE200071CC328672CC338673CC348674CC358622
:10CE300075CC368676CC378677CC3886BAD53986A7
:10CE400078CC3A8679CC3B867ACC3C86C2DE3D866D
:10CE50007BCC3E867CCC3F867DCC40867ECC41869A
:10CE600080CC428681CC438682CC448683CC458666
:10CE700084CC468685CC478686CC488687CC498636
:10CE800088CC4A8689CC4B868ACC4C868BCC4D8606
:10CE9000AEF24E86A2BB4F86B2C25086B0C5518656
:10CEA000C7C252868CCC53868DCC5486AFF2558641
:10CEB0008ECC56868FCC578690CC588691CC59868E
:10CEC00092CC5A86E9D05B8693CC5C8694CC5D8606
:10CED00095CC5E86DDD35F8696CC608697CC6186E6
:10CEE00098CC6286BDEB638699CC64869ACC6586C5
:10CEF0009BCC66869CCC67869DCC68869ECC6986DA
:10CF00009FCC6A86A0CC6B86E6B36C86B0F26D8649
:10CF100040CD6E86B1F26F8641CD708642CD71866E
:10CF2000ADCA728643CD738644CD748645CD758671
:10CF300046CD768647CD778648CD788649CD7986A9
:10CF4000E7BA7A86B3F27B86B5F27C86B4F27D8648
:10CF5000E4CB7E86BACF7F86B2F28086B4CA818661
:10CF6000CFD28286ECC283864ACD84864BCD85861D
:10CF70004CCD86864DCD87864ECD88864FCD898611
:10CF800050CD8A86C3CE8B86B8F28C86F6B08D865D
:10CF9000B7F28E8651CD8F8652CD908653CD918635
:10CFA00054CD928655CD9386BEF2948656CD958605
:10CFB000CFB2968657CD978658CD988659CD99860B
:10CFC0005ACD9A865BCD9B865CCD9C86C1D19D86D1
:10CFD000BAF29E865DCD9F865ECDA0865FCDA1868E
:10CFE00060CDA28661CDA386BCF2A486E9D4A586D5
:10CFF00062CDA68663CDA786BBF2A886B6F2A986C7
:10D00000BFF2AA86BDF2AB8664CDAC86B9F2AD861E
:10D0100065CDAE8666CDAF86C7F2B086C4F2B18666
:10D02000C6F2B28667CDB38668CDB486CAF2B5863D
:10D03000C2F2B686C0F2B78669CDB8866ACDB98627
:10D040006BCDBA86C5F2BB866CCDBC866DCDBD8678
:10D050006ECDBE866FCDBF8670CDC086FBD6C18635
:10D0600071CDC28672CDC38673CDC486C1F2C5862A
:10D0700074CDC686F9C7C786DFC9C88675CDC9868F
:10D08000C8F2CA86C6B9CB86B0B5CC8676CDCD8679
:10D0900077CDCE86C3F2CF86C9F2D086D0F2D186C4
:10D0A000D6F2D28678CDD38679CDD486D7BBD58635
:10D0B0007ACDD6867BCDD7867CCDD886D5F2D9865B
:10D0C000DCCDDA867DCDDB86EBD6DC867ECDDD86DB
:10D0D00080CDDE86D2F2DF86D4F2E08681CDE18695
:10D0E00082CDE28683CDE38684CDE486F2B8E58600
:10D0F00085CDE68686CDE78687CDE88688CDE9862C
:10D10000CBF2EA8689CDEB868ACDEC868BCDED8697
:10D11000CEF2EE86F9C2EF868CCDF086DDD5F186B3
:10D12000CCF2F286CDF2F386CFF2F486D3F2F58616
:10D130008DCDF6868ECDF7868FCDF886D9F2F9861D
:10D14000BCD3FA8690CDFB8691CDFC8692CDFD8630
:10D1500093CDFE86EAB6FF8694CD0087F1CA01879B
:10D1600095CD0287E4B70387D7F2048796CD05876C
:10D1700097CD068798CD0787D8F20887DAF2098716
:10D18000DDF20A87DBF20B8799CD0C879ACD0D87EC
:10D19000DCF20E879BCD0F879CCD10879DCD11872C
:10D1A0009ECD1287D1D11387D1F214879FCD1587D9
:10D1B000C9CD1687A0CD1787CFCE1887A9D61987D6
:10D1C00040CE1A87E3F21B8741CE1C87DBC31D8745
:10D1D00042CE1E87E0F21F8743CE208744CE2187B0
:10D1E000AFC02287ECF22387DEF2248745CE258765
:10D1F000E1F2268746CE278747CE288748CE298763
:10D20000E8F22A8749CE2B874ACE2C874BCE2D8732
:10D210004CCE2E87E2F22F874DCE30874ECE31870F
:10D22000E7F232874FCE338750CE3487E6F2358728
:10D2300051CE368752CE3787E9F2388753CE3987B9
:10D2400054CE3A8755CE3B87DFF23C8756CE3D879A
:10D2500057CE3E87E4F23F87EAF2408758CE4187B7
:10D2600059CE42875ACE43875BCE44875CCE4587F2
:10D270005DCE46875ECE4787ACD34887E5F24987C7
:10D28000F5B24A875FCE4B8760CE4C87F2F24D876E
:10D2900061CE4E87ABD04F8762CE508763CE518729
:10D2A00064CE528765CE5387F5F2548766CE558794
:10D2B00067CE568768CE5787C8BB588769CE5987CF
:10D2C000F9F25A876ACE5B876BCE5C876CCE5D873E
:10D2D0006DCE5E876ECE5F876FCE6087F0F261871E
:10D2E00070CE628771CE6387F6F26487F8F2658745
:10D2F000FAF2668772CE678773CE688774CE6987C5
:10D3000075CE6A8776CE6B8777CE6C8778CE6D8741
:10D3100079CE6E87F3F26F877ACE7087F1F27187DC
:10D320007BCE72877CCE73877DCE7487FBBA758780
:10D330007ECE7687FBB5778780CE788781CE79875A
:10D3400082CE7A8783CE7B87EFF27C87F7F27D8768
:10D35000EDF27E87EEF27F8784CE808785CE81874F
:10D3600086CE8287EBF28387A6F3848787CE858774
:10D37000A3F3868788CE878789CE8887A2F389879B
:10D380008ACE8A878BCE8B87F4F28C878CCE8D8762
:10D39000DAC88E878DCE8F878ECE90878FCE91877D
:10D3A00090CE928791CE9387FBF2948792CE958709
:10D3B00093CE968794CE9787A5F3988795CE998735
:10D3C00096CE9A8797CE9B8798CE9C8799CE9D873D
:10D3D0009ACE9E879BCE9F87F8C3A0879CCEA187BD
:10D3E0009DCEA2879ECEA3879FCEA487A0CEA587E1
:10D3F00040CFA68741CFA78742CFA887FDF2A98754
:10D4000043CFAA8744CFAB87A7F3AC87A9F3AD87F7
:10D41000A4F3AE8745CFAF87FCF2B08746CFB18784
:10D4200047CFB28748CFB387ABF3B48749CFB5872F
:10D43000AAF3B6874ACFB7874BCFB8874CCFB98707
:10D440004DCFBA87DDC2BB874ECFBC874FCFBD87DC
:10D45000AEF3BE8750CFBF8751CFC087B0F3C1872F
:10D4600052CFC28753CFC38754CFC48755CFC58708
:10D4700056CFC687A1F3C78757CFC88758CFC9876C
:10D4800059CFCA87B1F3CB87ACF3CC875ACFCD87BE
:10D490005BCFCE875CCFCF875DCFD0875ECFD18784
:10D4A000AFF3D287FEF2D387ADF3D4875FCFD587B2
:10D4B00060CFD68761CFD78762CFD88763CFD98730
:10D4C00064CFDA8765CFDB87B2F3DC8766CFDD8791
:10D4D00067CFDE8768CFDF8769CFE087B4F3E18766
:10D4E0006ACFE2876BCFE3876CCFE4876DCFE587A8
:10D4F000A8F3E6876ECFE7876FCFE88770CFE9871D
:10D5000071CFEA87B3F3EB8772CFEC8773CFED87E8
:10D5100074CFEE87B5F3EF8775CFF08776CFF187BD
:10D5200077CFF28778CFF38779CFF4877ACFF587F3
:10D530007BCFF6877CCFF7877DCFF8877ECFF987C3
:10D54000B7D0FA8780CFFB8781CFFC8782CFFD875A
:10D5500083CFFE87B8F3FF8784CF008885CF01880B
:10D5600086CF028887CF0388F9D9048888CF0588B9
:10D5700089CF06888ACF07888BCF08888CCF098807
:10D580008DCF0A88B9F30B888ECF0C888FCF0D888A
:10D5900090CF0E8891CF0F8892CF108893CF1188AB
:10D5A00094CF128895CF1388B7F3148896CF158837
:10D5B000E4C81688B6F3178897CF188898CF1988CB
:10D5C00099CF1A889ACF1B88BAF31C889BCF1D88E5
:10D5D0009CCF1E889DCF1F889ECF20889FCF2188FB
:10D5E000BBF32288C0B42388A0CF248840D02588EC
:10D5F00041D0268842D0278843D0288844D0298823
:10D6000045D02A8846D02B8847D02C8848D02D88F2
:10D6100049D02E884AD02F884BD030884CD03188C2
:10D620004DD03288C3EE33884ED034884FD0358801
:10D6300050D0368851D0378852D0388853D0398866
:10D64000BCF33A8854D03B8855D03C88BDF33D8824
:10D6500056D03E8857D03F8858D04088AAD14188BC
:10D6600059D042885AD043885BD04488ACF445886E
:10D67000C6D046885CD047885DD048885ED049884F
:10D680005FD04A8860D04B8861D04C88D0D04D881C
:10D69000DCD14E8862D04F8863D0508864D05188E6
:10D6A00065D0528866D0538867D05488CECF5588CD
:10D6B00068D0568869D05788D6BD58886AD05988AE
:10D6C000C3D15A886BD05B886CD05C886DD05D8884
:10D6D0006ED05E886FD05F8870D0608871D06188AE
:10D6E000E2BA6288E9E16388C2D26488C2F16588DF
:10D6F000B9B2668872D0678873D06888EDB16988DE
:10D70000C3F16A8874D06B88C0C96C88C4B36D8853
:10D7100075D06E88F2D96F8876D07088A5CB718865
:10D7200077D07288C4F1738878D0748879D075887E
:10D730007AD076887BD07788D4D678887CD0798860
:10D740007DD07A887ED07B8880D07C8881D07D888F
:10D75000C5F17E88C0F47F88C6F1808882D0818838
:10D76000ACD48288C7F1838883D08488C0B0858890
:10D77000C1F4868884D0878885D08888C2F4898857
:10D7800086D08A8887D08B88FCB48C8888D08D8896
:10D79000DBC58E8889D08F888AD090888BD091887D
:10D7A0008CD09288BBCC93888DD094888ED095886D
:10D7B0008FD09688E4D0978890D0988891D0998817
:10D7C00092D09A8893D09B8894D09C88E0CD9D88F5
:10D7D00095D09E8896D09F8897D0A08898D0A18811
:10D7E00099D0A288C8F1A3889AD0A488F3D9A58833
:10D7F0009BD0A6889CD0A7889DD0A8889ED0A988B9
:10D800009FD0AA88A0D0AB88BBB1AC8840D1AD88EE
:10D81000AECFAE8841D1AF8842D1B08843D1B18874
:10D82000A4B8B28844D1B38845D1B48846D1B5886C
:10D8300047D1B68848D1B788CAF1B88849D1B988E4
:10D840004AD1BA884BD1BB884CD1BC88CBF1BD88BA
:10D850004DD1BE884ED1BF884FD1C08850D1C1882C
:10D86000C3B2C288D1C1C38851D1C48852D1C5883E
:10D87000B0D7C688C9F1C78853D1C88854D1C988E0
:10D88000CCF1CA8855D1CB8856D1CC8857D1CD8818
:10D8900058D1CE88CEF1CF8859D1D0885AD1D188ED
:10D8A0005BD1D288F6D9D3885CD1D488E1D2D5882F
:10D8B000A3D4D6885DD1D7885ED1D888C3F4D9885F
:10D8C000B9C8DA885FD1DB8860D1DC8861D1DD88B6
:10D8D00062D1DE8863D1DF88C4F4E08864D1E18856
:10D8E00065D1E288CDF1E388CFF1E488E3BFE58834
:10D8F000D0F1E68866D1E78867D1E888D4F1E98875
:10D9000068D1EA8869D1EB886AD1EC886BD1ED885F
:10D910006CD1EE886DD1EF886ED1F088D6F1F188A8
:10D92000D1F1F2886FD1F388D1C9F488E1C5F588C7
:10D9300070D1F68871D1F78872D1F888E3C2F9887E
:10D94000FCB9FA8873D1FB8874D1FC88D3F1FD88C7
:10D9500075D1FE88D5F1FF8876D1008977D101890C
:10D9600078D10289D3B9038979D104897AD105891B
:10D970007BD106897CD107897DD108897ED109892F
:10D9800080D10A89DBF10B8981D10C8982D10D8983
:10D9900083D10E8984D10F8985D11089D6BA118996
:10D9A00086D11289FDB01389D9F1148987D11589DF
:10D9B00088D1168989D117898AD118898BD119897B
:10D9C000D8F11A89D2F11B89DAF11C898CD11D8911
:10D9D0008DD11E898ED11F898FD1208990D1218927
:10D9E000D7F1228991D1238992D1248993D1258994
:10D9F000ECC8268994D1278995D1288996D129897F
:10DA000097D12A89CACD2B89DDF12C8998D12D890E
:10DA100099D12E899AD12F899BD13089BDE5318941
:10DA20009CD132899DD133899ED13489DCF13589ED
:10DA30009FD13689DEF13789A0D1388940D2398922
:10DA400041D23A8942D23B8943D23C8944D23D8972
:10DA500045D23E8946D23F8947D2408948D2418942
:10DA6000DFF1428949D243894AD24489E5CF4589C9
:10DA70004BD246894CD247894DD248894ED24989EA
:10DA80004FD24A8950D24B8951D24C8952D24D89BA
:10DA900053D24E8954D24F8955D2508956D251898A
:10DAA00057D2528958D2538959D254895AD255895A
:10DAB0005BD256895CD257895DD258895ED259892A
:10DAC0005FD25A8960D25B8961D25C8962D25D89FA
:10DAD00063D25E89C5F45F89F3BD608964D26189D0
:10DAE00065D2628966D2638967D2648968D26589A2
:10DAF00069D26689E0F167896AD268896BD26989DF
:10DB00006CD26A896DD26B896ED26C896FD26D8945
:10DB100070D26E8971D26F8972D2708973D2718915
:10DB200074D2728975D2738976D2748977D27589E5
:10DB300078D2768979D277897AD278897BD27989B5
:10DB40007CD27A897DD27B89E1F17C897ED27D8904
:10DB500080D27E8981D27F89F7CE808982D28189E5
:10DB6000AAD2828983D28389FBF1848984D2858970
:10DB700085D28689B2B8878986D2888987D28989F1
:10DB800088D28A8989D28B898AD28C898BD28D89D5
:10DB90008CD28E898DD28F898ED290898FD29189A5
:10DBA00090D2928991D2938992D2948993D2958975
:10DBB00094D2968995D2978996D2988997D2998945
:10DBC00098D29A8999D29B899AD29C899BD29D8915
:10DBD0009CD29E899DD29F899ED2A0899FD2A189E5
:10DBE000A0D2A28940D3A38941D3A48942D3A589D5
:10DBF00043D3A68944D3A78945D3A88946D3A98905
:10DC000047D3AA8948D3AB8949D3AC894AD3AD89D4
:10DC10004BD3AE894CD3AF894DD3B0894ED3B189A4
:10DC20004FD3B28950D3B38951D3B48952D3B58974
:10DC300053D3B68954D3B78955D3B88956D3B98944
:10DC400057D3BA8958D3BB8959D3BC895AD3BD8914
:10DC50005BD3BE895CD3BF895DD3C0895ED3C189E4
:10DC6000FBBCC289DBB9C3895FD3C489E6B9C58966
:10DC7000D9C3C689D3CAC789E8EAC889C0C0C989D7
:10DC8000F5BECA89E9EACB89EAEACC89EBEACD8913
:10DC900060D3CE89ECEACF89EDEAD089EEEAD1896A
:10DCA000EFEAD289C7BDD38961D3D48962D3D5893C
:10DCB00063D3D689FBF5D78964D3D88965D3D9894D
:10DCC00066D3DA89FDF5DB8967D3DC89FEF5DD896A
:10DCD00068D3DE89FCF5DF8969D3E0896AD3E189FD
:10DCE0006BD3E2896CD3E389E2BDE4896DD3E58926
:10DCF000A1F6E689A5B4E7896ED3E8896FD3E989EF
:10DD000070D3EA8971D3EB89A2F6EC8972D3ED89DD
:10DD100073D3EE8974D3EF89A3F6F08975D3F189B3
:10DD200076D3F28977D3F389B2ECF48978D3F58985
:10DD300079D3F6897AD3F7897BD3F8897CD3F989AB
:10DD40007DD3FA897ED3FB8980D3FC8981D3FD8979
:10DD500082D3FE8983D3FF8984D3008AD4D1018AF8
:10DD600085D3028A86D3038A87D3048A88D3058A17
:10DD700089D3068A8AD3078AEAD9088A8BD3098A83
:10DD80008CD30A8A8DD30B8A8ED30C8A8FD30D8ABB
:10DD900090D30E8A91D30F8A92D3108A93D3118A8B
:10DDA00094D3128A95D3138A96D3148A97D3158A5B
:10DDB00098D3168A99D3178A9AD3188A9BD3198A2B
:10DDC0009CD31A8A9DD31B8A9ED31C8A9FD31D8AFB
:10DDD000A0D31E8A40D41F8A41D4208A42D4218AEB
:10DDE00043D4228A44D4238A45D4248A46D4258A1B
:10DDF00047D4268A48D4278A49D4288A4AD4298AEB
:10DE00004BD42A8A4CD42B8A4DD42C8A4ED42D8ABA
:10DE10004FD42E8A50D42F8A51D4308A52D4318A8A
:10DE200053D4328A54D4338A55D4348A56D4358A5A
:10DE300057D4368A58D4378A59D4388A5AD4398A2A
:10DE40005BD43A8A5CD43B8A5DD43C8A5ED43D8AFA
:10DE50005FD43E8AA4F63F8A60D4408A61D4418A66
:10DE600062D4428A63D4438A64D4448A65D4458A9E
:10DE700066D4468A67D4478A68D4488ABAEE498A03
:10DE800069D44A8A6AD44B8A6BD44C8A6CD44D8A42
:10DE90006DD44E8A6ED44F8A6FD4508A70D4518A12
:10DEA00071D4528A72D4538A73D4548A74D4558AE2
:10DEB00075D4568A76D4578A77D4588A78D4598AB2
:10DEC00079D45A8A7AD45B8A7BD45C8A7CD45D8A82
:10DED0007DD45E8A7ED45F8A80D4608A81D4618A50
:10DEE00082D4628A83D4638A84D4648A85D4658A1E
:10DEF00086D4668A87D4678A88D4688A89D4698AEE
:10DF00008AD46A8A8BD46B8A8CD46C8A8DD46D8ABD
:10DF10008ED46E8A8FD46F8A90D4708A91D4718A8D
:10DF200092D4728A93D4738A94D4748A95D4758A5D
:10DF300096D4768A97D4778A98D4788A99D4798A2D
:10DF4000B2D57A8A9AD47B8A9BD47C8A9CD47D8AE7
:10DF50009DD47E8A9ED47F8A9FD4808AA0D4818AD1
:10DF600040D5828A41D5838A42D5848A43D5858A21
:10DF700044D5868A45D5878A46D5888A47D5898AF1
:10DF8000FED38A8ADCCC8B8A48D58C8A49D58D8A87
:10DF90004AD58E8A4BD58F8A4CD5908A4DD5918A99
:10DFA0004ED5928A4FD5938AC4CA948A50D5958A01
:10DFB00051D5968A52D5978A53D5988A54D5998A3D
:10DFC00055D59A8A56D59B8A57D59C8A58D59D8A0D
:10DFD00059D59E8A5AD59F8A5BD5A08A5CD5A18ADD
:10DFE0005DD5A28A5ED5A38A5FD5A48A60D5A58AAD
:10DFF00061D5A68A62D5A78A63D5A88A64D5A98A7D
:10E0000065D5AA8A66D5AB8A67D5AC8A68D5AD8A4C
:10E0100069D5AE8A6AD5AF8A6BD5B08A6CD5B18A1C
:10E020006DD5B28A6ED5B38A6FD5B48A70D5B58AEC
:10E0300071D5B68A72D5B78A73D5B88A74D5B98ABC
:10E0400075D5BA8A76D5BB8A77D5BC8A78D5BD8A8C
:10E0500079D5BE8A7AD5BF8A7BD5C08A7CD5C18A5C
:10E060007DD5C28A7ED5C38A80D5C48A81D5C58A2A
:10E0700082D5C68A83D5C78A84D5C88A85D5C98AF8
:10E0800086D5CA8A87D5CB8A88D5CC8A89D5CD8AC8
:10E090008AD5CE8A8BD5CF8A8CD5D08A8DD5D18A98
:10E0A0008ED5D28A8FD5D38A90D5D48A91D5D58A68
:10E0B00092D5D68A93D5D78A94D5D88A95D5D98A38
:10E0C00096D5DA8A97D5DB8A98D5DC8A99D5DD8A08
:10E0D0009AD5DE8A9BD5DF8A9CD5E08A9DD5E18AD8
:10E0E0009ED5E28A9FD5E38AA0D5E48A40D6E58A08
:10E0F00041D6E68A42D6E78A43D6E88A44D6E98AF8
:10E1000045D6EA8A46D6EB8A47D6EC8A48D6ED8AC7
:10E1100049D6EE8A4AD6EF8A4BD6F08A4CD6F18A97
:10E120004DD6F28A4ED6F38A4FD6F48A50D6F58A67
:10E1300051D6F68A52D6F78A53D6F88A54D6F98A37
:10E1400055D6FA8A56D6FB8A57D6FC8A58D6FD8A07
:10E1500059D6FE8A5AD6FF8A5BD6008B5CD6018BD5
:10E160005DD6028B5ED6038B5FD6048B60D6058BA3
:10E1700061D6068B62D6078BC0E5088B63D6098B08
:10E1800064D60A8B65D60B8B66D60C8B67D60D8B47
:10E1900068D60E8B69D60F8B6AD6108B6BD6118B17
:10E1A0006CD6128B6DD6138B6ED6148B6FD6158BE7
:10E1B00070D6168B71D6178B72D6188B73D6198BB7
:10E1C00074D61A8B75D61B8B76D61C8B77D61D8B87
:10E1D00078D61E8B79D61F8B7AD6208B7BD6218B57
:10E1E0007CD6228B7DD6238B7ED6248B80D6258B26
:10E1F00081D6268BA5F6278B82D6288B83D6298BB2
:10E2000084D62A8B85D62B8B86D62C8B87D62D8BC6
:10E2100088D62E8B89D62F8B8AD6308B8BD6318B96
:10E220008CD6328B8DD6338B8ED6348B8FD6358B66
:10E2300090D6368B91D6378B92D6388B93D6398B36
:10E2400094D63A8B95D63B8B96D63C8B97D63D8B06
:10E2500098D63E8B99D63F8B9AD6408B9BD6418BD6
:10E260009CD6428B9DD6438B9ED6448B9FD6458BA6
:10E27000A0D6468B40D7478B41D7488B42D7498B96
:10E2800043D74A8B44D74B8B45D74C8B46D74D8BC6
:10E2900047D74E8B48D74F8B49D7508B4AD7518B96
:10E2A0004BD7528B4CD7538B4DD7548B4ED7558B66
:10E2B0004FD7568B50D7578B51D7588B52D7598B36
:10E2C00053D75A8B54D75B8B55D75C8B56D75D8B06
:10E2D00057D75E8B58D75F8B59D7608B5AD7618BD6
:10E2E0005BD7628B5CD7638B5DD7648B5ED7658BA6
:10E2F0005FD7668BAFBE678B60D7688B61D7698B42
:10E3000062D76A8B63D76B8B64D76C8BA9C66D8B16
:10E3100065D76E8B66D76F8B67D7708B68D7718B1D
:10E3200069D7728B6AD7738B6BD7748B6CD7758BED
:10E330006DD7768B6ED7778B6FD7788B70D7798BBD
:10E3400071D77A8B72D77B8B73D77C8B74D77D8B8D
:10E3500075D77E8B76D77F8B77D7808B78D7818B5D
:10E3600079D7828B7AD7838B7BD7848B7CD7858B2D
:10E370007DD7868B7ED7878B80D7888B81D7898BFB
:10E3800082D78A8B83D78B8B84D78C8B85D78D8BC9
:10E3900086D78E8B87D78F8B88D7908B89D7918B99
:10E3A0008AD7928B8BD7938B8CD7948B8DD7958B69
:10E3B0008ED7968B8FD7978B90D7988B91D7998B39
:10E3C00092D79A8B93D79B8B94D79C8B95D79D8B09
:10E3D00096D79E8B97D79F8B98D7A08BA5DAA18BCA
:10E3E000C6BCA28BA9B6A38BBCB8A48BCFC8A58B87
:10E3F000A5BCA68BA6DAA78BA7DAA88BD6CCA98B4F
:10E40000C3C8AA8BA8DAAB8BFDC6AC8B99D7AD8BF2
:10E41000B5D1AE8BE9D2AF8BB6D1B08BC7BCB18BC7
:10E420009AD7B28BB2BDB38BE4BBB48BA9DAB58BF0
:10E43000AADAB68BC8D1B78BABDAB88BEDD0B98B73
:10E44000EFB6BA8BDBC2BB8B9BD7BC8BCFCBBD8B64
:10E45000EDB7BE8BE8C9BF8BC3B7C08BF7BEC18B0E
:10E46000A4D6C28BACDAC38BADDAC48BC0C6C58B65
:10E47000E7D7C68BB6CAC78B9CD7C88BA9D5C98B23
:10E48000DFCBCA8BEFD5CB8BAEDACC8BDFD6CD8B87
:10E49000CAB4CE8BB0DACF8BAFDAD08B9DD7D18B0D
:10E4A000EBD2D28BB1DAD38BB2DAD48BB3DAD58B91
:10E4B000D4CAD68BB4DAD78BABCAD88BB5DAD98BA2
:10E4C000B6DADA8BCFB3DB8BEFD6DC8BB7DADD8B4A
:10E4D000B0BBDE8BAEB5DF8BB8DAE08BB9DAE18B9F
:10E4E000EEB9E28BAFD1E38BE8D2E48BBADAE58BFD
:10E4F000C3B8E68BEACFE78BEFB2E88BBBDAE98BE8
:10E50000BCDAEA8B9ED7EB8BEBBDEC8BDCCEED8BD4
:10E51000EFD3EE8BBDDAEF8BF3CEF08BBEDAF18B5F
:10E52000D5D3F28BE5BBF38BBFDAF48BB5CBF58B90
:10E53000D0CBF68BC0DAF78BEBC7F88BEED6F98B26
:10E54000C1DAFA8BB5C5FB8BC1B6FC8BC2DAFD8B89
:10E55000CCB7FE8BCEBFFF8BC3DA008CC4DA018C44
:10E56000ADCB028CC5DA038CF7B5048CC6DA058C0A
:10E57000C2C1068CBBD7078CC7DA088CB8CC098C13
:10E580009FD70A8CEAD20B8CB1C40C8CC8DA0D8CE4
:10E59000FDB50E8CD1BB0F8CC9DA108CB3D0118CA9
:10E5A000CADA128CCBDA138CBDCE148CCCDA158C73
:10E5B000CDDA168CCEDA178CF7B2188CD1DA198C2A
:10E5C000CFDA1A8CE8D11B8CD0DA1C8CD5C31D8C09
:10E5D000D2DA1E8CA0D71F8CD3DA208CD4DA218C0F
:10E5E000D5DA228CBBD0238CA5D2248CF9B0258C13
:10E5F000D6DA268CABC7278CD7DA288CF7BD298CC6
:10E60000A1C32A8CD8DA2B8CD9DA2C8CFDC32D8CA3
:10E61000B7CC2E8CDADA2F8CDBDA308CBEC0318CA2
:10E62000D7C6328CDCDA338CDDDA348CB4C7358C67
:10E63000DEDA368CDFDA378CC8B9388C40D8398CC2
:10E6400041D83A8C42D83B8C43D83C8C44D83D8C42
:10E6500045D83E8C46D83F8C47D8408C48D8418C12
:10E66000EDBB428C49D8438C4AD8448C4BD8458C5E
:10E670004CD8468CB9B6478CF8F4488C4DD8498CA8
:10E68000F9F44A8C4ED84B8C4FD84C8CE3CD4D8C42
:10E6900050D84E8C51D84F8C52D8508C53D8518C66
:10E6A00054D8528C55D8538C56D8548C57D8558C36
:10E6B000B9F5568C58D8578C59D8588C5AD8598C8B
:10E6C0005BD85A8CE0EB5B8C5CD85C8C5DD85D8C45
:10E6D0005ED85E8C5FD85F8C60D8608C61D8618CAE
:10E6E000F3CF628CBFBB638C62D8648C63D8658CBB
:10E6F00064D8668C65D8678C66D8688C67D8698C56
:10E7000068D86A8CC0BA6B8CA5D46C8C69D86D8CB7
:10E710006AD86E8C6BD86F8C6CD8708C6DD8718CFD
:10E720006ED8728C6FD8738CD9E1748C70D8758C5C
:10E7300071D8768C72D8778C73D8788CF4F5798C04
:10E74000AAB17A8CF2B27B8C74D87C8C75D87D8C13
:10E7500076D87E8C77D87F8C78D8808C79D8818C4D
:10E760007AD8828CF5F5838C7BD8848C7CD8858C88
:10E77000F7F5868C7DD8878C7ED8888C80D8898C5C
:10E78000D1BA8A8CF6F58B8C81D88C8CB2C38D8CE7
:10E7900082D88E8C83D88F8C84D8908C85D8918C9D
:10E7A00086D8928C87D8938C88D8948CF9F5958CE0
:10E7B00089D8968C8AD8978C8BD8988CF8F5998CB8
:10E7C0008CD89A8C8DD89B8C8ED89C8C8FD89D8C15
:10E7D00090D89E8C91D89F8C92D8A08C93D8A18CE5
:10E7E00094D8A28C95D8A38C96D8A48C97D8A58CB5
:10E7F00098D8A68C99D8A78C9AD8A88C9BD8A98C85
:10E800009CD8AA8C9DD8AB8C9ED8AC8C9FD8AD8C54
:10E81000A0D8AE8C40D9AF8C41D9B08C42D9B18C44
:10E8200043D9B28C44D9B38C45D9B48C46D9B58C74
:10E8300047D9B68C48D9B78C49D9B88C4AD9B98C44
:10E840004BD9BA8C4CD9BB8C4DD9BC8C4ED9BD8C14
:10E850004FD9BE8C50D9BF8C51D9C08C52D9C18CE4
:10E8600053D9C28C54D9C38C55D9C48C56D9C58CB4
:10E8700057D9C68C58D9C78C59D9C88C5AD9C98C84
:10E880005BD9CA8C5CD9CB8C5DD9CC8C5ED9CD8C54
:10E890005FD9CE8C60D9CF8C61D9D08C62D9D18C24
:10E8A00063D9D28C64D9D38C65D9D48C66D9D58CF4
:10E8B00067D9D68C68D9D78C69D9D88C6AD9D98CC4
:10E8C0006BD9DA8C6CD9DB8C6DD9DC8C6ED9DD8C94
:10E8D0006FD9DE8C70D9DF8C71D9E08C72D9E18C64
:10E8E00073D9E28C74D9E38C75D9E48C76D9E58C34
:10E8F00077D9E68C78D9E78C79D9E88C7AD9E98C04
:10E900007BD9EA8C7CD9EB8C7DD9EC8C7ED9ED8CD3
:10E9100080D9EE8C81D9EF8C82D9F08C83D9F18C9F
:10E9200084D9F28C85D9F38C86D9F48C87D9F58C6F
:10E9300088D9F68C89D9F78C8AD9F88C8BD9F98C3F
:10E940008CD9FA8C8DD9FB8C8ED9FC8C8FD9FD8C0F
:10E9500090D9FE8C91D9FF8C92D9008D93D9018DDD
:10E9600094D9028D95D9038D96D9048D97D9058DAB
:10E9700098D9068D99D9078D9AD9088D9BD9098D7B
:10E980009CD90A8D9DD90B8D9ED90C8D9FD90D8D4B
:10E99000A0D90E8D40DA0F8D41DA108D42DA118D3B
:10E9A00043DA128D44DA138D45DA148D46DA158D6B
:10E9B00047DA168D48DA178D49DA188D4ADA198D3B
:10E9C0004BDA1A8D4CDA1B8D4DDA1C8D4EDA1D8D0B
:10E9D000B4B11E8DEAD51F8DBAB8208D4FDA218DC6
:10E9E000B1B9228DC6B2238DF0D4248DCDCF258D23
:10E9F000DCB0268DCBD5278DF5BB288DCAD6298DC9
:10EA0000B7B72A8DB0CC2B8DB6C62C8DE1B12D8D2C
:10EA1000BAB92E8DFCD62F8DE1B9308DA1B7318DCD
:10EA2000FABC328DDAEA338DDBEA348DF9CC358DE0
:10EA3000F3B9368DDCEA378DFBB4388DB3C3398D2D
:10EA4000D1B73A8DD8BA3B8DDDEA3C8DF4D43D8DFB
:10EA5000DEEA3E8DD6BC3F8DDFBB408DDFEA418DC7
:10EA6000DEC1428DB8C2438DDFD4448DCAD7458DF7
:10EA7000E0EA468DE1EA478DE4EA488DE2EA498D15
:10EA8000E3EA4A8DDEC94B8DB3B84C8DC4B64D8DCB
:10EA9000E5EA4E8DEACA4F8DCDC9508DCDB4518D6A
:10EAA00050DA528D51DA538DD9E2548DE2C5558D2D
:10EAB000E6EA568DB5C0578D52DA588DB8D7598DC4
:10EAC000E7EA5A8DACD75B8DFCC85C8DD3D85D8DE1
:10EAD000CDD85E8DDED45F8D53DA608DF9D4618D33
:10EAE000C4C9628DAED3638DD3B8648DE0B3658D38
:10EAF00054DA668DE2C9678DF6F4688D55DA698D52
:10EB000056DA6A8D57DA6B8DD5BA6C8D58DA6D8D01
:10EB1000F7F46E8D59DA6F8D5ADA708DDFD7718DFB
:10EB20005BDA728D5CDA738DF1F4748DB0B8758D2B
:10EB3000D4D5768DCFB8778DF0C6788D5DDA798DA6
:10EB40005EDA7A8D5FDA7B8D60DA7C8D61DA7D8DBD
:10EB500062DA7E8D63DA7F8D64DA808D65DA818D8D
:10EB6000C3B3828D66DA838D67DA848DF2F4858D86
:10EB7000ACB3868D68DA878D69DA888D6ADA898D1B
:10EB80006BDA8A8DBDD48B8DF7C78C8D6CDA8D8D49
:10EB90006DDA8E8D6EDA8F8D6FDA908D70DA918DE1
:10EBA000F4F4928D71DA938D72DA948DF3F4958D7D
:10EBB00073DA968D74DA978D75DA988D76DA998D89
:10EBC00077DA9A8D78DA9B8D79DA9C8D7ADA9D8D59
:10EBD0007BDA9E8D7CDA9F8DCBCCA08D7DDAA18DEA
:10EBE0007EDAA28D80DAA38DA4C8A48D81DAA58DEA
:10EBF00082DAA68D83DAA78D84DAA88D85DAA98DCD
:10EC000086DAAA8D87DAAB8D88DAAC8D89DAAD8D9C
:10EC10008ADAAE8D8BDAAF8D8CDAB08D8DDAB18D6C
:10EC2000F5F4B28D8EDAB38DE3D7B48DBFC5B58D53
:10EC3000C0F5B68D8FDAB78D90DAB88DBBF5B98D8A
:10EC400091DABA8DC3F5BB8D92DABC8DC2F5BD8D5C
:10EC500093DABE8DBAD6BF8DC1F5C08D94DAC18D61
:10EC600095DAC28D96DAC38DBED4C48DC4F5C58D38
:10EC700097DAC68DCCF5C78D98DAC88D99DAC98D2B
:10EC80009ADACA8D9BDACB8DCFB0CC8DF8B5CD8D0D
:10EC90009CDACE8DC9F5CF8DCAF5D08D9DDAD18D98
:10ECA000DCC5D28D9EDAD38D9FDAD48DA0DAD58DD6
:10ECB00040DBD68DC5F5D78DC6F5D88D41DBD98D16
:10ECC00042DBDA8DC7F5DB8DCBF5DC8D43DBDD8DEB
:10ECD000E0BEDE8DC8F5DF8DFAB8E08D44DBE18D56
:10ECE00045DBE28D46DBE38DD0F5E48DD3F5E58D94
:10ECF00047DBE68D48DBE78D49DBE88DE7BFE98D33
:10ED00004ADBEA8DF2B9EB8DBCF5EC8DCDF5ED8DDE
:10ED10004BDBEE8D4CDBEF8DB7C2F08D4DDBF18D13
:10ED20004EDBF28D4FDBF38DF8CCF48D50DBF58D9F
:10ED3000F9BCF68D51DBF78DCEF5F88DCFF5F98D59
:10ED4000D1F5FA8DE5B6FB8DD2F5FC8D52DBFD8D4C
:10ED5000D5F5FE8D53DBFF8D54DB008E55DB018E28
:10ED600056DB028E57DB038E58DB048E59DB058E93
:10ED7000BDF5068E5ADB078E5BDB088E5CDB098EE9
:10ED8000D4F50A8EBBD30B8E5DDB0C8EECB30D8EEF
:10ED90005EDB0E8E5FDB0F8EA4CC108E60DB118EDF
:10EDA00061DB128E62DB138E63DB148ED6F5158E5B
:10EDB00064DB168E65DB178E66DB188E67DB198EBB
:10EDC00068DB1A8E69DB1B8E6ADB1C8E6BDB1D8E8B
:10EDD000D7F51E8EE1BE1F8ED8F5208E6CDB218EFE
:10EDE0006DDB228EDFCC238EDBF5248E6EDB258E51
:10EDF0006FDB268E70DB278E71DB288E72DB298E0F
:10EE0000C8B22A8ED9D72B8E73DB2C8ED9F52D8ED6
:10EE100074DB2E8EDAF52F8EDCF5308E75DB318EBD
:10EE2000E2F5328E76DB338E77DB348E78DB358E0F
:10EE3000E0F5368E79DB378E7ADB388E7BDB398EE8
:10EE4000DFF53A8EDDF53B8E7CDB3C8E7DDB3D8E47
:10EE5000E1F53E8E7EDB3F8E80DB408EDEF5418E1F
:10EE6000E4F5428EE5F5438E81DB448EE3CC458E9E
:10EE700082DB468E83DB478EBFE5488EB8B5498E70
:10EE8000E3F54A8EE8F54B8EA3CC4C8E84DB4D8E99
:10EE900085DB4E8E86DB4F8E87DB508E88DB518E76
:10EEA000E6F5528EE7F5538E89DB548E8ADB558E5C
:10EEB0008BDB568E8CDB578E8DDB588E8EDB598E1E
:10EEC000BEF55A8E8FDB5B8E90DB5C8E91DB5D8EA8
:10EED00092DB5E8E93DB5F8E94DB608E95DB618EC2
:10EEE00096DB628E97DB638E98DB648E99DB658E92
:10EEF0009ADB668EC4B1678E9BDB688E9CDB698E65
:10EF0000BFF56A8E9DDB6B8E9EDB6C8EC5B56D8EFC
:10EF1000E4B26E8E9FDB6F8EECF5708EE9F5718E2C
:10EF2000A0DB728ED7B6738E40DC748EEDF5758ED5
:10EF300041DC768EEAF5778E42DC788E43DC798E82
:10EF400044DC7A8E45DC7B8E46DC7C8EEBF57D8E58
:10EF500047DC7E8E48DC7F8EDAB4808E49DC818E81
:10EF6000EAD4828E4ADC838E4BDC848E4CDC858E28
:10EF7000EEF5868E4DDC878EF9B3888E4EDC898E59
:10EF80004FDC8A8E50DC8B8E51DC8C8E52DC8D8E69
:10EF900053DC8E8E54DC8F8EEFF5908EF1F5918ED2
:10EFA00055DC928E56DC938E57DC948EF0F5958E60
:10EFB00058DC968E59DC978E5ADC988E5BDC998EE5
:10EFC0005CDC9A8E5DDC9B8E5EDC9C8EF2F59D8E09
:10EFD0005FDC9E8EF3F59F8E60DCA08E61DCA18EDF
:10EFE00062DCA28E63DCA38E64DCA48E65DCA58E5D
:10EFF00066DCA68E67DCA78E68DCA88E69DCA98E2D
:10F000006ADCAA8E6BDCAB8EEDC9AC8EAAB9AD8E74
:10F010006CDCAE8E6DDCAF8EFBC7B08E6EDCB18E5D
:10F020006FDCB28EE3B6B38E70DCB48E71DCB58E5D
:10F0300072DCB68E73DCB78E74DCB88E75DCB98E7C
:10F0400076DCBA8EC9CCBB8E77DCBC8E78DCBD8E0C
:10F0500079DCBE8E7ADCBF8E7BDCC08E7CDCC18E20
:10F060007DDCC28E7EDCC38E80DCC48E81DCC58EEE
:10F0700082DCC68E83DCC78E84DCC88E85DCC98EBC
:10F0800086DCCA8E87DCCB8E88DCCC8E89DCCD8E8C
:10F090008ADCCE8EA6EACF8E8BDCD08E8CDCD18E35
:10F0A0008DDCD28E8EDCD38E8FDCD48E90DCD58E30
:10F0B00091DCD68E92DCD78E93DCD88E94DCD98E00
:10F0C00095DCDA8E96DCDB8E97DCDC8E98DCDD8ED0
:10F0D00099DCDE8E9ADCDF8E9BDCE08E9CDCE18EA0
:10F0E0009DDCE28E9EDCE38E9FDCE48EA0DCE58E70
:10F0F00040DDE68E41DDE78E42DDE88E43DDE98EC0
:10F1000044DDEA8E45DDEB8E46DDEC8E47DDED8E8F
:10F1100048DDEE8E49DDEF8E4ADDF08E4BDDF18E5F
:10F120004CDDF28E4DDDF38E4EDDF48E4FDDF58E2F
:10F1300050DDF68E51DDF78E52DDF88E53DDF98EFF
:10F1400054DDFA8E55DDFB8E56DDFC8E57DDFD8ECF
:10F1500058DDFE8E59DDFF8E5ADD008F5BDD018F9D
:10F160005CDD028F5DDD038F5EDD048F5FDD058F6B
:10F1700060DD068F61DD078F62DD088F63DD098F3B
:10F1800064DD0A8F65DD0B8F66DD0C8F67DD0D8F0B
:10F1900068DD0E8F69DD0F8F6ADD108F6BDD118FDB
:10F1A0006CDD128F6DDD138F6EDD148F6FDD158FAB
:10F1B00070DD168F71DD178F72DD188F73DD198F7B
:10F1C00074DD1A8F75DD1B8F76DD1C8F77DD1D8F4B
:10F1D00078DD1E8F79DD1F8F7ADD208F7BDD218F1B
:10F1E0007CDD228F7DDD238F7EDD248F80DD258FEA
:10F1F00081DD268F82DD278F83DD288F84DD298FB7
:10F2000085DD2A8F86DD2B8F87DD2C8F88DD2D8F86
:10F2100089DD2E8F8ADD2F8F8BDD308F8CDD318F56
:10F220008DDD328F8EDD338F8FDD348F90DD358F26
:10F2300091DD368F92DD378F93DD388F94DD398FF6
:10F2400095DD3A8F96DD3B8F97DD3C8F98DD3D8FC6
:10F2500099DD3E8F9ADD3F8F9BDD408F9CDD418F96
:10F260009DDD428F9EDD438F9FDD448FA0DD458F66
:10F2700040DE468F41DE478F42DE488F43DE498FB6
:10F2800044DE4A8F45DE4B8F46DE4C8F47DE4D8F86
:10F2900048DE4E8F49DE4F8F4ADE508F4BDE518F56
:10F2A0004CDE528F4DDE538F4EDE548F4FDE558F26
:10F2B00050DE568F51DE578F52DE588F53DE598FF6
:10F2C00054DE5A8F55DE5B8F56DE5C8F57DE5D8FC6
:10F2D00058DE5E8F59DE5F8F5ADE608F5BDE618F96
:10F2E0005CDE628F5DDE638F5EDE648F5FDE658F66
:10F2F00060DE668FB5B3678FFED4688FECB9698F17
:10F30000F9D06A8F61DE6B8FEDE96C8FAAD76D8FB4
:10F31000EEE96E8FD6C26F8FEDC8708FE4BA718F31
:10F32000EFE9728FF0E9738FF1E9748FE1D6758F91
:10F33000F2E9768FF3E9778FF5E9788FF4E9798F41
:10F34000F6E97A8FF7E97B8FE1C77C8FF8E97D8F4B
:10F35000D8D47E8FF9E97F8FCEBD808F62DE818F1A
:10F36000FAE9828FFBE9838FCFBD848FFCE9858F1B
:10F37000A8B8868FBEC1878FFDE9888FB2B1898F0B
:10F38000D4BB8A8FF5B98B8FFEE98C8F63DE8D8FAE
:10F39000A1EA8E8FA2EA8F8FA3EA908FF8B7918FA0
:10F3A000ADBC928F64DE938FE4CA948FCEE0958FCC
:10F3B000AFD4968FBDCF978FB7D5988FA4EA998F8A
:10F3C000DED59A8FA5EA9B8FC1D09C8FBCB99D8F4B
:10F3D00065DE9E8FC7B49F8FD9B1A08F66DEA18FE7
:10F3E00067DEA28F68DEA38FB1C0A48F69DEA58F10
:10F3F0006ADEA68F6BDEA78F6CDEA88FE6B1A98FC1
:10F40000E7B1AA8F6DDEAB8FE8B1AC8F6EDEAD8F4A
:10F410006FDEAE8F70DEAF8F71DEB08FBDB3B18F98
:10F42000E8C8B28F72DEB38F73DEB48F74DEB58F2F
:10F4300075DEB68FC1E5B78F76DEB88F77DEB98F10
:10F44000DFB1BA8F78DEBB8F79DEBC8F7ADEBD8FFD
:10F45000C9C1BE8FEFB4BF8F7BDEC08F7CDEC18F92
:10F46000A8C7C28FD8D3C38F7DDEC48FF9C6C58F1E
:10F47000B8D1C68F7EDEC78FFDB9C88FF5C2C98FE0
:10F4800080DECA8F81DECB8F82DECC8F83DECD8F94
:10F4900084DECE8FADD3CF8F85DED08FCBD4D18F0E
:10F4A000FCBDD28F86DED38FC2E5D48FB5B7D58FA2
:10F4B000C3E5D68F87DED78F88DED88FB9BBD98FCB
:10F4C000E2D5DA8F89DEDB8FF8BDDC8FB6D4DD8F35
:10F4D000A5CEDE8FACC1DF8FD9B3E08F8ADEE18F9E
:10F4E0008BDEE28FF6CCE38F8CDEE48FC6E5E58F12
:10F4F000C4E5E68FC8E5E78F8DDEE88FCAE5E98FC2
:10F50000C7E5EA8FCFB5EB8FC8C6EC8F8EDEED8FE7
:10F51000FCB5EE8FC5E5EF8F8FDEF08FF6CAF18F69
:10F5200090DEF28F91DEF38FC9E5F48F92DEF58FD6
:10F5300093DEF68F94DEF78FD4C3F88FC5B1F98FC1
:10F54000A3BCFA8F95DEFB8F96DEFC8F97DEFD8FD6
:10F55000B7D7FE8F98DEFF8F99DE0090CBCD01905C
:10F56000CDCB0290CACA0390D3CC0490CCE50590D1
:10F57000CBE50690E6C407909ADE08909BDE0990E2
:10F58000A1D10A90B7D10B90CDE50C909CDE0D90E7
:10F59000D0E50E909DDE0F90B8CD1090F0D6119072
:10F5A000CFE51290DDB513909EDE1490BECD159080
:10F5B0009FDE1690D1E51790BAB61890A0DE19908C
:10F5C00040DF1A90A8CD1B90E4B91C9041DF1D903C
:10F5D000C5CA1E90D1B31F90D9CB2090ECD42190F6
:10F5E000D2E52290EAB7239042DF249043DF2590B2
:10F5F00044DF2690CEE5279045DF289046DF29900E
:10F6000047DF2A9048DF2B9049DF2C904ADF2D906E
:10F61000D5E52E90FEB42F90D6E530904BDF31909B
:10F620004CDF32904DDF33904EDF34904FDF35901A
:10F63000D3E53690D4E5379050DF3890DDD239905D
:10F6400051DF3A9052DF3B90DFC23C90C6B13D9013
:10F6500053DF3E90E2D33F9054DF409055DF41901E
:10F66000DDB64290ECCB439056DF4490D7E5459011
:10F6700057DF469058DF4790F6D3489059DF4990BE
:10F680005ADF4A905BDF4B905CDF4C905DDF4D9022
:10F69000E9B14E905EDF4F90F4B65090DAE55190AC
:10F6A000D8E55290D9E55390C0B554905FDF55909E
:10F6B00060DF569061DF5790C5D25890DCE55990D5
:10F6C00062DF5A9063DF5B90DEE55C9064DF5D9003
:10F6D00065DF5E9066DF5F9067DF609068DF619056
:10F6E00069DF6290DDE56390B2C764906ADF659080
:10F6F000A3D266906BDF67906CDF6890DBE5699062
:10F700006DDF6A906EDF6B906FDF6C9070DF6D90D5
:10F71000E2D46E90DAD56F9071DF709072DF7190E5
:10F7200073DF729074DF739075DF7490E0E575900D
:10F73000F1D7769076DF779077DF789078DF7990E1
:10F7400079DF7A907ADF7B907BDF7C907CDF7D9025
:10F75000E1E57E907DDF7F90DCB18090FBD18190F0
:10F760007EDF8290E2E58390E4E5849080DF8590FF
:10F7700081DF869082DF879083DF8890E3E5899040
:10F7800084DF8A9085DF8B90E5E58C9086DF8D9015
:10F7900087DF8E9088DF8F9089DF90908ADF91904D
:10F7A000D8D292908BDF9390CBB594908CDF9590CC
:10F7B000DFE796908DDF9790F5DA98908EDF99903D
:10F7C000F8DA9A908FDF9B90F6DA9C9090DF9D900C
:10F7D000F7DA9E9091DF9F9092DFA09093DFA19047
:10F7E000FADAA290CFD0A390C7C4A49094DFA590DA
:10F7F00095DFA690EEB0A79096DFA89097DFA9902E
:10F8000098DFAA90B0D0AB9099DFAC90F9DAAD90C8
:10F810009ADFAE90CAD3AF90AABAB090A2DBB190F3
:10F82000F1C7B2909BDFB390FCDAB490FBDAB590ED
:10F83000DBC9B690FDDAB7909CDFB890A1DBB99038
:10F84000DED7BA90FEDABB90DAC1BC909DDFBD90E6
:10F850009EDFBE90A5DBBF909FDFC090A0DFC19070
:10F86000F4D3C29040E0C39041E0C490A7DBC590C0
:10F87000A4DBC69042E0C790A8DBC89043E0C990E3
:10F8800044E0CA90BCBDCB9045E0CC9046E0CD9022
:10F8900047E0CE90C9C0CF90A3DBD090A6DBD1903B
:10F8A000A3D6D29048E0D390A9DBD49049E0D5907C
:10F8B0004AE0D6904BE0D790ADDBD8904CE0D990A1
:10F8C0004DE0DA904EE0DB90AEDBDC90ACDBDD901F
:10F8D000C2BADE904FE0DF9050E0E09051E0E1905E
:10F8E000A4BFE290ABDBE39052E0E49053E0E590FC
:10F8F00054E0E690AADBE790C7D4E890BFB2E99065
:10F9000055E0EA9056E0EB90AFDBEC9057E0ED90DD
:10F91000F9B9EE9058E0EF90B0DBF09059E0F1903B
:10F920005AE0F2905BE0F3905CE0F490BBB3F590AA
:10F930005DE0F6905EE0F7905FE0F890A6B5F99094
:10F9400060E0FA9061E0FB9062E0FC9063E0FD9083
:10F95000BCB6FE90B1DBFF9064E0009165E00191E0
:10F9600066E00291F5B6039167E00491B2DB059180
:10F9700068E0069169E007916AE008916BE00991FF
:10F980006CE00A916DE00B916EE00C916FE00D91CF
:10F9900070E00E9171E00F9172E0109173E011919F
:10F9A00074E0129175E0139176E0149177E015916F
:10F9B00078E0169179E017917AE018917BE019913F
:10F9C000C9B11A917CE01B917DE01C917EE01D91F4
:10F9D00080E01E91B4DB1F9181E0209182E02191B3
:10F9E00083E02291B3DB2391B5DB249184E0259160
:10F9F00085E0269186E0279187E0289188E029918B
:10FA000089E02A918AE02B918BE02C918CE02D915A
:10FA10008DE02E918EE02F91B7DB30918FE0319108
:10FA2000B6DB329190E0339191E0349192E03591E0
:10FA300093E0369194E0379195E0389196E03991D2
:10FA4000B8DB3A9197E03B9198E03C9199E03D9189
:10FA50009AE03E919BE03F919CE040919DE0419176
:10FA60009EE042919FE04391B9DB4491A0E0459133
:10FA700040E14691BADB479141E1489142E1499129
:10FA8000CFD34A91FAF44B91F5C74C91C3D74D911E
:10FA9000E4C54E91FCF44F91FDF45091FBF451916B
:10FAA00043E15291C6BE539144E1549145E15591D1
:10FAB00046E1569147E15791EFD0589148E159916D
:10FAC00049E15A91D3B75B914AE15C914BE15D9179
:10FAD000CDD45E91AACC5F914CE160914DE16191F2
:10FAE000A2F56291A1F56391A8BA6491FEF46591C3
:10FAF000D6CB66914EE167914FE1689150E16991F3
:10FB0000A4F56A91D2C06B9151E16C91EAB36D9109
:10FB100052E16E91AACD6F91A5F57091A3F5719107
:10FB2000B4BD7291A8F5739153E17491A9F57591E3
:10FB3000CDBD7691B8C37791E1BF7891E1CB799152
:10FB4000AAF57A9154E17B9155E17C9156E17D9142
:10FB5000A6F57E91A7F57F91F0C4809157E1819140
:10FB600058E1829159E183915AE184915BE1859159
:10FB7000ACF586915CE18791BCB488915DE1899197
:10FB8000EDD78A915EE18B91D7B48C91ABF58D91D5
:10FB9000AEF58E915FE18F9160E19091ADF591911D
:10FBA000AFF59291D1D0939161E1949162E19591F9
:10FBB00063E1969164E1979165E1989166E199918D
:10FBC00067E19A91D1C39B91A9C89C9168E19D91ED
:10FBD00069E19E916AE19F916BE1A0916CE1A19135
:10FBE0006DE1A291B0F5A391B1F5A4916EE1A5915B
:10FBF0006FE1A69170E1A79171E1A89172E1A991DD
:10FC000073E1AA91B2F5AB9174E1AC9175E1AD915C
:10FC1000B3F5AE91B4F5AF91B5F5B09176E1B19190
:10FC200077E1B29178E1B39179E1B491B7F5B5910B
:10FC3000B6F5B6917AE1B7917BE1B8917CE1B991E3
:10FC40007DE1BA91B8F5BB917EE1BC9180E1BD91B7
:10FC500081E1BE9182E1BF9183E1C09184E1C191D4
:10FC600085E1C29186E1C39187E1C49188E1C591A4
:10FC700089E1C6918AE1C791C9B2C8918BE1C99166
:10FC8000D4D3CA91CDCACB918CE1CC91EFC0CD91A8
:10FC9000D8D6CE91B0D2CF91BFC1D0918DE1D191C4
:10FCA000F0BDD2918EE1D3918FE1D49190E1D591C5
:10FCB00091E1D69192E1D79193E1D89194E1D991D4
:10FCC00095E1DA9196E1DB9197E1DC91AAB8DD91BB
:10FCD00098E1DE9199E1DF919AE1E0919BE1E19178
:10FCE0009CE1E2919DE1E3919EE1E4919FE1E59148
:10FCF000A0E1E69140E2E79141E2E89142E2E99138
:10FD000043E2EA9144E2EB9145E2EC9146E2ED9167
:10FD100047E2EE9148E2EF9149E2F0914AE2F19137
:10FD20004BE2F2914CE2F3914DE2F4914EE2F59107
:10FD30004FE2F69150E2F79151E2F89152E2F991D7
:10FD400053E2FA9154E2FB9155E2FC9156E2FD91A7
:10FD500057E2FE9158E2FF9159E200925AE2019275
:10FD60005BE202925CE203925DE204925EE2059243
:10FD70005FE2069260E2079261E2089262E2099213
:10FD800063E20A9264E20B9265E20C9266E20D92E3
:10FD900067E20E9268E20F9269E210926AE21192B3
:10FDA0006BE212926CE213926DE214926EE2159283
:10FDB0006FE2169270E2179271E2189272E2199253
:10FDC00073E21A9274E21B9275E21C9276E21D9223
:10FDD00077E21E9278E21F9279E220927AE22192F3
:10FDE0007BE222927CE223927DE224927EE22592C3
:10FDF00080E2269281E2279282E2289283E229928F
:10FE000084E22A9285E22B9286E22C9287E22D925E
:10FE100088E22E9289E22F928AE230928BE231922E
:10FE20008CE232928DE233928EE234928FE23592FE
:10FE300090E2369291E2379292E2389293E23992CE
:10FE400094E23A9295E23B9296E23C9297E23D929E
:10FE500098E23E9299E23F929AE240929BE241926E
:10FE60009CE242929DE243929EE244929FE245923E
:10FE7000A0E2469240E3479241E3489242E349922E
:10FE800043E34A9244E34B9245E34C9246E34D925E
:10FE900047E34E9248E34F9249E350924AE351922E
:10FEA0004BE352924CE353924DE354924EE35592FE
:10FEB0004FE3569250E3579251E3589252E35992CE
:10FEC00053E35A9254E35B9255E35C9256E35D929E
:10FED00057E35E9258E35F9259E360925AE361926E
:10FEE0005BE362925CE363925DE364925EE365923E
:10FEF0005FE3669260E3679261E3689262E369920E
:10FF000063E36A9264E36B9265E36C9266E36D92DD
:10FF100067E36E9268E36F9269E370926AE37192AD
:10FF20006BE372926CE373926DE37492F8BC75921A
:10FF30006EE376926FE3779270E3789271E3799251
:10FF400072E37A9273E37B9274E37C9275E37D9221
:10FF500076E37E9277E37F9278E3809279E38192F1
:10FF60007AE382927BE383927CE384927DE38592C1
:10FF70007EE3869280E3879281E3889282E389928E
:10FF800083E38A9284E38B9285E38C9286E38D925D
:10FF900087E38E92C6F68F9288E3909289E39192DE
:10FFA0008AE392928BE393928CE394928DE3959201
:10FFB0008EE396928FE3979290E3989291E39992D1
:10FFC00092E39A9293E39B9294E39C9295E39D92A1
:10FFD00096E39E9297E39F9298E3A09299E3A19271
:10FFE0009AE3A2929BE3A3929CE3A4929DE3A59241
:10FFF0009EE3A6929FE3A792A0E3A89240E4A99271
:020000040802F0
:1000000041E4AA9242E4AB9243E4AC9244E4AD9260
:1000100045E4AE92C7F6AF9246E4B09247E4B1929F
:1000200048E4B29249E4B3924AE4B4924BE4B59204
:100030004CE4B6924DE4B7924EE4B8924FE4B992D4
:1000400050E4BA9251E4BB9252E4BC9253E4BD92A4
:1000500054E4BE9255E4BF9256E4C09257E4C19274
:1000600058E4C29259E4C3925AE4C4925BE4C59244
:100070005CE4C6925DE4C7925EE4C892C8F6C99299
:100080005FE4CA9260E4CB9261E4CC9262E4CD92E8
:1000900063E4CE9264E4CF9265E4D09266E4D192B8
:1000A00067E4D29268E4D39269E4D4926AE4D59288
:1000B0006BE4D6926CE4D7926DE4D8926EE4D99258
:1000C0006FE4DA9270E4DB9271E4DC9272E4DD9228
:1000D00073E4DE9274E4DF9275E4E09276E4E192F8
:1000E00077E4E29278E4E39279E4E4927AE4E592C8
:1000F0007BE4E6927CE4E7927DE4E8927EE4E99298
:1001000080E4EA9281E4EB9282E4EC9283E4ED9263
:1001100084E4EE9285E4EF9286E4F09287E4F19233
:1001200088E4F29289E4F3928AE4F4928BE4F59203
:100130008CE4F6928DE4F7928EE4F8928FE4F992D3
:1001400090E4FA9291E4FB9292E4FC9293E4FD92A3
:1001500094E4FE9295E4FF9296E4009397E4019371
:1001600098E4029399E403939AE404939BE405933F
:100170009CE406939DE407939EE408939FE409930F
:10018000A0E40A9340E50B9341E50C9342E50D93FF
:1001900043E50E9344E50F9345E5109346E511932F
:1001A00047E5129348E5139349E514934AE51593FF
:1001B0004BE516934CE517934DE518934EE51993CF
:1001C0004FE51A9350E51B9351E51C9352E51D939F
:1001D00053E51E9354E51F9355E5209356E521936F
:1001E00057E5229358E5239359E524935AE525933F
:1001F0005BE526935CE527935DE528935EE529930F
:100200005FE52A9360E52B9361E52C9362E52D93DE
:1002100063E52E9364E52F9365E5309366E53193AE
:1002200067E5329368E5339369E534936AE535937E
:100230006BE536936CE537936DE538936EE539934E
:100240006FE53A9370E53B9371E53C9372E53D931E
:1002500073E53E93C9F63F9374E5409375E541938A
:1002600076E5429377E5439378E5449379E54593C2
:100270007AE546937BE547937CE548937DE5499392
:100280007EE54A9380E54B9381E54C9382E54D935F
:1002900083E54E9384E54F9385E5509386E551932E
:1002A00087E5529388E5539389E554938AE55593FE
:1002B0008BE556938CE557938DE558938EE55993CE
:1002C0008FE55A9390E55B9391E55C9392E55D939E
:1002D00093E55E9394E55F9395E5609396E561936E
:1002E00097E5629398E5639399E564939AE565933E
:1002F0009BE566939CE567939DE568939EE569930E
:100300009FE56A93CAF66B93A0E56C9340E66D9304
:1003100041E66E9342E66F9343E6709344E6719331
:1003200045E6729346E6739347E6749348E6759301
:1003300049E676934AE677934BE678934CE67993D1
:100340004DE67A934EE67B934FE67C9350E67D93A1
:1003500051E67E9352E67F9353E6809354E6819371
:1003600055E6829356E6839357E6849358E6859341
:1003700059E686935AE687935BE688935CE6899311
:100380005DE68A935EE68B935FE68C9360E68D93E1
:1003900061E68E9362E68F93CCF6909363E6919339
:1003A00064E6929365E6939366E6949367E6959385
:1003B00068E6969369E697936AE698936BE6999355
:1003C0006CE69A936DE69B936EE69C936FE69D9325
:1003D00070E69E9371E69F9372E6A09373E6A193F5
:1003E00074E6A29375E6A39376E6A49377E6A593C5
:1003F00078E6A69379E6A7937AE6A8937BE6A99395
:100400007CE6AA937DE6AB937EE6AC9380E6AD9363
:1004100081E6AE9382E6AF9383E6B09384E6B19330
:1004200085E6B29386E6B39387E6B49388E6B59300
:1004300089E6B6938AE6B7938BE6B8938CE6B993D0
:100440008DE6BA938EE6BB938FE6BC9390E6BD93A0
:1004500091E6BE9392E6BF9393E6C09394E6C19370
:1004600095E6C29396E6C39397E6C49398E6C59340
:1004700099E6C6939AE6C7939BE6C8939CE6C99310
:100480009DE6CA93CBF6CB939EE6CC939FE6CD93A5
:10049000A0E6CE9340E7CF9341E7D09342E7D193D4
:1004A00043E7D29344E7D39345E7D49346E7D59304
:1004B00047E7D693E9F7D79348E7D89349E7D99325
:1004C0004AE7DA934BE7DB934CE7DC934DE7DD93A8
:1004D0004EE7DE934FE7DF9350E7E09351E7E19378
:1004E00052E7E29353E7E39354E7E49355E7E59348
:1004F00056E7E69357E7E79358E7E89359E7E99318
:100500005AE7EA935BE7EB935CE7EC935DE7ED93E7
:100510005EE7EE935FE7EF9360E7F09361E7F193B7
:1005200062E7F29363E7F39364E7F49365E7F59387
:1005300066E7F69367E7F79368E7F89369E7F99357
:100540006AE7FA936BE7FB936CE7FC936DE7FD9327
:100550006EE7FE936FE7FF9370E7009471E70194F5
:1005600072E7029473E7039474E7049475E70594C3
:1005700076E7069477E7079478E7089479E7099493
:100580007AE70A947BE70B947CE70C947DE70D9463
:100590007EE70E9480E70F9481E7109482E7119430
:1005A00083E7129484E7139485E7149486E71594FF
:1005B00087E7169488E7179489E718948AE71994CF
:1005C0008BE71A948CE71B948DE71C948EE71D949F
:1005D0008FE71E9490E71F9491E7209492E721946F
:1005E00093E7229494E7239495E7249496E725943F
:1005F00097E7269498E7279499E728949AE729940F
:100600009BE72A949CE72B949DE72C949EE72D94DE
:100610009FE72E94A0E72F9440E8309441E831946E
:1006200042E8329443E8339444E8349445E83594FE
:1006300046E8369447E8379448E8389449E83994CE
:100640004AE83A944BE83B944CE83C944DE83D949E
:100650004EE83E94CDF63F944FE8409450E84194E4
:1006600051E8429452E8439453E8449454E8459442
:1006700055E8469456E8479457E8489458E8499412
:1006800059E84A945AE84B945BE84C945CE84D94E2
:100690005DE84E945EE84F945FE8509460E85194B2
:1006A00061E8529462E8539463E8549464E8559482
:1006B00065E8569466E8579467E8589468E8599452
:1006C00069E85A946AE85B946BE85C946CE85D9422
:1006D0006DE85E946EE85F946FE8609470E86194F2
:1006E00071E8629472E8639473E8649474E86594C2
:1006F00075E8669476E8679477E8689478E8699492
:1007000079E86A947AE86B94CEF66C947BE86D9401
:100710007CE86E947DE86F947EE8709480E8719434
:1007200081E8729482E8739483E8749484E8759401
:1007300085E8769486E8779487E8789488E87994D1
:1007400089E87A948AE87B948BE87C948CE87D94A1
:100750008DE87E948EE87F948FE8809490E8819471
:1007600091E8829492E8839493E8849494E8859441
:10077000C4EE8694C5EE8794C6EE8894EBD5899432
:10078000A4B68A94C8EE8B94C7EE8C94C9EE8D946F
:10079000CAEE8E94A5C78F94CBEE9094CCEE919434
:1007A00095E89294B0B79394F6B59494CDEE959461
:1007B000CFEE969496E89794CEEE989497E8999415
:1007C000C6B89A94D0EE9B94D1EE9C94D2EE9D94B0
:1007D000DBB69E94AEB39F94D3D6A094C6C4A19426
:1007E000B5B1A294D6B8A394D3EEA494D4EEA594B4
:1007F000BFD4A694D5C7A794FBBEA894D9CEA9947C
:10080000B3B9AA94D6EEAB94D5EEAC94D8EEAD9431
:10081000D7EEAE94A5C5AF94D9EEB094DAEEB1940C
:10082000AEC7B294DBEEB394AFC7B494DCEEB5942C
:10083000A7B2B694DDEEB794DEEEB894DFEEB994CD
:10084000E0EEBA94E1EEBB94EAD7BC94E2EEBD943C
:10085000E3EEBE94D8BCBF94E4EEC094CBD3C19475
:10086000FACCC294ACB2C394E5C1C494E5EEC5948D
:10087000A6C7C694ADC3C79498E8C894E6EEC994D9
:10088000E7EECA94E8EECB94E9EECC94EAEECD9490
:10089000EBEECE94ECEECF9499E8D094EDEED194BB
:1008A000EEEED294EFEED3949AE8D4949BE8D594EC
:1008B000F0EED694F1EED794F2EED894F4EED9940B
:1008C000F3EEDA949CE8DB94F5EEDC94ADCDDD94A8
:1008D000C1C2DE94F6EEDF94F7EEE094F8EEE19418
:1008E000A1D5E294F9EEE394B3CFE494FAEEE59463
:1008F000FBEEE6949DE8E794FCEEE894FDEEE994C7
:10090000A1EFEA94FEEEEB94A2EFEC94F5B8ED942F
:10091000FAC3EE94A3EFEF94A4EFF094C2BDF19468
:10092000BFD2F294F9B2F394A5EFF494A6EFF59444
:10093000A7EFF694F8D2F794A8EFF894FDD6F994BF
:10094000A9EFFA94CCC6FB949EE8FC94AAEFFD9420
:10095000ABEFFE94B4C1FF94ACEF0095FACF0195D4
:10096000F8CB0295AEEF0395ADEF0495FAB305957C
:10097000F8B90695AFEF0795B0EF0895E2D0099565
:10098000B1EF0A95B2EF0B95E6B70C95BFD00D9578
:10099000B3EF0E95B4EF0F95B5EF1095F1C8119523
:1009A000E0CC1295B6EF1395B7EF1495B8EF159507
:1009B000B9EF1695BAEF1795E0D51895BBEF1995D5
:1009C000EDB41A95AAC31B95BCEF1C959FE81D9525
:1009D000BDEF1E95BEEF1F95BFEF2095A0E82195B6
:1009E000FDCE2295C0EF2395E0C22495B8B425959D
:1009F000B6D72695F5BD279540E92895C7CF299507
:100A0000C3EF2A95C1EF2B95C2EF2C95C4EF2D951E
:100A1000A7B62E95FCBC2F95E2BE3095CCC3319580
:100A2000C5EF3295C6EF339541E93495C7EF35955B
:100A3000CFEF3695C8EF3795C9EF3895CAEF39959E
:100A4000C2C73A95F1EF3B95CDB63C95CBEF3D95BE
:100A500042E93E95CCEF3F95CDEF4095C6B6419526
:100A6000BEC34295CEEF439543E94495D0EF4595FB
:100A7000D1EF4695D2EF4795F2D5489544E949958F
:100A8000D3EF4A95F7C44B9545E94C95D4EF4D9576
:100A9000F8C44E95D5EF4F95D6EF5095E4B85195E3
:100AA000F7B05295D7EF5395D8EF5495D9EF5595A8
:100AB00046E95695DAEF5795DBEF5895DCEF5995F7
:100AC000DDEF5A9547E95B95DEEF5C95B5BE5D9528
:100AD000E1EF5E95DFEF5F95E0EF609548E96195A6
:100AE000E2EF6295E3EF6395CDC16495E4EF659520
:100AF000E5EF6695E6EF6795E7EF6895E8EF6995AE
:100B0000E9EF6A95EAEF6B95EBEF6C95ECEF6D957D
:100B1000D8C06E9549E96F95EDEF7095ADC17195AF
:100B2000EEEF7295EFEF7395F0EF74954AE97595D6
:100B30004BE97695E2CF77954CE978954DE9799533
:100B40004EE97A954FE97B9550E97C9551E97D9581
:100B500052E97E9553E97F95A4B3809554E9819538
:100B600055E9829556E9839557E9849558E9859525
:100B700059E986955AE987955BE988955CE98995F5
:100B80005DE98A955EE98B955FE98C9560E98D95C5
:100B900061E98E9562E98F9563E9909564E9919595
:100BA00065E9929566E9939567E9949568E9959565
:100BB00069E996956AE997956BE998956CE9999535
:100BC0006DE99A956EE99B956FE99C9570E99D9505
:100BD00071E99E9572E99F9573E9A09574E9A195D5
:100BE00075E9A29576E9A39577E9A49578E9A595A5
:100BF00079E9A6957AE9A7957BE9A8957CE9A99575
:100C00007DE9AA957EE9AB9580E9AC9581E9AD9542
:100C100082E9AE9583E9AF9584E9B09585E9B19510
:100C200086E9B29587E9B39588E9B49589E9B595E0
:100C30008AE9B6958BE9B7958CE9B8958DE9B995B0
:100C40008EE9BA958FE9BB9590E9BC9591E9BD9580
:100C500092E9BE9593E9BF9594E9C09595E9C19550
:100C600096E9C29597E9C39598E9C49599E9C59520
:100C70009AE9C6959BE9C7959CE9C8959DE9C995F0
:100C80009EE9CA959FE9CB95A0E9CC9540EACD9520
:100C900041EACE9542EACF9543EAD09544EAD19510
:100CA00045EAD29546EAD39547EAD49548EAD595E0
:100CB00049EAD6954AEAD7954BEAD8954CEAD995B0
:100CC0004DEADA954EEADB954FEADC9550EADD9580
:100CD00051EADE9552EADF9553EAE09554EAE19550
:100CE00055EAE29556EAE39557EAE49558EAE59520
:100CF00059EAE6955AEAE7955BEAE895C5C3E995AE
:100D0000C5E3EA95C1C9EB95C6E3EC955CEAED95C0
:100D1000D5B1EE95CACEEF95B3B4F095F2C8F19582
:100D2000C7E3F295D0CFF395C8E3F495E4BCF5950D
:100D3000C9E3F695CAE3F795C6C3F895A2D5F99528
:100D4000D6C4FA95EBB9FB95C5CEFC95CBE3FD95E2
:100D5000F6C3FE95CCE3FF955DEA0096A7B7019632
:100D6000F3B80296D2BA0396CDE30496CEE3059685
:100D7000C4D40696CFE307965EEA0896D0E30996B8
:100D8000CBD10A96D1E30B96D2E30C96D3E30D9622
:100D9000D4E30E96D6D10F96D5E31096FBB21196FA
:100DA000BBC01296D6E313965FEA1496ABC01596B5
:100DB000D7E31696D8E31796D9E3189660EA199602
:100DC000DAE31A96DBE31B9661EA1C96B7B81D9628
:100DD000E2DA1E9662EA1F96D3B6209663EA21965F
:100DE000E4DA2296E3DA239664EA249665EA259605
:100DF00066EA269667EA279668EA289669EA2996B7
:100E00006AEA2A96E6DA2B966BEA2C966CEA2D961D
:100E10006DEA2E96EEC82F966EEA30966FEA3196FE
:100E2000E5DA3296C0B73396F4D13496F5D23596DA
:100E3000F3D53696D7BD379670EA389671EA39966B
:100E400072EA3A9673EA3B96E8D73C96E8DA3D9622
:100E5000E7DA3E9674EA3F96A2B04096D3CD41962B
:100E600075EA4296E9DA439676EA4496BDB8459625
:100E7000CABC4696BDC24796A4C24896C2B349961C
:100E8000EADA4A9677EA4B96AAC24C96B0C44D96D7
:100E9000B5BD4E9678EA4F9679EA5096DECF5196D8
:100EA0007AEA52967BEA53967CEA5496EBDA5596A8
:100EB000C2C956967DEA57967EEA589680EA5996B8
:100EC00081EA5A9682EA5B96DDB15C9683EA5D968A
:100ED00084EA5E9685EA5F96ECDA609686EA619629
:100EE000B8B66296BAD4639687EA6496FDB36596FF
:100EF00088EA669689EA6796EDDA6896C9D46996B3
:100F0000D5CF6A96E3C56B968AEA6C96EEDA6D9653
:100F10008BEA6E968CEA6F968DEA70968EEA7196E1
:100F20008FEA7296EFDA739690EA7496F0DA759615
:100F3000EAC17696D5CC7796DDCF789691EA799608
:100F400092EA7A9693EA7B9694EA7C9695EA7D9665
:100F500096EA7E9697EA7F9698EA809699EA819635
:100F60009AEA82969BEA83969CEA84969DEA859605
:100F7000E7D38696A1C287969EEA8896F1DA89968B
:100F80009FEA8A96A0EA8B96E5CB8C9640EB8D96ED
:100F9000F2DA8E9641EB8F96E6CB9096FED2919642
:100FA00042EB929643EB939644EB9496F4B8959665
:100FB00045EB969646EB9796F3DA9896AFB09996EE
:100FC000B6CF9A9647EB9B9648EB9C96CFD59D96CD
:100FD00049EB9E964AEB9F964BEBA0964CEBA19665
:100FE0004DEBA2964EEBA3964FEBA49650EBA59635
:100FF00051EBA69652EBA796EDCBA89653EBA9968C
:1010000054EBAA9655EBAB9656EBAC9657EBAD96D8
:1010100058EBAE9659EBAF965AEBB096F4DAB19620
:101020005BEBB2965CEBB396C4E3B4965DEBB5961E
:101030005EEBB696A5C1B7965FEBB89660EBB99636
:10104000BFF6BA9661EBBB9662EBBC96C0F6BD9656
:10105000C1F6BE96D1C4BF9663EBC096B8C8C19620
:10106000E3D1C29664EBC39665EBC496DBD0C5961C
:10107000C5D1C696AFBCC796CDB9C89666EBC99622
:10108000F4EFCA9667EBCB9668EBCC96C6B4CD96D8
:10109000BAD3CE96C2F6CF96FBB3D09669EBD19673
:1010A0006AEBD296C3F6D3966BEBD4966CEBD596DF
:1010B000F1B5D6966DEBD7966EEBD8966FEBD996C9
:1010C00070EBDA9671EBDB9672EBDC9673EBDD96E8
:1010D00074EBDE9675EBDF9676EBE096C5F6E1965F
:1010E00077EBE29678EBE39679EBE4967AEBE5968C
:1010F0007BEBE6967CEBE7967DEBE896EAD3E99608
:10110000A7F6EA96A9D1EB967EEBEC9680EBED96EE
:1011100081EBEE9682EBEF96A9F6F09683EBF196D3
:1011200084EBF29685EBF396A8F6F49686EBF596AB
:1011300087EBF696E3C1F796D7C0F89688EBF99659
:10114000A2B1FA9689EBFB968AEBFC968BEBFD96A7
:101150008CEBFE96EDCEFF968DEB0097E8D00197D5
:10116000ABF602978EEB03978FEB0497F6CF0597BC
:1011700090EB0697AAF60797F0D50897ACF6099773
:10118000B9C30A9791EB0B9792EB0C9793EB0D97E2
:10119000F4BB0E97AEF60F97ADF6109794EB119740
:1011A00095EB129796EB1397DEC4149797EB159770
:1011B00098EB1697D8C1179799EB18979AEB199750
:1011C0009BEB1A979CEB1B979DEB1C97AACB1D974B
:1011D0009EEB1E97BCCF1F979FEB2097A0EB21970C
:1011E00040EC229741EC239742EC249743EC25975F
:1011F00044EC269745EC279746EC289747EC29972F
:1012000048EC2A97AFF62B9749EC2C974AEC2D9790
:10121000B0F62E974BEC2F974CEC3097B1F63197F8
:101220004DEC3297B6C233974EEC34974FEC35976E
:1012300050EC369751EC379752EC3897D4B0399739
:10124000F9C53A9753EC3B9754EC3C9755EC3D97D6
:1012500056EC3E97B2F63F9757EC409758EC4197C3
:1012600059EC42975AEC43975BEC44975CEC4597FA
:101270005DEC46975EEC47975FEC489760EC4997CA
:1012800061EC4A9762EC4B9763EC4C9764EC4D979A
:1012900065EC4E9766EC4F9767EC509768EC51976A
:1012A00069EC5297E0C75397A6F654976AEC5597A6
:1012B0006BEC5697B8BE57976CEC58976DEC5997F6
:1012C000B2BE5A976EEC5B97E5B55C976FEC5D9795
:1012D00070EC5E97C7B75F9771EC6097BFBF61977F
:1012E000D2C36297E6C3639772EC649773EC659719
:1012F000CCD8669774EC679775EC689776EC69972D
:10130000EFB86A9777EC6B9778EC6C9779EC6D9700
:101310007AEC6E977BEC6F977CEC70977DEC719715
:101320007EEC729780EC7397F9BD7497A5D1759791
:1013300081EC7697D0B0779782EC789783EC7997A9
:1013400084EC7A9785EC7B9786EC7C97B0F77D9759
:1013500087EC7E9788EC7F9789EC80978AEC819761
:101360008BEC82978CEC83978DEC84978EEC859731
:10137000B1F786978FEC879790EC889791EC8997D7
:1013800092EC8A9793EC8B97ACD08C9794EC8D97DA
:10139000B0B08E9795EC8F9796EC909797EC9197CD
:1013A000B2F79297B3F7939798EC9497B4F7959711
:1013B00099EC96979AEC97979BEC9897CAC7999750
:1013C0009CEC9A979DEC9B979EEC9C979FEC9D972D
:1013D000A0EC9E9740ED9F9741EDA097CFBEA197BF
:1013E00042EDA29743EDA397B7F7A49744EDA597D5
:1013F00045EDA69746EDA79747EDA89748EDA99725
:1014000049EDAA974AEDAB97B6F7AC974BEDAD9780
:10141000DEB1AE974CEDAF97B5F7B0974DEDB19704
:101420004EEDB297B8F7B3974FEDB497B9F7B597BC
:1014300050EDB69751EDB79752EDB89753EDB99778
:1014400054EDBA9755EDBB9756EDBC9757EDBD9748
:1014500058EDBE9759EDBF975AEDC0975BEDC19718
:101460005CEDC2975DEDC3975EEDC4975FEDC597E8
:1014700060EDC69761EDC79762EDC89763EDC997B8
:1014800064EDCA9765EDCB9766EDCC9767EDCD9788
:1014900068EDCE9769EDCF976AEDD0976BEDD19758
:1014A0006CEDD2976DEDD3976EEDD4976FEDD59728
:1014B00070EDD69771EDD79772EDD89773EDD997F8
:1014C00074EDDA9775EDDB9776EDDC9777EDDD97C8
:1014D00078EDDE9779EDDF977AEDE0977BEDE19798
:1014E0007CEDE2977DEDE3977EEDE49780EDE59767
:1014F00081EDE697A4CEE797CDC8E89782EDE9970E
:10150000ABBAEA97B8E8EB97B9E8EC97BAE8ED9789
:10151000C2BEEE9783EDEF9784EDF09785EDF197DE
:1015200086EDF29787EDF397F4D2F49788EDF5976F
:10153000CFD4F697D8C9F79789EDF8978AEDF99740
:101540008BEDFA978CEDFB978DEDFC978EEDFD976B
:101550008FEDFE9790EDFF9791ED009892ED019839
:1015600093ED029894ED039895ED049896ED059807
:1015700097ED069898ED079899ED08989AED0998D7
:101580009BED0A989CED0B989DED0C989EED0D98A7
:101590009FED0E98A0ED0F9840EE109841EE119837
:1015A00042EE129843EE139844EE149845EE1598C7
:1015B00046EE169847EE179848EE189849EE199897
:1015C0004AEE1A984BEE1B984CEE1C984DEE1D9867
:1015D0004EEE1E984FEE1F9850EE209851EE219837
:1015E00052EE229853EE239854EE249855EE259807
:1015F00056EE269857EE279858EE289859EE2998D7
:101600005AEE2A985BEE2B985CEE2C985DEE2D98A6
:101610005EEE2E985FEE2F9860EE309861EE319876
:1016200062EE329863EE339864EE349865EE359846
:1016300066EE369867EE379868EE389869EE399816
:101640006AEE3A986BEE3B986CEE3C986DEE3D98E6
:101650006EEE3E986FEE3F9870EE409871EE4198B6
:1016600072EE429873EE439874EE449875EE459886
:1016700076EE469877EE479878EE489879EE499856
:101680007AEE4A987BEE4B987CEE4C987DEE4D9826
:101690007EEE4E9880EE4F9881EE509882EE5198F3
:1016A00083EE529884EE539885EE549886EE5598C2
:1016B00087EE569888EE579889EE58988AEE599892
:1016C0008BEE5A988CEE5B988DEE5C988EEE5D9862
:1016D0008FEE5E9890EE5F9891EE609892EE619832
:1016E00093EE629894EE639895EE649896EE659802
:1016F00097EE669898EE679899EE68989AEE6998D2
:101700009BEE6A989CEE6B989DEE6C989EEE6D98A1
:101710009FEE6E98A0EE6F9840EF709841EF719831
:1017200042EF729843EF739844EF749845EF7598C1
:10173000B3D27698A5B67798EAC77898FCF17998ED
:10174000EECF7A98B3CB7B98EBD07C98EFE77D987F
:10175000E7CD7E98CBB97F98D9B68098FDF1819876
:10176000E4B08298CCCB8398FEF18498A4D4859879
:10177000ADC28698ECC18798C4C68898B1BE8998D6
:10178000A1F28A98D5BC8B9846EF8C98A2F28D98DE
:10179000A3F28E9847EF8F98A4F29098C3D29198B5
:1017A000B5C6929848EF9398C7CD9498A5F29598AE
:1017B00049EF9698B1D39798C5BF9898E2CC99987D
:1017C0004AEF9A98A6F29B98A7F29C98D5D19D983B
:1017D000EEB69E98A8F29F98A9F2A098DFB5A198BE
:1017E000AAF2A298ABF2A3984BEFA498FCB2A598EA
:1017F000ACF2A698ADF2A798A7C8A8984CEFA99804
:101800004DEFAA984EEFAB984FEFAC9850EFAD98D4
:1018100051EFAE9852EFAF9853EFB09854EFB198A4
:1018200055EFB29856EFB39857EFB49858EFB59874
:1018300059EFB6985AEFB7985BEFB8985CEFB99844
:101840005DEFBA985EEFBB985FEFBC9860EFBD9814
:1018500061EFBE9862EFBF9863EFC09864EFC198E4
:1018600065EFC29866EFC39867EFC49868EFC598B4
:1018700069EFC6986AEFC7986BEFC8986CEFC99884
:101880006DEFCA986EEFCB986FEFCC9870EFCD9854
:1018900071EFCE98E7B7CF9872EFD09873EFD198E9
:1018A000A9ECD298AAECD398ABECD49874EFD59865
:1018B000ACECD69875EFD79876EFD898AEC6D99895
:1018C000ADECDA98AEECDB9877EFDC9878EFDD984A
:1018D00079EFDE98C9B7DF98B3CAE0987AEFE1985C
:1018E0007BEFE2987CEFE3987DEFE4987EEFE5985C
:1018F00080EFE69881EFE798B8E2E898CFF7E998AB
:1019000082EFEA9883EFEB9884EFEC9885EFED98FF
:1019100086EFEE9887EFEF9888EFF09889EFF198CF
:101920008AEFF2988BEFF3988CEFF4988DEFF5989F
:101930008EEFF6988FEFF79890EFF89891EFF9986F
:1019400092EFFA9893EFFB9894EFFC9895EFFD983F
:1019500096EFFE9897EFFF9898EF009999EF01990D
:101960009AEF02999BEF03999CEF04999DEF0599DB
:101970009EEF06999FEF0799A0EF089940F009990B
:1019800041F00A9942F00B9943F00C9944F00D99FB
:10199000D0F70E9945F00F9946F01099CDB21199F4
:1019A00047F0129948F0139949F014994AF01599A3
:1019B0004BF016994CF017994DF018994EF0199973
:1019C0004FF01A9950F01B9951F01C9952F01D9943
:1019D00053F01E9954F01F9955F0209956F0219913
:1019E00057F0229958F0239959F024995AF02599E3
:1019F0005BF026995CF027995DF028995EF02999B3
:101A00005FF02A9960F02B9961F02C9962F02D9982
:101A100063F02E99D1F72F9964F0309965F03199E0
:101A200066F0329967F0339968F0349969F0359926
:101A30006AF036996BF037996CF038996DF03999F6
:101A40006EF03A996FF03B9970F03C9971F03D99C6
:101A500072F03E9973F03F9974F0409975F0419996
:101A600076F0429977F0439978F0449979F0459966
:101A70007AF046997BF047997CF048997DF0499936
:101A80007EF04A9980F04B9981F04C9982F04D9903
:101A900083F04E9984F04F9985F0509986F05199D2
:101AA00087F0529988F0539989F05499D3F7559952
:101AB000D2F756998AF057998BF058998CF059992A
:101AC0008DF05A998EF05B998FF05C9990F05D994A
:101AD00091F05E9992F05F9993F0609994F061991A
:101AE00095F0629996F06399BBE2649997F06599D5
:101AF000A2BC669998F06799BCE26899BDE26999C1
:101B0000BEE26A99BFE26B99C0E26C99C1E26D993D
:101B1000B9B76E99FBD26F99A4BD7099CECA71996D
:101B2000A5B17299C7CB739999F07499C2E275996E
:101B3000FCB67699C4C87799C3E278999AF07999F6
:101B40009BF07A99C8BD7B999CF07C99FDB17D99F9
:101B5000C4E27E999DF07F99F6B68099C5E281999D
:101B6000D9C482999EF083999FF08499C6E28599A1
:101B7000DACF8699DDB98799C7E28899A1C089999A
:101B8000A0F08A99C8E28B99F6B28C9940F18D99B0
:101B9000C9E28E9941F18F99F3C19099CAE2919966
:101BA000CBE29299F8C29399CCE29499CDE29599BF
:101BB000CEE29699D7CA9799B8D89899E5D99999C4
:101BC000E3CF9A9942F19B9943F19C9944F19D99F5
:101BD00045F19E9946F19F9947F1A09948F1A19945
:101BE00049F1A2994AF1A3994BF1A4994CF1A59915
:101BF000A5F0A6994DF1A7994EF1A899B0DCA99945
:101C00004FF1AA9950F1AB9951F1AC9952F1AD99BC
:101C100053F1AE9954F1AF9955F1B09956F1B1998C
:101C200057F1B29958F1B39959F1B4995AF1B5995C
:101C30005BF1B6995CF1B7995DF1B8995EF1B9992C
:101C40005FF1BA9960F1BB9961F1BC9962F1BD99FC
:101C500063F1BE9964F1BF9965F1C09966F1C199CC
:101C600067F1C29968F1C39969F1C4996AF1C5999C
:101C70006BF1C6996CF1C7996DF1C8996EF1C9996C
:101C80006FF1CA9970F1CB9971F1CC9972F1CD993C
:101C900073F1CE9974F1CF9975F1D09976F1D1990C
:101CA00077F1D29978F1D39979F1D4997AF1D599DC
:101CB0007BF1D6997CF1D7997DF1D8997EF1D999AC
:101CC00080F1DA9981F1DB9982F1DC9983F1DD9978
:101CD00084F1DE9985F1DF9986F1E09987F1E19948
:101CE00088F1E29989F1E3998AF1E4998BF1E59918
:101CF0008CF1E6998DF1E7998EF1E8998FF1E999E8
:101D000090F1EA9991F1EB9992F1EC9993F1ED99B7
:101D100094F1EE9995F1EF9996F1F09997F1F19987
:101D200098F1F29999F1F3999AF1F4999BF1F59957
:101D30009CF1F6999DF1F7999EF1F8999FF1F99927
:101D4000A0F1FA9940F2FB9941F2FC9942F2FD9917
:101D500043F2FE9944F2FF9945F2009A46F2019A45
:101D600047F2029A48F2039A49F2049A4AF2059A13
:101D70004BF2069A4CF2079A4DF2089A4EF2099AE3
:101D80004FF20A9A50F20B9A51F20C9A52F20D9AB3
:101D900053F20E9A54F20F9A55F2109A56F2119A83
:101DA00057F2129A58F2139A59F2149A5AF2159A53
:101DB0005BF2169A5CF2179A5DF2189A5EF2199A23
:101DC0005FF21A9A60F21B9A61F21C9A62F21D9AF3
:101DD00063F21E9A64F21F9A65F2209A66F2219AC3
:101DE00067F2229A68F2239A69F2249A6AF2259A93
:101DF0006BF2269A6CF2279A6DF2289A6EF2299A63
:101E00006FF22A9A70F22B9A71F22C9A72F22D9A32
:101E100073F22E9A74F22F9A75F2309A76F2319A02
:101E200077F2329A78F2339A79F2349A7AF2359AD2
:101E30007BF2369A7CF2379A7DF2389A7EF2399AA2
:101E400080F23A9A81F23B9A82F23C9A83F23D9A6E
:101E500084F23E9A85F23F9A86F2409A87F2419A3E
:101E600088F2429A89F2439A8AF2449A8BF2459A0E
:101E70008CF2469A8DF2479A8EF2489A8FF2499ADE
:101E800090F24A9A91F24B9A92F24C9A93F24D9AAE
:101E900094F24E9A95F24F9A96F2509A97F2519A7E
:101EA00098F2529A99F2539A9AF2549A9BF2559A4E
:101EB0009CF2569A9DF2579A9EF2589A9FF2599A1E
:101EC000A0F25A9A40F35B9A41F35C9A42F35D9A0E
:101ED00043F35E9A44F35F9A45F3609A46F3619A3E
:101EE00047F3629A48F3639A49F3649A4AF3659A0E
:101EF0004BF3669A4CF3679A4DF3689A4EF3699ADE
:101F00004FF36A9A50F36B9A51F36C9AEDC26D9A43
:101F1000A6D46E9AD4CD6F9AB1D1709ADBB3719A70
:101F2000FDC7729A52F3739AB5B2749ABFC2759A8A
:101F3000E0E6769ABBCA779AE1E6789AE2E6799A81
:101F4000D4BE7A9AE3E67B9AA4D77C9AD5CD7D9AC3
:101F5000E5E67E9ADDBC7F9AE4E6809AE6E6819A21
:101F6000E7E6829AEEC2839A53F3849ABEBD859ABD
:101F7000E8E6869AE6C2879AA7BA889AE9E6899A35
:101F800054F38A9AEAE68B9AD2B38C9AE9D18D9A65
:101F900055F38E9A56F38F9AA5BF909AEBE6919AD5
:101FA000EFC6929AECE6939AEDE6949A57F3959AD7
:101FB00058F3969AEEE6979AADC6989AEFE6999AF4
:101FC00059F39A9AA7C99B9AF0E69C9AF1E69D9AD2
:101FD000F2E69E9AB9E59F9AF3E6A09AF4E6A19AF2
:101FE000E2C2A29AF5E6A39AF6E6A49AE8D6A59AE2
:101FF000F7E6A69A5AF3A79AF8E6A89AC7B9A99A53
:102000005BF3AA9A5CF3AB9A5DF3AC9A5EF3AD9A7C
:102010005FF3AE9A60F3AF9A61F3B09ABBF7B19AEF
:10202000BAF7B29A62F3B39A63F3B49A64F3B59AC7
:1020300065F3B69ABEF7B79ABCF7B89AA1BAB99A3F
:1020400066F3BA9ABFF7BB9A67F3BC9AC0F7BD9A1A
:1020500068F3BE9A69F3BF9A6AF3C09AC2F7C19A4D
:10206000C1F7C29AC4F7C39A6BF3C49A6CF3C59ACA
:10207000C3F7C69A6DF3C79A6EF3C89A6FF3C99AFD
:1020800070F3CA9A71F3CB9AC5F7CC9AC6F7CD9A7A
:1020900072F3CE9A73F3CF9A74F3D09A75F3D19A00
:1020A000C7F7D29A76F3D39AE8CBD49A77F3D59A36
:1020B00078F3D69A79F3D79A7AF3D89ADFB8D99A7F
:1020C0007BF3DA9A7CF3DB9A7DF3DC9A7EF3DD9A7C
:1020D00080F3DE9A81F3DF9AD4F7E09A82F3E19AF3
:1020E000D5F7E29A83F3E39A84F3E49A85F3E59AC9
:1020F00086F3E69AD6F7E79A87F3E89A88F3E99A9F
:1021000089F3EA9A8AF3EB9AD8F7EC9A8BF3ED9A73
:10211000DAF7EE9A8CF3EF9AD7F7F09A8DF3F19AFB
:102120008EF3F29A8FF3F39A90F3F49A91F3F59A6F
:1021300092F3F69A93F3F79A94F3F89A95F3F99A3F
:10214000DBF7FA9A96F3FB9AD9F7FC9A97F3FD9A84
:1021500098F3FE9A99F3FF9A9AF3009B9BF3019BE5
:102160009CF3029B9DF3039BD7D7049B9EF3059B97
:102170009FF3069BA0F3079B40F4089BDCF7099BA9
:1021800041F40A9B42F40B9B43F40C9B44F40D9BDB
:1021900045F40E9B46F40F9BDDF7109B47F4119B13
:1021A00048F4129B49F4139BDEF7149B4AF4159BE9
:1021B0004BF4169B4CF4179B4DF4189B4EF4199B53
:1021C0004FF41A9B50F41B9B51F41C9B52F41D9B23
:1021D00053F41E9B54F41F9BDFF7209B55F4219B67
:1021E00056F4229B57F4239BE0F7249B58F4259B3D
:1021F00059F4269B5AF4279B5BF4289B5CF4299B9B
:102200005DF42A9B5EF42B9B5FF42C9B60F42D9B6A
:1022100061F42E9B62F42F9BCBDB309B63F4319BEC
:1022200064F4329BAAD8339B65F4349B66F4359BE7
:1022300067F4369B68F4379B69F4389B6AF4399BE2
:102240006BF43A9B6CF43B9BF7E53C9BEDB93D9BF3
:102250006DF43E9B6EF43F9B6FF4409B70F4419B8A
:10226000FDBF429BEABB439BC9F7449BC7C6459B46
:10227000C8F7469B71F4479BCAF7489BCCF7499B2C
:10228000CBF74A9B72F44B9B73F44C9B74F44D9BBD
:10229000CDF74E9B75F44F9BBACE509B76F4519B75
:1022A000CEF7529B77F4539B78F4549BA7C4559B6D
:1022B00079F4569B7AF4579B7BF4589B7CF4599B9A
:1022C0007DF45A9B7EF45B9B80F45C9B81F45D9B68
:1022D00082F45E9B83F45F9B84F4609B85F4619B36
:1022E00086F4629B87F4639B88F4649B89F4659B06
:1022F0008AF4669B8BF4679B8CF4689B8DF4699BD6
:102300008EF46A9B8FF46B9B90F46C9B91F46D9BA5
:1023100092F46E9B93F46F9B94F4709B95F4719B75
:1023200096F4729B97F4739B98F4749B99F4759B45
:102330009AF4769B9BF4779B9CF4789B9DF4799B15
:102340009EF47A9B9FF47B9BA0F47C9B40F57D9B45
:1023500041F57E9B42F57F9B43F5809B44F5819B35
:1023600045F5829B46F5839B47F5849B48F5859B05
:1023700049F5869B4AF5879B4BF5889B4CF5899BD5
:102380004DF58A9B4EF58B9B4FF58C9B50F58D9BA5
:1023900051F58E9B52F58F9B53F5909B54F5919B75
:1023A00055F5929B56F5939B57F5949B58F5959B45
:1023B00059F5969B5AF5979B5BF5989B5CF5999B15
:1023C0005DF59A9B5EF59B9B5FF59C9B60F59D9BE5
:1023D00061F59E9B62F59F9B63F5A09B64F5A19BB5
:1023E00065F5A29B66F5A39B67F5A49B68F5A59B85
:1023F00069F5A69B6AF5A79B6BF5A89B6CF5A99B55
:102400006DF5AA9B6EF5AB9B6FF5AC9B70F5AD9B24
:1024100071F5AE9B72F5AF9B73F5B09B74F5B19BF4
:1024200075F5B29B76F5B39B77F5B49B78F5B59BC4
:1024300079F5B69B7AF5B79B7BF5B89B7CF5B99B94
:102440007DF5BA9B7EF5BB9B80F5BC9B81F5BD9B62
:1024500082F5BE9B83F5BF9B84F5C09B85F5C19B30
:1024600086F5C29B87F5C39B88F5C49B89F5C59B00
:102470008AF5C69B8BF5C79B8CF5C89B8DF5C99BD0
:102480008EF5CA9B8FF5CB9B90F5CC9B91F5CD9BA0
:1024900092F5CE9B93F5CF9B94F5D09B95F5D19B70
:1024A00096F5D29B97F5D39B98F5D49B99F5D59B40
:1024B0009AF5D69B9BF5D79B9CF5D89B9DF5D99B10
:1024C0009EF5DA9B9FF5DB9BA0F5DC9B40F6DD9B40
:1024D00041F6DE9B42F6DF9B43F6E09B44F6E19B30
:1024E00045F6E29B46F6E39B47F6E49B48F6E59B00
:1024F00049F6E69B4AF6E79B4BF6E89B4CF6E99BD0
:102500004DF6EA9B4EF6EB9B4FF6EC9B50F6ED9B9F
:1025100051F6EE9B52F6EF9B53F6F09B54F6F19B6F
:1025200055F6F29B56F6F39B57F6F49B58F6F59B3F
:1025300059F6F69B5AF6F79B5BF6F89B5CF6F99B0F
:102540005DF6FA9B5EF6FB9B5FF6FC9B60F6FD9BDF
:1025500061F6FE9B62F6FF9B63F6009C64F6019CAD
:1025600065F6029C66F6039C67F6049C68F6059C7B
:1025700069F6069C6AF6079C6BF6089C6CF6099C4B
:102580006DF60A9C6EF60B9C6FF60C9C70F60D9C1B
:1025900071F60E9C72F60F9C73F6109C74F6119CEB
:1025A00075F6129C76F6139C77F6149C78F6159CBB
:1025B00079F6169C7AF6179C7BF6189C7CF6199C8B
:1025C0007DF61A9C7EF61B9C80F61C9C81F61D9C59
:1025D00082F61E9C83F61F9C84F6209C85F6219C27
:1025E00086F6229C87F6239C88F6249C89F6259CF7
:1025F0008AF6269C8BF6279C8CF6289C8DF6299CC7
:102600008EF62A9C8FF62B9C90F62C9C91F62D9C96
:1026100092F62E9C93F62F9C94F6309C95F6319C66
:1026200096F6329C97F6339C98F6349C99F6359C36
:102630009AF6369C9BF6379C9CF6389C9DF6399C06
:102640009EF63A9C9FF63B9CA0F63C9C40F73D9C36
:1026500041F73E9C42F73F9C43F7409C44F7419C26
:1026600045F7429C46F7439C47F7449C48F7459CF6
:1026700049F7469C4AF7479C4BF7489C4CF7499CC6
:102680004DF74A9C4EF74B9C4FF74C9C50F74D9C96
:1026900051F74E9C52F74F9C53F7509C54F7519C66
:1026A00055F7529C56F7539C57F7549C58F7559C36
:1026B00059F7569C5AF7579C5BF7589C5CF7599C06
:1026C0005DF75A9C5EF75B9C5FF75C9C60F75D9CD6
:1026D00061F75E9C62F75F9C63F7609C64F7619CA6
:1026E00065F7629C66F7639C67F7649C68F7659C76
:1026F00069F7669C6AF7679C6BF7689C6CF7699C46
:102700006DF76A9C6EF76B9C6FF76C9C70F76D9C15
:1027100071F76E9C72F76F9C73F7709C74F7719CE5
:1027200075F7729C76F7739C77F7749C78F7759CB5
:1027300079F7769C7AF7779C7BF7789C7CF7799C85
:102740007DF77A9C7EF77B9C80F77C9CE3D37D9C15
:1027500081F77E9C82F77F9CCFF6809C83F7819CDB
:10276000B3C2829CD0F6839C84F7849C85F7859CB9
:10277000D1F6869CD2F6879CD3F6889CD4F6899CA9
:1027800086F78A9C87F78B9CD6F68C9C88F78D9C65
:10279000ABB18E9CD7F68F9C89F7909CD8F6919C14
:1027A000D9F6929CDAF6939C8AF7949CDBF6959C7A
:1027B000DCF6969C8BF7979C8CF7989C8DF7999CF0
:1027C0008EF79A9CDDF69B9CDEF69C9CCACF9D9C66
:1027D0008FF79E9CDFF69F9CE0F6A09CE1F6A19C03
:1027E000E2F6A29CE3F6A39CE4F6A49CF0C0A59CB0
:1027F000E5F6A69CE6F6A79CE7F6A89CE8F6A99C59
:10280000E9F6AA9C90F7AB9CEAF6AC9C91F7AD9CDC
:10281000EBF6AE9CECF6AF9C92F7B09CEDF6B19C5B
:10282000EEF6B29CEFF6B39CF0F6B49CF1F6B59CD4
:10283000F2F6B69CF3F6B79CF4F6B89CA8BEB99C29
:1028400093F7BA9CF5F6BB9CF6F6BC9CF7F6BD9CDC
:10285000F8F6BE9C94F7BF9C95F7C09C96F7C19C78
:1028600097F7C29C98F7C39CFAC8C49CF9F6C59C1C
:10287000FAF6C69CFBF6C79CFCF6C89C99F7C99C67
:102880009AF7CA9CFDF6CB9CFEF6CC9CA1F7CD9C9A
:10289000A2F7CE9CA3F7CF9CA4F7D09CA5F7D19C20
:1028A0009BF7D29C9CF7D39CA6F7D49CA7F7D59C0A
:1028B000A8F7D69CEEB1D79CA9F7D89CAAF7D99CCB
:1028C000ABF7DA9C9DF7DB9C9EF7DC9CACF7DD9CBC
:1028D000ADF7DE9CDBC1DF9CAEF7E09C9FF7E19C8F
:1028E000A0F7E29CAFF7E39C40F8E49C41F8E59C3C
:1028F00042F8E69C43F8E79C44F8E89C45F8E99CDC
:1029000046F8EA9C47F8EB9C48F8EC9C49F8ED9CAB
:102910004AF8EE9C4BF8EF9C4CF8F09C4DF8F19C7B
:102920004EF8F29C4FF8F39C50F8F49C51F8F59C4B
:1029300052F8F69C53F8F79C54F8F89C55F8F99C1B
:1029400056F8FA9C57F8FB9C58F8FC9C59F8FD9CEB
:102950005AF8FE9C5BF8FF9C5CF8009D5DF8019DB9
:102960005EF8029D5FF8039D60F8049D61F8059D87
:1029700062F8069D63F8079D64F8089D65F8099D57
:1029800066F80A9D67F80B9D68F80C9D69F80D9D27
:102990006AF80E9D6BF80F9D6CF8109D6DF8119DF7
:1029A0006EF8129D6FF8139D70F8149D71F8159DC7
:1029B00072F8169D73F8179D74F8189D75F8199D97
:1029C00076F81A9D77F81B9D78F81C9D79F81D9D67
:1029D0007AF81E9D7BF81F9D7CF8209D7DF8219D37
:1029E0007EF8229D80F8239D81F8249D82F8259D04
:1029F00083F8269D84F8279D85F8289D86F8299DD3
:102A000087F82A9D88F82B9D89F82C9D8AF82D9DA2
:102A10008BF82E9D8CF82F9D8DF8309D8EF8319D72
:102A20008FF8329D90F8339D91F8349D92F8359D42
:102A300093F8369D94F8379D95F8389D96F8399D12
:102A400097F83A9D98F83B9D99F83C9D9AF83D9DE2
:102A50009BF83E9D9CF83F9D9DF8409D9EF8419DB2
:102A60009FF8429DA0F8439D40F9449D41F9459D42
:102A700042F9469D43F9479D44F9489D45F9499DD2
:102A800046F94A9D47F94B9D48F94C9D49F94D9DA2
:102A90004AF94E9D4BF94F9D4CF9509D4DF9519D72
:102AA0004EF9529D4FF9539D50F9549D51F9559D42
:102AB00052F9569D53F9579D54F9589D55F9599D12
:102AC00056F95A9D57F95B9D58F95C9D59F95D9DE2
:102AD0005AF95E9D5BF95F9D5CF9609D5DF9619DB2
:102AE0005EF9629D5FF9639D60F9649D61F9659D82
:102AF00062F9669D63F9679D64F9689D65F9699D52
:102B000066F96A9D67F96B9D68F96C9D69F96D9D21
:102B10006AF96E9D6BF96F9D6CF9709D6DF9719DF1
:102B20006EF9729D6FF9739D70F9749D71F9759DC1
:102B300072F9769D73F9779D74F9789D75F9799D91
:102B400076F97A9D77F97B9D78F97C9D79F97D9D61
:102B50007AF97E9D7BF97F9D7CF9809D7DF9819D31
:102B60007EF9829D80F9839D81F9849D82F9859DFE
:102B700083F9869D84F9879D85F9889D86F9899DCD
:102B800087F98A9D88F98B9D89F98C9D8AF98D9D9D
:102B90008BF98E9D8CF98F9D8DF9909D8EF9919D6D
:102BA0008FF9929D90F9939D91F9949D92F9959D3D
:102BB00093F9969D94F9979D95F9989D96F9999D0D
:102BC00097F99A9D98F99B9D99F99C9D9AF99D9DDD
:102BD0009BF99E9D9CF99F9D9DF9A09D9EF9A19DAD
:102BE0009FF9A29DA0F9A39D40FAA49D41FAA59D3D
:102BF00042FAA69D43FAA79D44FAA89D45FAA99DCD
:102C000046FAAA9D47FAAB9D48FAAC9D49FAAD9D9C
:102C10004AFAAE9D4BFAAF9D4CFAB09D4DFAB19D6C
:102C20004EFAB29D4FFAB39D50FAB49D51FAB59D3C
:102C300052FAB69D53FAB79D54FAB89D55FAB99D0C
:102C400056FABA9D57FABB9D58FABC9D59FABD9DDC
:102C50005AFABE9D5BFABF9D5CFAC09D5DFAC19DAC
:102C60005EFAC29D5FFAC39D60FAC49D61FAC59D7C
:102C700062FAC69D63FAC79D64FAC89D65FAC99D4C
:102C800066FACA9D67FACB9D68FACC9D69FACD9D1C
:102C90006AFACE9D6BFACF9D6CFAD09D6DFAD19DEC
:102CA0006EFAD29D6FFAD39D70FAD49D71FAD59DBC
:102CB00072FAD69D73FAD79D74FAD89D75FAD99D8C
:102CC00076FADA9D77FADB9D78FADC9D79FADD9D5C
:102CD0007AFADE9D7BFADF9D7CFAE09D7DFAE19D2C
:102CE0007EFAE29D80FAE39D81FAE49D82FAE59DF9
:102CF00083FAE69D84FAE79D85FAE89D86FAE99DC8
:102D000087FAEA9D88FAEB9D89FAEC9D8AFAED9D97
:102D10008BFAEE9D8CFAEF9D8DFAF09D8EFAF19D67
:102D20008FFAF29D90FAF39D91FAF49D92FAF59D37
:102D300093FAF69D94FAF79D95FAF89D96FAF99D07
:102D400097FAFA9D98FAFB9D99FAFC9D9AFAFD9DD7
:102D50009BFAFE9D9CFAFF9D9DFA009E9EFA019EA5
:102D60009FFA029EA0FA039E40FB049E41FB059E33
:102D700042FB069E43FB079E44FB089E45FB099EC3
:102D800046FB0A9E47FB0B9E48FB0C9E49FB0D9E93
:102D90004AFB0E9E4BFB0F9E4CFB109E4DFB119E63
:102DA0004EFB129E4FFB139E50FB149E51FB159E33
:102DB00052FB169E53FB179E54FB189E55FB199E03
:102DC00056FB1A9E57FB1B9E58FB1C9E59FB1D9ED3
:102DD0005AFB1E9E5BFB1F9EF1C4209EAFF0219EFE
:102DE000A6BC229EB0F0239EF9C3249E5CFB259EC8
:102DF000B8C5269EBBD1279E5DFB289EB1F0299EBB
:102E0000B2F02A9EB3F02B9EB4F02C9EB5F02D9E0E
:102E1000BCD12E9E5EFB2F9EECD1309E5FFB319E7F
:102E2000B7F0329EB6F0339EA7D4349E60FB359E39
:102E3000D2CD369EB8F0379EBAF0389EB9F0399EA2
:102E4000BBF03A9EBCF03B9E61FB3C9E62FB3D9E0C
:102E5000EBB83E9EBDF03F9EE8BA409E63FB419EAC
:102E6000BEF0429EBFF0439EE9BE449EC0F0459E28
:102E7000ECB6469EC1F0479EC2F0489EC3F0499E04
:102E8000C4F04A9EB5C84B9EC5F04C9EC6F04D9E00
:102E900064FB4E9EC7F04F9EF4C5509E65FB519E4D
:102EA000C8F0529E66FB539E67FB549E68FB559E7E
:102EB000C9F0569E69FB579ECAF0589EBDF7599EB1
:102EC0006AFB5A9ECBF05B9ECCF05C9ECDF05D9E83
:102ED0006BFB5E9ECEF05F9E6CFB609E6DFB619E09
:102EE0006EFB629E6FFB639ECFF0649ED7BA659EB9
:102EF00070FB669ED0F0679ED1F0689ED2F0699E0E
:102F0000D3F06A9ED4F06B9ED5F06C9ED6F06D9E89
:102F1000D8F06E9E71FB6F9E72FB709EA5D3719E62
:102F2000D7F0729E73FB739ED9F0749E74FB759EEE
:102F300075FB769E76FB779E77FB789E78FB799E75
:102F400079FB7A9E7AFB7B9E7BFB7C9E7CFB7D9E45
:102F50007DFB7E9EBAF57F9EB9C2809E7EFB819EE0
:102F600080FB829EE4F7839E81FB849E82FB859E8C
:102F700083FB869E84FB879EE5F7889EE6F7899E05
:102F800085FB8A9E86FB8B9EE7F78C9E87FB8D9E3A
:102F900088FB8E9E89FB8F9E8AFB909E8BFB919E69
:102FA0008CFB929EE8F7939EB4C2949E8DFB959EF7
:102FB0008EFB969E8FFB979E90FB989E91FB999E11
:102FC00092FB9A9E93FB9B9E94FB9C9E95FB9D9EE1
:102FD000EAF79E9E96FB9F9EEBF7A09E97FBA19E15
:102FE00098FBA29E99FBA39E9AFBA49E9BFBA59E89
:102FF0009CFBA69EF3C2A79E9DFBA89E9EFBA99E3E
:103000009FFBAA9EA0FBAB9E40FCAC9E41FCAD9EEC
:1030100042FCAE9E43FCAF9E44FCB09E45FCB19E7C
:1030200046FCB29E47FCB39E48FCB49EF0F4B59EAD
:1030300049FCB69E4AFCB79E4BFCB89EEFF4B99E85
:103040004CFCBA9E4DFCBB9EE9C2BC9E4EFCBD9E94
:10305000E1F7BE9EE2F7BF9E4FFCC09E50FCC19EB2
:1030600051FCC29E52FCC39E53FCC49EC6BBC59E6F
:1030700054FCC69E55FCC79E56FCC89E57FCC99E74
:10308000E4D9CA9E58FCCB9E59FCCC9E5AFCCD9EDE
:10309000F2CACE9EE8C0CF9EA4F0D09E5BFCD19E2B
:1030A000DABAD29E5CFCD39E5DFCD49EADC7D59EA1
:1030B0005EFCD69E5FFCD79E60FCD89EACC4D99EB9
:1030C00061FCDA9E62FCDB9EECF7DC9EEDF7DD9E98
:1030D000EEF7DE9E63FCDF9EF0F7E09EEFF7E19EE9
:1030E00064FCE29EF1F7E39E65FCE49E66FCE59ECF
:1030F000F4F7E69E67FCE79EF3F7E89E68FCE99E1E
:10310000F2F7EA9EF5F7EB9E69FCEC9E6AFCED9EF9
:103110006BFCEE9E6CFCEF9EF6F7F09E6DFCF19E54
:103120006EFCF29E6FFCF39E70FCF49E71FCF59EAB
:1031300072FCF69E73FCF79E74FCF89E75FCF99E7B
:10314000E9EDFA9E76FCFB9EEAEDFC9EEBEDFD9E22
:1031500077FCFE9EBCF6FF9E78FC009F79FC019FE9
:103160007AFC029F7BFC039F7CFC049F7DFC059FF7
:103170007EFC069F80FC079F81FC089F82FC099FC4
:1031800083FC0A9F84FC0B9FBDF60C9F85FC0D9F62
:10319000BEF60E9FA6B60F9F86FC109FBED8119F4D
:1031A00087FC129F88FC139FC4B9149F89FC159F4C
:1031B0008AFC169F8BFC179FBBD8189F8CFC199F0D
:1031C000B1DC1A9F8DFC1B9F8EFC1C9F8FFC1D9FEA
:1031D00090FC1E9F91FC1F9F92FC209FF3CA219F91
:1031E00093FC229FF7F7239F94FC249F95FC259F37
:1031F00096FC269F97FC279F98FC289F99FC299F67
:103200009AFC2A9F9BFC2B9F9CFC2C9FF8F72D9FE0
:103210009DFC2E9F9EFC2F9FF9F7309F9FFC319FB6
:10322000A0FC329F40FD339F41FD349F42FD359FFE
:1032300043FD369F44FD379FFBF7389F45FD399F7F
:10324000FAF73A9F46FD3B9FC7B13C9F47FD3D9F24
:10325000FCF73E9FFDF73F9F48FD409F49FD419F82
:103260004AFD429F4BFD439F4CFD449FFEF7459F07
:103270004DFD469F4EFD479F4FFD489F50FD499F86
:1032800051FD4A9F52FD4B9F53FD4C9F54FD4D9F56
:1032900055FD4E9F56FD4F9F57FD509FEBC6519FCA
:1032A000B4EC529F58FD539F59FD549F5AFD559FB2
:1032B0005BFD569F5CFD579F5DFD589F5EFD599FCE
:1032C0005FFD5A9F60FD5B9F61FD5C9F62FD5D9F9E
:1032D00063FD5E9F64FD5F9F65FD609F66FD619F6E
:1032E00067FD629F68FD639F69FD649F6AFD659F3E
:1032F0006BFD669F6CFD679F6DFD689F6EFD699F0E
:103300006FFD6A9F70FD6B9F71FD6C9F72FD6D9FDD
:1033100073FD6E9F74FD6F9F75FD709F76FD719FAD
:1033200077FD729F78FD739F79FD749F7AFD759F7D
:103330007BFD769F7CFD779F7DFD789F7EFD799F4D
:1033400080FD7A9F81FD7B9F82FD7C9F83FD7D9F19
:1033500084FD7E9F85FD7F9FDDB3809FB3F6819FB7
:1033600086FD829F87FD839FB4F6849FE4C1859F7D
:10337000B5F6869FB6F6879FB7F6889FB8F6899F01
:10338000B9F68A9FBAF68B9FA3C88C9FBBF68D9F18
:1033900088FD8E9F89FD8F9F8AFD909F8BFD919F59
:1033A0008CFD929F8DFD939F8EFD949F8FFD959F29
:1033B00090FD969F91FD979F92FD989F93FD999FF9
:1033C000FAC19A9FA8B99B9FE8ED9C9F94FD9D9F91
:1033D00095FD9E9F96FD9F9FEAB9A09FDFD9A19F73
:1033E00097FDA29F98FDA39F99FDA49F9AFDA59F7D
:1033F0009BFD2CF99CFD79F99DFD95F99EFDE7F962
:103400009FFDF1F9A0FD0CFA40FE0DFA41FE0EFA07
:1034100042FE0FFA43FE11FA44FE13FA45FE14FA77
:1034200046FE18FA47FE1FFA48FE20FA49FE21FA26
:103430004AFE23FA4BFE24FA4CFE27FA4DFE28FAE8
:103440004EFE29FA4FFE30FE55A931FEF2A633FE9C
:10345000F4A634FEF5A635FEE0A636FEE1A637FE5C
:10346000F0A638FEF1A639FEE2A63AFEE3A63BFE40
:10347000EEA63CFEEFA63DFEE6A63EFEE7A63FFE1C
:10348000E4A640FEE5A641FEE8A642FEE9A643FE0C
:10349000EAA644FEEBA649FE68A94AFE69A94BFECE
:1034A0006AA94CFE6BA94DFE6CA94EFE6DA94FFE9C
:1034B0006EA950FE6FA951FE70A952FE71A954FE6B
:1034C00072A955FE73A956FE74A957FE75A959FE37
:1034D00076A95AFE77A95BFE78A95CFE79A95DFE04
:1034E0007AA95EFE7BA95FFE7CA960FE7DA961FED4
:1034F0007EA962FE80A963FE81A964FE82A965FEA1
:1035000083A966FE84A968FE85A969FE86A96AFE6C
:1035100087A96BFE88A901FFA1A302FFA2A303FF55
:10352000A3A304FFE7A105FFA5A306FFA6A307FF2A
:10353000A7A308FFA8A309FFA9A30AFFAAA30BFF3B
:10354000ABA30CFFACA30DFFADA30EFFAEA30FFF0B
:10355000AFA310FFB0A311FFB1A312FFB2A313FFDB
:10356000B3A314FFB4A315FFB5A316FFB6A317FFAB
:10357000B7A318FFB8A319FFB9A31AFFBAA31BFF7B
:10358000BBA31CFFBCA31DFFBDA31EFFBEA31FFF4B
:10359000BFA320FFC0A321FFC1A322FFC2A323FF1B
:1035A000C3A324FFC4A325FFC5A326FFC6A327FFEB
:1035B000C7A328FFC8A329FFC9A32AFFCAA32BFFBB
:1035C000CBA32CFFCCA32DFFCDA32EFFCEA32FFF8B
:1035D000CFA330FFD0A331FFD1A332FFD2A333FF5B
:1035E000D3A334FFD4A335FFD5A336FFD6A337FF2B
:1035F000D7A338FFD8A339FFD9A33AFFDAA33BFFFB
:10360000DBA33CFFDCA33DFFDDA33EFFDEA33FFFCA
:10361000DFA340FFE0A341FFE1A342FFE2A343FF9A
:10362000E3A344FFE4A345FFE5A346FFE6A347FF6A
:10363000E7A348FFE8A349FFE9A34AFFEAA34BFF3A
:10364000EBA34CFFECA34DFFEDA34EFFEEA34FFF0A
:10365000EFA350FFF0A351FFF1A352FFF2A353FFDA
:10366000F3A354FFF4A355FFF5A356FFF6A357FFAA
:10367000F7A358FFF8A359FFF9A35AFFFAA35BFF7A
:10368000FBA35CFFFCA35DFFFDA35EFFABA1E0FF1E
:10369000E9A1E1FFEAA1E2FF56A9E3FFFEA3E4FFEF
:1036A00057A9E5FFA4A3000000008000AC204081E2
:1036B000024E4181044E4281054E4381064E4481B3
:1036C0000F4E4581124E4681174E47811F4E48814D
:1036D000204E4981214E4A81234E4B81264E4C81FA
:1036E000294E4D812E4E4E812F4E4F81314E5081AD
:1036F000334E5181354E5281374E53813C4E548169
:10370000404E5581414E5681424E5781444E58811C
:10371000464E59814A4E5A81514E5B81554E5C81CD
:10372000574E5D815A4E5E815B4E5F81624E608175
:10373000634E6181644E6281654E6381674E648130
:10374000684E65816A4E66816B4E67816C4E6881FA
:103750006D4E69816E4E6A816F4E6B81724E6C81C7
:10376000744E6D81754E6E81764E6F81774E70818D
:10377000784E7181794E72817A4E73817B4E74815D
:103780007C4E75817D4E76817F4E7781804E78812B
:10379000814E7981824E7A81834E7B81844E7C81F9
:1037A000854E7D81874E7E818A4E8081904E8181BB
:1037B000964E8281974E8381994E84819C4E85815D
:1037C0009D4E86819E4E8781A34E8881AA4E898117
:1037D000AF4E8A81B04E8B81B14E8C81B44E8D81BB
:1037E000B64E8E81B74E8F81B84E9081B94E918181
:1037F000BC4E9281BD4E9381BE4E9481C84E958140
:10380000CC4E9681CF4E9781D04E9881D24E9981E1
:10381000DA4E9A81DB4E9B81DC4E9C81E04E9D818D
:10382000E24E9E81E64E9F81E74EA081E94EA18146
:10383000ED4EA281EE4EA381EF4EA481F14EA58103
:10384000F44EA681F84EA781F94EA881FA4EA981BF
:10385000FC4EAA81FE4EAB81004FAC81024FAD8180
:10386000034FAE81044FAF81054FB081064FB18148
:10387000074FB281084FB3810B4FB4810C4FB58114
:10388000124FB681134FB781144FB881154FB981CC
:10389000164FBA811C4FBB811D4FBC81214FBD818A
:1038A000234FBE81284FBF81294FC0812C4FC1813A
:1038B0002D4FC2812E4FC381314FC481334FC581FB
:1038C000354FC681374FC781394FC8813B4FC981BA
:1038D0003E4FCA813F4FCB81404FCC81414FCD817C
:1038E000424FCE81444FCF81454FD081474FD18148
:1038F000484FD281494FD3814A4FD4814B4FD58114
:103900004C4FD681524FD781544FD881564FD981D1
:10391000614FDA81624FDB81664FDC81684FDD8168
:103920006A4FDE816B4FDF816D4FE0816E4FE18129
:10393000714FE281724FE381754FE481774FE581EA
:10394000784FE681794FE7817A4FE8817D4FE981B1
:10395000804FEA81814FEB81824FEC81854FED8171
:10396000864FEE81874FEF818A4FF0818C4FF18136
:103970008E4FF281904FF381924FF481934FF581F6
:10398000954FF681964FF781984FF881994FF981BD
:103990009A4FFA819C4FFB819E4FFC819F4FFD8186
:1039A000A14FFE81A24F4082A44F4182AB4F428281
:1039B000AD4F4382B04F4482B14F4582B24F4682F1
:1039C000B34F4782B44F4882B64F4982B74F4A82BD
:1039D000B84F4B82B94F4C82BA4F4D82BB4F4E828B
:1039E000BC4F4F82BD4F5082BE4F5182C04F52825A
:1039F000C14F5382C24F5482C64F5582C74F568221
:103A0000C84F5782C94F5882CB4F5982CC4F5A82E8
:103A1000CD4F5B82D24F5C82D34F5D82D44F5E82AA
:103A2000D54F5F82D64F6082D94F6182DB4F628271
:103A3000E04F6382E24F6482E44F6582E54F668225
:103A4000E74F6782EB4F6882EC4F6982F04F6A82E2
:103A5000F24F6B82F44F6C82F54F6D82F64F6E829F
:103A6000F74F6F82F94F7082FB4F7182FC4F728269
:103A7000FD4F7382FF4F7482005075820150768231
:103A800002507782035078820450798205507A82FE
:103A900006507B8207507C8208507D8209507E82CE
:103AA0000A5080820B5081820E5082821050838295
:103AB0001150848213508582155086821650878259
:103AC000175088821B5089821D508A821E508B821B
:103AD00020508C8222508D8223508E8224508F82DF
:103AE000275090822B5091822F5092823050938297
:103AF000315094823250958233509682345097825E
:103B0000355098823650998237509A8238509B822D
:103B100039509C823B509D823D509E823F509F82F7
:103B20004050A0824150A1824250A2824450A382C0
:103B30004550A4824650A5824950A6824A50A78289
:103B40004B50A8824D50A9825050AA825150AB824E
:103B50005250AC825350AD825450AE825650AF8218
:103B60005750B0825850B1825950B2825B50B382E4
:103B70005D50B4825E50B5825F50B6826050B782AD
:103B80006150B8826250B9826350BA826450BB827D
:103B90006650BC826750BD826850BE826950BF8249
:103BA0006A50C0826B50C1826D50C2826E50C38217
:103BB0006F50C4827050C5827150C6827250C782E5
:103BC0007350C8827450C9827550CA827850CB82B3
:103BD0007950CC827A50CD827C50CE827D50CF827B
:103BE0008150D0828250D1828350D2828450D3823D
:103BF0008650D4828750D5828950D6828A50D78207
:103C00008B50D8828C50D9828E50DA828F50DB82D2
:103C10009050DC829150DD829250DE829350DF82A0
:103C20009450E0829550E1829650E2829750E38270
:103C30009850E4829950E5829A50E6829B50E78240
:103C40009C50E8829D50E9829E50EA829F50EB8210
:103C5000A050EC82A150ED82A250EE82A450EF82DF
:103C6000A650F082AA50F182AB50F282AD50F3829E
:103C7000AE50F482AF50F582B050F682B150F78268
:103C8000B350F882B450F982B550FA82B650FB8234
:103C9000B750FC82B850FD82B950FE82BC504083C0
:103CA000BD504183BE504283BF504383C0504483C4
:103CB000C1504583C2504683C3504783C450488394
:103CC000C5504983C6504A83C7504B83C8504C8364
:103CD000C9504D83CA504E83CB504F83CC50508334
:103CE000CD505183CE505283D0505383D150548302
:103CF000D2505583D3505683D4505783D5505883D0
:103D0000D7505983D8505A83D9505B83DB505C839A
:103D1000DC505D83DD505E83DE505F83DF50608367
:103D2000E0506183E1506283E2506383E350648337
:103D3000E4506583E5506683E8506783E950688303
:103D4000EA506983EB506A83EF506B83F0506C83C9
:103D5000F1506D83F2506E83F4506F83F650708390
:103D6000F7507183F8507283F9507383FA5074835B
:103D7000FC507583FD507683FE507783FF50788327
:103D80000051798301517A8302517B8303517C83F3
:103D900004517D8305517E830851808309518183BD
:103DA0000A5182830C5183830D5184830E51858384
:103DB0000F51868310518783115188831351898352
:103DC00014518A8315518B8316518C8317518D831F
:103DD00018518E8319518F831A5190831B519183EF
:103DE0001C5192831D5193831E5194831F519583BF
:103DF000205196832251978323519883245199838C
:103E000025519A8326519B8327519C8328519D835A
:103E100029519E832A519F832B51A0832C51A1832A
:103E20002D51A2832E51A3832F51A4833051A583FA
:103E30003151A6833251A7833351A8833451A983CA
:103E40003551AA833651AB833751AC833851AD839A
:103E50003951AE833A51AF833B51B0833C51B1836A
:103E60003D51B2833E51B3834251B4834751B58330
:103E70004A51B6834C51B7834E51B8834F51B983E1
:103E80005051BA835251BB835351BC835751BD83A8
:103E90005851BE835951BF835B51C0835D51C1836B
:103EA0005E51C2835F51C3836051C4836151C58336
:103EB0006351C6836451C7836651C8836751C98300
:103EC0006951CA836A51CB836F51CC837251CD83C0
:103ED0007A51CE837E51CF837F51D0838351D1835A
:103EE0008451D2838651D3838751D4838A51D58319
:103EF0008B51D6838E51D7838F51D8839051D983DC
:103F00009151DA839351DB839451DC839851DD83A3
:103F10009A51DE839D51DF839E51E0839F51E1835F
:103F2000A151E283A351E383A651E483A751E58322
:103F3000A851E683A951E783AA51E883AD51E983EB
:103F4000AE51EA83B451EB83B851EC83B951ED83A0
:103F5000BA51EE83BE51EF83BF51F083C151F1835B
:103F6000C251F283C351F383C551F483C851F58321
:103F7000CA51F683CD51F783CE51F883D051F983DE
:103F8000D251FA83D351FB83D451FC83D551FD83A5
:103F9000D651FE83D7514084D8514184D9514284AF
:103FA000DA514384DC514484DE514584DF51468438
:103FB000E2514784E3514884E5514984E6514A84FB
:103FC000E7514B84E8514C84E9514D84EA514E84C9
:103FD000EC514F84EE515084F1515184F25152848E
:103FE000F4515384F7515484FE515584045256843D
:103FF00005525784095258840B5259840C525A84E2
:104000000F525B8410525C8413525D8414525E84A0
:1040100015525F841C5260841E5261841F52628458
:10402000215263842252648423526584255266841B
:1040300026526784275268842A5269842C526A84E3
:104040002F526B8431526C8432526D8434526E84A0
:1040500035526F843C5270843E5271844452728453
:10406000455273844652748447527584485276840C
:10407000495277844B5278844E5279844F527A84D5
:1040800052527B8453527C8455527D8457527E8495
:1040900058528084595281845A5282845B5283845C
:1040A0005D5284845F528584605286846252878424
:1040B000635288846452898466528A8468528B84ED
:1040C0006B528C846C528D846D528E846E528F84B0
:1040D000705290847152918473529284745293847A
:1040E0007552948476529584775296847852978448
:1040F000795298847A5299847B529A847C529B8418
:104100007E529C8480529D8483529E8484529F84DC
:104110008552A0848652A1848752A2848952A384A6
:104120008A52A4848B52A5848C52A6848D52A78473
:104130008E52A8848F52A9849152AA849252AB8441
:104140009452AC849552AD849652AE849752AF840B
:104150009852B0849952B1849A52B2849C52B384DA
:10416000A452B484A552B584A652B684A752B7848B
:10417000AE52B884AF52B984B052BA84B452BB8440
:10418000B552BC84B652BD84B752BE84B852BF8407
:10419000B952C084BA52C184BB52C284BC52C384D7
:1041A000BD52C484C052C584C152C684C252C784A1
:1041B000C452C884C552C984C652CA84C852CB846A
:1041C000CA52CC84CC52CD84CD52CE84CE52CF8430
:1041D000CF52D084D152D184D352D284D452D384FA
:1041E000D552D484D752D584D952D684DA52D784C2
:1041F000DB52D884DC52D984DD52DA84DE52DB848F
:10420000E052DC84E152DD84E252DE84E352DF845A
:10421000E552E084E652E184E752E284E852E38426
:10422000E952E484EA52E584EB52E684EC52E784F6
:10423000ED52E884EE52E984EF52EA84F152EB84C5
:10424000F252EC84F352ED84F452EE84F552EF8492
:10425000F652F084F752F184F852F284FB52F38460
:10426000FC52F484FD52F5840153F6840253F78422
:104270000353F8840453F9840753FA840953FB84E5
:104280000A53FC840B53FD840C53FE840E5340856B
:10429000115341851253428513534385145344856A
:1042A000185345851B5346851C5347851E53488527
:1042B0001F53498522534A8524534B8525534C85EA
:1042C00027534D8528534E8529534F852B535085B1
:1042D0002C5351852D5352852F535385305354857C
:1042E000315355853253568533535785345358854A
:1042F0003553598536535A8537535B8538535C851A
:104300003C535D853D535E8540535F8542536085D8
:1043100044536185465362854B5363854C53648592
:104320004D5365855053668554536785585368854A
:10433000595369855B536A855D536B8565536C85FD
:1043400068536D856A536E856C536F856D537085A8
:104350007253718576537285795373857B53748557
:104360007C5375857D5376857E537785805378851C
:104370008153798583537A8587537B8588537C85E0
:104380008A537D858E537E858F538085905381859A
:104390009153828592538385935384859453858565
:1043A0009653868597538785995388859B5389852E
:1043B0009C538A859E538B85A0538C85A1538D85F4
:1043C000A4538E85A7538F85AA539085AB539185AF
:1043D000AC539285AD539385AF539485B053958577
:1043E000B1539685B2539785B3539885B453998545
:1043F000B5539A85B7539B85B8539C85B9539D8512
:10440000BA539E85BC539F85BD53A085BE53A185DD
:10441000C053A285C353A385C453A485C553A585A2
:10442000C653A685C753A785CE53A885CF53A98564
:10443000D053AA85D253AB85D353AC85D553AD8524
:10444000DA53AE85DC53AF85DD53B085DE53B185DD
:10445000E153B285E253B385E753B485F453B58590
:10446000FA53B685FE53B785FF53B8850054B98516
:104470000254BA850554BB850754BC850B54BD85D1
:104480001454BE851854BF851954C0851A54C1856B
:104490001C54C2852254C3852454C4852554C58523
:1044A0002A54C6853054C7853354C8853654C985C7
:1044B0003754CA853A54CB853D54CC853F54CD857D
:1044C0004154CE854254CF854454D0854554D1853E
:1044D0004754D2854954D3854C54D4854D54D58501
:1044E0004E54D6854F54D7855154D8855A54D985C2
:1044F0005D54DA855E54DB855F54DC856054DD8570
:104500006154DE856354DF856554E0856754E18539
:104510006954E2856A54E3856B54E4856C54E585FF
:104520006D54E6856E54E7856F54E8857054E985CF
:104530007454EA857954EB857A54EC857E54ED8584
:104540007F54EE858154EF858354F0858554F18541
:104550008754F2858854F3858954F4858A54F58507
:104560008D54F6859154F7859354F8859754F985C1
:104570009854FA859C54FB859E54FC859F54FD8578
:10458000A054FE85A1544086A2544186A55442867B
:10459000AE544386B0544486B2544586B5544686DC
:1045A000B6544786B7544886B9544986BA544A86A1
:1045B000BC544B86BE544C86C3544D86C5544E865F
:1045C000CA544F86CB545086D6545186D8545286FE
:1045D000DB545386E0545486E1545586E2545686A3
:1045E000E3545786E4545886EB545986EC545A8663
:1045F000EF545B86F0545C86F1545D86F4545E861D
:10460000F5545F86F6546086F7546186F8546286E6
:10461000F9546386FB546486FE54658600556686AD
:1046200002556786035568860455698605556A866E
:1046300008556B860A556C860B556D860C556E8633
:104640000D556F860E5570861255718613557286FC
:1046500015557386165574861755758618557686C2
:10466000195577861A5578861C5579861D557A8690
:104670001E557B861F557C8621557D8625557E8659
:104680002655808628558186295582862B55838616
:104690002D558486325585863455868635558786D0
:1046A000365588863855898639558A863A558B8697
:1046B0003B558C863D558D8640558E8642558F865E
:1046C0004555908647559186485592864B55938619
:1046D0004C5594864D5595864E5596864F559786E2
:1046E000515598865255998653559A8654559B86AE
:1046F00057559C8658559D8659559E865A559F8676
:104700005B55A0865D55A1865E55A2865F55A38642
:104710006055A4866255A5866355A6866855A7860A
:104720006955A8866B55A9866F55AA867055AB86C4
:104730007155AC867255AD867355AE867455AF868D
:104740007955B0867A55B1867D55B2867F55B38648
:104750008555B4868655B5868C55B6868D55B786F3
:104760008E55B8869055B9869255BA869355BB86B4
:104770009555BC869655BD869755BE869A55BF867B
:104780009B55C0869E55C186A055C286A155C3863D
:10479000A255C486A355C586A455C686A555C78609
:1047A000A655C886A855C986A955CA86AA55CB86D6
:1047B000AB55CC86AC55CD86AD55CE86AE55CF86A5
:1047C000AF55D086B055D186B255D286B455D38672
:1047D000B655D486B855D586BA55D686BC55D78633
:1047E000BF55D886C055D986C155DA86C255DB86F5
:1047F000C355DC86C655DD86C755DE86C855DF86BF
:10480000CA55E086CB55E186CE55E286CF55E38684
:10481000D055E486D555E586D755E686D855E78642
:10482000D955E886DA55E986DB55EA86DE55EB860A
:10483000E055EC86E255ED86E755EE86E955EF86C4
:10484000ED55F086EE55F186F055F286F155F3867A
:10485000F455F486F655F586F855F686F955F7863B
:10486000FA55F886FB55F986FC55FA86FF55FB8606
:104870000256FC860356FD860456FE860556408782
:1048800006564187075642870A5643870B56448788
:104890000D5645871056468711564787125648874A
:1048A0001356498714564A8715564B8716564C8718
:1048B00017564D8719564E871A564F871C565087E4
:1048C0001D565187205652872156538722565487AA
:1048D000255655872656568728565787295658876E
:1048E0002A5659872B565A872E565B872F565C8738
:1048F00030565D8733565E8735565F8737566087FB
:10490000385661873A5662873C5663873D566487BE
:104910003E56658740566687415667874256688788
:104920004356698744566A8745566B8746566C8757
:1049300047566D8748566E8749566F874A56708727
:104940004B5671874F5672875056738751567487EE
:1049500052567587535676875556778756567887B9
:104960005A5679875B567A875D567B875E567C8779
:104970005F567D8760567E87615680876356818744
:104980006556828766568387675684876D56858706
:104990006E5686876F5687877056888772568987C6
:1049A00073568A8774568B8775568C8777568D8792
:1049B00078568E8779568F877A5690877D5691875D
:1049C0007E5692877F569387805694878156958727
:1049D00082569687835697878456988787569987F5
:1049E00088569A8789569B878A569C878B569D87BF
:1049F0008C569E878D569F879056A0879156A1878B
:104A00009256A2879456A3879556A4879656A58753
:104A10009756A6879856A7879956A8879A56A98722
:104A20009B56AA879C56AB879D56AC879E56AD87F2
:104A30009F56AE87A056AF87A156B087A256B187C2
:104A4000A456B287A556B387A656B487A756B5878E
:104A5000A856B687A956B787AA56B887AB56B9875E
:104A6000AC56BA87AD56BB87AE56BC87B056BD872D
:104A7000B156BE87B256BF87B356C087B456C187FA
:104A8000B556C287B656C387B856C487B956C587C8
:104A9000BA56C687BB56C787BD56C887BE56C98794
:104AA000BF56CA87C056CB87C156CC87C256CD8762
:104AB000C356CE87C456CF87C556D087C656D18732
:104AC000C756D287C856D387C956D487CB56D58701
:104AD000CC56D687CD56D787CE56D887CF56D987CE
:104AE000D056DA87D156DB87D256DC87D356DD879E
:104AF000D556DE87D656DF87D856E087D956E18768
:104B0000DC56E287E356E387E556E487E656E58719
:104B1000E756E687E856E787E956E887EA56E987E1
:104B2000EC56EA87EE56EB87EF56EC87F256ED87A8
:104B3000F356EE87F656EF87F756F087F856F1876B
:104B4000FB56F287FC56F3870057F4870157F58729
:104B50000257F6870557F7870757F8870B57F987E6
:104B60000C57FA870D57FB870E57FC870F57FD87A9
:104B70001057FE87115740881257418813574288B3
:104B80001457438815574488165745881757468841
:104B900018574788195748881A5749881B574A8811
:104BA0001D574B881E574C8820574D8821574E88DB
:104BB00022574F88245750882557518826575288A6
:104BC000275753882B575488315755883257568862
:104BD00034575788355758883657598837575A8821
:104BE00038575B883C575C883D575D883F575E88E7
:104BF00041575F88435760884457618845576288AA
:104C00004657638848576488495765884B57668874
:104C100052576788535768885457698855576A8828
:104C200056576B8858576C8859576D8862576E88ED
:104C300063576F8865577088675771886C5772889B
:104C40006E57738870577488715775887257768855
:104C500074577788755778887857798879577A881C
:104C60007A577B887D577C887E577D887F577E88E2
:104C700080578088815781888757828888578388A2
:104C8000895784888A5785888D5786888E57878864
:104C90008F5788889057898891578A8894578B882E
:104CA00095578C8896578D8897578E8898578F88F8
:104CB000995790889A5791889C5792889D579388C6
:104CC0009E5794889F579588A5579688A857978888
:104CD000AA579888AC579988AF579A88B0579B883D
:104CE000B1579C88B3579D88B5579E88B6579F8803
:104CF000B757A088B957A188BA57A288BB57A388CD
:104D0000BC57A488BD57A588BE57A688BF57A7889B
:104D1000C057A888C157A988C457AA88C557AB8867
:104D2000C657AC88C757AD88C857AE88C957AF8833
:104D3000CA57B088CC57B188CD57B288D057B388FE
:104D4000D157B488D357B588D657B688D757B788C0
:104D5000DB57B888DC57B988DE57BA88E157BB887B
:104D6000E257BC88E357BD88E557BE88E657BF8841
:104D7000E757C088E857C188E957C288EA57C3880F
:104D8000EB57C488EC57C588EE57C688F057C788DC
:104D9000F157C888F257C988F357CA88F557CB88A6
:104DA000F657CC88F757CD88FB57CE88FC57CF886D
:104DB000FE57D088FF57D1880158D2880358D3882E
:104DC0000458D4880558D5880858D6880958D788F3
:104DD0000A58D8880C58D9880E58DA880F58DB88BA
:104DE0001058DC881258DD881358DE881458DF8884
:104DF0001658E0881758E1881858E2881A58E3884E
:104E00001B58E4881C58E5881D58E6881F58E78819
:104E10002258E8882358E9882558EA882658EB88DC
:104E20002758EC882858ED882958EE882B58EF88A9
:104E30002C58F0882D58F1882E58F2882F58F38876
:104E40003158F4883258F5883358F6883458F78842
:104E50003658F8883758F9883858FA883958FB880E
:104E60003A58FC883B58FD883C58FE883D5840899C
:104E70003E5841893F5842894058438941584489A6
:104E80004258458943584689455847894658488974
:104E90004758498948584A8949584B894A584C8942
:104EA0004B584D894E584E894F584F89505850890C
:104EB00052585189535852895558538956585489D4
:104EC00057585589595856895A5857895B5858899F
:104ED0005C5859895D585A895F585B8960585C896C
:104EE00061585D8962585E8963585F89645860893A
:104EF0006658618967586289685863896958648906
:104F00006A5865896D5866896E5867896F586889CF
:104F10007058698971586A8972586B8973586C899D
:104F200074586D8975586E8976586F89775870896D
:104F300078587189795872897A5873897B5874893D
:104F40007C5875897D5876897F5877898258788909
:104F50008458798986587A8987587B8988587C89CA
:104F60008A587D898B587E898C5880898D58818993
:104F70008E5882898F588389905884899158858961
:104F80009458868995588789965888899758898929
:104F900098588A899B588B899C588C899D588D89F3
:104FA000A0588E89A1588F89A2589089A3589189B9
:104FB000A4589289A5589389A6589489A758958989
:104FC000AA589689AB589789AC589889AD58998951
:104FD000AE589A89AF589B89B0589C89B1589D8921
:104FE000B2589E89B3589F89B458A089B558A189F1
:104FF000B658A289B758A389B858A489B958A589C1
:10500000BA58A689BB58A789BD58A889BE58A9898E
:10501000BF58AA89C058AB89C258AC89C358AD895A
:10502000C458AE89C658AF89C758B089C858B18925
:10503000C958B289CA58B389CB58B489CC58B589F4
:10504000CD58B689CE58B789CF58B889D058B989C4
:10505000D258BA89D358BB89D458BC89D658BD898F
:10506000D758BE89D858BF89D958C089DA58C1895C
:10507000DB58C289DC58C389DD58C489DE58C5892C
:10508000DF58C689E058C789E158C889E258C989FC
:10509000E358CA89E558CB89E658CC89E758CD89C9
:1050A000E858CE89E958CF89EA58D089ED58D18996
:1050B000EF58D289F158D389F258D489F458D58958
:1050C000F558D689F758D789F858D889FA58D98920
:1050D000FB58DA89FC58DB89FD58DC89FE58DD89EC
:1050E000FF58DE890059DF890159E0890359E189B8
:1050F0000559E2890659E3890859E4890959E5897E
:105100000A59E6890B59E7890C59E8890E59E9894A
:105110001059EA891159EB891259EC891359ED8913
:105120001759EE891859EF891B59F0891D59F189D2
:105130001E59F2892059F3892159F4892259F58998
:105140002359F6892659F7892859F8892C59F9895C
:105150003059FA893259FB893359FC893559FD890F
:105160003659FE893B59408A3D59418A3E59428A07
:105170003F59438A4059448A4359458A4559468A8A
:105180004659478A4A59488A4C59498A4D594A8A48
:1051900050594B8A52594C8A53594D8A59594E8A03
:1051A0005B594F8A5C59508A5D59518A5E59528ABF
:1051B0005F59538A6159548A6359558A6459568A8A
:1051C0006659578A6759588A6859598A69595A8A53
:1051D0006A595B8A6B595C8A6C595D8A6D595E8A23
:1051E0006E595F8A6F59608A7059618A7159628AF3
:1051F0007259638A7559648A7759658A7A59668AB9
:105200007B59678A7C59688A7E59698A7F596A8A7C
:1052100080596B8A85596C8A89596D8A8B596E8A37
:105220008C596F8A8E59708A8F59718A9059728AF7
:105230009159738A9459748A9559758A9859768ABE
:105240009A59778A9B59788A9C59798A9D597A8A82
:105250009F597B8AA0597C8AA1597D8AA2597E8A4E
:10526000A659808AA759818AAC59828AAD59838A06
:10527000B059848AB159858AB359868AB459878AC4
:10528000B559888AB659898AB7598A8AB8598B8A92
:10529000BA598C8ABC598D8ABD598E8ABF598F8A5A
:1052A000C059908AC159918AC259928AC359938A26
:1052B000C459948AC559958AC759968AC859978AF4
:1052C000C959988ACC59998ACD599A8ACE599B8ABC
:1052D000CF599C8AD5599D8AD6599E8AD9599F8A79
:1052E000DB59A08ADE59A18ADF59A28AE059A38A34
:1052F000E159A48AE259A58AE459A68AE659A78AFF
:10530000E759A88AE959A98AEA59AA8AEB59AB8AC6
:10531000ED59AC8AEE59AD8AEF59AE8AF059AF8A91
:10532000F159B08AF259B18AF359B28AF459B38A61
:10533000F559B48AF659B58AF759B68AF859B78A31
:10534000FA59B88AFC59B98AFD59BA8AFE59BB8AFA
:10535000005ABC8A025ABD8A0A5ABE8A0B5ABF8AB0
:105360000D5AC08A0E5AC18A0F5AC28A105AC38A6D
:10537000125AC48A145AC58A155AC68A165AC78A36
:10538000175AC88A195AC98A1A5ACA8A1B5ACB8A02
:105390001D5ACC8A1E5ACD8A215ACE8A225ACF8AC9
:1053A000245AD08A265AD18A275AD28A285AD38A8E
:1053B0002A5AD48A2B5AD58A2C5AD68A2D5AD78A59
:1053C0002E5AD88A2F5AD98A305ADA8A335ADB8A27
:1053D000355ADC8A375ADD8A385ADE8A395ADF8AEA
:1053E0003A5AE08A3B5AE18A3D5AE28A3E5AE38AB7
:1053F0003F5AE48A415AE58A425AE68A435AE78A82
:10540000445AE88A455AE98A475AEA8A485AEB8A4E
:105410004B5AEC8A4C5AED8A4D5AEE8A4E5AEF8A14
:105420004F5AF08A505AF18A515AF28A525AF38AE4
:10543000535AF48A545AF58A565AF68A575AF78AB2
:10544000585AF88A595AF98A5B5AFA8A5C5AFB8A7E
:105450005D5AFC8A5E5AFD8A5F5AFE8A605A408B0A
:10546000615A418B635A428B645A438B655A448B11
:10547000665A458B685A468B695A478B6B5A488BDC
:105480006C5A498B6D5A4A8B6E5A4B8B6F5A4C8BA8
:10549000705A4D8B715A4E8B725A4F8B735A508B78
:1054A000785A518B795A528B7B5A538B7C5A548B36
:1054B0007D5A558B7E5A568B805A578B815A588B02
:1054C000825A598B835A5A8B845A5B8B855A5C8BD0
:1054D000865A5D8B875A5E8B885A5F8B895A608BA0
:1054E0008A5A618B8B5A628B8C5A638B8D5A648B70
:1054F0008E5A658B8F5A668B905A678B915A688B40
:10550000935A698B945A6A8B955A6B8B965A6C8B0B
:10551000975A6D8B985A6E8B995A6F8B9C5A708BD9
:105520009D5A718B9E5A728B9F5A738BA05A748BA3
:10553000A15A758BA25A768BA35A778BA45A788B73
:10554000A55A798BA65A7A8BA75A7B8BA85A7C8B43
:10555000A95A7D8BAB5A7E8BAC5A808BAD5A818B0E
:10556000AE5A828BAF5A838BB05A848BB15A858BDB
:10557000B45A868BB65A878BB75A888BB95A898B9F
:10558000BA5A8A8BBB5A8B8BBC5A8C8BBD5A8D8B6B
:10559000BF5A8E8BC05A8F8BC35A908BC45A918B33
:1055A000C55A928BC65A938BC75A948BC85A958BFF
:1055B000CA5A968BCB5A978BCD5A988BCE5A998BC9
:1055C000CF5A9A8BD05A9B8BD15A9C8BD35A9D8B96
:1055D000D55A9E8BD75A9F8BD95AA08BDA5AA18B5A
:1055E000DB5AA28BDD5AA38BDE5AA48BDF5AA58B24
:1055F000E25AA68BE45AA78BE55AA88BE75AA98BE7
:10560000E85AAA8BEA5AAB8BEC5AAC8BED5AAD8BAD
:10561000EE5AAE8BEF5AAF8BF05AB08BF25AB18B79
:10562000F35AB28BF45AB38BF55AB48BF65AB58B46
:10563000F75AB68BF85AB78BF95AB88BFA5AB98B16
:10564000FB5ABA8BFC5ABB8BFD5ABC8BFE5ABD8BE6
:10565000FF5ABE8B005BBF8B015BC08B025BC18BB3
:10566000035BC28B045BC38B055BC48B065BC58B82
:10567000075BC68B085BC78B0A5BC88B0B5BC98B50
:105680000C5BCA8B0D5BCB8B0E5BCC8B0F5BCD8B1E
:10569000105BCE8B115BCF8B125BD08B135BD18BEE
:1056A000145BD28B155BD38B185BD48B195BD58BBA
:1056B0001A5BD68B1B5BD78B1C5BD88B1D5BD98B86
:1056C0001E5BDA8B1F5BDB8B205BDC8B215BDD8B56
:1056D000225BDE8B235BDF8B245BE08B255BE18B26
:1056E000265BE28B275BE38B285BE48B295BE58BF6
:1056F0002A5BE68B2B5BE78B2C5BE88B2D5BE98BC6
:105700002E5BEA8B2F5BEB8B305BEC8B315BED8B95
:10571000335BEE8B355BEF8B365BF08B385BF18B5D
:10572000395BF28B3A5BF38B3B5BF48B3C5BF58B29
:105730003D5BF68B3E5BF78B3F5BF88B415BF98BF8
:10574000425BFA8B435BFB8B445BFC8B455BFD8BC5
:10575000465BFE8B475B408C485B418C495B428CCF
:105760004A5B438C4B5B448C4C5B458C4D5B468C5D
:105770004E5B478C4F5B488C525B498C565B4A8C26
:105780005E5B4B8C605B4C8C615B4D8C675B4E8CC5
:10579000685B4F8C6B5B508C6D5B518C6E5B528C7D
:1057A0006F5B538C725B548C745B558C765B568C40
:1057B000775B578C785B588C795B598C7B5B5A8C08
:1057C0007C5B5B8C7E5B5C8C7F5B5D8C825B5E8CD0
:1057D000865B5F8C8A5B608C8D5B618C8E5B628C80
:1057E000905B638C915B648C925B658C945B668C44
:1057F000965B678C9F5B688CA75B698CA85B6A8CE7
:10580000A95B6B8CAC5B6C8CAD5B6D8CAE5B6E8C9A
:10581000AF5B6F8CB15B708CB25B718CB75B728C61
:10582000BA5B738CBB5B748CBC5B758CC05B768C19
:10583000C15B778CC35B788CC85B798CC95B7A8CD5
:10584000CA5B7B8CCB5B7C8CCD5B7D8CCE5B7E8C9A
:10585000CF5B808CD15B818CD45B828CD55B838C5D
:10586000D65B848CD75B858CD85B868CD95B878C28
:10587000DA5B888CDB5B898CDC5B8A8CE05B8B8CF5
:10588000E25B8C8CE35B8D8CE65B8E8CE75B8F8CB4
:10589000E95B908CEA5B918CEB5B928CEC5B938C7C
:1058A000ED5B948CEF5B958CF15B968CF25B978C47
:1058B000F35B988CF45B998CF55B9A8CF65B9B8C14
:1058C000F75B9C8CFD5B9D8CFE5B9E8C005C9F8CD3
:1058D000025CA08C035CA18C055CA28C075CA38C91
:1058E000085CA48C0B5CA58C0C5CA68C0D5CA78C56
:1058F0000E5CA88C105CA98C125CAA8C135CAB8C1F
:10590000175CAC8C195CAD8C1B5CAE8C1E5CAF8CD8
:105910001F5CB08C205CB18C215CB28C235CB38C9E
:10592000265CB48C285CB58C295CB68C2A5CB78C60
:105930002B5CB88C2D5CB98C2E5CBA8C2F5CBB8C2C
:10594000305CBC8C325CBD8C335CBE8C355CBF8CF7
:10595000365CC08C375CC18C435CC28C445CC38CAD
:10596000465CC48C475CC58C4C5CC68C4D5CC78C5B
:10597000525CC88C535CC98C545CCA8C565CCB8C12
:10598000575CCC8C585CCD8C5A5CCE8C5B5CCF8CDD
:105990005C5CD08C5D5CD18C5F5CD28C625CD38CA7
:1059A000645CD48C675CD58C685CD68C695CD78C65
:1059B0006A5CD88C6B5CD98C6C5CDA8C6D5CDB8C33
:1059C000705CDC8C725CDD8C735CDE8C745CDF8CF8
:1059D000755CE08C765CE18C775CE28C785CE38CC7
:1059E0007B5CE48C7C5CE58C7D5CE68C7E5CE78C8F
:1059F000805CE88C835CE98C845CEA8C855CEB8C55
:105A0000865CEC8C875CED8C895CEE8C8A5CEF8C20
:105A10008B5CF08C8E5CF18C8F5CF28C925CF38CE6
:105A2000935CF48C955CF58C9D5CF68C9E5CF78C9D
:105A30009F5CF88CA05CF98CA15CFA8CA45CFB8C5C
:105A4000A55CFC8CA65CFD8CA75CFE8CA85C408DE4
:105A5000AA5C418DAE5C428DAF5C438DB05C448DE1
:105A6000B25C458DB45C468DB65C478DB95C488DA3
:105A7000BA5C498DBB5C4A8DBC5C4B8DBE5C4C8D69
:105A8000C05C4D8DC25C4E8DC35C4F8DC55C508D2E
:105A9000C65C518DC75C528DC85C538DC95C548DFA
:105AA000CA5C558DCC5C568DCD5C578DCE5C588DC7
:105AB000CF5C598DD05C5A8DD15C5B8DD35C5C8D95
:105AC000D45C5D8DD55C5E8DD65C5F8DD75C608D62
:105AD000D85C618DDA5C628DDB5C638DDC5C648D2F
:105AE000DD5C658DDE5C668DDF5C678DE05C688DFE
:105AF000E25C698DE35C6A8DE75C6B8DE95C6C8DC3
:105B0000EB5C6D8DEC5C6E8DEE5C6F8DEF5C708D83
:105B1000F15C718DF25C728DF35C738DF45C748D4D
:105B2000F55C758DF65C768DF75C778DF85C788D1D
:105B3000F95C798DFA5C7A8DFC5C7B8DFD5C7C8DEB
:105B4000FE5C7D8DFF5C7E8D005D808D015D818DB5
:105B5000045D828D055D838D085D848D095D858D75
:105B60000A5D868D0B5D878D0C5D888D0D5D898D41
:105B70000F5D8A8D105D8B8D115D8C8D125D8D8D0D
:105B8000135D8E8D155D8F8D175D908D185D918DD8
:105B9000195D928D1A5D938D1C5D948D1D5D958DA3
:105BA0001F5D968D205D978D215D988D225D998D6D
:105BB000235D9A8D255D9B8D285D9C8D2A5D9D8D35
:105BC0002B5D9E8D2C5D9F8D2F5DA08D305DA18DF9
:105BD000315DA28D325DA38D335DA48D355DA58DC4
:105BE000365DA68D375DA78D385DA88D395DA98D91
:105BF0003A5DAA8D3B5DAB8D3C5DAC8D3F5DAD8D5F
:105C0000405DAE8D415DAF8D425DB08D435DB18D28
:105C1000445DB28D455DB38D465DB48D485DB58DF7
:105C2000495DB68D4D5DB78D4E5DB88D4F5DB98DBB
:105C3000505DBA8D515DBB8D525DBC8D535DBD8D88
:105C4000545DBE8D555DBF8D565DC08D575DC18D58
:105C5000595DC28D5A5DC38D5C5DC48D5E5DC58D21
:105C60005F5DC68D605DC78D615DC88D625DC98DEC
:105C7000635DCA8D645DCB8D655DCC8D665DCD8DBC
:105C8000675DCE8D685DCF8D6A5DD08D6D5DD18D88
:105C90006E5DD28D705DD38D715DD48D725DD58D4D
:105CA000735DD68D755DD78D765DD88D775DD98D19
:105CB000785DDA8D795DDB8D7A5DDC8D7B5DDD8DE8
:105CC0007C5DDE8D7D5DDF8D7E5DE08D7F5DE18DB8
:105CD000805DE28D815DE38D835DE48D845DE58D86
:105CE000855DE68D865DE78D875DE88D885DE98D54
:105CF000895DEA8D8A5DEB8D8B5DEC8D8C5DED8D24
:105D00008D5DEE8D8E5DEF8D8F5DF08D905DF18DF3
:105D1000915DF28D925DF38D935DF48D945DF58DC3
:105D2000955DF68D965DF78D975DF88D985DF98D93
:105D30009A5DFA8D9B5DFB8D9C5DFC8D9E5DFD8D5E
:105D40009F5DFE8DA05D408EA15D418EA25D428E65
:105D5000A35D438EA45D448EA55D458EA65D468EF3
:105D6000A75D478EA85D488EA95D498EAA5D4A8EC3
:105D7000AB5D4B8EAC5D4C8EAD5D4D8EAE5D4E8E93
:105D8000AF5D4F8EB05D508EB15D518EB25D528E63
:105D9000B35D538EB45D548EB55D558EB65D568E33
:105DA000B85D578EB95D588EBA5D598EBB5D5A8EFF
:105DB000BC5D5B8EBD5D5C8EBE5D5D8EBF5D5E8ECF
:105DC000C05D5F8EC15D608EC25D618EC35D628E9F
:105DD000C45D638EC65D648EC75D658EC85D668E6C
:105DE000C95D678ECA5D688ECB5D698ECC5D6A8E3B
:105DF000CE5D6B8ECF5D6C8ED05D6D8ED15D6E8E07
:105E0000D25D6F8ED35D708ED45D718ED55D728ED6
:105E1000D65D738ED75D748ED85D758ED95D768EA6
:105E2000DA5D778EDC5D788EDF5D798EE05D7A8E6F
:105E3000E35D7B8EE45D7C8EEA5D7D8EEC5D7E8E27
:105E4000ED5D808EF05D818EF55D828EF65D838ED8
:105E5000F85D848EF95D858EFA5D868EFB5D878E9A
:105E6000FC5D888EFF5D898E005E8A8E045E8B8E5F
:105E7000075E8C8E095E8D8E0A5E8E8E0B5E8F8E17
:105E80000D5E908E0E5E918E125E928E135E938EDC
:105E9000175E948E1E5E958E1F5E968E205E978E88
:105EA000215E988E225E998E235E9A8E245E9B8E52
:105EB000255E9C8E285E9D8E295E9E8E2A5E9F8E1C
:105EC0002B5EA08E2C5EA18E2F5EA28E305EA38EE6
:105ED000325EA48E335EA58E345EA68E355EA78EAE
:105EE000365EA88E395EA98E3A5EAA8E3E5EAB8E75
:105EF0003F5EAC8E405EAD8E415EAE8E435EAF8E39
:105F0000465EB08E475EB18E485EB28E495EB38EFD
:105F10004A5EB48E4B5EB58E4D5EB68E4E5EB78ECB
:105F20004F5EB88E505EB98E515EBA8E525EBB8E99
:105F3000535EBC8E565EBD8E575EBE8E585EBF8E63
:105F4000595EC08E5A5EC18E5C5EC28E5D5EC38E2F
:105F50005F5EC48E605EC58E635EC68E645EC78EF5
:105F6000655EC88E665EC98E675ECA8E685ECB8EC1
:105F7000695ECC8E6A5ECD8E6B5ECE8E6C5ECF8E91
:105F80006D5ED08E6E5ED18E6F5ED28E705ED38E61
:105F9000715ED48E755ED58E775ED68E795ED78E25
:105FA0007E5ED88E815ED98E825EDA8E835EDB8ED7
:105FB000855EDC8E885EDD8E895EDE8E8C5EDF8E99
:105FC0008D5EE08E8E5EE18E925EE28E985EE38E56
:105FD0009B5EE48E9D5EE58EA15EE68EA25EE78E00
:105FE000A35EE88EA45EE98EA85EEA8EA95EEB8EC3
:105FF000AA5EEC8EAB5EED8EAC5EEE8EAE5EEF8E8C
:10600000AF5EF08EB05EF18EB15EF28EB25EF38E58
:10601000B45EF48EBA5EF58EBB5EF68EBC5EF78E15
:10602000BD5EF88EBF5EF98EC05EFA8EC15EFB8EDD
:10603000C25EFC8EC35EFD8EC45EFE8EC55E408F6A
:10604000C65E418FC75E428FC85E438FCB5E448F72
:10605000CC5E458FCD5E468FCE5E478FCF5E488F3C
:10606000D05E498FD45E4A8FD55E4B8FD75E4C8F02
:10607000D85E4D8FD95E4E8FDA5E4F8FDC5E508FCB
:10608000DD5E518FDE5E528FDF5E538FE05E548F98
:10609000E15E558FE25E568FE35E578FE45E588F68
:1060A000E55E598FE65E5A8FE75E5B8FE95E5C8F37
:1060B000EB5E5D8FEC5E5E8FED5E5F8FEE5E608F00
:1060C000EF5E618FF05E628FF15E638FF25E648FD0
:1060D000F35E658FF55E668FF85E678FF95E688F99
:1060E000FB5E698FFC5E6A8FFD5E6B8F055F6C8F58
:1060F000065F6D8F075F6E8F095F6F8F0C5F708F0C
:106100000D5F718F0E5F728F105F738F125F748FD0
:10611000145F758F165F768F195F778F1A5F788F90
:106120001C5F798F1D5F7A8F1E5F7B8F215F7C8F55
:10613000225F7D8F235F7E8F245F808F285F818F1A
:106140002B5F828F2C5F838F2E5F848F305F858FD4
:10615000325F868F335F878F345F888F355F898F9B
:10616000365F8A8F375F8B8F385F8C8F3B5F8D8F69
:106170003D5F8E8F3E5F8F8F3F5F908F415F918F2E
:10618000425F928F435F938F445F948F455F958FFB
:10619000465F968F475F978F485F988F495F998FCB
:1061A0004A5F9A8F4B5F9B8F4C5F9C8F4D5F9D8F9B
:1061B0004E5F9E8F4F5F9F8F515FA08F545FA18F67
:1061C000595FA28F5A5FA38F5B5FA48F5C5FA58F1F
:1061D0005E5FA68F5F5FA78F605FA88F635FA98FE9
:1061E000655FAA8F675FAB8F685FAC8F6B5FAD8FAA
:1061F0006E5FAE8F6F5FAF8F725FB08F745FB18F66
:10620000755FB28F765FB38F785FB48F7A5FB58F2B
:106210007D5FB68F7E5FB78F7F5FB88F835FB98FEB
:10622000865FBA8F8D5FBB8F8E5FBC8F8F5FBD8F98
:10623000915FBE8F935FBF8F945FC08F965FC18F5A
:106240009A5FC28F9B5FC38F9D5FC48F9E5FC58F18
:106250009F5FC68FA05FC78FA25FC88FA35FC98FE4
:10626000A45FCA8FA55FCB8FA65FCC8FA75FCD8FB2
:10627000A95FCE8FAB5FCF8FAC5FD08FAF5FD18F79
:10628000B05FD28FB15FD38FB25FD48FB35FD58F42
:10629000B45FD68FB65FD78FB85FD88FB95FD98F0D
:1062A000BA5FDA8FBB5FDB8FBE5FDC8FBF5FDD8FD6
:1062B000C05FDE8FC15FDF8FC25FE08FC75FE18F9E
:1062C000C85FE28FCA5FE38FCB5FE48FCE5FE58F5D
:1062D000D35FE68FD45FE78FD55FE88FDA5FE98F12
:1062E000DB5FEA8FDC5FEB8FDE5FEC8FDF5FED8FD4
:1062F000E25FEE8FE35FEF8FE55FF08FE65FF18F98
:10630000E85FF28FE95FF38FEC5FF48FEF5FF58F5B
:10631000F05FF68FF25FF78FF35FF88FF45FF98F1E
:10632000F65FFA8FF75FFB8FF95FFC8FFA5FFD8FE7
:10633000FC5FFE8F076040900860419009604290CA
:106340000B6043900C604490106045901160469043
:106350001360479017604890186049901A604A90FF
:106360001E604B901F604C9022604D9023604E90B9
:1063700024604F902C6050902D6051902E60529070
:106380003060539031605490326055903360569035
:1063900034605790366058903760599038605A9002
:1063A00039605B903A605C903D605D903E605E90CD
:1063B00040605F904460609045606190466062908C
:1063C0004760639048606490496065904A60669059
:1063D0004C6067904E6068904F60699051606A9021
:1063E00053606B9054606C9056606D9057606E90E7
:1063F00058606F905B6070905C6071905E607290AE
:106400005F60739060607490616075906560769075
:10641000666077906E6078907160799072607A9023
:1064200074607B9075607C9077607D907E607E90DC
:10643000806080908160819082608290856083908E
:106440008660849087608590886086908A60879057
:106450008B6088908E6089908F608A9090608B901E
:1064600091608C9093608D9095608E9097608F90E6
:1064700098609090996091909C6092909E609390AB
:10648000A1609490A2609590A4609690A56097906A
:10649000A7609890A9609990AA609A90AE609B902E
:1064A000B0609C90B3609D90B5609E90B6609F90E8
:1064B000B760A090B960A190BA60A290BD60A390AF
:1064C000BE60A490BF60A590C060A690C160A79078
:1064D000C260A890C360A990C460AA90C760AB9046
:1064E000C860AC90C960AD90CC60AE90CD60AF900C
:1064F000CE60B090CF60B190D060B290D260B390D7
:10650000D360B490D460B590D660B690D760B790A1
:10651000D960B890DB60B990DE60BA90E160BB9062
:10652000E260BC90E360BD90E460BE90E560BF9027
:10653000EA60C090F160C190F260C290F560C390D3
:10654000F760C490F860C590FB60C690FC60C7908F
:10655000FD60C890FE60C990FF60CA900261CB9058
:106560000361CC900461CD900561CE900761CF901E
:106570000A61D0900B61D1900C61D2901061D390E0
:106580001161D4901261D5901361D6901461D790A7
:106590001661D8901761D9901861DA901961DB9073
:1065A0001B61DC901C61DD901D61DE901E61DF903F
:1065B0002161E0902261E1902561E2902861E39001
:1065C0002961E4902A61E5902C61E6902D61E790C5
:1065D0002E61E8902F61E9903061EA903161EB9093
:1065E0003261EC903361ED903461EE903561EF9063
:1065F0003661F0903761F1903861F2903961F39033
:106600003A61F4903B61F5903C61F6903D61F79002
:106610003E61F8904061F9904161FA904261FB90CF
:106620004361FC904461FD904561FE90466140915C
:1066300047614191496142914B6143914D61449160
:106640004F61459150614691526147915361489124
:106650005461499156614A9157614B9158614C91EF
:1066600059614D915A614E915B614F915C615091BE
:106670005E6151915F61529160615391616154918A
:106680006361559164615691656157916661589156
:10669000696159916A615A916B615B916C615C911E
:1066A0006D615D916E615E916F615F9171616091ED
:1066B00072616191736162917461639176616491B9
:1066C00078616591796166917A6167917B61689182
:1066D0007C6169917D616A917E616B917F616C9152
:1066E00080616D9181616E9182616F918361709122
:1066F00084617191856172918661739187617491F2
:1067000088617591896176918A6177918C617891C0
:106710008D6179918F617A9190617B9191617C918A
:1067200092617D9193617E91956180919661819155
:106730009761829198618391996184919A61859121
:106740009B6186919C6187919E6188919F618991EF
:10675000A0618A91A1618B91A2618C91A3618D91BD
:10676000A4618E91A5618F91A6619091AA6191918A
:10677000AB619291AD619391AE619491AF6195914E
:10678000B0619691B1619791B2619891B36199911D
:10679000B4619A91B5619B91B6619C91B8619D91EC
:1067A000B9619E91BA619F91BB61A091BC61A191B9
:1067B000BD61A291BF61A391C061A491C161A59186
:1067C000C361A691C461A791C561A891C661A99151
:1067D000C761AA91C961AB91CC61AC91CD61AD911A
:1067E000CE61AE91CF61AF91D061B091D361B191E3
:1067F000D561B291D661B391D761B491D861B591A9
:10680000D961B691DA61B791DB61B891DC61B99178
:10681000DD61BA91DE61BB91DF61BC91E061BD9148
:10682000E161BE91E261BF91E361C091E461C19118
:10683000E561C291E761C391E861C491E961C591E5
:10684000EA61C691EB61C791EC61C891ED61C991B4
:10685000EE61CA91EF61CB91F061CC91F161CD9184
:10686000F261CE91F361CF91F461D091F661D19153
:10687000F761D291F861D391F961D491FA61D59120
:10688000FB61D691FC61D791FD61D891FE61D991F0
:106890000062DA910162DB910262DC910362DD91B8
:1068A0000462DE910562DF910762E0910962E19185
:1068B0001362E2911462E3911962E4911C62E59122
:1068C0001D62E6911E62E7912062E8912362E991E0
:1068D0002662EA912762EB912862EC912962ED91A0
:1068E0002B62EE912D62EF912F62F0913062F19167
:1068F0003162F2913262F3913562F4913662F59130
:106900003862F6913962F7913A62F8913B62F991F7
:106910003C62FA914262FB914462FC914562FD91B6
:106920004662FE914A6240924F62419250624292A8
:10693000556243925662449257624592596246921A
:106940005A6247925C6248925D6249925E624A92E4
:106950005F624B9260624C9261624D9262624E92B3
:1069600064624F9265625092686251927162529273
:106970007262539274625492756255927762569223
:10698000786257927A6258927B6259927D625A92EB
:1069900081625B9282625C9283625D9285625E92AA
:1069A00086625F9287626092886261928B62629275
:1069B0008C6263928D6264928E6265928F6266923F
:1069C0009062679294626892996269929C626A92FC
:1069D0009D626B929E626C92A3626D92A6626E92B1
:1069E000A7626F92A9627092AA627192AD6272926E
:1069F000AE627392AF627492B0627592B262769236
:106A0000B3627792B4627892B6627992B7627A9200
:106A1000B8627B92BA627C92BE627D92C0627E92C4
:106A2000C1628092C3628192CB628292CF62839272
:106A3000D1628492D5628592DD628692DE6287920F
:106A4000E0628892E1628992E4628A92EA628B92C1
:106A5000EB628C92F0628D92F2628E92F5628F926E
:106A6000F8629092F9629192FA629292FB6293922A
:106A700000639492036395920463969205639792E0
:106A8000066398920A6399920B639A920C639B92A5
:106A90000D639C920F639D9210639E9212639F926E
:106AA0001363A0921463A1921563A2921763A39239
:106AB0001863A4921963A5921C63A6922663A792F9
:106AC0002763A8922963A9922C63AA922D63AB92A3
:106AD0002E63AC923063AD923163AE923363AF926A
:106AE0003463B0923563B1923663B2923763B39236
:106AF0003863B4923B63B5923C63B6923E63B792FF
:106B00003F63B8924063B9924163BA924463BB92C7
:106B10004763BC924863BD924A63BE925163BF9281
:106B20005263C0925363C1925463C2925663C3923C
:106B30005763C4925863C5925963C6925A63C79209
:106B40005B63C8925C63C9925D63CA926063CB92D7
:106B50006463CC926563CD926663CE926863CF9294
:106B60006A63D0926B63D1926C63D2926F63D3925B
:106B70007063D4927263D5927363D6927463D79222
:106B80007563D8927863D9927963DA927C63DB92E9
:106B90007D63DC927E63DD927F63DE928163DF92B0
:106BA0008363E0928463E1928563E2928663E39279
:106BB0008B63E4928D63E5929163E6929363E7922F
:106BC0009463E8929563E9929763EA929963EB92F2
:106BD0009A63EC929B63ED929C63EE929D63EF92BD
:106BE0009E63F0929F63F192A163F292A463F39289
:106BF000A663F492AB63F592AF63F692B163F7923A
:106C0000B263F892B563F992B663FA92B963FB92F4
:106C1000BB63FC92BD63FD92BF63FE92C063409371
:106C2000C1634193C2634293C3634393C563449377
:106C3000C7634593C8634693CA634793CB6348933E
:106C4000CC634993D1634A93D3634B93D4634C93FE
:106C5000D5634D93D7634E93D8634F93D9635093C5
:106C6000DA635193DB635293DC635393DD63549394
:106C7000DF635593E2635693E4635793E563589358
:106C8000E6635993E7635A93E8635B93EB635C9322
:106C9000EC635D93EE635E93EF635F93F0636093E9
:106CA000F1636193F3636293F5636393F7636493B2
:106CB000F9636593FA636693FB636793FC63689378
:106CC000FE63699303646A9304646B9306646C9334
:106CD00007646D9308646E9309646F930A647093FC
:106CE0000D6471930E6472931164739312647493C0
:106CF0001564759316647693176477931864789384
:106D0000196479931A647A931D647B931F647C934E
:106D100022647D9323647E9324648093256481930D
:106D20002764829328648393296484932B648593D6
:106D30002E6486932F64879330648893316489939B
:106D400032648A9333648B9335648C9336648D9369
:106D500037648E9338648F93396490933B64919336
:106D60003C6492933E6493934064949342649593FD
:106D700043649693496497934B6498934C649993B6
:106D80004D649A934E649B934F649C9350649D937F
:106D900051649E9353649F935564A0935664A1934A
:106DA0005764A2935964A3935A64A4935B64A59314
:106DB0005C64A6935D64A7935F64A8936064A993E1
:106DC0006164AA936264AB936364AC936464AD93AF
:106DD0006564AE936664AF936864B0936A64B1937C
:106DE0006B64B2936C64B3936E64B4936F64B59345
:106DF0007064B6937164B7937264B8937364B99313
:106E00007464BA937564BB937664BC937764BD93E2
:106E10007B64BE937C64BF937D64C0937E64C193A6
:106E20007F64C2938064C3938164C4938364C59375
:106E30008664C6938864C7938964C8938A64C99337
:106E40008B64CA938C64CB938D64CC938E64CD9306
:106E50008F64CE939064CF939364D0939464D193D2
:106E60009764D2939864D3939A64D4939B64D59394
:106E70009C64D6939D64D7939F64D893A064D99360
:106E8000A164DA93A264DB93A364DC93A564DD932D
:106E9000A664DE93A764DF93A864E093AA64E193F9
:106EA000AB64E293AF64E393B164E493B264E593BB
:106EB000B364E693B464E793B664E893B964E99382
:106EC000BB64EA93BD64EB93BE64EC93BF64ED9343
:106ED000C164EE93C364EF93C464F093C664F1930A
:106EE000C764F293C864F393C964F493CA64F593D6
:106EF000CB64F693CC64F793CF64F893D164F993A1
:106F0000D364FA93D464FB93D564FC93D664FD9365
:106F1000D964FE93DA644094DB644194DC64429467
:106F2000DD644394DF644494E0644594E1644694F2
:106F3000E3644794E5644894E7644994E8644A94B8
:106F4000E9644B94EA644C94EB644D94EC644E9485
:106F5000ED644F94EE645094EF645194F064529455
:106F6000F1645394F2645494F3645594F464569425
:106F7000F5645794F6645894F7645994F8645A94F5
:106F8000F9645B94FA645C94FB645D94FC645E94C5
:106F9000FD645F94FE646094FF6461940165629493
:106FA000026563940365649404656594056566945D
:106FB0000665679407656894086569940A656A942C
:106FC0000B656B940C656C940D656D940E656E94F9
:106FD0000F656F94106570941165719413657294C8
:106FE0001465739415657494166575941765769495
:106FF000196577941A6578941B6579941C657A9461
:107000001D657B941E657C941F657D9420657E9430
:1070100021658094226581942365829424658394FC
:1070200026658494276585942865869429658794C8
:107030002A6588942C6589942D658A9430658B9493
:1070400031658C9432658D9433658E9437658F9459
:107050003A6590943C6591943D6592944065939413
:1070600041659494426595944365969444659794DC
:1070700046659894476599944A659A944B659B94A4
:107080004D659C944E659D9450659E9452659F9469
:107090005365A0945465A1945765A2945865A39430
:1070A0005A65A4945C65A5945F65A6946065A794F1
:1070B0006165A8946465A9946565AA946765AB94B5
:1070C0006865AC946965AD946A65AE946D65AF947E
:1070D0006E65B0946F65B1947165B2947365B39445
:1070E0007565B4947665B5947865B6947965B7940A
:1070F0007A65B8947B65B9947C65BA947D65BB94D8
:107100007E65BC947F65BD948065BE948165BF94A7
:107110008265C0948365C1948465C2948565C39477
:107120008665C4948865C5948965C6948A65C79444
:107130008D65C8948E65C9948F65CA949265CB9409
:107140009465CC949565CD949665CE949865CF94CE
:107150009A65D0949D65D1949E65D294A065D39490
:10716000A265D494A365D594A665D694A865D79452
:10717000AA65D894AC65D994AE65DA94B165DB9410
:10718000B265DC94B365DD94B465DE94B565DF94D7
:10719000B665E094B765E194B865E294BA65E394A6
:1071A000BB65E494BE65E594BF65E694C065E7946D
:1071B000C265E894C765E994C865EA94C965EB942B
:1071C000CA65EC94CD65ED94D065EE94D165EF94ED
:1071D000D365F094D465F194D565F294D865F394B1
:1071E000D965F494DA65F594DB65F694DC65F7947B
:1071F000DD65F894DE65F994DF65FA94E165FB944A
:10720000E365FC94E465FD94EA65FE94EB654095C6
:10721000F2654195F3654295F4654395F5654495AE
:10722000F8654595F9654695FB654795FC65489574
:10723000FD654995FE654A95FF654B9501664C9540
:1072400004664D9505664E9507664F950866509500
:10725000096651950B6652950D66539510665495C7
:107260001166559512665695166657951766589588
:10727000186659951A665A951B665B951C665C954F
:107280001E665D9521665E9522665F952366609514
:107290002466619526666295296663952A666495DB
:1072A0002B6665952C6666952E66679530666895A3
:1072B0003266699533666A9537666B9538666C9564
:1072C00039666D953A666E953B666F953D6670952D
:1072D0003F667195406672954266739544667495F3
:1072E00045667595466676954766779548667895BE
:1072F000496679954A667A954D667B954E667C958A
:1073000050667D9551667E95586680955966819543
:107310005B6682955C6683955D6684955E66859501
:1073200060668695626687956366889565668995C9
:1073300067668A9569668B956A668C956B668D958E
:107340006C668E956D668F95716690957266919557
:10735000736692957566939578669495796695951A
:107360007B6696957C6697957D6698957F669995E0
:1073700080669A9581669B9583669C9585669D95AA
:1073800086669E9588669F958966A0958A66A19572
:107390008B66A2958D66A3958E66A4958F66A5953E
:1073A0009066A6959266A7959366A8959466A9950A
:1073B0009566AA959866AB959966AC959A66AD95D3
:1073C0009B66AE959C66AF959E66B0959F66B1959F
:1073D000A066B295A166B395A266B495A366B5956D
:1073E000A466B695A566B795A666B895A966B9953B
:1073F000AA66BA95AB66BB95AC66BC95AD66BD9505
:10740000AF66BE95B066BF95B166C095B266C195D0
:10741000B366C295B566C395B666C495B766C5959D
:10742000B866C695BA66C795BB66C895BC66C99569
:10743000BD66CA95BF66CB95C066CC95C166CD9535
:10744000C266CE95C366CF95C466D095C566D19504
:10745000C666D295C766D395C866D495C966D595D4
:10746000CA66D695CB66D795CC66D895CD66D995A4
:10747000CE66DA95CF66DB95D066DC95D166DD9574
:10748000D266DE95D366DF95D466E095D566E19544
:10749000D666E295D766E395D866E495DA66E59513
:1074A000DE66E695DF66E795E066E895E166E995D4
:1074B000E266EA95E366EB95E466EC95E566ED95A4
:1074C000E766EE95E866EF95EA66F095EB66F1956E
:1074D000EC66F295ED66F395EE66F495EF66F5953C
:1074E000F166F695F566F795F666F895F866F995FE
:1074F000FA66FA95FB66FB95FD66FC950167FD95BE
:107500000267FE95036740960467419605674296B9
:1075100006674396076744960C6745960E6746963E
:107520000F674796116748961267499613674A9600
:1075300016674B9618674C9619674D961A674E96C4
:107540001C674F961E67509620675196216752968A
:107550002267539623675496246755962567569657
:1075600027675796296758962E67599630675A9617
:1075700032675B9633675C9636675D9637675E96D3
:1075800038675F96396760963B6761963C6762969D
:107590003E6763963F676496416765964467669663
:1075A00045676796476768964A6769964B676A9624
:1075B0004D676B9652676C9654676D9655676E96DD
:1075C00057676F9658677096596771965A677296A3
:1075D0005B6773965D677496626775966367769668
:1075E0006467779666677896676779966B677A9629
:1075F0006C677B966E677C9671677D9674677E96E6
:107600007667809678678196796782967A6783969F
:107610007B6784967D678596806786968267879666
:10762000836788968567899686678A9688678B962A
:107630008A678C968C678D968D678E968E678F96EF
:107640008F679096916791969267929693679396BB
:107650009467949696679596996796969B67979682
:107660009F679896A0679996A1679A96A4679B963C
:10767000A6679C96A9679D96AC679E96AE679F96F7
:10768000B167A096B267A196B467A296B967A396B0
:10769000BA67A496BB67A596BC67A696BD67A79672
:1076A000BE67A896BF67A996C067AA96C267AB9641
:1076B000C567AC96C667AD96C767AE96C867AF9606
:1076C000C967B096CA67B196CB67B296CC67B396D6
:1076D000CD67B496CE67B596D567B696D667B7969A
:1076E000D767B896DB67B996DF67BA96E167BB964E
:1076F000E367BC96E467BD96E667BE96E767BF960C
:10770000E867C096EA67C196EB67C296ED67C396D5
:10771000EE67C496F267C596F567C696F667C79694
:10772000F767C896F867C996F967CA96FA67CB965D
:10773000FB67CC96FC67CD96FE67CE960168CF9628
:107740000268D0960368D1960468D2960668D396EC
:107750000D68D4961068D5961268D6961468D79698
:107760001568D8961868D9961968DA961A68DB965B
:107770001B68DC961C68DD961E68DE961F68DF9627
:107780002068E0962268E1962368E2962468E396F2
:107790002568E4962668E5962768E6962868E796C1
:1077A0002B68E8962C68E9962D68EA962E68EB9689
:1077B0002F68EC963068ED963168EE963468EF9657
:1077C0003568F0963668F1963A68F2963B68F3961B
:1077D0003F68F4964768F5964B68F6964D68F796BD
:1077E0004F68F8965268F9965668FA965768FB966D
:1077F0005868FC965968FD965A68FE965B684097F3
:107800005C6841975D6842975E6843975F684497FC
:107810006A6845976C6846976D6847976E684897A1
:107820006F68499770684A9771684B9772684C9770
:1078300073684D9775684E9778684F977968509739
:107840007A6851977B6852977C6853977D68549704
:107850007E6855977F6856978068579782685897D3
:107860008468599787685A9788685B9789685C9796
:107870008A685D978B685E978C685F978D68609764
:107880008E68619790686297916863979268649731
:1078900094686597956866979668679798686897FB
:1078A000996869979A686A979B686B979C686C97C8
:1078B0009D686D979E686E979F686F97A068709798
:1078C000A1687197A3687297A4687397A568749765
:1078D000A9687597AA687697AB687797AC68789728
:1078E000AE687997B1687A97B2687B97B4687C97ED
:1078F000B6687D97B7687E97B8688097B9688197B2
:10790000BA688297BB688397BC688497BD6885977F
:10791000BE688697BF688797C1688897C36889974C
:10792000C4688A97C5688B97C6688C97C7688D9717
:10793000C8688E97CA688F97CC689097CE689197E1
:10794000CF689297D0689397D1689497D3689597AA
:10795000D4689697D6689797D7689897D968999773
:10796000DB689A97DC689B97DD689C97DE689D973B
:10797000DF689E97E1689F97E268A097E468A19707
:10798000E568A297E668A397E768A497E868A597D3
:10799000E968A697EA68A797EB68A897EC68A997A3
:1079A000ED68AA97EF68AB97F268AC97F368AD976C
:1079B000F468AE97F668AF97F768B097F868B19734
:1079C000FB68B297FD68B397FE68B497FF68B597F8
:1079D0000069B6970269B7970369B8970469B997C0
:1079E0000669BA970769BB970869BC970969BD978B
:1079F0000A69BE970C69BF970F69C0971169C19753
:107A00001369C2971469C3971569C4971669C59716
:107A10001769C6971869C7971969C8971A69C997E6
:107A20001B69CA971C69CB971D69CC971E69CD97B6
:107A30002169CE972269CF972369D0972569D1977D
:107A40002669D2972769D3972869D4972969D5974A
:107A50002A69D6972B69D7972C69D8972E69D99719
:107A60002F69DA973169DB973269DC973369DD97E3
:107A70003569DE973669DF973769E0973869E197AE
:107A80003A69E2973B69E3973C69E4973E69E59779
:107A90004069E6974169E7974369E8974469E99740
:107AA0004569EA974669EB974769EC974869ED970E
:107AB0004969EE974A69EF974B69F0974C69F197DE
:107AC0004D69F2974E69F3974F69F4975069F597AE
:107AD0005169F6975269F7975369F8975569F9977D
:107AE0005669FA975869FB975969FC975B69FD9746
:107AF0005C69FE975F694098616941986269429844
:107B000064694398656944986769459868694698C7
:107B1000696947986A6948986C6949986D694A9893
:107B20006F694B9870694C9872694D9873694E985B
:107B300074694F9875695098766951987A69529826
:107B40007B6953987D6954987E6955987F695698EA
:107B50008169579883695898856959988A695A98AC
:107B60008B695B988C695C988E695D988F695E986B
:107B700090695F9891696098926961989369629839
:107B80009669639897696498996965989A696698FF
:107B90009D6967989E6968989F696998A0696A98C5
:107BA000A1696B98A2696C98A3696D98A4696E9895
:107BB000A5696F98A6697098A9697198AA69729861
:107BC000AC697398AE697498AF697598B069769826
:107BD000B2697798B3697898B5697998B6697A98EF
:107BE000B8697B98B9697C98BA697D98BC697E98B8
:107BF000BD698098BE698198BF698298C069839881
:107C0000C2698498C3698598C4698698C56987984C
:107C1000C6698898C7698998C8698A98C9698B981C
:107C2000CB698C98CD698D98CF698E98D1698F98E2
:107C3000D2699098D3699198D5699298D6699398AA
:107C4000D7699498D8699598D9699698DA69979878
:107C5000DC699898DD699998DE699A98E1699B9842
:107C6000E2699C98E3699D98E4699E98E5699F980C
:107C7000E669A098E769A198E869A298E969A398DC
:107C8000EA69A498EB69A598EC69A698EE69A798AB
:107C9000EF69A898F069A998F169AA98F369AB9877
:107CA000F469AC98F569AD98F669AE98F769AF9844
:107CB000F869B098F969B198FA69B298FB69B39814
:107CC000FC69B498FE69B598006AB698016AB798DD
:107CD000026AB898036AB998046ABA98056ABB98A8
:107CE000066ABC98076ABD98086ABE98096ABF9878
:107CF0000B6AC0980C6AC1980D6AC2980E6AC39844
:107D00000F6AC498106AC598116AC698126AC79813
:107D1000136AC898146AC998156ACA98166ACB98E3
:107D2000196ACC981A6ACD981B6ACE981C6ACF98AB
:107D30001D6AD0981E6AD198206AD298226AD39878
:107D4000236AD498246AD598256AD698266AD79843
:107D5000276AD898296AD9982B6ADA982C6ADB980E
:107D60002D6ADC982E6ADD98306ADE98326ADF98D8
:107D7000336AE098346AE198366AE298376AE398A1
:107D8000386AE498396AE5983A6AE6983B6AE7986F
:107D90003C6AE8983F6AE998406AEA98416AEB9839
:107DA000426AEC98436AED98456AEE98466AEF9805
:107DB000486AF098496AF1984A6AF2984B6AF398CF
:107DC0004C6AF4984D6AF5984E6AF6984F6AF7989F
:107DD000516AF898526AF998536AFA98546AFB986B
:107DE000556AFC98566AFD98576AFE985A6A4099F7
:107DF0005C6A41995D6A42995E6A43995F6A4499F7
:107E0000606A4599626A4699636A4799646A4899C3
:107E1000666A4999676A4A99686A4B99696A4C998E
:107E20006A6A4D996B6A4E996C6A4F996D6A50995E
:107E30006E6A51996F6A5299706A5399726A54992D
:107E4000736A5599746A5699756A5799766A5899FA
:107E5000776A5999786A5A997A6A5B997B6A5C99C8
:107E60007D6A5D997E6A5E997F6A5F99816A609991
:107E7000826A6199836A6299856A6399866A64995C
:107E8000876A6599886A6699896A67998A6A68992A
:107E90008B6A69998C6A6A998D6A6B998F6A6C99F9
:107EA000926A6D99936A6E99946A6F99956A7099BE
:107EB000966A7199986A7299996A73999A6A74998B
:107EC0009B6A75999C6A76999D6A77999E6A78995A
:107ED0009F6A7999A16A7A99A26A7B99A36A7C9927
:107EE000A46A7D99A56A7E99A66A8099A76A8199F4
:107EF000A86A8299AA6A8399AD6A8499AE6A8599BB
:107F0000AF6A8699B06A8799B16A8899B26A899985
:107F1000B36A8A99B46A8B99B56A8C99B66A8D9955
:107F2000B76A8E99B86A8F99B96A9099BA6A919925
:107F3000BB6A9299BC6A9399BD6A9499BE6A9599F5
:107F4000BF6A9699C06A9799C16A9899C26A9999C5
:107F5000C36A9A99C46A9B99C56A9C99C66A9D9995
:107F6000C76A9E99C86A9F99C96AA099CA6AA19965
:107F7000CB6AA299CC6AA399CD6AA499CE6AA59935
:107F8000CF6AA699D06AA799D16AA899D26AA99905
:107F9000D36AAA99D46AAB99D56AAC99D66AAD99D5
:107FA000D76AAE99D86AAF99D96AB099DA6AB199A5
:107FB000DB6AB299DC6AB399DD6AB499DE6AB59975
:107FC000DF6AB699E06AB799E16AB899E26AB99945
:107FD000E36ABA99E46ABB99E56ABC99E66ABD9915
:107FE000E76ABE99E86ABF99E96AC099EA6AC199E5
:107FF000EB6AC299EC6AC399ED6AC499EE6AC599B5
:10800000EF6AC699F06AC799F16AC899F26AC99984
:10801000F36ACA99F46ACB99F56ACC99F66ACD9954
:10802000F76ACE99F86ACF99F96AD099FA6AD19924
:10803000FB6AD299FC6AD399FD6AD499FE6AD599F4
:10804000FF6AD699006BD799016BD899026BD999C1
:10805000036BDA99046BDB99056BDC99066BDD9990
:10806000076BDE99086BDF99096BE0990A6BE19960
:108070000B6BE2990C6BE3990D6BE4990E6BE59930
:108080000F6BE699106BE799116BE899126BE99900
:10809000136BEA99146BEB99156BEC99166BED99D0
:1080A000176BEE99186BEF99196BF0991A6BF199A0
:1080B0001B6BF2991C6BF3991D6BF4991E6BF59970
:1080C0001F6BF699256BF799266BF899286BF99930
:1080D000296BFA992A6BFB992B6BFC992C6BFD99F8
:1080E0002D6BFE992E6B409A2F6B419A306B429A02
:1080F000316B439A336B449A346B459A356B469A8D
:10810000366B479A386B489A3B6B499A3C6B4A9A54
:108110003D6B4B9A3F6B4C9A406B4D9A416B4E9A1C
:10812000426B4F9A446B509A456B519A486B529AE6
:108130004A6B539A4B6B549A4D6B559A4E6B569AA9
:108140004F6B579A506B589A516B599A526B5A9A77
:10815000536B5B9A546B5C9A556B5D9A566B5E9A47
:10816000576B5F9A586B609A5A6B619A5B6B629A15
:108170005C6B639A5D6B649A5E6B659A5F6B669AE3
:10818000606B679A616B689A686B699A696B6A9AA7
:108190006B6B6B9A6C6B6C9A6D6B6D9A6E6B6E9A67
:1081A0006F6B6F9A706B709A716B719A726B729A37
:1081B000736B739A746B749A756B759A766B769A07
:1081C000776B779A786B789A7A6B799A7D6B7A9AD3
:1081D0007E6B7B9A7F6B7C9A806B7D9A856B7E9A97
:1081E000886B809A8C6B819A8E6B829A8F6B839A44
:1081F000906B849A916B859A946B869A956B879A0B
:10820000976B889A986B899A996B8A9A9C6B8B9AD0
:108210009D6B8C9A9E6B8D9A9F6B8E9AA06B8F9A9A
:10822000A26B909AA36B919AA46B929AA56B939A66
:10823000A66B949AA76B959AA86B969AA96B979A36
:10824000AB6B989AAC6B999AAD6B9A9AAE6B9B9A02
:10825000AF6B9C9AB06B9D9AB16B9E9AB26B9F9AD2
:10826000B66BA09AB86BA19AB96BA29ABA6BA39A93
:10827000BB6BA49ABC6BA59ABD6BA69ABE6BA79A62
:10828000C06BA89AC36BA99AC46BAA9AC66BAB9A27
:10829000C76BAC9AC86BAD9AC96BAE9ACA6BAF9AF2
:1082A000CC6BB09ACE6BB19AD06BB29AD16BB39AB9
:1082B000D86BB49ADA6BB59ADC6BB69ADD6BB79A69
:1082C000DE6BB89ADF6BB99AE06BBA9AE26BBB9A35
:1082D000E36BBC9AE46BBD9AE56BBE9AE66BBF9A02
:1082E000E76BC09AE86BC19AE96BC29AEC6BC39AD0
:1082F000ED6BC49AEE6BC59AF06BC69AF16BC79A98
:10830000F26BC89AF46BC99AF66BCA9AF76BCB9A60
:10831000F86BCC9AFA6BCD9AFB6BCE9AFC6BCF9A2A
:10832000FE6BD09AFF6BD19A006CD29A016CD39AF3
:10833000026CD49A036CD59A046CD69A086CD79ABE
:10834000096CD89A0A6CD99A0B6CDA9A0C6CDB9A85
:108350000E6CDC9A126CDD9A176CDE9A1C6CDF9A3C
:108360001D6CE09A1E6CE19A206CE29A236CE39AF1
:10837000256CE49A2B6CE59A2C6CE69A2D6CE79AA6
:10838000316CE89A336CE99A366CEA9A376CEB9A5E
:10839000396CEC9A3A6CED9A3B6CEE9A3C6CEF9A25
:1083A0003E6CF09A3F6CF19A436CF29A446CF39AEB
:1083B000456CF49A486CF59A4B6CF69A4C6CF79AAB
:1083C0004D6CF89A4E6CF99A4F6CFA9A516CFB9A74
:1083D000526CFC9A536CFD9A566CFE9A586C409BFA
:1083E000596C419B5A6C429B626C439B636C449BEF
:1083F000656C459B666C469B676C479B6B6C489BAA
:108400006C6C499B6D6C4A9B6E6C4B9B6F6C4C9B70
:10841000716C4D9B736C4E9B756C4F9B776C509B36
:10842000786C519B7A6C529B7B6C539B7C6C549BFD
:108430007F6C559B806C569B846C579B876C589BBC
:108440008A6C599B8B6C5A9B8D6C5B9B8E6C5C9B76
:10845000916C5D9B926C5E9B956C5F9B966C609B38
:10846000976C619B986C629B9A6C639B9C6C649B01
:108470009D6C659B9E6C669BA06C679BA26C689BC9
:10848000A86C699BAC6C6A9BAF6C6B9BB06C6C9B73
:10849000B46C6D9BB56C6E9BB66C6F9BB76C709B30
:1084A000BA6C719BC06C729BC16C739BC26C749BE9
:1084B000C36C759BC66C769BC76C779BC86C789BAE
:1084C000CB6C799BCD6C7A9BCE6C7B9BCF6C7C9B71
:1084D000D16C7D9BD26C7E9BD86C809BD96C819B30
:1084E000DA6C829BDC6C839BDD6C849BDF6C859BF0
:1084F000E46C869BE66C879BE76C889BE96C899BA8
:10850000EC6C8A9BED6C8B9BF26C8C9BF46C8D9B62
:10851000F96C8E9BFF6C8F9B006D909B026D919B05
:10852000036D929B056D939B066D949B086D959BC7
:10853000096D969B0A6D979B0D6D989B0F6D999B8E
:10854000106D9A9B116D9B9B136D9C9B146D9D9B55
:10855000156D9E9B166D9F9B186DA09B1C6DA19B1E
:108560001D6DA29B1F6DA39B206DA49B216DA59BE0
:10857000226DA69B236DA79B246DA89B266DA99BAE
:10858000286DAA9B296DAB9B2C6DAC9B2D6DAD9B73
:108590002F6DAE9B306DAF9B346DB09B366DB19B34
:1085A000376DB29B386DB39B3A6DB49B3F6DB59BF5
:1085B000406DB69B426DB79B446DB89B496DB99BAE
:1085C0004C6DBA9B506DBB9B556DBC9B566DBD9B56
:1085D000576DBE9B586DBF9B5B6DC09B5D6DC19B16
:1085E0005F6DC29B616DC39B626DC49B646DC59BD7
:1085F000656DC69B676DC79B686DC89B6B6DC99B9E
:108600006C6DCA9B6D6DCB9B706DCC9B716DCD9B62
:10861000726DCE9B736DCF9B756DD09B766DD19B2C
:10862000796DD29B7A6DD39B7B6DD49B7D6DD59BF1
:108630007E6DD69B7F6DD79B806DD89B816DD99BBE
:10864000836DDA9B846DDB9B866DDC9B876DDD9B88
:108650008A6DDE9B8B6DDF9B8D6DE09B8F6DE19B4B
:10866000906DE29B926DE39B966DE49B976DE59B0D
:10867000986DE69B996DE79B9A6DE89B9C6DE99BD5
:10868000A26DEA9BA56DEB9BAC6DEC9BAD6DED9B7C
:10869000B06DEE9BB16DEF9BB36DF09BB46DF19B34
:1086A000B66DF29BB76DF39BB96DF49BBA6DF59BFC
:1086B000BB6DF69BBC6DF79BBD6DF89BBE6DF99BCA
:1086C000C16DFA9BC26DFB9BC36DFC9BC86DFD9B8E
:1086D000C96DFE9BCA6D409CCD6D419CCE6D429C88
:1086E000CF6D439CD06D449CD26D459CD36D469C10
:1086F000D46D479CD56D489CD76D499CDA6D4A9CDA
:10870000DB6D4B9CDC6D4C9CDF6D4D9CE26D4E9C9B
:10871000E36D4F9CE56D509CE76D519CE86D529C5C
:10872000E96D539CEA6D549CED6D559CEF6D569C24
:10873000F06D579CF26D589CF46D599CF56D5A9CE8
:10874000F66D5B9CF86D5C9CFA6D5D9CFD6D5E9CAE
:10875000FE6D5F9CFF6D609C006E619C016E629C73
:10876000026E639C036E649C046E659C066E669C40
:10877000076E679C086E689C096E699C0B6E6A9C0C
:108780000F6E6B9C126E6C9C136E6D9C156E6E9CC6
:10879000186E6F9C196E709C1B6E719C1C6E729C87
:1087A0001E6E739C1F6E749C226E759C266E769C4A
:1087B000276E779C286E789C2A6E799C2C6E7A9C0A
:1087C0002E6E7B9C306E7C9C316E7D9C336E7E9CCD
:1087D000356E809C366E819C376E829C396E839C90
:1087E0003B6E849C3C6E859C3D6E869C3E6E879C59
:1087F0003F6E889C406E899C416E8A9C426E8B9C29
:10880000456E8C9C466E8D9C476E8E9C486E8F9CF0
:10881000496E909C4A6E919C4B6E929C4C6E939CC0
:108820004F6E949C506E959C516E969C526E979C88
:10883000556E989C576E999C596E9A9C5A6E9B9C4B
:108840005C6E9C9C5D6E9D9C5E6E9E9C606E9F9C13
:10885000616EA09C626EA19C636EA29C646EA39CE0
:10886000656EA49C666EA59C676EA69C686EA79CB0
:10887000696EA89C6A6EA99C6C6EAA9C6D6EAB9C7E
:108880006F6EAC9C706EAD9C716EAE9C726EAF9C48
:10889000736EB09C746EB19C756EB29C766EB39C18
:1088A000776EB49C786EB59C796EB69C7A6EB79CE8
:1088B0007B6EB89C7C6EB99C7D6EBA9C806EBB9CB6
:1088C000816EBC9C826EBD9C846EBE9C876EBF9C7C
:1088D000886EC09C8A6EC19C8B6EC29C8C6EC39C41
:1088E0008D6EC49C8E6EC59C916EC69C926EC79C0C
:1088F000936EC89C946EC99C956ECA9C966ECB9CD8
:10890000976ECC9C996ECD9C9A6ECE9C9B6ECF9CA4
:108910009D6ED09C9E6ED19CA06ED29CA16ED39C6D
:10892000A36ED49CA46ED59CA66ED69CA86ED79C34
:10893000A96ED89CAB6ED99CAC6EDA9CAD6EDB9CFC
:10894000AE6EDC9CB06EDD9CB36EDE9CB56EDF9CC3
:10895000B86EE09CB96EE19CBC6EE29CBE6EE39C7E
:10896000BF6EE49CC06EE59CC36EE69CC46EE79C43
:10897000C56EE89CC66EE99CC86EEA9CC96EEB9C0D
:10898000CA6EEC9CCC6EED9CCD6EEE9CCE6EEF9CD8
:10899000D06EF09CD26EF19CD66EF29CD86EF39C99
:1089A000D96EF49CDB6EF59CDC6EF69CDD6EF79C5C
:1089B000E36EF89CE76EF99CEA6EFA9CEB6EFB9C0A
:1089C000EC6EFC9CED6EFD9CEE6EFE9CEF6E409D91
:1089D000F06E419DF16E429DF26E439DF36E449D9B
:1089E000F56E459DF66E469DF76E479DF86E489D67
:1089F000FA6E499DFB6E4A9DFC6E4B9DFD6E4C9D33
:108A0000FE6E4D9DFF6E4E9D006F4F9D016F509D00
:108A1000036F519D046F529D056F539D076F549DC9
:108A2000086F559D0A6F569D0B6F579D0C6F589D93
:108A30000D6F599D0E6F5A9D106F5B9D116F5C9D60
:108A4000126F5D9D166F5E9D176F5F9D186F609D25
:108A5000196F619D1A6F629D1B6F639D1C6F649DF2
:108A60001D6F659D1E6F669D1F6F679D216F689DC1
:108A7000226F699D236F6A9D256F6B9D266F6C9D8C
:108A8000276F6D9D286F6E9D2C6F6F9D2E6F709D53
:108A9000306F719D326F729D346F739D356F749D11
:108AA000376F759D386F769D396F779D3A6F789DDA
:108AB0003B6F799D3C6F7A9D3D6F7B9D3F6F7C9DA9
:108AC000406F7D9D416F7E9D426F809D436F819D74
:108AD000446F829D456F839D486F849D496F859D3E
:108AE0004A6F869D4C6F879D4E6F889D4F6F899D05
:108AF000506F8A9D516F8B9D526F8C9D536F8D9DD2
:108B0000546F8E9D556F8F9D566F909D576F919DA1
:108B1000596F929D5A6F939D5B6F949D5D6F959D6C
:108B20005F6F969D606F979D616F989D636F999D34
:108B3000646F9A9D656F9B9D676F9C9D686F9D9DFF
:108B4000696F9E9D6A6F9F9D6B6FA09D6C6FA19DCD
:108B50006F6FA29D706FA39D716FA49D736FA59D94
:108B6000756FA69D766FA79D776FA89D796FA99D5C
:108B70007B6FAA9D7D6FAB9D7E6FAC9D7F6FAD9D22
:108B8000806FAE9D816FAF9D826FB09D836FB19DF1
:108B9000856FB29D866FB39D876FB49D8A6FB59DBB
:108BA0008B6FB69D8F6FB79D906FB89D916FB99D7C
:108BB000926FBA9D936FBB9D946FBC9D956FBD9D49
:108BC000966FBE9D976FBF9D986FC09D996FC19D19
:108BD0009A6FC29D9B6FC39D9D6FC49D9E6FC59DE7
:108BE0009F6FC69DA06FC79DA26FC89DA36FC99DB3
:108BF000A46FCA9DA56FCB9DA66FCC9DA86FCD9D80
:108C0000A96FCE9DAA6FCF9DAB6FD09DAC6FD19D4C
:108C1000AD6FD29DAE6FD39DAF6FD49DB06FD59D1C
:108C2000B16FD69DB26FD79DB46FD89DB56FD99DEA
:108C3000B76FDA9DB86FDB9DBA6FDC9DBB6FDD9DB2
:108C4000BC6FDE9DBD6FDF9DBE6FE09DBF6FE19D80
:108C5000C16FE29DC36FE39DC46FE49DC56FE59D49
:108C6000C66FE69DC76FE79DC86FE89DCA6FE99D17
:108C7000CB6FEA9DCC6FEB9DCD6FEC9DCE6FED9DE4
:108C8000CF6FEE9DD06FEF9DD36FF09DD46FF19DB0
:108C9000D56FF29DD66FF39DD76FF49DD86FF59D7C
:108CA000D96FF69DDA6FF79DDB6FF89DDC6FF99D4C
:108CB000DD6FFA9DDF6FFB9DE26FFC9DE36FFD9D15
:108CC000E46FFE9DE56F409EE66F419EE76F429E1A
:108CD000E86F439EE96F449EEA6F459EEB6F469EA8
:108CE000EC6F479EED6F489EF06F499EF16F4A9E74
:108CF000F26F4B9EF36F4C9EF46F4D9EF56F4E9E40
:108D0000F66F4F9EF76F509EF86F519EF96F529E0F
:108D1000FA6F539EFB6F549EFC6F559EFD6F569EDF
:108D2000FE6F579EFF6F589E0070599E01705A9EAD
:108D300002705B9E03705C9E04705D9E05705E9E7B
:108D400006705F9E0770609E0870619E0970629E4B
:108D50000A70639E0B70649E0C70659E0D70669E1B
:108D60000E70679E0F70689E1070699E12706A9EEA
:108D700013706B9E14706C9E15706D9E16706E9EB7
:108D800017706F9E1870709E1970719E1C70729E85
:108D90001D70739E1E70749E1F70759E2070769E4F
:108DA0002170779E2270789E2470799E25707A9E1D
:108DB00026707B9E27707C9E28707D9E29707E9EEB
:108DC0002A70809E2B70819E2C70829E2D70839EB7
:108DD0002E70849E2F70859E3070869E3170879E87
:108DE0003270889E3370899E34708A9E36708B9E56
:108DF00037708C9E38708D9E3A708E9E3B708F9E21
:108E00003C70909E3D70919E3E70929E3F70939EEE
:108E10004070949E4170959E4270969E4370979EBE
:108E20004470989E4570999E46709A9E47709B9E8E
:108E300048709C9E49709D9E4A709E9E4B709F9E5E
:108E40004D70A09E4E70A19E5070A29E5170A39E28
:108E50005270A49E5370A59E5470A69E5570A79EF6
:108E60005670A89E5770A99E5870AA9E5970AB9EC6
:108E70005A70AC9E5B70AD9E5C70AE9E5D70AF9E96
:108E80005F70B09E6070B19E6170B29E6270B39E62
:108E90006370B49E6470B59E6570B69E6670B79E32
:108EA0006770B89E6870B99E6970BA9E6A70BB9E02
:108EB0006E70BC9E7170BD9E7270BE9E7370BF9EC0
:108EC0007470C09E7770C19E7970C29E7A70C39E86
:108ED0007B70C49E7D70C59E8170C69E8270C79E49
:108EE0008370C89E8470C99E8670CA9E8770CB9E10
:108EF0008870CC9E8B70CD9E8C70CE9E8D70CF9ED8
:108F00008F70D09E9070D19E9170D29E9370D39EA0
:108F10009770D49E9870D59E9A70D69E9B70D79E5F
:108F20009E70D89E9F70D99EA070DA9EA170DB9E25
:108F3000A270DC9EA370DD9EA470DE9EA570DF9EF5
:108F4000A670E09EA770E19EA870E29EA970E39EC5
:108F5000AA70E49EB070E59EB270E69EB470E79E83
:108F6000B570E89EB670E99EBA70EA9EBE70EB9E40
:108F7000BF70EC9EC470ED9EC570EE9EC670EF9EF5
:108F8000C770F09EC970F19ECB70F29ECC70F39EBC
:108F9000CD70F49ECE70F59ECF70F69ED070F79E89
:108FA000D170F89ED270F99ED370FA9ED470FB9E59
:108FB000D570FC9ED670FD9ED770FE9EDA70409FE5
:108FC000DC70419FDD70429FDE70439FE070449FE4
:108FD000E170459FE270469FE370479FE570489FB0
:108FE000EA70499FEE704A9FF0704B9FF1704C9F62
:108FF000F2704D9FF3704E9FF4704F9FF570509F2D
:10900000F670519FF870529FFA70539FFB70549FF7
:10901000FC70559FFE70569FFF70579F0071589FC0
:109020000171599F02715A9F03715B9F04715C9F8C
:1090300005715D9F06715E9F07715F9F0871609F5C
:109040000B71619F0C71629F0D71639F0E71649F24
:109050000F71659F1171669F1271679F1471689FF0
:109060001771699F1B716A9F1C716B9F1D716C9FAB
:109070001E716D9F1F716E9F20716F9F2171709F78
:109080002271719F2371729F2471739F2571749F48
:109090002771759F2871769F2971779F2A71789F14
:1090A0002B71799F2C717A9F2D717B9F2E717C9FE4
:1090B00032717D9F33717E9F3471809F3571819FA6
:1090C0003771829F3871839F3971849F3A71859F70
:1090D0003B71869F3C71879F3D71889F3E71899F40
:1090E0003F718A9F40718B9F41718C9F42718D9F10
:1090F00043718E9F44718F9F4671909F4771919FDE
:109100004871929F4971939F4B71949F4D71959FA8
:109110004F71969F5071979F5171989F5271999F6F
:1091200053719A9F54719B9F55719C9F56719D9F3F
:1091300057719E9F58719F9F5971A09F5A71A19F0F
:109140005B71A29F5D71A39F5F71A49F6071A59FDA
:109150006171A69F6271A79F6371A89F6571A99FA6
:109160006971AA9F6A71AB9F6B71AC9F6C71AD9F67
:109170006D71AE9F6F71AF9F7071B09F7171B19F34
:109180007471B29F7571B39F7671B49F7771B59FFB
:109190007971B69F7B71B79F7C71B89F7E71B99FC3
:1091A0007F71BA9F8071BB9F8171BC9F8271BD9F8F
:1091B0008371BE9F8571BF9F8671C09F8771C19F5C
:1091C0008871C29F8971C39F8B71C49F8C71C59F29
:1091D0008D71C69F8E71C79F9071C89F9171C99FF5
:1091E0009271CA9F9371CB9F9571CC9F9671CD9FC1
:1091F0009771CE9F9A71CF9F9B71D09F9C71D19F89
:109200009D71D29F9E71D39FA171D49FA271D59F52
:10921000A371D69FA471D79FA571D89FA671D99F1E
:10922000A771DA9FA971DB9FAA71DC9FAB71DD9FEB
:10923000AD71DE9FAE71DF9FAF71E09FB071E19FB6
:10924000B171E29FB271E39FB471E49FB671E59F83
:10925000B771E69FB871E79FBA71E89FBB71E99F4C
:10926000BC71EA9FBD71EB9FBE71EC9FBF71ED9F1A
:10927000C071EE9FC171EF9FC271F09FC471F19FE9
:10928000C571F29FC671F39FC771F49FC871F59FB6
:10929000C971F69FCA71F79FCB71F89FCC71F99F86
:1092A000CD71FA9FCF71FB9FD071FC9FD171FD9F53
:1092B000D271FE9FD37140A0D67141A0D77142A058
:1092C000D87143A0D97144A0DA7145A0DB7146A0E2
:1092D000DC7147A0DD7148A0DE7149A0DF714AA0B2
:1092E000E1714BA0E2714CA0E3714DA0E4714EA07E
:1092F000E6714FA0E87150A0E97151A0EA7152A047
:10930000EB7153A0EC7154A0ED7155A0EF7156A014
:10931000F07157A0F17158A0F27159A0F3715AA0E1
:10932000F4715BA0F5715CA0F6715DA0F7715EA0B1
:10933000F8715FA0FA7160A0FB7161A0FC7162A07E
:10934000FD7163A0FE7164A0FF7165A0007266A04C
:10935000017267A0027268A0037269A004726AA019
:1093600005726BA007726CA008726DA009726EA0E6
:109370000A726FA00B7270A00C7271A00D7272A0B5
:109380000E7273A00F7274A0107275A0117276A085
:10939000127277A0137278A0147279A015727AA055
:1093A00016727BA017727CA018727DA019727EA025
:1093B0001A7280A01B7281A01C7282A01E7283A0F0
:1093C0001F7284A0207285A0217286A0227287A0BD
:1093D000237288A0247289A025728AA026728BA08D
:1093E00027728CA029728DA02B728EA02D728FA057
:1093F0002E7290A02F7291A0327292A0337293A01D
:10940000347294A03A7295A03C7296A03E7297A0D6
:10941000407298A0417299A042729AA043729BA098
:1094200044729CA045729DA046729EA049729FA066
:109430004A72A0A04B72A1A04E72A2A04F72A3A02C
:109440005072A4A05172A5A05372A6A05472A7A0F6
:109450005572A8A05772A9A05872AAA05A72ABA0C0
:109460005C72ACA05E72ADA06072AEA06372AFA081
:109470006472B0A06572B1A06872B2A06A72B3A043
:109480006B72B4A06C72B5A06D72B6A07072B7A00A
:109490007172B8A07372B9A07472BAA07672BBA0D0
:1094A0007772BCA07872BDA07B72BEA07C72BFA098
:1094B0007D72C0A08272C1A08372C2A08572C3A057
:1094C0008672C4A08772C5A08872C6A08972C7A020
:1094D0008C72C8A08E72C9A09072CAA09172CBA0E3
:1094E0009372CCA09472CDA09572CEA09672CFA0AC
:1094F0009772D0A09872D1A09972D2A09A72D3A07C
:109500009B72D4A09C72D5A09D72D6A09E72D7A04B
:10951000A072D8A0A172D9A0A272DAA0A372DBA017
:10952000A472DCA0A572DDA0A672DEA0A772DFA0E7
:10953000A872E0A0A972E1A0AA72E2A0AB72E3A0B7
:10954000AE72E4A0B172E5A0B272E6A0B372E7A079
:10955000B572E8A0BA72E9A0BB72EAA0BC72EBA037
:10956000BD72ECA0BE72EDA0BF72EEA0C072EFA003
:10957000C572F0A0C672F1A0C772F2A0C972F3A0C2
:10958000CA72F4A0CB72F5A0CC72F6A0CF72F7A08D
:10959000D172F8A0D372F9A0D472FAA0D572FBA050
:1095A000D672FCA0D872FDA0DA72FEA0DB72A1A177
:1095B0000030A2A10130A3A10230A4A1B700A5A14F
:1095C000C902A6A1C702A7A1A800A8A10330A9A10A
:1095D0000530AAA11420ABA15EFFACA11620ADA15D
:1095E0002620AEA11820AFA11920B0A11C20B1A146
:1095F0001D20B2A11430B3A11530B4A10830B5A11B
:109600000930B6A10A30B7A10B30B8A10C30B9A10E
:109610000D30BAA10E30BBA10F30BCA11630BDA1D8
:109620001730BEA11030BFA11130C0A1B100C1A13F
:10963000D700C2A1F700C3A13622C4A12722C5A129
:109640002822C6A11122C7A10F22C8A12A22C9A17E
:109650002922CAA10822CBA13722CCA11A22CDA14E
:10966000A522CEA12522CFA12022D0A11223D1A1B3
:109670009922D2A12B22D3A12E22D4A16122D5A13D
:109680004C22D6A14822D7A13D22D8A11D22D9A182
:109690006022DAA16E22DBA16F22DCA16422DDA1AF
:1096A0006522DEA11E22DFA13522E0A13422E1A144
:1096B0004226E2A14026E3A1B000E4A13220E5A1C8
:1096C0003320E6A10321E7A104FFE8A1A400E9A15A
:1096D000E0FFEAA1E1FFEBA13020ECA1A700EDA1A2
:1096E0001621EEA10626EFA10526F0A1CB25F1A1BA
:1096F000CF25F2A1CE25F3A1C725F4A1C625F5A15A
:10970000A125F6A1A025F7A1B325F8A1B225F9A1BD
:109710003B20FAA19221FBA19021FCA19121FDA166
:109720009321FEA11330A1A27021A2A27121A3A2B4
:109730007221A4A27321A5A27421A6A27521A7A2B9
:109740007621A8A27721A9A27821AAA27921B1A283
:109750008824B2A28924B3A28A24B4A28B24B5A2FD
:109760008C24B6A28D24B7A28E24B8A28F24B9A2CD
:109770009024BAA29124BBA29224BCA29324BDA29D
:109780009424BEA29524BFA29624C0A29724C1A26D
:109790009824C2A29924C3A29A24C4A29B24C5A23D
:1097A0007424C6A27524C7A27624C8A27724C9A2AD
:1097B0007824CAA27924CBA27A24CCA27B24CDA27D
:1097C0007C24CEA27D24CFA27E24D0A27F24D1A24D
:1097D0008024D2A28124D3A28224D4A28324D5A21D
:1097E0008424D6A28524D7A28624D8A28724D9A2ED
:1097F0006024DAA26124DBA26224DCA26324DDA25D
:109800006424DEA26524DFA26624E0A26724E1A22C
:109810006824E2A26924E5A22032E6A22132E7A26E
:109820002232E8A22332E9A22432EAA22532EBA2B4
:109830002632ECA22732EDA22832EEA22932F1A282
:109840006021F2A26121F3A26221F4A26321F5A2B8
:109850006421F6A26521F7A26621F8A26721F9A288
:109860006821FAA26921FBA26A21FCA26B21A1A3B3
:1098700001FFA2A302FFA3A303FFA4A3E5FFA5A3E7
:1098800005FFA6A306FFA7A307FFA8A308FFA9A398
:1098900009FFAAA30AFFABA30BFFACA30CFFADA368
:1098A0000DFFAEA30EFFAFA30FFFB0A310FFB1A338
:1098B00011FFB2A312FFB3A313FFB4A314FFB5A308
:1098C00015FFB6A316FFB7A317FFB8A318FFB9A3D8
:1098D00019FFBAA31AFFBBA31BFFBCA31CFFBDA3A8
:1098E0001DFFBEA31EFFBFA31FFFC0A320FFC1A378
:1098F00021FFC2A322FFC3A323FFC4A324FFC5A348
:1099000025FFC6A326FFC7A327FFC8A328FFC9A317
:1099100029FFCAA32AFFCBA32BFFCCA32CFFCDA3E7
:109920002DFFCEA32EFFCFA32FFFD0A330FFD1A3B7
:1099300031FFD2A332FFD3A333FFD4A334FFD5A387
:1099400035FFD6A336FFD7A337FFD8A338FFD9A357
:1099500039FFDAA33AFFDBA33BFFDCA33CFFDDA327
:109960003DFFDEA33EFFDFA33FFFE0A340FFE1A3F7
:1099700041FFE2A342FFE3A343FFE4A344FFE5A3C7
:1099800045FFE6A346FFE7A347FFE8A348FFE9A397
:1099900049FFEAA34AFFEBA34BFFECA34CFFEDA367
:1099A0004DFFEEA34EFFEFA34FFFF0A350FFF1A337
:1099B00051FFF2A352FFF3A353FFF4A354FFF5A307
:1099C00055FFF6A356FFF7A357FFF8A358FFF9A3D7
:1099D00059FFFAA35AFFFBA35BFFFCA35CFFFDA3A7
:1099E0005DFFFEA3E3FFA1A44130A2A44230A3A4E3
:1099F0004330A4A44430A5A44530A6A44630A7A46F
:109A00004730A8A44830A9A44930AAA44A30ABA43E
:109A10004B30ACA44C30ADA44D30AEA44E30AFA40E
:109A20004F30B0A45030B1A45130B2A45230B3A4DE
:109A30005330B4A45430B5A45530B6A45630B7A4AE
:109A40005730B8A45830B9A45930BAA45A30BBA47E
:109A50005B30BCA45C30BDA45D30BEA45E30BFA44E
:109A60005F30C0A46030C1A46130C2A46230C3A41E
:109A70006330C4A46430C5A46530C6A46630C7A4EE
:109A80006730C8A46830C9A46930CAA46A30CBA4BE
:109A90006B30CCA46C30CDA46D30CEA46E30CFA48E
:109AA0006F30D0A47030D1A47130D2A47230D3A45E
:109AB0007330D4A47430D5A47530D6A47630D7A42E
:109AC0007730D8A47830D9A47930DAA47A30DBA4FE
:109AD0007B30DCA47C30DDA47D30DEA47E30DFA4CE
:109AE0007F30E0A48030E1A48130E2A48230E3A49E
:109AF0008330E4A48430E5A48530E6A48630E7A46E
:109B00008730E8A48830E9A48930EAA48A30EBA43D
:109B10008B30ECA48C30EDA48D30EEA48E30EFA40D
:109B20008F30F0A49030F1A49130F2A49230F3A4DD
:109B30009330A1A5A130A2A5A230A3A5A330A4A5CE
:109B4000A430A5A5A530A6A5A630A7A5A730A8A591
:109B5000A830A9A5A930AAA5AA30ABA5AB30ACA561
:109B6000AC30ADA5AD30AEA5AE30AFA5AF30B0A531
:109B7000B030B1A5B130B2A5B230B3A5B330B4A501
:109B8000B430B5A5B530B6A5B630B7A5B730B8A5D1
:109B9000B830B9A5B930BAA5BA30BBA5BB30BCA5A1
:109BA000BC30BDA5BD30BEA5BE30BFA5BF30C0A571
:109BB000C030C1A5C130C2A5C230C3A5C330C4A541
:109BC000C430C5A5C530C6A5C630C7A5C730C8A511
:109BD000C830C9A5C930CAA5CA30CBA5CB30CCA5E1
:109BE000CC30CDA5CD30CEA5CE30CFA5CF30D0A5B1
:109BF000D030D1A5D130D2A5D230D3A5D330D4A581
:109C0000D430D5A5D530D6A5D630D7A5D730D8A550
:109C1000D830D9A5D930DAA5DA30DBA5DB30DCA520
:109C2000DC30DDA5DD30DEA5DE30DFA5DF30E0A5F0
:109C3000E030E1A5E130E2A5E230E3A5E330E4A5C0
:109C4000E430E5A5E530E6A5E630E7A5E730E8A590
:109C5000E830E9A5E930EAA5EA30EBA5EB30ECA560
:109C6000EC30EDA5ED30EEA5EE30EFA5EF30F0A530
:109C7000F030F1A5F130F2A5F230F3A5F330F4A500
:109C8000F430F5A5F530F6A5F630A1A69103A2A60D
:109C90009203A3A69303A4A69403A5A69503A6A640
:109CA0009603A7A69703A8A69803A9A69903AAA610
:109CB0009A03ABA69B03ACA69C03ADA69D03AEA6E0
:109CC0009E03AFA69F03B0A6A003B1A6A103B2A6B0
:109CD000A303B3A6A403B4A6A503B5A6A603B6A67C
:109CE000A703B7A6A803B8A6A903C1A6B103C2A635
:109CF000B203C3A6B303C4A6B403C5A6B503C6A6E0
:109D0000B603C7A6B703C8A6B803C9A6B903CAA6AF
:109D1000BA03CBA6BB03CCA6BC03CDA6BD03CEA67F
:109D2000BE03CFA6BF03D0A6C003D1A6C103D2A64F
:109D3000C303D3A6C403D4A6C503D5A6C603D6A61B
:109D4000C703D7A6C803D8A6C903E0A635FEE1A677
:109D500036FEE2A639FEE3A63AFEE4A63FFEE5A6FD
:109D600040FEE6A63DFEE7A63EFEE8A641FEE9A6C9
:109D700042FEEAA643FEEBA644FEEEA63BFEEFA69D
:109D80003CFEF0A637FEF1A638FEF2A631FEF4A6A0
:109D900033FEF5A634FEA1A71004A2A71104A3A7C1
:109DA0001204A4A71304A5A71404A6A71504A7A723
:109DB0000104A8A71604A9A71704AAA71804ABA70B
:109DC0001904ACA71A04ADA71B04AEA71C04AFA7C7
:109DD0001D04B0A71E04B1A71F04B2A72004B3A797
:109DE0002104B4A72204B5A72304B6A72404B7A767
:109DF0002504B8A72604B9A72704BAA72804BBA737
:109E00002904BCA72A04BDA72B04BEA72C04BFA706
:109E10002D04C0A72E04C1A72F04D1A73004D2A7B8
:109E20003104D3A73204D4A73304D5A73404D6A76A
:109E30003504D7A75104D8A73604D9A73704DAA721
:109E40003804DBA73904DCA73A04DDA73B04DEA70E
:109E50003C04DFA73D04E0A73E04E1A73F04E2A7DE
:109E60004004E3A74104E4A74204E5A74304E6A7AE
:109E70004404E7A74504E8A74604E9A74704EAA77E
:109E80004804EBA74904ECA74A04EDA74B04EEA74E
:109E90004C04EFA74D04F0A74E04F1A74F0440A8CF
:109EA000CA0241A8CB0242A8D90243A8132044A861
:109EB000152045A8252046A8352047A8052148A8F3
:109EC000092149A896214AA897214BA898214CA876
:109ED00099214DA815224EA81F224FA8232250A831
:109EE000522251A8662252A8672253A8BF2254A822
:109EF000502555A8512556A8522557A8532558A88E
:109F0000542559A855255AA856255BA857255CA85D
:109F100058255DA859255EA85A255FA85B2560A82D
:109F20005C2561A85D2562A85E2563A85F2564A8FD
:109F3000602565A8612566A8622567A8632568A8CD
:109F4000642569A865256AA866256BA867256CA89D
:109F500068256DA869256EA86A256FA86B2570A86D
:109F60006C2571A86D2572A86E2573A86F2574A83D
:109F7000702575A8712576A8722577A8732578A80D
:109F8000812579A882257AA883257BA884257CA8A9
:109F900085257DA886257EA8872580A8882581A877
:109FA000892582A88A2583A88B2584A88C2585A845
:109FB0008D2586A88E2587A88F2588A8932589A812
:109FC00094258AA895258BA8BC258CA8BD258DA88D
:109FD000E2258EA8E3258FA8E42590A8E52591A881
:109FE000092692A8952293A8123094A81D3095A80E
:109FF0001E30A1A80101A2A8E100A3A8CE01A4A837
:10A00000E000A5A81301A6A8E900A7A81B01A8A81D
:10A01000E800A9A82B01AAA8ED00ABA8D001ACA824
:10A02000EC00ADA84D01AEA8F300AFA8D201B0A8D6
:10A03000F200B1A86B01B2A8FA00B3A8D401B4A889
:10A04000F900B5A8D601B6A8D801B7A8DA01B8A812
:10A05000DC01B9A8FC00BAA8EA00BBA85102BDA85F
:10A060004401BEA84801C0A86102C5A80531C6A820
:10A070000631C7A80731C8A80831C9A80931CAA83C
:10A080000A31CBA80B31CCA80C31CDA80D31CEA80C
:10A090000E31CFA80F31D0A81031D1A81131D2A8DC
:10A0A0001231D3A81331D4A81431D5A81531D6A8AC
:10A0B0001631D7A81731D8A81831D9A81931DAA87C
:10A0C0001A31DBA81B31DCA81C31DDA81D31DEA84C
:10A0D0001E31DFA81F31E0A82031E1A82131E2A81C
:10A0E0002231E3A82331E4A82431E5A82531E6A8EC
:10A0F0002631E7A82731E8A82831E9A8293140A965
:10A10000213041A9223042A9233043A9243044A957
:10A11000253045A9263046A9273047A9283048A927
:10A12000293049A9A3324AA98E334BA98F334CA9B0
:10A130009C334DA99D334EA99E334FA9A13350A9FD
:10A14000C43351A9CE3352A9D13353A9D23354A920
:10A15000D53355A930FE56A9E2FF57A9E4FF59A906
:10A1600021215AA931325CA9102060A9FC3061A9D3
:10A170009B3062A99C3063A9FD3064A9FE3065A9BB
:10A18000063066A99D3067A99E3068A949FE69A975
:10A190004AFE6AA94BFE6BA94CFE6CA94DFE6DA947
:10A1A0004EFE6EA94FFE6FA950FE70A951FE71A917
:10A1B00052FE72A954FE73A955FE74A956FE75A9E4
:10A1C00057FE76A959FE77A95AFE78A95BFE79A9B0
:10A1D0005CFE7AA95DFE7BA95EFE7CA95FFE7DA97F
:10A1E00060FE7EA961FE80A962FE81A963FE82A94C
:10A1F00064FE83A965FE84A966FE85A968FE86A91A
:10A2000069FE87A96AFE88A96BFE96A90730A4A9F2
:10A210000025A5A90125A6A90225A7A90325A8A966
:10A220000425A9A90525AAA90625ABA90725ACA936
:10A230000825ADA90925AEA90A25AFA90B25B0A906
:10A240000C25B1A90D25B2A90E25B3A90F25B4A9D6
:10A250001025B5A91125B6A91225B7A91325B8A9A6
:10A260001425B9A91525BAA91625BBA91725BCA976
:10A270001825BDA91925BEA91A25BFA91B25C0A946
:10A280001C25C1A91D25C2A91E25C3A91F25C4A916
:10A290002025C5A92125C6A92225C7A92325C8A9E6
:10A2A0002425C9A92525CAA92625CBA92725CCA9B6
:10A2B0002825CDA92925CEA92A25CFA92B25D0A986
:10A2C0002C25D1A92D25D2A92E25D3A92F25D4A956
:10A2D0003025D5A93125D6A93225D7A93325D8A926
:10A2E0003425D9A93525DAA93625DBA93725DCA9F6
:10A2F0003825DDA93925DEA93A25DFA93B25E0A9C6
:10A300003C25E1A93D25E2A93E25E3A93F25E4A995
:10A310004025E5A94125E6A94225E7A94325E8A965
:10A320004425E9A94525EAA94625EBA94725ECA935
:10A330004825EDA94925EEA94A25EFA94B2540AAB4
:10A34000DC7241AADD7242AADF7243AAE27244AA19
:10A35000E37245AAE47246AAE57247AAE67248AAE1
:10A36000E77249AAEA724AAAEB724BAAF5724CAAA2
:10A37000F6724DAAF9724EAAFD724FAAFE7250AA49
:10A38000FF7251AA007352AA027353AA047354AA0B
:10A39000057355AA067356AA077357AA087358AAD5
:10A3A000097359AA0B735AAA0C735BAA0D735CAAA2
:10A3B0000F735DAA10735EAA11735FAA127360AA6D
:10A3C000147361AA187362AA197363AA1A7364AA30
:10A3D0001F7365AA207366AA237367AA247368AAE9
:10A3E000267369AA27736AAA28736BAA2D736CAAAD
:10A3F0002F736DAA30736EAA32736FAA337370AA6B
:10A40000357371AA367372AA3A7373AA3B7374AA2E
:10A410003C7375AA3D7376AA407377AA417378AAF4
:10A42000427379AA43737AAA44737BAA45737CAAC0
:10A4300046737DAA47737EAA487380AA497381AA8E
:10A440004A7382AA4B7383AA4C7384AA4E7385AA5B
:10A450004F7386AA517387AA537388AA547389AA23
:10A4600055738AAA56738BAA58738CAA59738DAAEE
:10A470005A738EAA5B738FAA5C7390AA5D7391AABC
:10A480005E7392AA5F7393AA617394AA627395AA8A
:10A49000637396AA647397AA657398AA667399AA58
:10A4A00067739AAA68739BAA69739CAA6A739DAA28
:10A4B0006B739EAA6E739FAA7073A0AA717340AB50
:10A4C000727341AB737342AB747343AB757344AB3C
:10A4D000767345AB777346AB787347AB797348AB0C
:10A4E0007A7349AB7B734AAB7C734BAB7D734CABDC
:10A4F0007F734DAB80734EAB81734FAB827350ABA8
:10A50000837351AB857352AB867353AB887354AB73
:10A510008A7355AB8C7356AB8D7357AB8F7358AB37
:10A52000907359AB92735AAB93735BAB94735CAB00
:10A5300095735DAB97735EAB98735FAB997360ABCC
:10A540009A7361AB9C7362AB9D7363AB9E7364AB98
:10A55000A07365ABA17366ABA37367ABA47368AB61
:10A56000A57369ABA6736AABA7736BABA8736CAB2F
:10A57000AA736DABAC736EABAD736FABB17370ABF5
:10A58000B47371ABB57372ABB67373ABB87374ABB2
:10A59000B97375ABBC7376ABBD7377ABBE7378AB79
:10A5A000BF7379ABC1737AABC3737BABC4737CAB42
:10A5B000C5737DABC6737EABC77380ABCB7381AB0A
:10A5C000CC7382ABCE7383ABD27384ABD37385ABC6
:10A5D000D47386ABD57387ABD67388ABD77389AB8F
:10A5E000D8738AABDA738BABDB738CABDC738DAB5C
:10A5F000DD738EABDF738FABE17390ABE27391AB26
:10A60000E37392ABE47393ABE67394ABE87395ABEF
:10A61000EA7396ABEB7397ABEC7398ABEE7399ABB5
:10A62000EF739AABF0739BABF1739CABF3739DAB81
:10A63000F4739EABF5739FABF673A0ABF77340ACAE
:10A64000F87341ACF97342ACFA7343ACFB7344AC9E
:10A65000FC7345ACFD7346ACFE7347ACFF7348AC6E
:10A66000007449AC01744AAC02744BAC04744CAC39
:10A6700007744DAC08744EAC0B744FAC0C7450ACFA
:10A680000D7451AC0E7452AC117453AC127454ACC2
:10A69000137455AC147456AC157457AC167458AC8E
:10A6A000177459AC18745AAC19745BAC1C745CAC5C
:10A6B0001D745DAC1E745EAC1F745FAC207460AC26
:10A6C000217461AC237462AC247463AC277464ACF1
:10A6D000297465AC2B7466AC2D7467AC2F7468ACB0
:10A6E000317469AC32746AAC37746BAC38746CAC6E
:10A6F00039746DAC3A746EAC3B746FAC3D7470AC35
:10A700003E7471AC3F7472AC407473AC427474AC00
:10A71000437475AC447476AC457477AC467478ACCD
:10A72000477479AC48747AAC49747BAC4A747CAC9D
:10A730004B747DAC4C747EAC4D7480AC4E7481AC6B
:10A740004F7482AC507483AC517484AC527485AC39
:10A75000537486AC547487AC567488AC587489AC06
:10A760005D748AAC60748BAC61748CAC62748DACBB
:10A7700063748EAC64748FAC657490AC667491AC89
:10A78000677492AC687493AC697494AC6A7495AC59
:10A790006B7496AC6C7497AC6E7498AC6F7499AC27
:10A7A00071749AAC72749BAC73749CAC74749DACF1
:10A7B00075749EAC78749FAC7974A0AC7A7440AD1B
:10A7C0007B7441AD7C7442AD7D7443AD7F7444AD08
:10A7D000827445AD847446AD857447AD867448ADCA
:10A7E000887449AD89744AAD8A744BAD8C744CAD94
:10A7F0008D744DAD8F744EAD91744FAD927450AD5C
:10A80000937451AD947452AD957453AD967454AD28
:10A81000977455AD987456AD997457AD9A7458ADF8
:10A820009B7459AD9D745AAD9F745BADA0745CADC3
:10A83000A1745DADA2745EADA3745FADA47460AD90
:10A84000A57461ADA67462ADAA7463ADAB7464AD5A
:10A85000AC7465ADAD7466ADAE7467ADAF7468AD24
:10A86000B07469ADB1746AADB2746BADB3746CADF4
:10A87000B4746DADB5746EADB6746FADB77470ADC4
:10A88000B87471ADB97472ADBB7473ADBC7474AD92
:10A89000BD7475ADBE7476ADBF7477ADC07478AD60
:10A8A000C17479ADC2747AADC3747BADC4747CAD30
:10A8B000C5747DADC6747EADC77480ADC87481ADFE
:10A8C000C97482ADCA7483ADCB7484ADCC7485ADCC
:10A8D000CD7486ADCE7487ADCF7488ADD07489AD9C
:10A8E000D1748AADD3748BADD4748CADD5748DAD69
:10A8F000D6748EADD7748FADD87490ADD97491AD38
:10A90000DA7492ADDB7493ADDD7494ADDF7495AD04
:10A91000E17496ADE57497ADE77498ADE87499ADC0
:10A92000E9749AADEA749BADEB749CADEC749DAD8B
:10A93000ED749EADF0749FADF174A0ADF27440AEB5
:10A94000F37441AEF57442AEF87443AEF97444AE9C
:10A95000FA7445AEFB7446AEFC7447AEFD7448AE67
:10A96000FE7449AE00754AAE01754BAE02754CAE31
:10A9700003754DAE05754EAE06754FAE077550AEFC
:10A98000087551AE097552AE0A7553AE0B7554AECB
:10A990000C7555AE0E7556AE107557AE127558AE95
:10A9A000147559AE15755AAE16755BAE17755CAE5B
:10A9B0001B755DAE1D755EAE1E755FAE207560AE1B
:10A9C000217561AE227562AE237563AE247564AEE7
:10A9D000267565AE277566AE2A7567AE2E7568AEAC
:10A9E000347569AE36756AAE39756BAE3C756CAE52
:10A9F0003D756DAE3F756EAE41756FAE427570AE12
:10AA0000437571AE447572AE467573AE477574AEDC
:10AA1000497575AE4A7576AE4D7577AE507578AEA0
:10AA2000517579AE52757AAE53757BAE55757CAE65
:10AA300056757DAE57757EAE587580AE5D7581AE2C
:10AA40005E7582AE5F7583AE607584AE617585AEEE
:10AA5000627586AE637587AE647588AE677589AEBC
:10AA600068758AAE69758BAE6B758CAE6C758DAE84
:10AA70006D758EAE6E758FAE6F7590AE707591AE52
:10AA8000717592AE737593AE757594AE767595AE1D
:10AA9000777596AE7A7597AE7B7598AE7C7599AEE4
:10AAA0007D759AAE7E759BAE80759CAE81759DAEB0
:10AAB00082759EAE84759FAE8575A0AE877540AFDA
:10AAC000887541AF897542AF8A7543AF8C7544AFC5
:10AAD0008D7545AF8E7546AF907547AF937548AF8E
:10AAE000957549AF98754AAF9B754BAF9C754CAF48
:10AAF0009E754DAFA2754EAFA6754FAFA77550AFFF
:10AB0000A87551AFA97552AFAA7553AFAD7554AFC3
:10AB1000B67555AFB77556AFBA7557AFBB7558AF69
:10AB2000BF7559AFC0755AAFC1755BAFC6755CAF25
:10AB3000CB755DAFCC755EAFCE755FAFCF7560AFD7
:10AB4000D07561AFD17562AFD37563AFD77564AFA0
:10AB5000D97565AFDA7566AFDC7567AFDD7568AF5F
:10AB6000DF7569AFE0756AAFE1756BAFE5756CAF26
:10AB7000E9756DAFEC756EAFED756FAFEE7570AFDB
:10AB8000EF7571AFF27572AFF37573AFF57574AFA2
:10AB9000F67575AFF77576AFF87577AFFA7578AF6C
:10ABA000FB7579AFFD757AAFFE757BAF02767CAF32
:10ABB00004767DAF06767EAF077680AF087681AFEC
:10ABC000097682AF0B7683AF0D7684AF0E7685AFB4
:10ABD0000F7686AF117687AF127688AF137689AF7E
:10ABE00014768AAF16768BAF1A768CAF1C768DAF43
:10ABF0001D768EAF1E768FAF217690AF237691AF04
:10AC0000277692AF287693AF2C7694AF2E7695AFB9
:10AC10002F7696AF317697AF327698AF367699AF7A
:10AC200037769AAF39769BAF3A769CAF3B769DAF3D
:10AC30003D769EAF41769FAF4276A0AF447640B05E
:10AC4000457641B0467642B0477643B0487644B048
:10AC5000497645B04A7646B04B7647B04E7648B016
:10AC60004F7649B050764AB051764BB052764CB0E0
:10AC700053764DB055764EB057764FB0587650B0AB
:10AC8000597651B05A7652B05B7653B05D7654B077
:10AC90005F7655B0607656B0617657B0627658B040
:10ACA000647659B065765AB066765BB067765CB00C
:10ACB00068765DB069765EB06A765FB06C7660B0DB
:10ACC0006D7661B06E7662B0707663B0717664B0A6
:10ACD000727665B0737666B0747667B0757668B074
:10ACE000767669B077766AB079766BB07A766CB042
:10ACF0007C766DB07F766EB080766FB0817670B006
:10AD0000837671B0857672B0897673B08A7674B0C6
:10AD10008C7675B08D7676B08F7677B0907678B089
:10AD2000927679B094767AB095767BB097767CB04F
:10AD300098767DB09A767EB09B7680B09C7681B016
:10AD40009D7682B09E7683B09F7684B0A07685B0E3
:10AD5000A17686B0A27687B0A37688B0A57689B0B2
:10AD6000A6768AB0A7768BB0A8768CB0A9768DB07F
:10AD7000AA768EB0AB768FB0AC7690B0AD7691B04F
:10AD8000AF7692B0B07693B0B37694B0B57695B016
:10AD9000B67696B0B77697B0B87698B0B97699B0DF
:10ADA000BA769AB0BB769BB0BC769CB0BD769DB0AF
:10ADB000BE769EB0C0769FB0C176A0B0C376A1B07B
:10ADC0004A55A2B03F96A3B0C357A4B02863A5B01C
:10ADD000CE54A6B00955A7B0C054A8B09176A9B07A
:10ADE0004C76AAB03C85ABB0EE77ACB07E82ADB00D
:10ADF0008D78AEB03172AFB09896B0B08D97B1B0DB
:10AE0000286CB2B0895BB3B0FA4FB4B00963B5B087
:10AE10009766B6B0B85CB7B0FA80B8B04868B9B059
:10AE2000AE80BAB00266BBB0CE76BCB0F951BDB050
:10AE30005665BEB0AC71BFB0F17FC0B08488C1B000
:10AE4000B250C2B06559C3B0CA61C4B0B36FC5B027
:10AE5000AD82C6B04C63C7B05262C8B0ED53C9B042
:10AE60002754CAB0067BCBB06B51CCB0A475CDB023
:10AE7000F45DCEB0D462CFB0CB8DD0B07697D1B0E8
:10AE80008A62D2B01980D3B05D57D4B03897D5B0AC
:10AE9000627FD6B03872D7B07D76D8B0CF67D9B0E0
:10AEA0007E76DAB04664DBB0704FDCB0258DDDB065
:10AEB000DC62DEB0177ADFB09165E0B0ED73E1B02F
:10AEC0002C64E2B07362E3B02C82E4B08198E5B008
:10AED0007F67E6B04872E7B06E62E8B0CC62E9B076
:10AEE000344FEAB0E374EBB04A53ECB09E52EDB08D
:10AEF000CA7EEEB0A690EFB02E5EF0B08668F1B0DC
:10AF00009C69F2B08081F3B0D17EF4B0D268F5B024
:10AF1000C578F6B08C86F7B05195F8B08D50F9B081
:10AF2000248CFAB0DE82FBB0DE80FCB00553FDB0AD
:10AF30001289FEB0655240B1C47641B1C77642B1C4
:10AF4000C97643B1CB7644B1CC7645B1D37646B120
:10AF5000D57647B1D97648B1DA7649B1DC764AB1CF
:10AF6000DD764BB1DE764CB1E0764DB1E1764EB197
:10AF7000E2764FB1E37650B1E47651B1E67652B164
:10AF8000E77653B1E87654B1E97655B1EA7656B131
:10AF9000EB7657B1EC7658B1ED7659B1F0765AB1FF
:10AFA000F3765BB1F5765CB1F6765DB1F7765EB1BE
:10AFB000FA765FB1FB7660B1FD7661B1FF7662B182
:10AFC000007763B1027764B1037765B1057766B145
:10AFD000067767B10A7768B10C7769B10E776AB105
:10AFE0000F776BB110776CB111776DB112776EB1CD
:10AFF00013776FB1147770B1157771B1167772B19D
:10B00000177773B1187774B11B7775B11C7776B168
:10B010001D7777B11E7778B1217779B123777AB12F
:10B0200024777BB125777CB127777DB12A777EB1F4
:10B030002B7780B12C7781B12E7782B1307783B1B5
:10B04000317784B1327785B1337786B1347787B180
:10B05000397788B13B7789B13D778AB13E778BB13B
:10B060003F778CB142778DB144778EB145778FB100
:10B07000467790B1487791B1497792B14A7793B1C9
:10B080004B7794B14C7795B14D7796B14E7797B198
:10B090004F7798B1527799B153779AB154779BB162
:10B0A00055779CB156779DB157779EB158779FB130
:10B0B0005977A0B15C77A1B18485A2B1F996A3B10B
:10B0C000DD4FA4B12158A5B17199A6B19D5BA7B17F
:10B0D000B162A8B1A562A9B1B466AAB1798CABB1CD
:10B0E0008D9CACB10672ADB16F67AEB19178AFB166
:10B0F000B260B0B15153B1B11753B2B1888FB3B18F
:10B10000CC80B4B11D8DB5B1A194B6B10D50B7B11D
:10B11000C872B8B10759B9B1EB60BAB11971BBB116
:10B12000AB88BCB15459BDB1EF82BEB12C67BFB181
:10B13000287BC0B1295DC1B1F77EC2B12D75C3B105
:10B14000F56CC4B1668EC5B1F88FC6B13C90C7B17D
:10B150003B9FC8B1D46BC9B11991CAB1147BCBB1B3
:10B160007C5FCCB1A778CDB1D684CEB13D85CFB1CF
:10B17000D56BD0B1D96BD1B1D66BD2B1015ED3B1A1
:10B18000875ED4B1F975D5B1ED95D6B15D65D7B10E
:10B190000A5FD8B1C55FD9B19F8FDAB1C158DBB1B1
:10B1A000C281DCB17F90DDB15B96DEB1AD97DFB1DE
:10B1B000B98FE0B1167FE1B12C8DE2B14162E3B10C
:10B1C000BF4FE4B1D853E5B15E53E6B1A88FE7B104
:10B1D000A98FE8B1AB8FE9B14D90EAB10768EBB147
:10B1E0006A5FECB19881EDB16888EEB1D69CEFB1A1
:10B1F0008B61F0B12B52F1B12A76F2B16C5FF3B1F1
:10B200008C65F4B1D26FF5B1E86EF6B1BE5BF7B103
:10B210004864F8B17551F9B1B051FAB1C467FBB1E6
:10B22000194EFCB1C979FDB17C99FEB1B37040B241
:10B230005D7741B25E7742B25F7743B2607744B2E6
:10B24000647745B2677746B2697747B26A7748B2A2
:10B250006D7749B26E774AB26F774BB270774CB266
:10B2600071774DB272774EB273774FB2747750B236
:10B27000757751B2767752B2777753B2787754B206
:10B280007A7755B27B7756B27C7757B2817758B2CE
:10B29000827759B283775AB286775BB287775CB28E
:10B2A00088775DB289775EB28A775FB28B7760B25A
:10B2B0008F7761B2907762B2937763B2947764B21A
:10B2C000957765B2967766B2977767B2987768B2E6
:10B2D000997769B29A776AB29B776BB29C776CB2B6
:10B2E0009D776DB29E776EB2A1776FB2A37770B281
:10B2F000A47771B2A67772B2A87773B2AB7774B243
:10B30000AD7775B2AE7776B2AF7777B2B17778B204
:10B31000B27779B2B4777AB2B6777BB2B7777CB2CC
:10B32000B8777DB2B9777EB2BA7780B2BC7781B296
:10B33000BE7782B2C07783B2C17784B2C27785B25A
:10B34000C37786B2C47787B2C57788B2C67789B229
:10B35000C7778AB2C8778BB2C9778CB2CA778DB2F9
:10B36000CB778EB2CC778FB2CE7790B2CF7791B2C7
:10B37000D07792B2D17793B2D27794B2D37795B295
:10B38000D47796B2D57797B2D67798B2D87799B264
:10B39000D9779AB2DA779BB2DD779CB2DE779DB22D
:10B3A000DF779EB2E0779FB2E177A0B2E477A1B2F7
:10B3B000C575A2B2765EA3B2BB73A4B2E083A5B298
:10B3C000AD64A6B2E862A7B2B594A8B2E26CA9B225
:10B3D0005A53AAB2C352ABB20F64ACB2C294ADB26C
:10B3E000947BAEB22F4FAFB21B5EB0B23682B1B219
:10B3F0001681B2B28A81B3B2246EB4B2CA6CB5B24D
:10B40000739AB6B25563B7B25C53B8B2FA54B9B2D4
:10B410006588BAB2E057BBB20D4EBCB2035EBDB296
:10B42000656BBEB23F7CBFB2E890C0B21660C1B2DD
:10B43000E664C2B21C73C3B2C188C4B25067C5B25D
:10B440004D62C6B2228DC7B26C77C8B2298EC9B21E
:10B45000C791CAB2695FCBB2DC83CCB22185CDB2D1
:10B460001099CEB2C253CFB29586D0B28B6BD1B207
:10B47000ED60D2B2E860D3B27F70D4B2CD82D5B2E3
:10B480003182D6B2D34ED7B2A76CD8B2CF85D9B25B
:10B49000CD64DAB2D97CDBB2FD69DCB2F966DDB22B
:10B4A0004983DEB29553DFB2567BE0B2A74FE1B2DB
:10B4B0008C51E2B24B6DE3B2425CE4B26D8EE5B208
:10B4C000D263E6B2C953E7B22C83E8B23683E9B25D
:10B4D000E567EAB2B478EBB23D64ECB2DF5BEDB2A3
:10B4E000945CEEB2EE5DEFB2E78BF0B2C662F1B201
:10B4F000F467F2B27A8CF3B20064F4B2BA63F5B2D4
:10B500004987F6B28B99F7B2178CF8B2207FF9B25F
:10B51000F294FAB2A74EFBB21096FCB2A498FDB218
:10B520000C66FEB2167340B3E67741B3E87742B3D8
:10B53000EA7743B3EF7744B3F07745B3F17746B397
:10B54000F27747B3F47748B3F57749B3F7774AB35F
:10B55000F9774BB3FA774CB3FB774DB3FC774EB327
:10B5600003784FB3047850B3057851B3067852B3DB
:10B57000077853B3087854B30A7855B30B7856B3A9
:10B580000E7857B30F7858B3107859B313785AB36D
:10B5900015785BB319785CB31B785DB31E785EB326
:10B5A00020785FB3217860B3227861B3247862B3E6
:10B5B000287863B32A7864B32B7865B32E7866B3A2
:10B5C0002F7867B3317868B3327869B333786AB368
:10B5D00035786BB336786CB33D786DB33F786EB326
:10B5E00041786FB3427870B3437871B3447872B3E3
:10B5F000467873B3487874B3497875B34A7876B3AC
:10B600004B7877B34D7878B34F7879B351787AB374
:10B6100053787BB354787CB358787DB359787EB334
:10B620005A7880B35B7881B35C7882B35E7883B3F9
:10B630005F7884B3607885B3617886B3627887B3C6
:10B64000637888B3647889B365788AB366788BB396
:10B6500067788CB368788DB369788EB36F788FB361
:10B66000707890B3717891B3727892B3737893B322
:10B67000747894B3757895B3767896B3787897B3F1
:10B68000797898B37A7899B37B789AB37D789BB3BD
:10B690007E789CB37F789DB380789EB381789FB38A
:10B6A0008278A0B38378A1B33A57A2B31D5CA3B349
:10B6B000385EA4B37F95A5B37F50A6B3A080A7B38F
:10B6C0008253A8B35E65A9B34575AAB33155ABB330
:10B6D0002150ACB3858DADB38462AEB39E94AFB34D
:10B6E0001D67B0B33256B1B36E6FB2B3E25DB3B3A0
:10B6F0003554B4B39270B5B3668FB6B36F62B7B357
:10B70000A464B8B3A363B9B37B5FBAB3886FBBB3A8
:10B71000F490BCB3E381BDB3B08FBEB3185CBFB3CC
:10B720006866C0B3F15FC1B3896CC2B34896C3B356
:10B73000818DC4B36C88C5B39164C6B3F079C7B3C7
:10B74000CE57C8B3596AC9B31062CAB34854CBB311
:10B75000584ECCB30B7ACDB3E960CEB3846FCFB380
:10B76000DA8BD0B37F62D1B31E90D2B38B9AD3B3AE
:10B77000E479D4B30354D5B3F475D6B30163D7B326
:10B780001953D8B3606CD9B3DF8FDAB31B5FDBB367
:10B79000709ADCB33B80DDB37F9FDEB3884FDFB3AD
:10B7A0003A5CE0B3648DE1B3C57FE2B3A565E3B372
:10B7B000BD70E4B34551E5B3B251E6B36B86E7B370
:10B7C000075DE8B3A05BE9B3BD62EAB36C91EBB38C
:10B7D0007475ECB30C8EEDB3207AEEB30161EFB368
:10B7E000797BF0B3C74EF1B3F87EF2B38577F3B34C
:10B7F000114EF4B3ED81F5B31D52F6B3FA51F7B320
:10B80000716AF8B3A853F9B3878EFAB30495FBB302
:10B81000CF96FCB3C16EFDB36496FEB35A6940B4D3
:10B82000847841B4857842B4867843B4887844B447
:10B830008A7845B48B7846B48F7847B4907848B40A
:10B84000927849B494784AB495784BB496784CB4CD
:10B8500099784DB49D784EB49E784FB4A07850B48A
:10B86000A27851B4A47852B4A67853B4A87854B44A
:10B87000A97855B4AA7856B4AB7857B4AC7858B414
:10B88000AD7859B4AE785AB4AF785BB4B5785CB4DF
:10B89000B6785DB4B7785EB4B8785FB4BA7860B49F
:10B8A000BB7861B4BC7862B4BD7863B4BF7864B46B
:10B8B000C07865B4C27866B4C37867B4C47868B435
:10B8C000C67869B4C7786AB4C8786BB4CC786CB4FD
:10B8D000CD786DB4CE786EB4CF786FB4D17870B4C3
:10B8E000D27871B4D37872B4D67873B4D77874B48C
:10B8F000D87875B4DA7876B4DB7877B4DC7878B455
:10B90000DD7879B4DE787AB4DF787BB4E0787CB423
:10B91000E1787DB4E2787EB4E37880B4E47881B4F1
:10B92000E57882B4E67883B4E77884B4E97885B4BE
:10B93000EA7886B4EB7887B4ED7888B4EE7889B489
:10B94000EF788AB4F0788BB4F1788CB4F3788DB456
:10B95000F5788EB4F6788FB4F87890B4F97891B41D
:10B96000FB7892B4FC7893B4FD7894B4FE7895B4E7
:10B97000FF7896B4007997B4027998B4037999B4B2
:10B9800004799AB406799BB407799CB408799DB47C
:10B9900009799EB40A799FB40B79A0B40C79A1B44B
:10B9A0004078A2B4A850A3B4D777A4B41064A5B4C7
:10B9B000E689A6B40459A7B4E363A8B4DD5DA9B4CD
:10B9C0007F7AAAB43D69ABB4204FACB43982ADB430
:10B9D0009855AEB4324EAFB4AE75B0B4977AB1B438
:10B9E000625EB2B48A5EB3B4EF95B4B41B52B5B420
:10B9F0003954B6B48A70B7B47663B8B42495B9B480
:10BA00008257BAB42566BBB43F69BCB48791BDB454
:10BA10000755BEB4F36DBFB4AF7EC0B42288C1B4C5
:10BA20003362C2B4F07EC3B4B575C4B42883C5B460
:10BA3000C178C6B4CC96C7B49E8FC8B44861C9B4A7
:10BA4000F774CAB4CD8BCBB4646BCCB43A52CDB4DA
:10BA5000508DCEB4216BCFB46A80D0B47184D1B490
:10BA6000F156D2B40653D3B4CE4ED4B41B4ED5B493
:10BA7000D151D6B4977CD7B48B91D8B4077CD9B4C4
:10BA8000C34FDAB47F8EDBB4E17BDCB49C7ADDB4E7
:10BA90006764DEB4145DDFB4AC50E0B40681E1B499
:10BAA0000176E2B4B97CE3B4EC6DE4B4E07FE5B4D4
:10BAB0005167E6B4585BE7B4F85BE8B4CB78E9B417
:10BAC000AE64EAB41364EBB4AA63ECB42B63EDB4D4
:10BAD0001995EEB42D64EFB4BE8FF0B4547BF1B47D
:10BAE0002976F2B45362F3B42759F4B44654F5B44A
:10BAF000796BF6B4A350F7B43462F8B4265EF9B4A7
:10BB0000866BFAB4E34EFBB4378DFCB48B88FDB47E
:10BB1000855FFEB42E9040B50D7941B50E7942B5E2
:10BB20000F7943B5107944B5117945B5127946B509
:10BB3000147947B5157948B5167949B517794AB5D5
:10BB400018794BB519794CB51A794DB51B794EB5A5
:10BB50001C794FB51D7950B51F7951B5207952B573
:10BB6000217953B5227954B5237955B5257956B540
:10BB7000267957B5277958B5287959B529795AB50D
:10BB80002A795BB52B795CB52C795DB52D795EB5DD
:10BB90002E795FB52F7960B5307961B5317962B5AD
:10BBA000327963B5337964B5357965B5367966B57B
:10BBB000377967B5387968B5397969B53D796AB546
:10BBC0003F796BB542796CB543796DB544796EB503
:10BBD00045796FB5477970B54A7971B54B7972B5CA
:10BBE0004C7973B54D7974B54E7975B54F7976B595
:10BBF000507977B5517978B5527979B554797AB564
:10BC000055797BB558797CB559797DB561797EB523
:10BC1000637980B5647981B5667982B5697983B5D0
:10BC20006A7984B56B7985B56C7986B56E7987B597
:10BC3000707988B5717989B572798AB573798BB560
:10BC400074798CB575798DB576798EB579798FB52E
:10BC50007B7990B57C7991B57D7992B57E7993B5F4
:10BC60007F7994B5827995B5837996B5867997B5BC
:10BC7000877998B5887999B589799AB58B799BB583
:10BC80008C799CB58D799DB58E799EB590799FB54F
:10BC90009179A0B59279A1B52060A2B53D80A3B5F8
:10BCA000C562A4B5394EA5B55553A6B5F890A7B54C
:10BCB000B863A8B5C680A9B5E665AAB52E6CABB5C4
:10BCC000464FACB5EE60ADB5E16DAEB5DE8BAFB550
:10BCD000395FB0B5CB86B1B5535FB2B52163B3B5AB
:10BCE0005A51B4B56183B5B56368B6B50052B7B5FE
:10BCF0006363B8B5488EB9B51250BAB59B5CBBB595
:10BD00007779BCB5FC5BBDB53052BEB53B7ABFB5EB
:10BD1000BC60C0B55390C1B5D776C2B5B75FC3B5E7
:10BD2000975FC4B58476C5B56C8EC6B56F70C7B560
:10BD30007B76C8B5497BC9B5AA77CAB5F351CBB5EF
:10BD40009390CCB52458CDB54E4FCEB5F46ECFB54B
:10BD5000EA8FD0B54C65D1B51B7BD2B5C472D3B5D3
:10BD6000A46DD4B5DF7FD5B5E15AD6B5B562D7B5E8
:10BD7000955ED8B53057D9B58284DAB52C7BDBB562
:10BD80001D5EDCB51F5FDDB51290DEB5147FDFB53B
:10BD9000A098E0B58263E1B5C76EE2B59878E3B5E7
:10BDA000B970E4B57851E5B55B97E6B5AB57E7B543
:10BDB0003575E8B5434FE9B53875EAB5975EEBB52B
:10BDC000E660ECB56059EDB5C06DEEB5BF6BEFB593
:10BDD0008978F0B5FC53F1B5D596F2B5CB51F3B5F2
:10BDE0000152F4B58963F5B50A54F6B59394F7B5E5
:10BDF000038CF8B5CC8DF9B53972FAB59F78FBB5DF
:10BE00007687FCB5ED8FFDB50D8CFEB5E05340B6E1
:10BE1000937941B6947942B6957943B6967944B60A
:10BE2000977945B6987946B6997947B69B7948B6D9
:10BE30009C7949B69D794AB69E794BB69F794CB6A6
:10BE4000A0794DB6A1794EB6A2794FB6A37950B676
:10BE5000A47951B6A57952B6A67953B6A87954B645
:10BE6000A97955B6AA7956B6AB7957B6AC7958B612
:10BE7000AD7959B6AE795AB6AF795BB6B0795CB6E2
:10BE8000B1795DB6B2795EB6B4795FB6B57960B6B0
:10BE9000B67961B6B77962B6B87963B6BC7964B67B
:10BEA000BF7965B6C27966B6C47967B6C57968B632
:10BEB000C77969B6C8796AB6CA796BB6CC796CB6F7
:10BEC000CE796DB6CF796EB6D0796FB6D37970B6BC
:10BED000D47971B6D67972B6D77973B6D97974B682
:10BEE000DA7975B6DB7976B6DC7977B6DD7978B64E
:10BEF000DE7979B6E0797AB6E1797BB6E2797CB61B
:10BF0000E5797DB6E8797EB6EA7980B6EC7981B6D6
:10BF1000EE7982B6F17983B6F27984B6F37985B693
:10BF2000F47986B6F57987B6F67988B6F77989B661
:10BF3000F9798AB6FA798BB6FC798CB6FE798DB62A
:10BF4000FF798EB6017A8FB6047A90B6057A91B6EB
:10BF5000077A92B6087A93B6097A94B60A7A95B6B1
:10BF60000C7A96B60F7A97B6107A98B6117A99B677
:10BF7000127A9AB6137A9BB6157A9CB6167A9DB643
:10BF8000187A9EB6197A9FB61B7AA0B61C7AA1B60B
:10BF9000014EA2B6EF76A3B6EE53A4B68994A5B629
:10BFA0007698A6B60E9FA7B62D95A8B69A5BA9B6A9
:10BFB000A28BAAB6224EABB61C4EACB6AC51ADB6F7
:10BFC0006384AEB6C261AFB6A852B0B60B68B1B664
:10BFD000974FB2B66B60B3B6BB51B4B61E6DB5B673
:10BFE0005C51B6B69662B7B69765B8B66196B9B603
:10BFF000468CBAB61790BBB6D875BCB6FD90BDB628
:10C000006377BEB6D26BBFB68A72C0B6EC72C1B6E9
:10C01000FB8BC2B63558C3B67977C4B64C8DC5B65E
:10C020005C67C6B64095C7B69A80C8B6A65EC9B664
:10C03000216ECAB69259CBB6EF7ACCB6ED77CDB6B3
:10C040003B95CEB6B56BCFB6AD65D0B60E7FD1B64B
:10C050000658D2B65151D3B61F96D4B6F95BD5B6B1
:10C06000A958D6B62854D7B6728ED8B66665D9B652
:10C070007F98DAB6E456DBB69D94DCB6FE76DDB684
:10C080004190DEB68763DFB6C654E0B61A59E1B612
:10C090003A59E2B69B57E3B6B28EE4B63567E5B6D9
:10C0A000FA8DE6B63582E7B64152E8B6F060E9B6F9
:10C0B0001558EAB6FE86EBB6E85CECB6459EEDB6E2
:10C0C000C44FEEB69D98EFB6B98BF0B6255AF1B6CF
:10C0D0007660F2B68453F3B67C62F4B64F90F5B650
:10C0E0000291F6B67F99F7B66960F8B60C80F9B69A
:10C0F0003F51FAB63380FBB6145CFCB67599FDB6B9
:10C10000316DFEB68C4E40B71D7A41B71F7A42B7EB
:10C11000217A43B7227A44B7247A45B7257A46B7BD
:10C12000267A47B7277A48B7287A49B7297A4AB78B
:10C130002A7A4BB72B7A4CB72C7A4DB72D7A4EB75B
:10C140002E7A4FB72F7A50B7307A51B7317A52B72B
:10C15000327A53B7347A54B7357A55B7367A56B7F8
:10C16000387A57B73A7A58B73E7A59B7407A5AB7B9
:10C17000417A5BB7427A5CB7437A5DB7447A5EB77F
:10C18000457A5FB7477A60B7487A61B7497A62B74C
:10C190004A7A63B74B7A64B74C7A65B74D7A66B71B
:10C1A0004E7A67B74F7A68B7507A69B7527A6AB7EA
:10C1B000537A6BB7547A6CB7557A6DB7567A6EB7B7
:10C1C000587A6FB7597A70B75A7A71B75B7A72B783
:10C1D0005C7A73B75D7A74B75E7A75B75F7A76B753
:10C1E000607A77B7617A78B7627A79B7637A7AB723
:10C1F000647A7BB7657A7CB7667A7DB7677A7EB7F3
:10C20000687A80B7697A81B76A7A82B76B7A83B7BE
:10C210006C7A84B76D7A85B76E7A86B76F7A87B78E
:10C22000717A88B7727A89B7737A8AB7757A8BB759
:10C230007B7A8CB77C7A8DB77D7A8EB77E7A8FB712
:10C24000827A90B7857A91B7877A92B7897A93B7CD
:10C250008A7A94B78B7A95B78C7A96B78E7A97B795
:10C260008F7A98B7907A99B7937A9AB7947A9BB75E
:10C27000997A9CB79A7A9DB79B7A9EB79E7A9FB718
:10C28000A17AA0B7A27AA1B7308DA2B7D153A3B734
:10C290005A7FA4B74F7BA5B7104FA6B74F4EA7B78D
:10C2A0000096A8B7D56CA9B7D073AAB7E985ABB784
:10C2B000065EACB76A75ADB7FB7FAEB70A6AAFB7BB
:10C2C000FE77B0B79294B1B7417EB2B7E151B3B740
:10C2D000E670B4B7CD53B5B7D48FB6B70383B7B74D
:10C2E000298DB8B7AF72B9B76D99BAB7DB6CBBB768
:10C2F0004A57BCB7B382BDB7B965BEB7AA80BFB74E
:10C300003F62C0B73296C1B7A859C2B7FF4EC3B794
:10C31000BF8BC4B7BA7EC5B73E65C6B7F283C7B791
:10C320005E97C8B76155C9B7DE98CAB7A580CBB7C5
:10C330002A53CCB7FD8BCDB72054CEB7BA80CFB738
:10C340009F5ED0B7B86CD1B7398DD2B7AC82D3B7B6
:10C350005A91D4B72954D5B71B6CD6B70652D7B764
:10C36000B77ED8B75F57D9B71A71DAB77E6CDBB72B
:10C37000897CDCB74B59DDB7FD4EDEB7FF5FDFB719
:10C380002461E0B7AA7CE1B7304EE2B7015CE3B7C5
:10C39000AB67E4B70287E5B7F05CE6B70B95E7B7A4
:10C3A000CE98E8B7AF75E9B7FD70EAB72290EBB762
:10C3B000AF51ECB71D7FEDB7BD8BEEB74959EFB765
:10C3C000E451F0B75B4FF1B72654F2B72B59F3B7EE
:10C3D0007765F4B7A480F5B7755BF6B77662F7B703
:10C3E000C262F8B7908FF9B7455EFAB71F6CFBB71A
:10C3F000267BFCB70F4FFDB7D84FFEB70D6740B88F
:10C40000A37A41B8A47A42B8A77A43B8A97A44B8C3
:10C41000AA7A45B8AB7A46B8AE7A47B8AF7A48B888
:10C42000B07A49B8B17A4AB8B27A4BB8B47A4CB853
:10C43000B57A4DB8B67A4EB8B77A4FB8B87A50B820
:10C44000B97A51B8BA7A52B8BB7A53B8BC7A54B8F0
:10C45000BD7A55B8BE7A56B8C07A57B8C17A58B8BE
:10C46000C27A59B8C37A5AB8C47A5BB8C57A5CB88C
:10C47000C67A5DB8C77A5EB8C87A5FB8C97A60B85C
:10C48000CA7A61B8CC7A62B8CD7A63B8CE7A64B829
:10C49000CF7A65B8D07A66B8D17A67B8D27A68B8F8
:10C4A000D37A69B8D47A6AB8D57A6BB8D77A6CB8C7
:10C4B000D87A6DB8DA7A6EB8DB7A6FB8DC7A70B891
:10C4C000DD7A71B8E17A72B8E27A73B8E47A74B856
:10C4D000E77A75B8E87A76B8E97A77B8EA7A78B818
:10C4E000EB7A79B8EC7A7AB8EE7A7BB8F07A7CB8E5
:10C4F000F17A7DB8F27A7EB8F37A80B8F47A81B8AE
:10C50000F57A82B8F67A83B8F77A84B8F87A85B87B
:10C51000FB7A86B8FC7A87B8FE7A88B8007B89B83F
:10C52000017B8AB8027B8BB8057B8CB8077B8DB802
:10C53000097B8EB80C7B8FB80D7B90B80E7B91B8C1
:10C54000107B92B8127B93B8137B94B8167B95B886
:10C55000177B96B8187B97B81A7B98B81C7B99B84C
:10C560001D7B9AB81F7B9BB8217B9CB8227B9DB812
:10C57000237B9EB8277B9FB8297BA0B82D7BA1B8D1
:10C580006E6DA2B8AA6DA3B88F79A4B8B188A5B80A
:10C59000175FA6B82B75A7B89A62A8B8858FA9B8F7
:10C5A000EF4FAAB8DC91ABB8A765ACB82F81ADB896
:10C5B0005181AEB89C5EAFB85081B0B8748DB1B83F
:10C5C0006F52B2B88689B3B84B8DB4B80D59B5B8AF
:10C5D0008550B6B8D84EB7B81C96B8B83672B9B848
:10C5E0007981BAB81F8DBBB8CC5BBCB8A38BBDB882
:10C5F0004496BEB88759BFB81A7FC0B89054C1B826
:10C600007656C2B80E56C3B8E58BC4B83965C5B8FE
:10C610008269C6B89994C7B8D676C8B8896EC9B8C1
:10C62000725ECAB81875CBB84667CCB8D167CDB8BA
:10C63000FF7ACEB89D80CFB8768DD0B81F61D1B8C3
:10C64000C679D2B86265D3B8638DD4B88851D5B8ED
:10C650001A52D6B8A294D7B8387FD8B89B80D9B828
:10C66000B27EDAB8975CDBB82F6EDCB86067DDB8F5
:10C67000D97BDEB88B76DFB8D89AE0B88F81E1B885
:10C68000947FE2B8D57CE3B81E64E4B85095E5B871
:10C690003F7AE6B84A54E7B8E554E8B84C6BE9B8D5
:10C6A0000164EAB80862EBB83D9EECB8F380EDB8DF
:10C6B0009975EEB87252EFB86997F0B85B84F1B82B
:10C6C0003C68F2B8E486F3B80196F4B89496F5B8ED
:10C6D000EC94F6B82A4EF7B80454F8B8D97EF9B8F5
:10C6E0003968FAB8DF8DFBB81580FCB8F466FDB880
:10C6F0009A5EFEB8B97F40B92F7B41B9307B42B911
:10C70000327B43B9347B44B9357B45B9367B46B976
:10C71000377B47B9397B48B93B7B49B93D7B4AB93F
:10C720003F7B4BB9407B4CB9417B4DB9427B4EB905
:10C73000437B4FB9447B50B9467B51B9487B52B9D2
:10C740004A7B53B94D7B54B94E7B55B9537B56B98F
:10C75000557B57B9577B58B9597B59B95C7B5AB946
:10C760005E7B5BB95F7B5CB9617B5DB9637B5EB906
:10C77000647B5FB9657B60B9667B61B9677B62B9D1
:10C78000687B63B9697B64B96A7B65B96B7B66B9A1
:10C790006C7B67B96D7B68B96F7B69B9707B6AB96F
:10C7A000737B6BB9747B6CB9767B6DB9787B6EB932
:10C7B0007A7B6FB97C7B70B97D7B71B97F7B72B9F5
:10C7C000817B73B9827B74B9837B75B9847B76B9BD
:10C7D000867B77B9877B78B9887B79B9897B7AB989
:10C7E0008A7B7BB98B7B7CB98C7B7DB98E7B7EB958
:10C7F0008F7B80B9917B81B9927B82B9937B83B91E
:10C80000967B84B9987B85B9997B86B99A7B87B9E1
:10C810009B7B88B99E7B89B99F7B8AB9A07B8BB9AA
:10C82000A37B8CB9A47B8DB9A57B8EB9AE7B8FB968
:10C83000AF7B90B9B07B91B9B27B92B9B37B93B91E
:10C84000B57B94B9B67B95B9B77B96B9B97B97B9E7
:10C85000BA7B98B9BB7B99B9BC7B9AB9BD7B9BB9B4
:10C86000BE7B9CB9BF7B9DB9C07B9EB9C27B9FB983
:10C87000C37BA0B9C47BA1B9C257A2B93F80A3B9F9
:10C880009768A4B9E55DA5B93B65A6B99F52A7B95C
:10C890006D60A8B99A9FA9B99B4FAAB9AC8EABB9E4
:10C8A0006C51ACB9AB5BADB9135FAEB9E95DAFB973
:10C8B0005E6CB0B9F162B1B9218DB2B97151B3B941
:10C8C000A994B4B9FE52B5B99F6CB6B9DF82B7B9B5
:10C8D000D772B8B9A257B9B98467BAB92D8DBBB9A7
:10C8E0001F59BCB99C8FBDB9C783BEB99554BFB998
:10C8F0008D7BC0B9304FC1B9BD6CC2B9645BC3B9DF
:10C90000D159C4B9139FC5B9E453C6B9CA86C7B9CA
:10C91000A89AC8B9378CC9B9A180CAB94565CBB93D
:10C920007E98CCB9FA56CDB9C796CEB92E52CFB9AA
:10C93000DC74D0B95052D1B9E15BD2B90263D3B93A
:10C940000289D4B9564ED5B9D062D6B92A60D7B9C2
:10C95000FA68D8B97351D9B9985BDAB9A051DBB983
:10C96000C289DCB9A17BDDB98699DEB9507FDFB918
:10C97000EF60E0B94C70E1B92F8DE2B94951E3B9EC
:10C980007F5EE4B91B90E5B97074E6B9C489E7B974
:10C990002D57E8B94578E9B9525FEAB99F9FEBB9DD
:10C9A000FA95ECB9688FEDB93C9BEEB9E18BEFB924
:10C9B0007876F0B94268F1B9DC67F2B9EA8DF3B97B
:10C9C000358DF4B93D52F5B98A8FF6B9DA6EF7B9FB
:10C9D000CD68F8B90595F9B9ED90FAB9FD56FBB9EE
:10C9E0009C67FCB9F988FDB9C78FFEB9C85440BA35
:10C9F000C57B41BAC87B42BAC97B43BACA7B44BA39
:10CA0000CB7B45BACD7B46BACE7B47BACF7B48BA03
:10CA1000D07B49BAD27B4ABAD47B4BBAD57B4CBACD
:10CA2000D67B4DBAD77B4EBAD87B4FBADB7B50BA98
:10CA3000DC7B51BADE7B52BADF7B53BAE07B54BA5F
:10CA4000E27B55BAE37B56BAE47B57BAE77B58BA28
:10CA5000E87B59BAE97B5ABAEB7B5BBAEC7B5CBAF0
:10CA6000ED7B5DBAEF7B5EBAF07B5FBAF27B60BABA
:10CA7000F37B61BAF47B62BAF57B63BAF67B64BA86
:10CA8000F87B65BAF97B66BAFA7B67BAFB7B68BA52
:10CA9000FD7B69BAFF7B6ABA007C6BBA017C6CBA19
:10CAA000027C6DBA037C6EBA047C6FBA057C70BAE6
:10CAB000067C71BA087C72BA097C73BA0A7C74BAB3
:10CAC0000D7C75BA0E7C76BA107C77BA117C78BA78
:10CAD000127C79BA137C7ABA147C7BBA157C7CBA46
:10CAE000177C7DBA187C7EBA197C80BA1A7C81BA10
:10CAF0001B7C82BA1C7C83BA1D7C84BA1E7C85BADE
:10CB0000207C86BA217C87BA227C88BA237C89BAA9
:10CB1000247C8ABA257C8BBA287C8CBA297C8DBA75
:10CB20002B7C8EBA2C7C8FBA2D7C90BA2E7C91BA3D
:10CB30002F7C92BA307C93BA317C94BA327C95BA0D
:10CB4000337C96BA347C97BA357C98BA367C99BADD
:10CB5000377C9ABA397C9BBA3A7C9CBA3B7C9DBAAA
:10CB60003C7C9EBA3D7C9FBA3E7CA0BA427CA1BA76
:10CB7000B89AA2BA695BA3BA776DA4BA266CA5BAB3
:10CB8000A54EA6BAB35BA7BA879AA8BA6391A9BA09
:10CB9000A861AABAAF90ABBAE997ACBA2B54ADBAB8
:10CBA000B56DAEBAD25BAFBAFD51B0BA8A55B1BA63
:10CBB000557FB2BAF07FB3BABC64B4BA4D63B5BAAC
:10CBC000F165B6BABE61B7BA8D60B8BA0A71B9BAC2
:10CBD000576CBABA496CBBBA2F59BCBA6D67BDBAAB
:10CBE0002A82BEBAD558BFBA8E56C0BA6A8CC1BAAC
:10CBF000EB6BC2BADD90C3BA7D59C4BA1780C5BA0F
:10CC0000F753C6BA696DC7BA7554C8BA9D55C9BA43
:10CC10007783CABACF83CBBA3868CCBABE79CDBADB
:10CC20008C54CEBA554FCFBA0854D0BAD276D1BAB6
:10CC3000898CD2BA0296D3BAB36CD4BAB86DD5BACD
:10CC40006B8DD6BA1089D7BA649ED8BA3A8DD9BA44
:10CC50003F56DABAD19EDBBAD575DCBA885FDDBA49
:10CC6000E072DEBA6860DFBAFC54E0BAA84EE1BAFE
:10CC70002A6AE2BA6188E3BA5260E4BA708FE5BA10
:10CC8000C454E6BAD870E7BA7986E8BA3F9EE9BAE2
:10CC90002A6DEABA8F5BEBBA185FECBAA27EEDBAE6
:10CCA0008955EEBAAF4FEFBA3473F0BA3C54F1BACB
:10CCB0009A53F2BA1950F3BA0E54F4BA7C54F5BA36
:10CCC0004E4EF6BAFD5FF7BA5A74F8BAF658F9BA8A
:10CCD0006B84FABAE180FBBA7487FCBAD072FDBAF1
:10CCE000CA7CFEBA566E40BB437C41BB447C42BB0F
:10CCF000457C43BB467C44BB477C45BB487C46BB2C
:10CD0000497C47BB4A7C48BB4B7C49BB4C7C4ABBFB
:10CD10004E7C4BBB4F7C4CBB507C4DBB517C4EBBC7
:10CD2000527C4FBB537C50BB547C51BB557C52BB97
:10CD3000567C53BB577C54BB587C55BB597C56BB67
:10CD40005A7C57BB5B7C58BB5C7C59BB5D7C5ABB37
:10CD50005E7C5BBB5F7C5CBB607C5DBB617C5EBB07
:10CD6000627C5FBB637C60BB647C61BB657C62BBD7
:10CD7000667C63BB677C64BB687C65BB697C66BBA7
:10CD80006A7C67BB6B7C68BB6C7C69BB6D7C6ABB77
:10CD90006E7C6BBB6F7C6CBB707C6DBB717C6EBB47
:10CDA000727C6FBB757C70BB767C71BB777C72BB11
:10CDB000787C73BB797C74BB7A7C75BB7E7C76BBDC
:10CDC0007F7C77BB807C78BB817C79BB827C7ABBA3
:10CDD000837C7BBB847C7CBB857C7DBB867C7EBB73
:10CDE000877C80BB887C81BB8A7C82BB8B7C83BB3D
:10CDF0008C7C84BB8D7C85BB8E7C86BB8F7C87BB0B
:10CE0000907C88BB937C89BB947C8ABB967C8BBBD3
:10CE1000997C8CBB9A7C8DBB9B7C8EBBA07C8FBB92
:10CE2000A17C90BBA37C91BBA67C92BBA77C93BB4F
:10CE3000A87C94BBA97C95BBAB7C96BBAC7C97BB18
:10CE4000AD7C98BBAF7C99BBB07C9ABBB47C9BBBE0
:10CE5000B57C9CBBB67C9DBBB77C9EBBB87C9FBBA6
:10CE6000BA7CA0BBBB7CA1BB275FA2BB4E86A3BB89
:10CE70002C55A4BBA462A5BB924EA6BBAA6CA7BBB3
:10CE80003762A8BBB182A9BBD754AABB4E53ABBB78
:10CE90003E73ACBBD16EADBB3B75AEBB1252AFBBEC
:10CEA0001653B0BBDD8BB1BBD069B2BB8A5FB3BBDD
:10CEB0000060B4BBEE6DB5BB4F57B6BB226BB7BBC2
:10CEC000AF73B8BB5368B9BBD88FBABB137FBBBBBA
:10CED0006263BCBBA360BDBB2455BEBBEA75BFBBD0
:10CEE000628CC0BB1571C1BBA36DC2BBA65BC3BBCB
:10CEF0007B5EC4BB5283C5BB4C61C6BBC49EC7BB73
:10CF0000FA78C8BB5787C9BB277CCABB8776CBBB1F
:10CF1000F051CCBBF660CDBB4C71CEBB4366CFBBF2
:10CF20004C5ED0BB4D60D1BB0E8CD2BB7070D3BBFE
:10CF30002563D4BB898FD5BBBD5FD6BB6260D7BB31
:10CF4000D486D8BBDE56D9BBC16BDABB9460DBBBE1
:10CF50006761DCBB4953DDBBE060DEBB6666DFBBFF
:10CF60003F8DE0BBFD79E1BB1A4FE2BBE970E3BB4B
:10CF7000476CE4BBB38BE5BBF28BE6BBD87EE7BB6B
:10CF80006483E8BB0F66E9BB5A5AEABB429BEBBB22
:10CF9000516DECBBF76DEDBB418CEEBB3B6DEFBB58
:10CFA000194FF0BB6B70F1BBB783F2BB1662F3BBDA
:10CFB000D160F4BB0D97F5BB278DF6BB7879F7BB35
:10CFC000FB51F8BB3E57F9BBFA57FABB3A67FBBBBC
:10CFD0007875FCBB3D7AFDBBEF79FEBB957B40BC11
:10CFE000BF7C41BCC07C42BCC27C43BCC37C44BC53
:10CFF000C47C45BCC67C46BCC97C47BCCB7C48BC19
:10D00000CE7C49BCCF7C4ABCD07C4BBCD17C4CBCD8
:10D01000D27C4DBCD37C4EBCD47C4FBCD87C50BCA5
:10D02000DA7C51BCDB7C52BCDD7C53BCDE7C54BC66
:10D03000E17C55BCE27C56BCE37C57BCE47C58BC2C
:10D04000E57C59BCE67C5ABCE77C5BBCE97C5CBCFB
:10D05000EA7C5DBCEB7C5EBCEC7C5FBCED7C60BCC8
:10D06000EE7C61BCF07C62BCF17C63BCF27C64BC95
:10D07000F37C65BCF47C66BCF57C67BCF67C68BC64
:10D08000F77C69BCF97C6ABCFA7C6BBCFC7C6CBC30
:10D09000FD7C6DBCFE7C6EBCFF7C6FBC007D70BCFB
:10D0A000017D71BC027D72BC037D73BC047D74BCC8
:10D0B000057D75BC067D76BC077D77BC087D78BC98
:10D0C000097D79BC0B7D7ABC0C7D7BBC0D7D7CBC65
:10D0D0000E7D7DBC0F7D7EBC107D80BC117D81BC32
:10D0E000127D82BC137D83BC147D84BC157D85BC00
:10D0F000167D86BC177D87BC187D88BC197D89BCD0
:10D100001A7D8ABC1B7D8BBC1C7D8CBC1D7D8DBC9F
:10D110001E7D8EBC1F7D8FBC217D90BC237D91BC6C
:10D12000247D92BC257D93BC267D94BC287D95BC36
:10D13000297D96BC2A7D97BC2C7D98BC2D7D99BC01
:10D140002E7D9ABC307D9BBC317D9CBC327D9DBCCC
:10D15000337D9EBC347D9FBC357DA0BC367DA1BC9B
:10D160008C80A2BC6599A3BCF98FA4BCC06FA5BC80
:10D17000A58BA6BC219EA7BCEC59A8BCE97EA9BC86
:10D18000097FAABC0954ABBC8167ACBCD868ADBCF4
:10D19000918FAEBC4D7CAFBCC696B0BCCA53B1BC7F
:10D1A0002560B2BCBE75B3BC726CB4BC7353B5BC65
:10D1B000C95AB6BCA77EB7BC2463B8BCE051B9BCA1
:10D1C0000A81BABCF15DBBBCDF84BCBC8062BDBC63
:10D1D0008051BEBC635BBFBC0E4FC0BC6D79C1BC8F
:10D1E0004252C2BCB860C3BC4E6DC4BCC45BC5BCBB
:10D1F000C25BC6BCA18BC7BCB08BC8BCE265C9BC56
:10D20000CC5FCABC4596CBBC9359CCBCE77ECDBCA9
:10D21000AA7ECEBC0956CFBCB767D0BC3959D1BCA9
:10D22000734FD2BCB65BD3BCA052D4BC5A83D5BC1E
:10D230008A98D6BC3E8DD7BC3275D8BCBE94D9BCBA
:10D240004750DABC3C7ADBBCF74EDCBCB667DDBCD1
:10D250007E9ADEBCC15ADFBC7C6BE0BCD176E1BCFF
:10D260005A57E2BC165CE3BC3A7BE4BCF495E5BCDF
:10D270004E71E6BC7C51E7BCA980E8BC7082E9BC79
:10D280007859EABC047FEBBC2783ECBCC068EDBCDA
:10D29000EC67EEBCB178EFBC7778F0BCE362F1BC30
:10D2A0006163F2BC807BF3BCED4FF4BC6A52F5BC09
:10D2B000CF51F6BC5083F7BCDB69F8BC7492F9BC63
:10D2C000F58DFABC318DFBBCC189FCBC2E95FDBC33
:10D2D000AD7BFEBCF64E40BD377D41BD387D42BDC5
:10D2E000397D43BD3A7D44BD3B7D45BD3C7D46BD5A
:10D2F0003D7D47BD3E7D48BD3F7D49BD407D4ABD2A
:10D30000417D4BBD427D4CBD437D4DBD447D4EBDF9
:10D31000457D4FBD467D50BD477D51BD487D52BDC9
:10D32000497D53BD4A7D54BD4B7D55BD4C7D56BD99
:10D330004D7D57BD4E7D58BD4F7D59BD507D5ABD69
:10D34000517D5BBD527D5CBD537D5DBD547D5EBD39
:10D35000557D5FBD567D60BD577D61BD587D62BD09
:10D36000597D63BD5A7D64BD5B7D65BD5C7D66BDD9
:10D370005D7D67BD5E7D68BD5F7D69BD607D6ABDA9
:10D38000617D6BBD627D6CBD637D6DBD647D6EBD79
:10D39000657D6FBD667D70BD677D71BD687D72BD49
:10D3A000697D73BD6A7D74BD6B7D75BD6C7D76BD19
:10D3B0006D7D77BD6F7D78BD707D79BD717D7ABDE6
:10D3C000727D7BBD737D7CBD747D7DBD757D7EBDB5
:10D3D000767D80BD787D81BD797D82BD7A7D83BD7E
:10D3E0007B7D84BD7C7D85BD7D7D86BD7E7D87BD4D
:10D3F0007F7D88BD807D89BD817D8ABD827D8BBD1D
:10D40000837D8CBD847D8DBD857D8EBD867D8FBDEC
:10D41000877D90BD887D91BD897D92BD8A7D93BDBC
:10D420008B7D94BD8C7D95BD8D7D96BD8E7D97BD8C
:10D430008F7D98BD907D99BD917D9ABD927D9BBD5C
:10D44000937D9CBD947D9DBD957D9EBD967D9FBD2C
:10D45000977DA0BD987DA1BD6550A2BD3082A3BDC2
:10D460005152A4BD6F99A5BD106EA6BD856EA7BD16
:10D47000A76DA8BDFA5EA9BDF550AABDDC59ABBD2C
:10D48000065CACBD466DADBD5F6CAEBD8675AFBD17
:10D490008B84B0BD6868B1BD5659B2BDB28BB3BD07
:10D4A0002053B4BD7191B5BD4D96B6BD4985B7BD8C
:10D4B0001269B8BD0179B9BD2671BABDF680BBBD90
:10D4C000A44EBCBDCA90BDBD476DBEBD849ABFBD54
:10D4D000075AC0BDBC56C1BD0564C2BDF094C3BDF2
:10D4E000EB77C4BDA54FC5BD1A81C6BDE172C7BDEE
:10D4F000D289C8BD7A99C9BD347FCABDDE7ECBBD95
:10D500007F52CCBD5965CDBD7591CEBD7F8FCFBD4E
:10D51000838FD0BDEB53D1BD967AD2BDED63D3BD21
:10D52000A563D4BD8676D5BDF879D6BD5788D7BD5D
:10D530003696D8BD2A62D9BDAB52DABD8282DBBD38
:10D540005468DCBD7067DDBD7763DEBD6B77DFBD22
:10D55000ED7AE0BD016DE1BDD37EE2BDE389E3BDBF
:10D56000D059E4BD1262E5BDC985E6BDA582E7BD1F
:10D570004C75E8BD1F50E9BDCB4EEABDA575EBBDAE
:10D58000EB8BECBD4A5CEDBDFE5DEEBD4B7BEFBDB4
:10D59000A465F0BDD191F1BDCA4EF2BD256DF3BDBC
:10D5A0005F89F4BD277DF5BD2695F6BDC54EF7BD57
:10D5B000288CF8BDDB8FF9BD7397FABD4B66FBBDB8
:10D5C0008179FCBDD18FFDBDEC70FEBD786D40BE94
:10D5D000997D41BE9A7D42BE9B7D43BE9C7D44BEEB
:10D5E0009D7D45BE9E7D46BE9F7D47BEA07D48BEBB
:10D5F000A17D49BEA27D4ABEA37D4BBEA47D4CBE8B
:10D60000A57D4DBEA77D4EBEA87D4FBEA97D50BE57
:10D61000AA7D51BEAB7D52BEAC7D53BEAD7D54BE26
:10D62000AF7D55BEB07D56BEB17D57BEB27D58BEF2
:10D63000B37D59BEB47D5ABEB57D5BBEB67D5CBEC2
:10D64000B77D5DBEB87D5EBEB97D5FBEBA7D60BE92
:10D65000BB7D61BEBC7D62BEBD7D63BEBE7D64BE62
:10D66000BF7D65BEC07D66BEC17D67BEC27D68BE32
:10D67000C37D69BEC47D6ABEC57D6BBEC67D6CBE02
:10D68000C77D6DBEC87D6EBEC97D6FBECA7D70BED2
:10D69000CB7D71BECC7D72BECD7D73BECE7D74BEA2
:10D6A000CF7D75BED07D76BED17D77BED27D78BE72
:10D6B000D37D79BED47D7ABED57D7BBED67D7CBE42
:10D6C000D77D7DBED87D7EBED97D80BEDA7D81BE10
:10D6D000DB7D82BEDC7D83BEDD7D84BEDE7D85BEDE
:10D6E000DF7D86BEE07D87BEE17D88BEE27D89BEAE
:10D6F000E37D8ABEE47D8BBEE57D8CBEE67D8DBE7E
:10D70000E77D8EBEE87D8FBEE97D90BEEA7D91BE4D
:10D71000EB7D92BEEC7D93BEED7D94BEEE7D95BE1D
:10D72000EF7D96BEF07D97BEF17D98BEF27D99BEED
:10D73000F37D9ABEF47D9BBEF57D9CBEF67D9DBEBD
:10D74000F77D9EBEF87D9FBEF97DA0BEFA7DA1BE8D
:10D750003D5CA2BEB252A3BE4683A4BE6251A5BE2A
:10D760000E83A6BE5B77A7BE7666A8BEB89CA9BE90
:10D77000AC4EAABECA60ABBEBE7CACBEB37CADBE76
:10D78000CF7EAEBE954EAFBE668BB0BE6F66B1BEED
:10D790008898B2BE5997B3BE8358B4BE6C65B5BE07
:10D7A0005C95B6BE845FB7BEC975B8BE5697B9BEA4
:10D7B000DF7ABABEDE7ABBBEC051BCBEAF70BDBEA2
:10D7C000987ABEBEEA63BFBE767AC0BEA07EC1BEF6
:10D7D0009673C2BEED97C3BE454EC4BE7870C5BE3B
:10D7E0005D4EC6BE5291C7BEA953C8BE5165C9BEE3
:10D7F000E765CABEFC81CBBE0582CCBE8E54CDBED1
:10D80000315CCEBE9A75CFBEA097D0BED862D1BED5
:10D81000D972D2BEBD75D3BE455CD4BE799AD5BE91
:10D82000CA83D6BE405CD7BE8054D8BEE977D9BE85
:10D830003E4EDABEAE6CDBBE5A80DCBED262DDBECE
:10D840006E63DEBEE85DDFBE7751E0BEDD8DE1BE1A
:10D850001E8EE2BE2F95E3BEF14FE4BEE553E5BE5A
:10D86000E760E6BEAC70E7BE6752E8BE5063E9BE53
:10D87000439EEABE1F5AEBBE2650ECBE3777EDBE84
:10D880007753EEBEE27EEFBE8564F0BE2B65F1BE3F
:10D890008962F2BE9863F3BE1450F4BE3572F5BED1
:10D8A000C989F6BEB351F7BEC08BF8BEDD7EF9BEA6
:10D8B0004757FABECC83FBBEA794FCBE9B51FDBE6E
:10D8C0001B54FEBEFB5C40BFFB7D41BFFC7D42BFE5
:10D8D000FD7D43BFFE7D44BFFF7D45BF007E46BF4B
:10D8E000017E47BF027E48BF037E49BF047E4ABF18
:10D8F000057E4BBF067E4CBF077E4DBF087E4EBFE8
:10D90000097E4FBF0A7E50BF0B7E51BF0C7E52BFB7
:10D910000D7E53BF0E7E54BF0F7E55BF107E56BF87
:10D92000117E57BF127E58BF137E59BF147E5ABF57
:10D93000157E5BBF167E5CBF177E5DBF187E5EBF27
:10D94000197E5FBF1A7E60BF1B7E61BF1C7E62BFF7
:10D950001D7E63BF1E7E64BF1F7E65BF207E66BFC7
:10D96000217E67BF227E68BF237E69BF247E6ABF97
:10D97000257E6BBF267E6CBF277E6DBF287E6EBF67
:10D98000297E6FBF2A7E70BF2B7E71BF2C7E72BF37
:10D990002D7E73BF2E7E74BF2F7E75BF307E76BF07
:10D9A000317E77BF327E78BF337E79BF347E7ABFD7
:10D9B000357E7BBF367E7CBF377E7DBF387E7EBFA7
:10D9C000397E80BF3A7E81BF3C7E82BF3D7E83BF71
:10D9D0003E7E84BF3F7E85BF407E86BF427E87BF3E
:10D9E000437E88BF447E89BF457E8ABF467E8BBF0B
:10D9F000487E8CBF497E8DBF4A7E8EBF4B7E8FBFD7
:10DA00004C7E90BF4D7E91BF4E7E92BF4F7E93BFA6
:10DA1000507E94BF517E95BF527E96BF537E97BF76
:10DA2000547E98BF557E99BF567E9ABF577E9BBF46
:10DA3000587E9CBF597E9DBF5A7E9EBF5B7E9FBF16
:10DA40005C7EA0BF5D7EA1BFCA4FA2BFE37AA3BF29
:10DA50005A6DA4BFE190A5BF8F9AA6BF8055A7BFFE
:10DA60009654A8BF6153A9BFAF54AABF005FABBF14
:10DA7000E963ACBF7769ADBFEF51AEBF6861AFBFBF
:10DA80000A52B0BF2A58B1BFD852B2BF4E57B3BF27
:10DA90000D78B4BF0B77B5BFB75EB6BF7761B7BFC0
:10DAA000E07CB8BF5B62B9BF9762BABFA24EBBBF92
:10DAB0009570BCBF0380BDBFF762BEBFE470BFBF3F
:10DAC0006097C0BF7757C1BFDB82C2BFEF67C3BFDC
:10DAD000F568C4BFD578C5BF9798C6BFD179C7BF11
:10DAE000F358C8BFB354C9BFEF53CABF346ECBBFDE
:10DAF0004B51CCBF3B52CDBFA25BCEBFFE8BCFBF45
:10DB0000AF80D0BF4355D1BFA657D2BF7360D3BF3C
:10DB10005157D4BF2D54D5BF7A7AD6BF5060D7BFE6
:10DB2000545BD8BFA763D9BFA062DABFE353DBBFA2
:10DB30006362DCBFC75BDDBFAF67DEBFED54DFBF35
:10DB40009F7AE0BFE682E1BF7791E2BF935EE3BFD9
:10DB5000E488E4BF3859E5BFAE57E6BF0E63E7BFC0
:10DB6000E88DE8BFEF80E9BF5757EABF777BEBBF8F
:10DB7000A94FECBFEB5FEDBFBD5BEEBF3E6BEFBFF0
:10DB80002153F0BF507BF1BFC272F2BF4668F3BFB2
:10DB9000FF77F4BF3677F5BFF765F6BFB551F7BF2E
:10DBA0008F4EF8BFD476F9BFBF5CFABFA57AFBBF32
:10DBB0007584FCBF4E59FDBF419BFEBF805040C0E5
:10DBC0005E7E41C05F7E42C0607E43C0617E44C0D5
:10DBD000627E45C0637E46C0647E47C0657E48C0A5
:10DBE000667E49C0677E4AC0687E4BC0697E4CC075
:10DBF0006A7E4DC06B7E4EC06C7E4FC06D7E50C045
:10DC00006E7E51C06F7E52C0707E53C0717E54C014
:10DC1000727E55C0737E56C0747E57C0757E58C0E4
:10DC2000767E59C0777E5AC0787E5BC0797E5CC0B4
:10DC30007A7E5DC07B7E5EC07C7E5FC07D7E60C084
:10DC40007E7E61C07F7E62C0807E63C0817E64C054
:10DC5000837E65C0847E66C0857E67C0867E68C020
:10DC6000877E69C0887E6AC0897E6BC08A7E6CC0F0
:10DC70008B7E6DC08C7E6EC08D7E6FC08E7E70C0C0
:10DC80008F7E71C0907E72C0917E73C0927E74C090
:10DC9000937E75C0947E76C0957E77C0967E78C060
:10DCA000977E79C0987E7AC0997E7BC09A7E7CC030
:10DCB0009C7E7DC09D7E7EC09E7E80C0AE7E81C0EB
:10DCC000B47E82C0BB7E83C0BC7E84C0D67E85C04D
:10DCD000E47E86C0EC7E87C0F97E88C00A7F89C05A
:10DCE000107F8AC01E7F8BC0377F8CC0397F8DC06C
:10DCF0003B7F8EC03C7F8FC03D7F90C03E7F91C0F8
:10DD00003F7F92C0407F93C0417F94C0437F95C0C6
:10DD1000467F96C0477F97C0487F98C0497F99C08B
:10DD20004A7F9AC04B7F9BC04C7F9CC04D7F9DC05B
:10DD30004E7F9EC04F7F9FC0527FA0C0537FA1C027
:10DD40008899A2C02761A3C0836EA4C06457A5C0F0
:10DD50000666A6C04663A7C0F056A8C0EC62A9C07C
:10DD60006962AAC0D35EABC01496ACC08357ADC085
:10DD7000C962AEC08755AFC02187B0C04A81B1C06B
:10DD8000A38FB2C06655B3C0B183B4C06567B5C0D8
:10DD9000568DB6C0DD84B7C06A5AB8C00F68B9C026
:10DDA000E662BAC0EE7BBBC01196BCC07051BDC06C
:10DDB0009C6FBEC0308CBFC0FD63C0C0C889C1C0ED
:10DDC000D261C2C0067FC3C0C270C4C0E56EC5C008
:10DDD0000574C6C09469C7C0FC72C8C0CA5EC9C019
:10DDE000CE90CAC01767CBC06A6DCCC05E63CDC091
:10DDF000B352CEC06272CFC00180D0C06C4FD1C0D0
:10DE0000E559D2C06A91D3C0D970D4C09D6DD5C038
:10DE1000D252D6C0504ED7C0F796D8C06D95D9C053
:10DE20007E85DAC0CA78DBC02F7DDCC02151DDC021
:10DE30009257DEC0C264DFC08B80E0C07B7CE1C053
:10DE4000EA6CE2C0F168E3C05E69E4C0B751E5C0C6
:10DE50009853E6C0A868E7C08172E8C0CE9EE9C0CA
:10DE6000F17BEAC0F872EBC0BB79ECC0136FEDC078
:10DE70000674EEC04E67EFC0CC91F0C0A49CF1C018
:10DE80003C79F2C08983F3C05483F4C00F54F5C0C9
:10DE90001768F6C03D4EF7C08953F8C0B152F9C0BB
:10DEA0003E78FAC08653FBC02952FCC08850FDC0A2
:10DEB0008B4FFEC0D04F40C1567F41C1597F42C1F8
:10DEC0005B7F43C15C7F44C15D7F45C15E7F46C1CE
:10DED000607F47C1637F48C1647F49C1657F4AC194
:10DEE000667F4BC1677F4CC16B7F4DC16C7F4EC15C
:10DEF0006D7F4FC16F7F50C1707F51C1737F52C121
:10DF0000757F53C1767F54C1777F55C1787F56C1E5
:10DF10007A7F57C17B7F58C17C7F59C17D7F5AC1B1
:10DF20007F7F5BC1807F5CC1827F5DC1837F5EC17B
:10DF3000847F5FC1857F60C1867F61C1877F62C149
:10DF4000887F63C1897F64C18B7F65C18D7F66C116
:10DF50008F7F67C1907F68C1917F69C1927F6AC1DD
:10DF6000937F6BC1957F6CC1967F6DC1977F6EC1AA
:10DF7000987F6FC1997F70C19B7F71C19C7F72C177
:10DF8000A07F73C1A27F74C1A37F75C1A57F76C135
:10DF9000A67F77C1A87F78C1A97F79C1AA7F7AC1FE
:10DFA000AB7F7BC1AC7F7CC1AD7F7DC1AE7F7EC1CD
:10DFB000B17F80C1B37F81C1B47F82C1B57F83C18E
:10DFC000B67F84C1B77F85C1BA7F86C1BB7F87C159
:10DFD000BE7F88C1C07F89C1C27F8AC1C37F8BC118
:10DFE000C47F8CC1C67F8DC1C77F8EC1C87F8FC1E2
:10DFF000C97F90C1CB7F91C1CD7F92C1CF7F93C1AB
:10E00000D07F94C1D17F95C1D27F96C1D37F97C174
:10E01000D67F98C1D77F99C1D97F9AC1DA7F9BC13A
:10E02000DB7F9CC1DC7F9DC1DD7F9EC1DE7F9FC108
:10E03000E27FA0C1E37FA1C1E275A2C1CB7AA3C1F7
:10E04000927CA4C1A56CA5C1B696A6C19B52A7C1DE
:10E050008374A8C1E954A9C1E94FAAC15480ABC1D6
:10E06000B283ACC1DE8FADC17095AEC1C95EAFC128
:10E070001C60B0C19F6DB1C1185EB2C15B65B3C118
:10E080003881B4C1FE94B5C14B60B6C1BC70B7C194
:10E09000C37EB8C1AE7CB9C1C951BAC18168BBC128
:10E0A000B17CBCC16F82BDC1244EBEC1868FBFC1D1
:10E0B000CF91C0C17E66C1C1AE4EC2C1058CC3C185
:10E0C000A964C4C14A80C5C1DA50C6C19775C7C129
:10E0D000CE71C8C1E55BC9C1BD8FCAC1666FCBC176
:10E0E000864ECCC18264CDC16395CEC1D65ECFC110
:10E0F0009965D0C11752D1C1C288D2C1C870D3C1ED
:10E10000A352D4C10E73D5C13374D6C19767D7C19A
:10E11000F778D8C11697D9C1344EDAC1BB90DBC1AC
:10E12000DE9CDCC1CB6DDDC1DB51DEC1418DDFC1C9
:10E130001D54E0C1CE62E1C1B273E2C1F183E3C11B
:10E14000F696E4C1849FE5C1C394E6C1364FE7C1AA
:10E150009A7FE8C1CC51E9C17570EAC17596EBC1EF
:10E16000AD5CECC18698EDC1E653EEC1E44EEFC163
:10E170009C6EF0C10974F1C1B469F2C16B78F3C14E
:10E180008F99F4C15975F5C11852F6C12476F7C1BB
:10E19000416DF8C1F367F9C16D51FAC1999FFBC197
:10E1A0004B80FCC19954FDC13C7BFEC1BF7A40C28B
:10E1B000E47F41C2E77F42C2E87F43C2EA7F44C2B4
:10E1C000EB7F45C2EC7F46C2ED7F47C2EF7F48C27E
:10E1D000F27F49C2F47F4AC2F57F4BC2F67F4CC240
:10E1E000F77F4DC2F87F4EC2F97F4FC2FA7F50C20F
:10E1F000FD7F51C2FE7F52C2FF7F53C2028054C2D4
:10E20000078055C2088056C2098057C20A8058C28A
:10E210000E8059C20F805AC211805BC213805CC24B
:10E220001A805DC21B805EC21D805FC21E8060C2FC
:10E230001F8061C2218062C2238063C2248064C2C5
:10E240002B8065C22C8066C22D8067C22E8068C27A
:10E250002F8069C230806AC232806BC234806CC247
:10E2600039806DC23A806EC23C806FC23E8070C2FF
:10E27000408071C2418072C2448073C2458074C2C2
:10E28000478075C2488076C2498077C24E8078C286
:10E290004F8079C250807AC251807BC253807CC249
:10E2A00055807DC256807EC2578080C2598081C20F
:10E2B0005B8082C25C8083C25D8084C25E8085C2D6
:10E2C0005F8086C2608087C2618088C2628089C2A6
:10E2D00063808AC264808BC265808CC266808DC276
:10E2E00067808EC268808FC26B8090C26C8091C242
:10E2F0006D8092C26E8093C26F8094C2708095C20E
:10E30000728096C2738097C2748098C2758099C2D9
:10E3100076809AC277809BC278809CC279809DC2A9
:10E320007A809EC27B809FC27C80A0C27D80A1C279
:10E330008696A2C28457A3C2E262A4C24796A5C22F
:10E340007C69A6C2045AA7C20264A8C2D37BA9C230
:10E350000F6FAAC24B96ABC2A682ACC26253ADC2CB
:10E360008598AEC2905EAFC28970B0C2B363B1C2CD
:10E370006453B2C24F86B3C2819CB4C2939EB5C2ED
:10E380008C78B6C23297B7C2EF8DB8C2428DB9C28F
:10E390007F9EBAC25E6FBBC28479BCC2555FBDC2EC
:10E3A0004696BEC22E62BFC2749AC0C21554C1C284
:10E3B000DD94C2C2A34FC3C2C565C4C2655CC5C2F9
:10E3C000615CC6C2157FC7C25186C8C22F6CC9C264
:10E3D0008B5FCAC28773CBC2E46ECCC2FF7ECDC254
:10E3E000E65CCEC21B63CFC26A5BD0C2E66ED1C20E
:10E3F0007553D2C2714ED3C2A063D4C26575D5C263
:10E40000A162D6C26E8FD7C2264FD8C2D14ED9C212
:10E41000A66CDAC2B67EDBC2BA8BDCC21D84DDC25A
:10E42000BA87DEC2577FDFC23B90E0C22395E1C2CC
:10E43000A97BE2C2A19AE3C2F888E4C23D84E5C2A6
:10E440001B6DE6C2869AE7C2DC7EE8C28859E9C243
:10E45000BB9EEAC29B73EBC20178ECC28286EDC21E
:10E460006C9AEEC2829AEFC21B56F0C21754F1C2E8
:10E47000CB57F2C2704EF3C2A69EF4C25653F5C2F9
:10E48000C88FF6C20981F7C29277F8C29299F9C291
:10E49000EE86FAC2E16EFBC21385FCC2FC66FDC2C9
:10E4A0006261FEC22B6F40C37E8041C3818042C344
:10E4B000828043C3858044C3888045C38A8046C325
:10E4C0008D8047C38E8048C38F8049C390804AC3E4
:10E4D00091804BC392804CC394804DC395804EC3B2
:10E4E00097804FC3998050C39E8051C3A38052C36D
:10E4F000A68053C3A78054C3A88055C3AC8056C31D
:10E50000B08057C3B38058C3B58059C3B6805AC3CF
:10E51000B8805BC3B9805CC3BB805DC3C5805EC38C
:10E52000C7805FC3C88060C3C98061C3CA8062C33B
:10E53000CB8063C3CF8064C3D08065C3D18066C302
:10E54000D28067C3D38068C3D48069C3D5806AC3CF
:10E55000D8806BC3DF806CC3E0806DC3E2806EC384
:10E56000E3806FC3E68070C3EE8071C3F58072C331
:10E57000F78073C3F98074C3FB8075C3FE8076C3D4
:10E58000FF8077C3008178C3018179C303817AC397
:10E5900004817BC305817CC307817DC308817EC361
:10E5A0000B8180C30C8181C3158182C3178183C312
:10E5B000198184C31B8185C31C8186C31D8187C3C8
:10E5C0001F8188C3208189C321818AC322818BC393
:10E5D00023818CC324818DC325818EC326818FC363
:10E5E000278190C3288191C3298192C32A8193C333
:10E5F0002B8194C32D8195C32E8196C3308197C3FF
:10E60000338198C3348199C335819AC337819BC3C1
:10E6100039819CC33A819DC33B819EC33C819FC38A
:10E620003D81A0C33F81A1C3298CA2C39282A3C311
:10E630002B83A4C3F276A5C3136CA6C3D95FA7C36B
:10E64000BD83A8C32B73A9C30583AAC31A95ABC303
:10E65000DB6BACC3DB77ADC3C694AEC36F53AFC344
:10E660000283B0C39251B1C33D5EB2C38C8CB3C3BD
:10E67000388DB4C3484EB5C3AB73B6C39A67B7C33E
:10E680008568B8C37691B9C30997BAC36471BBC32F
:10E69000A16CBCC30977BDC3925ABEC34195BFC329
:10E6A000CF6BC0C38E7FC1C32766C2C3D05BC3C359
:10E6B000B959C4C39A5AC5C3E895C6C3F795C7C329
:10E6C000EC4EC8C30C84C9C39984CAC3AC6ACBC31B
:10E6D000DF76CCC33095CDC31B73CEC3A668CFC342
:10E6E0005F5BD0C32F77D1C39A91D2C36197D3C355
:10E6F000DC7CD4C3F78FD5C31C8CD6C3255FD7C3AE
:10E70000737CD8C3D879D9C3C589DAC3CC6CDBC3D1
:10E710001C87DCC3C65BDDC3425EDEC3C968DFC3E2
:10E720002077E0C3F57EE1C39551E2C34D51E3C3C9
:10E73000C952E4C3295AE5C3057FE6C36297E7C31C
:10E74000D782E8C3CF63E9C38477EAC3D085EBC33C
:10E75000D279ECC33A6EEDC3995EEEC39959EFC31B
:10E760001185F0C36D70F1C3116CF2C3BF62F3C3C6
:10E77000BF76F4C34F65F5C3AF60F6C3FD95F7C32D
:10E780000E66F8C39F87F9C3239EFAC3ED94FBC3BB
:10E790000D54FCC37D54FDC32C8CFEC3786440C46F
:10E7A000408141C4418142C4428143C4438144C445
:10E7B000448145C4458146C4478147C4498148C412
:10E7C0004D8149C44E814AC44F814BC452814CC4CF
:10E7D00056814DC457814EC458814FC45B8150C48B
:10E7E0005C8151C45D8152C45E8153C45F8154C455
:10E7F000618155C4628156C4638157C4648158C421
:10E80000668159C468815AC46A815BC46B815CC4E7
:10E810006C815DC46F815EC472815FC4738160C4AA
:10E82000758161C4768162C4778163C4788164C470
:10E83000818165C4838166C4848167C4858168C41D
:10E84000868169C487816AC489816BC48B816CC4E9
:10E850008C816DC48D816EC48E816FC4908170C4B3
:10E86000928171C4938172C4948173C4958174C47C
:10E87000968175C4978176C4998177C49A8178C44A
:10E880009E8179C49F817AC4A0817BC4A1817CC40C
:10E89000A2817DC4A4817EC4A58180C4A78181C4D6
:10E8A000A98182C4AB8183C4AC8184C4AD8185C499
:10E8B000AE8186C4AF8187C4B08188C4B18189C468
:10E8C000B2818AC4B4818BC4B5818CC4B6818DC435
:10E8D000B7818EC4B8818FC4B98190C4BC8191C402
:10E8E000BD8192C4BE8193C4BF8194C4C48195C4C8
:10E8F000C58196C4C78197C4C88198C4C98199C489
:10E90000CB819AC4CD819BC4CE819CC4CF819DC450
:10E91000D0819EC4D1819FC4D281A0C4D381A1C41F
:10E920007964A2C41186A3C4216AA4C49C81A5C42D
:10E93000E878A6C46964A7C4549BA8C4B962A9C4F2
:10E940002B67AAC4AB83ABC4A858ACC4D89EADC4D3
:10E95000AB6CAEC4206FAFC4DE5BB0C44C96B1C428
:10E960000B8CB2C45F72B3C4D067B4C4C762B5C401
:10E970006172B6C4A94EB7C4C659B8C4CD6BB9C488
:10E980009358BAC4AE66BBC4555EBCC4DF52BDC4A6
:10E990005561BEC42867BFC4EE76C0C46677C1C4E3
:10E9A0006772C2C4467AC3C4FF62C4C4EA54C5C411
:10E9B0005054C6C4A094C7C4A390C8C41C5AC9C4A8
:10E9C000B37ECAC4166CCBC4434ECCC47659CDC4F6
:10E9D0001080CEC44859CFC45753D0C43775D1C462
:10E9E000BE96D2C4CA56D3C42063D4C41181D5C440
:10E9F0007C60D6C4F995D7C4D66DD8C46254D9C446
:10EA00008199DAC48551DBC4E95ADCC4FD80DDC4D8
:10EA1000AE59DEC41397DFC42A50E0C4E56CE1C4EC
:10EA20003C5CE2C4DF62E3C4604FE4C43F53E5C42E
:10EA30007B81E6C40690E7C4BA6EE8C42B85E9C4BE
:10EA4000C862EAC4745EEBC4BE78ECC4B564EDC4BD
:10EA50007B63EEC4F55FEFC4185AF0C47F91F1C434
:10EA60001F9EF2C43F5CF3C44F63F4C44280F5C4FC
:10EA70007D5BF6C46E55F7C44A95F8C44D95F9C44C
:10EA8000856DFAC4A860FBC4E067FCC4DE72FDC4F7
:10EA9000DD51FEC4815B40C5D48141C5D58142C5ED
:10EAA000D68143C5D78144C5D88145C5D98146C5DE
:10EAB000DA8147C5DB8148C5DC8149C5DD814AC5AE
:10EAC000DE814BC5DF814CC5E0814DC5E1814EC57E
:10EAD000E2814FC5E48150C5E58151C5E68152C54B
:10EAE000E88153C5E98154C5EB8155C5EE8156C512
:10EAF000EF8157C5F08158C5F18159C5F2815AC5DA
:10EB0000F5815BC5F6815CC5F7815DC5F8815EC5A1
:10EB1000F9815FC5FA8160C5FD8161C5FF8162C56C
:10EB2000038263C5078264C5088265C5098266C51C
:10EB30000A8267C50B8268C50E8269C50F826AC5E5
:10EB400011826BC513826CC515826DC516826EC5A8
:10EB500017826FC5188270C5198271C51A8272C575
:10EB60001D8273C5208274C5248275C5258276C531
:10EB7000268277C5278278C5298279C52E827AC5F3
:10EB800032827BC53A827CC53C827DC53D827EC592
:10EB90003F8280C5408281C5418282C5428283C551
:10EBA000438284C5458285C5468286C5488287C51D
:10EBB0004A8288C54C8289C54D828AC54E828BC5E2
:10EBC00050828CC551828DC552828EC553828FC5AD
:10EBD000548290C5558291C5568292C5578293C57D
:10EBE000598294C55B8295C55C8296C55D8297C546
:10EBF0005E8298C5608299C561829AC562829BC512
:10EC000063829CC564829DC565829EC566829FC5E0
:10EC10006782A0C56982A1C5E762A2C5DE6CA3C5F3
:10EC20005B72A4C56D62A5C5AE94A6C5BD7EA7C521
:10EC30001381A8C5536DA9C59C51AAC5045FABC576
:10EC40007459ACC5AA52ADC51260AEC57359AFC5F3
:10EC50009666B0C55086B1C59F75B2C52A63B3C567
:10EC6000E661B4C5EF7CB5C5FA8BB6C5E654B7C549
:10EC7000276BB8C5259EB9C5B46BBAC5D585BBC5CC
:10EC80005554BCC57650BDC5A46CBEC56A55BFC53C
:10EC9000B48DC0C52C72C1C5155EC2C51560C3C593
:10ECA0003674C4C5CD62C5C59263C6C54C72C7C5AE
:10ECB000985FC8C5436EC9C53E6DCAC50065CBC562
:10ECC000586FCCC5D876CDC5D078CEC5FC76CFC52B
:10ECD0005475D0C52452D1C5DB53D2C5534ED3C5CC
:10ECE0009E5ED4C5C165D5C52A80D6C5D680D7C598
:10ECF0009B62D8C58654D9C52852DAC5AE70DBC52B
:10ED00008D88DCC5D18DDDC5E16CDEC57854DFC5ED
:10ED1000DA80E0C5F957E1C5F488E2C5548DE3C552
:10ED20006A96E4C54D91E5C5694FE6C59B6CE7C59C
:10ED3000B755E8C5C676E9C53078EAC5A862EBC51F
:10ED4000F970ECC58E6FEDC56D5FEEC5EC84EFC557
:10ED5000DA68F0C57C78F1C5F77BF2C5A881F3C508
:10ED60000B67F4C54F9EF5C56763F6C5B078F7C568
:10ED70006F57F8C51278F9C53997FAC57962FBC59E
:10ED8000AB62FCC58852FDC53574FEC5D76B40C665
:10ED90006A8241C66B8242C66C8243C66D8244C69B
:10EDA000718245C6758246C6768247C6778248C656
:10EDB000788249C67B824AC67C824BC680824CC61A
:10EDC00081824DC683824EC685824FC6868250C6DA
:10EDD000878251C6898252C68C8253C6908254C69D
:10EDE000938255C6948256C6958257C6968258C657
:10EDF0009A8259C69B825AC69E825BC6A0825CC616
:10EE0000A2825DC6A3825EC6A7825FC6B28260C6CA
:10EE1000B58261C6B68262C6BA8263C6BB8264C668
:10EE2000BC8265C6BF8266C6C08267C6C28268C62B
:10EE3000C38269C6C5826AC6C6826BC6C9826CC6F1
:10EE4000D0826DC6D6826EC6D9826FC6DA8270C68F
:10EE5000DD8271C6E28272C6E78273C6E88274C63A
:10EE6000E98275C6EA8276C6EC8277C6ED8278C6FC
:10EE7000EE8279C6F0827AC6F2827BC6F3827CC6C5
:10EE8000F5827DC6F6827EC6F88280C6FA8281C689
:10EE9000FC8282C6FD8283C6FE8284C6FF8285C64E
:10EEA000008386C60A8387C60B8388C60D8389C6FE
:10EEB00010838AC612838BC613838CC616838DC6B5
:10EEC00018838EC619838FC61D8390C61E8391C674
:10EED0001F8392C6208393C6218394C6228395C63E
:10EEE000238396C6248397C6258398C6268399C60E
:10EEF00029839AC62A839BC62E839CC630839DC6CF
:10EF000032839EC637839FC63B83A0C63D83A1C67E
:10EF10006455A2C63E81A3C6B275A4C6AE76A5C688
:10EF20003953A6C6DE75A7C6FB50A8C6415CA9C664
:10EF30006C8BAAC6C77BABC64F50ACC64772ADC67A
:10EF4000979AAEC6D898AFC6026FB0C6E274B1C683
:10EF50006879B2C68764B3C6A577B4C6FC62B5C685
:10EF60009198B6C62B8DB7C6C154B8C65880B9C6DD
:10EF7000524EBAC66A57BBC6F982BCC60D84BDC61E
:10EF8000735EBEC6ED51BFC6F674C0C6C48BC1C6A3
:10EF90004F5CC2C66157C3C6FC6CC4C68798C5C661
:10EFA000465AC6C63478C7C6449BC8C6EB8FC9C686
:10EFB000957CCAC65652CBC65162CCC6FA94CDC611
:10EFC000C64ECEC68683CFC66184D0C6E983D1C67D
:10EFD000B284D2C6D457D3C63467D4C60357D5C675
:10EFE0006E66D6C6666DD7C6318CD8C6DD66D9C604
:10EFF0001170DAC61F67DBC63A6BDCC61668DDC661
:10F000001A62DEC6BB59DFC6034EE0C6C451E1C674
:10F01000066FE2C6D267E3C68F6CE4C67651E5C6DA
:10F02000CB68E6C64759E7C6676BE8C66675E9C6AA
:10F030000E5DEAC61081EBC6509FECC6D765EDC6E3
:10F040004879EEC64179EFC6919AF0C6778DF1C640
:10F05000825CF2C65E4EF3C6014FF4C62F54F5C66D
:10F060005159F6C60C78F7C66856F8C6146CF9C63E
:10F07000C48FFAC6035FFBC67D6CFCC6E36CFDC69D
:10F08000AB8BFEC6906340C73E8341C73F8342C7F8
:10F09000418343C7428344C7448345C7458346C72A
:10F0A000488347C74A8348C74B8349C74C834AC7ED
:10F0B0004D834BC74E834CC753834DC755834EC7B3
:10F0C00056834FC7578350C7588351C7598352C778
:10F0D0005D8353C7628354C7708355C7718356C716
:10F0E000728357C7738358C7748359C775835AC7C8
:10F0F00076835BC779835CC77A835DC77E835EC78F
:10F100007F835FC7808360C7818361C7828362C753
:10F11000838363C7848364C7878365C7888366C71F
:10F120008A8367C78B8368C78C8369C78D836AC7E7
:10F130008F836BC790836CC791836DC794836EC7B1
:10F1400095836FC7968370C7978371C7998372C77A
:10F150009A8373C79D8374C79F8375C7A18376C73E
:10F16000A28377C7A38378C7A48379C7A5837AC707
:10F17000A6837BC7A7837CC7AC837DC7AD837EC7CF
:10F18000AE8380C7AF8381C7B58382C7BB8383C784
:10F19000BE8384C7BF8385C7C28386C7C38387C72F
:10F1A000C48388C7C68389C7C8838AC7C9838BC7F6
:10F1B000CB838CC7CD838DC7CE838EC7D0838FC7BB
:10F1C000D18390C7D28391C7D38392C7D58393C786
:10F1D000D78394C7D98395C7DA8396C7DB8397C74C
:10F1E000DE8398C7E28399C7E3839AC7E4839BC70A
:10F1F000E6839CC7E7839DC7E8839EC7EB839FC7D1
:10F20000EC83A0C7ED83A1C77060A2C73D6DA3C703
:10F210007572A4C76662A5C78E94A6C7C594A7C712
:10F220004353A8C7C18FA9C77E7BAAC7DF4EABC710
:10F23000268CACC77E4EADC7D49EAEC7B194AFC7C7
:10F24000B394B0C74D52B1C75C6FB2C76390B3C738
:10F25000456DB4C7348CB5C71158B6C74C5DB7C738
:10F26000206BB8C7496BB9C7AA67BAC75B54BBC79D
:10F270005481BCC78C7FBDC79958BEC73785BFC7EF
:10F280003A5FC0C7A262C1C7476AC2C73995C3C740
:10F290007265C4C78460C5C76568C6C7A777C7C796
:10F2A000544EC8C7A84FC9C7E75DCAC79897CBC710
:10F2B000AC64CCC7D87FCDC7ED5CCEC7CF4FCFC72E
:10F2C0008D7AD0C70752D1C70483D2C7144ED3C793
:10F2D0002F60D4C7837AD5C7A694D6C7B54FD7C7F2
:10F2E000B24ED8C7E679D9C73474DAC7E452DBC75F
:10F2F000B982DCC7D264DDC7BD79DEC7DD5BDFC79D
:10F30000816CE0C75297E1C77B8FE2C7226CE3C7ED
:10F310003E50E4C77F53E5C7056EE6C7CE64E7C736
:10F320007466E8C7306CE9C7C560EAC77798EBC771
:10F33000F78BECC7865EEDC73C74EEC7777AEFC7F4
:10F34000CB79F0C7184EF1C7B190F2C70374F3C779
:10F35000426CF4C7DA56F5C74B91F6C7C56CF7C7D0
:10F360008B8DF8C73A53F9C7C686FAC7F266FBC752
:10F37000AF8EFCC7485CFDC7719AFEC7206E40C8BF
:10F38000EE8341C8EF8342C8F38343C8F48344C883
:10F39000F58345C8F68346C8F78347C8FA8348C84B
:10F3A000FB8349C8FC834AC8FE834BC8FF834CC813
:10F3B00000844DC802844EC805844FC8078450C8D5
:10F3C000088451C8098452C80A8453C8108454C898
:10F3D000128455C8138456C8148457C8158458C855
:10F3E000168459C817845AC819845BC81A845CC823
:10F3F0001B845DC81E845EC81F845FC8208460C8EB
:10F40000218461C8228462C8238463C8298464C8B3
:10F410002A8465C82B8466C82C8467C82D8468C874
:10F420002E8469C82F846AC830846BC832846CC843
:10F4300033846DC834846EC835846FC8368470C810
:10F44000378471C8398472C83A8473C83B8474C8DD
:10F450003E8475C83F8476C8408477C8418478C8A4
:10F46000428479C843847AC844847BC845847CC874
:10F4700047847DC848847EC8498480C84A8481C83E
:10F480004B8482C84C8483C84D8484C84E8485C80C
:10F490004F8486C8508487C8528488C8538489C8DA
:10F4A00054848AC855848BC856848CC858848DC8A7
:10F4B0005D848EC85E848FC85F8490C8608491C864
:10F4C000628492C8648493C8658494C8668495C82D
:10F4D000678496C8688497C86A8498C86E8499C8F7
:10F4E0006F849AC870849BC872849CC874849DC8B9
:10F4F00077849EC879849FC87B84A0C87C84A1C877
:10F50000D653A2C8365AA3C88B9FA4C8A38DA5C83A
:10F51000BB53A6C80857A7C8A798A8C84367A9C8D7
:10F520009B91AAC8C96CABC86851ACC8CA75ADC8B4
:10F53000F362AEC8AC72AFC83852B0C89D52B1C801
:10F540003A7FB2C89470B3C83876B4C87453B5C89B
:10F550004A9EB6C8B769B7C86E78B8C8C096B9C869
:10F56000D988BAC8A47FBBC83671BCC8C371BDC82E
:10F570008951BEC8D367BFC8E474C0C8E458C1C8C5
:10F580001865C2C8B756C3C8A98BC4C87699C5C880
:10F590007062C6C8D57EC7C8F960C8C8ED70C9C852
:10F5A000EC58CAC8C14ECBC8BA4ECCC8CD5FCDC886
:10F5B000E797CEC8FB4ECFC8A48BD0C80352D1C8A2
:10F5C0008A59D2C8AB7ED3C85462D4C8CD4ED5C8F0
:10F5D000E565D6C80E62D7C83883D8C8C984D9C8EB
:10F5E0006383DAC88D87DBC89471DCC8B66EDDC86A
:10F5F000B95BDEC8D27EDFC89751E0C8C963E1C8F5
:10F60000D467E2C88980E3C83983E4C81588E5C8AF
:10F610001251E6C87A5BE7C88259E8C8B18FE9C8D9
:10F62000734EEAC85D6CEBC86551ECC82589EDC81E
:10F630006F8FEEC82E96EFC84A85F0C85E74F1C889
:10F640001095F2C8F095F3C8A66DF4C8E582F5C828
:10F65000315FF6C89264F7C8126DF8C82884F9C8FB
:10F660006E81FAC8C39CFBC85E58FCC85B8DFDC8A0
:10F67000094EFEC8C15340C97D8441C97E8442C938
:10F680007F8443C9808444C9818445C9838446C931
:10F69000848447C9858448C9868449C98A844AC9FB
:10F6A0008D844BC98F844CC990844DC991844EC9B7
:10F6B00092844FC9938450C9948451C9958452C986
:10F6C000968453C9988454C99A8455C99B8456C951
:10F6D0009D8457C99E8458C99F8459C9A0845AC91A
:10F6E000A2845BC9A3845CC9A4845DC9A5845EC9E6
:10F6F000A6845FC9A78460C9A88461C9A98462C9B6
:10F70000AA8463C9AB8464C9AC8465C9AD8466C985
:10F71000AE8467C9B08468C9B18469C9B3846AC951
:10F72000B5846BC9B6846CC9B7846DC9BB846EC916
:10F73000BC846FC9BE8470C9C08471C9C28472C9D7
:10F74000C38473C9C58474C9C68475C9C78476C99E
:10F75000C88477C9CB8478C9CC8479C9CE847AC966
:10F76000CF847BC9D2847CC9D4847DC9D5847EC929
:10F77000D78480C9D88481C9D98482C9DA8483C9ED
:10F78000DB8484C9DC8485C9DE8486C9E18487C9B9
:10F79000E28488C9E48489C9E7848AC9E8848BC97A
:10F7A000E9848CC9EA848DC9EB848EC9ED848FC944
:10F7B000EE8490C9EF8491C9F18492C9F28493C90F
:10F7C000F38494C9F48495C9F58496C9F68497C9DD
:10F7D000F78498C9F88499C9F9849AC9FA849BC9AD
:10F7E000FB849CC9FD849DC9FE849EC900859FC978
:10F7F0000185A0C90285A1C91E4FA2C96365A3C91D
:10F800005168A4C9D355A5C9274EA6C91464A7C970
:10F810009A9AA8C96B62A9C9C25AAAC95F74ABC92E
:10F820007282ACC9A96DADC9EE68AEC9E750AFC967
:10F830008E83B0C90278B1C94067B2C93952B3C921
:10F84000996CB4C9B17EB5C9BB50B6C96555B7C9C5
:10F850005E71B8C95B7BB9C95266BAC9CA73BBC904
:10F86000EB82BCC94967BDC9715CBEC92052BFC922
:10F870007D71C0C96B88C1C9EA95C2C95596C3C913
:10F88000C564C4C9618DC5C9B381C6C98455C7C91A
:10F89000556CC8C94762C9C92E7FCAC99258CBC91D
:10F8A000244FCCC94655CDC94F8DCEC94C66CFC962
:10F8B0000A4ED0C91A5CD1C9F388D2C9A268D3C98B
:10F8C0004E63D4C90D7AD5C9E770D6C98D82D7C920
:10F8D000FA52D8C9F697D9C9115CDAC9E854DBC91C
:10F8E000B590DCC9CD7EDDC96259DEC94A8DDFC95C
:10F8F000C786E0C90C82E1C90D82E2C9668DE3C901
:10F900004464E4C9045CE5C95161E6C9896DE7C98D
:10F910003E79E8C9BE8BE9C93778EAC93375EBC9C6
:10F920007B54ECC9384FEDC9AB8EEEC9F16DEFC910
:10F93000205AF0C9C57EF1C95E79F2C9886CF3C955
:10F94000A15BF4C9765AF5C91A75F6C9BE80F7C924
:10F950004E61F8C9176EF9C9F058FAC91F75FBC98D
:10F960002575FCC97272FDC94753FEC9F37E40CAB2
:10F97000038541CA048542CA058543CA068544CA2F
:10F98000078545CA088546CA098547CA0A8548CAFF
:10F990000B8549CA0D854ACA0E854BCA0F854CCACC
:10F9A00010854DCA12854ECA14854FCA158550CA96
:10F9B000168551CA188552CA198553CA1B8554CA5F
:10F9C0001C8555CA1D8556CA1E8557CA208558CA2A
:10F9D000228559CA23855ACA24855BCA25855CCAF3
:10F9E00026855DCA27855ECA28855FCA298560CAC3
:10F9F0002A8561CA2D8562CA2E8563CA2F8564CA8D
:10FA0000308565CA318566CA328567CA338568CA5A
:10FA1000348569CA35856ACA36856BCA3E856CCA23
:10FA20003F856DCA40856ECA41856FCA428570CADE
:10FA3000448571CA458572CA468573CA478574CAAA
:10FA40004B8575CA4C8576CA4D8577CA4E8578CA6E
:10FA50004F8579CA50857ACA51857BCA52857CCA3E
:10FA600053857DCA54857ECA558580CA578581CA0B
:10FA7000588582CA5A8583CA5B8584CA5C8585CAD3
:10FA80005D8586CA5F8587CA608588CA618589CA9F
:10FA900062858ACA63858BCA65858CCA66858DCA6C
:10FAA00067858ECA69858FCA6A8590CA6B8591CA37
:10FAB0006C8592CA6D8593CA6E8594CA6F8595CA06
:10FAC000708596CA718597CA738598CA758599CAD3
:10FAD00076859ACA77859BCA78859CCA7C859DCA9B
:10FAE0007D859ECA7F859FCA8085A0CA8185A1CA5F
:10FAF0000177A2CADB76A3CA6952A4CADC80A5CA70
:10FB00002357A6CA085EA7CA3159A8CAEE72A9CA65
:10FB1000BD65AACA7F6EABCAD78BACCA385CADCA0A
:10FB20007186AECA4153AFCAF377B0CAFE62B1CA9A
:10FB3000F665B2CAC04EB3CADF98B4CA8086B5CAE9
:10FB40009E5BB6CAC68BB7CAF253B8CAE277B9CAC7
:10FB50007F4FBACA4E5CBBCA769ABCCACB59BDCAE3
:10FB60000F5FBECA3A79BFCAEB58C0CA164EC1CAA7
:10FB7000FF67C2CA8B4EC3CAED62C4CA938AC5CAA4
:10FB80001D90C6CABF52C7CA2F66C8CADC55C9CAAB
:10FB90006C56CACA0290CBCAD54ECCCA8D4FCDCABC
:10FBA000CA91CECA7099CFCA0F6CD0CA025ED1CAB0
:10FBB0004360D2CAA45BD3CAC689D4CAD58BD5CA7E
:10FBC0003665D6CA4B62D7CA9699D8CA885BD9CA55
:10FBD000FF5BDACA8863DBCA2E55DCCAD753DDCA9D
:10FBE0002676DECA7D51DFCA2C85E0CAA267E1CA4B
:10FBF000B368E2CA8A6BE3CA9262E4CA938FE5CA29
:10FC0000D453E6CA1282E7CAD16DE8CA8F75E9CA31
:10FC1000664EEACA4E8DEBCA705BECCA9F71EDCAA4
:10FC2000AF85EECA9166EFCAD966F0CA727FF1CA93
:10FC30000087F2CACD9EF3CA209FF4CA5E5CF5CA63
:10FC40002F67F6CAF08FF7CA1168F8CA5F67F9CA5A
:10FC50000D62FACAD67AFBCA8558FCCAB65EFDCADE
:10FC60007065FECA316F40CB828541CB838542CB24
:10FC7000868543CB888544CB898545CB8A8546CB11
:10FC80008B8547CB8C8548CB8D8549CB8E854ACBE0
:10FC900090854BCB91854CCB92854DCB93854ECBAC
:10FCA00094854FCB958550CB968551CB978552CB7C
:10FCB000988553CB998554CB9A8555CB9D8556CB4A
:10FCC0009E8557CB9F8558CBA08559CBA1855ACB14
:10FCD000A2855BCBA3855CCBA5855DCBA6855ECBE2
:10FCE000A7855FCBA98560CBAB8561CBAC8562CBAB
:10FCF000AD8563CBB18564CBB28565CBB38566CB6F
:10FD0000B48567CBB58568CBB68569CBB8856ACB3A
:10FD1000BA856BCBBB856CCBBC856DCBBD856ECB03
:10FD2000BE856FCBBF8570CBC08571CBC28572CBD2
:10FD3000C38573CBC48574CBC58575CBC68576CB9F
:10FD4000C78577CBC88578CBCA8579CBCB857ACB6D
:10FD5000CC857BCBCD857CCBCE857DCBD1857ECB39
:10FD6000D28580CBD48581CBD68582CBD78583CBFA
:10FD7000D88584CBD98585CBDA8586CBDB8587CBC7
:10FD8000DD8588CBDE8589CBDF858ACBE0858BCB93
:10FD9000E1858CCBE2858DCBE3858ECBE5858FCB62
:10FDA000E68590CBE78591CBE88592CBEA8593CB2E
:10FDB000EB8594CBEC8595CBED8596CBEE8597CBFB
:10FDC000EF8598CBF08599CBF1859ACBF2859BCBCB
:10FDD000F3859CCBF4859DCBF5859ECBF6859FCB9B
:10FDE000F785A0CBF885A1CB5560A2CB3752A3CB2A
:10FDF0000D80A4CB5464A5CB7088A6CB2975A7CB66
:10FE0000055EA8CB1368A9CBF462AACB1C97ABCB39
:10FE1000CC53ACCB3D72ADCB018CAECB346CAFCB05
:10FE20006177B0CB0E7AB1CB2E54B2CBAC77B3CBDB
:10FE30007A98B4CB1C82B5CBF48BB6CB5578B7CBC4
:10FE40001467B8CBC170B9CBAF65BACB9564BBCBE7
:10FE50003656BCCB1D60BDCBC179BECBF853BFCBF2
:10FE60001D4EC0CB7B6BC1CB8680C2CBFA5BC3CBB4
:10FE7000E355C4CBDB56C5CB3A4FC6CB3C4FC7CBC3
:10FE80007299C8CBF35DC9CB7E67CACB3880CBCB28
:10FE90000260CCCB8298CDCB0190CECB8B5BCFCB0D
:10FEA000BC8BD0CBF58BD1CB1C64D2CB5882D3CBBF
:10FEB000DE64D4CBFD55D5CBCF82D6CB6591D7CBE5
:10FEC000D74FD8CB207DD9CB1F90DACB9F7CDBCB13
:10FED000F350DCCB5158DDCBAF6EDECBBF5BDFCB5D
:10FEE000C98BE0CB8380E1CB7891E2CB9C84E3CBE0
:10FEF000977BE4CB7D86E5CB8B96E6CB8F96E7CBE5
:10FF0000E57EE8CBD39AE9CB8E78EACB815CEBCB6C
:10FF1000577AECCB4290EDCBA796EECB5F79EFCB47
:10FF2000595BF0CB5F63F1CB0B7BF2CBD184F3CB8E
:10FF3000AD68F4CB0655F5CB297FF6CB1074F7CB23
:10FF4000227DF8CB0195F9CB4062FACB4C58FBCB24
:10FF5000D64EFCCB835BFDCB7959FECB545840CCBD
:10FF6000F98541CCFA8542CCFC8543CCFD8544CC57
:10FF7000FE8545CC008646CC018647CC028648CC1F
:10FF8000038649CC04864ACC06864BCC07864CCCEB
:10FF900008864DCC09864ECC0A864FCC0B8650CCB9
:10FFA0000C8651CC0D8652CC0E8653CC0F8654CC89
:10FFB000108655CC128656CC138657CC148658CC56
:10FFC000158659CC17865ACC18865BCC19865CCC22
:10FFD0001A865DCC1B865ECC1C865FCC1D8660CCF1
:10FFE0001E8661CC1F8662CC208663CC218664CCC1
:10FFF000228665CC238666CC248667CC258668CC91
:020000040803EF
:10000000268669CC28866ACC2A866BCC2B866CCC5B
:100010002C866DCC2D866ECC2E866FCC2F8670CC28
:10002000308671CC318672CC328673CC338674CCF8
:10003000348675CC358676CC368677CC378678CCC8
:10004000398679CC3A867ACC3B867BCC3D867CCC93
:100050003E867DCC3F867ECC408680CC418681CC5E
:10006000428682CC438683CC448684CC458685CC2C
:10007000468686CC478687CC488688CC498689CCFC
:100080004A868ACC4B868BCC4C868CCC52868DCCC7
:1000900053868ECC55868FCC568690CC578691CC85
:1000A000588692CC598693CC5B8694CC5C8695CC52
:1000B0005D8696CC5F8697CC608698CC618699CC1D
:1000C00063869ACC64869BCC65869CCC66869DCCE8
:1000D00067869ECC68869FCC6986A0CC6A86A1CCB8
:1000E0006D73A2CC1E63A3CC4B8EA4CC0F8EA5CC7B
:1000F000CE80A6CCD482A7CCAC62A8CCF053A9CC3D
:10010000F06CAACC5E91ABCC2A59ACCC0160ADCCE2
:10011000706CAECC4D57AFCC4A64B0CC2A8DB1CC0C
:100120002B76B2CCE96EB3CC5B57B4CC806AB5CC3D
:10013000F075B6CC6D6FB7CC2D8CB8CC088CB9CC23
:100140006657BACCEF6BBBCC9288BCCCB378BDCC35
:10015000A263BECCF953BFCCAD70C0CC646CC1CC33
:100160005858C2CC2A64C3CC0258C4CCE068C5CC71
:100170009B81C6CC1055C7CCD67CC8CC1850C9CCF6
:10018000BA8ECACCCC6DCBCC9F8DCCCCEB70CDCC09
:100190008F63CECC9B6DCFCCD46ED0CCE67ED1CC51
:1001A0000484D2CC4368D3CC0390D4CCD86DD5CCC6
:1001B0007696D6CCA88BD7CC5759D8CC7972D9CCD7
:1001C000E485DACC7E81DBCCBC75DCCC8A8ADDCCE4
:1001D000AF68DECC5452DFCC228EE0CC1195E1CC5E
:1001E000D063E2CC9898E3CC448EE4CC7C55E5CC4B
:1001F000534FE6CCFF66E7CC8F56E8CCD560E9CC10
:10020000956DEACC4352EBCC495CECCC2959EDCC52
:10021000FB6DEECC6B58EFCC3075F0CC1C75F1CC8F
:100220006C60F2CC1482F3CC4681F4CC1163F5CC33
:100230006167F6CCE28FF7CC3A77F8CCF38DF9CC46
:10024000348DFACCC194FBCC165EFCCC8553FDCC2E
:100250002C54FECCC37040CD6D8641CD6F8642CD0F
:10026000708643CD728644CD738645CD748646CD67
:10027000758647CD768648CD778649CD78864ACD36
:1002800083864BCD84864CCD85864DCD86864ECDDE
:1002900087864FCD888650CD898651CD8E8652CDAA
:1002A0008F8653CD908654CD918655CD928656CD6E
:1002B000948657CD968658CD978659CD98865ACD37
:1002C00099865BCD9A865CCD9B865DCD9E865ECD04
:1002D0009F865FCDA08660CDA18661CDA28662CDCE
:1002E000A58663CDA68664CDAB8665CDAD8666CD8D
:1002F000AE8667CDB28668CDB38669CDB7866ACD46
:10030000B8866BCDB9866CCDBB866DCDBC866ECD07
:10031000BD866FCDBE8670CDBF8671CDC18672CDD4
:10032000C28673CDC38674CDC58675CDC88676CD9D
:10033000CC8677CDCD8678CDD28679CDD3867ACD51
:10034000D5867BCDD6867CCDD7867DCDDA867ECD13
:10035000DC8680CDDD8681CDE08682CDE18683CDD1
:10036000E28684CDE38685CDE58686CDE68687CD9B
:10037000E78688CDE88689CDEA868ACDEB868BCD67
:10038000EC868CCDEF868DCDF5868ECDF6868FCD25
:10039000F78690CDFA8691CDFB8692CDFC8693CDE3
:1003A000FD8694CDFF8695CD018796CD048797CDA8
:1003B000058798CD068799CD0B879ACD0C879BCD65
:1003C0000E879CCD0F879DCD10879ECD11879FCD29
:1003D0001487A0CD1687A1CD406CA2CDF75EA3CD2A
:1003E0005C50A4CDAD4EA5CDAD5EA6CD3A63A7CDF4
:1003F0004782A8CD1A90A9CD5068AACD6E91ABCDF9
:10040000B377ACCD0C54ADCDDC94AECD645FAFCD45
:10041000E57AB0CD7668B1CD4563B2CD527BB3CD30
:10042000DF7EB4CDDB75B5CD7750B6CD9562B7CD57
:100430003459B8CD0F90B9CDF851BACDC379BBCDF1
:10044000817ABCCDFE56BDCD925FBECD1490BFCD9E
:10045000826DC0CD605CC1CD1F57C2CD1054C3CDDD
:100460005451C4CD4D6EC5CDE256C6CDA863C7CD9F
:100470009398C8CD7F81C9CD1587CACD2A89CBCDA8
:100480000090CCCD1E54CDCD6F5CCECDC081CFCDF4
:10049000D662D0CD5862D1CD3181D2CD359ED3CD6B
:1004A0004096D4CD6E9AD5CD7C9AD6CD2D69D7CD38
:1004B000A559D8CDD362D9CD3E55DACD1663DBCD63
:1004C000C754DCCDD986DDCD3C6DDECD035ADFCD02
:1004D000E674E0CD9C88E1CD6A6BE2CD1659E3CDA0
:1004E0004C8CE4CD2F5FE5CD7E6EE6CDA973E7CDD4
:1004F0007D98E8CD384EE9CDF770EACD8C5BEBCD39
:100500009778ECCD3D63EDCD5A66EECD9676EFCD86
:10051000CB60F0CD9B5BF1CD495AF2CD074EF3CDC8
:100520005581F4CD6A6CF5CD8B73F6CDA14EF7CD28
:100530008967F8CD517FF9CD805FFACDFA65FBCDA3
:100540001B67FCCDD85FFDCD8459FECD015A40CE4E
:10055000198741CE1B8742CE1D8743CE1F8744CECD
:10056000208745CE248746CE268747CE278748CE8C
:10057000288749CE2A874ACE2B874BCE2C874CCE54
:100580002D874DCE2F874ECE30874FCE328750CE1F
:10059000338751CE358752CE368753CE388754CEE7
:1005A000398755CE3A8756CE3C8757CE3D8758CEB1
:1005B000408759CE41875ACE42875BCE43875CCE77
:1005C00044875DCE45875ECE46875FCE4A8760CE44
:1005D0004B8761CE4D8762CE4F8763CE508764CE06
:1005E000518765CE528766CE548767CE558768CED1
:1005F000568769CE58876ACE5A876BCE5B876CCE9A
:100600005C876DCE5D876ECE5E876FCE5F8770CE66
:10061000618771CE628772CE668773CE678774CE2C
:10062000688775CE698776CE6A8777CE6B8778CEF6
:100630006C8779CE6D877ACE6F877BCE71877CCEC3
:1006400072877DCE73877ECE758780CE778781CE89
:10065000788782CE798783CE7A8784CE7F8785CE4E
:10066000808786CE818787CE848788CE868789CE0D
:1006700087878ACE89878BCE8A878CCE8C878DCED2
:100680008E878ECE8F878FCE908790CE918791CE9A
:10069000928792CE948793CE958794CE968795CE67
:1006A000988796CE998797CE9A8798CE9B8799CE32
:1006B0009C879ACE9D879BCE9E879CCEA0879DCE01
:1006C000A1879ECEA2879FCEA387A0CEA487A1CECE
:1006D000CD5DA2CEAE5FA3CE7153A4CEE697A5CEDC
:1006E000DD8FA6CE4568A7CEF456A8CE2F55A9CE4D
:1006F000DF60AACE3A4EABCE4D6FACCEF47EADCE1F
:10070000C782AECE0E84AFCED459B0CE1F4FB1CE7D
:100710002A4FB2CE3E5CB3CEAC7EB4CE2A67B5CE05
:100720001A85B6CE7354B7CE4F75B8CEC380B9CE46
:100730008255BACE4F9BBBCE4D4FBCCE2D6EBDCE9B
:10074000138CBECE095CBFCE7061C0CE6B53C1CEE0
:100750001F76C2CE296EC3CE8A86C4CE8765C5CE2B
:10076000FB95C6CEB97EC7CE3B54C8CE337AC9CE30
:100770000A7DCACEEE95CBCEE155CCCEC17FCDCE93
:10078000EE74CECE1D63CFCE1787D0CEA16DD1CE65
:100790009D7AD2CE1162D3CEA165D4CE6753D5CE89
:1007A000E163D6CE836CD7CEEB5DD8CE5C54D9CE88
:1007B000A894DACE4C4EDBCE616CDCCEEC8BDDCE79
:1007C0004B5CDECEE065DFCE9C82E0CEA768E1CE5A
:1007D0003E54E2CE3454E3CECB6BE4CE666BE5CE32
:1007E000944EE6CE4263E7CE4853E8CE1E82E9CE71
:1007F0000D4FEACEAE4FEBCE5E57ECCE0A62EDCE99
:10080000FE96EECE6466EFCE6972F0CEFF52F1CE68
:10081000A152F2CE9F60F3CEEF8BF4CE1466F5CEEC
:100820009971F6CE9067F7CE7F89F8CE5278F9CEDF
:10083000FD77FACE7066FBCE3B56FCCE3854FDCE2B
:100840002195FECE7A7240CFA58741CFA68742CFB1
:10085000A78743CFA98744CFAA8745CFAE8746CF86
:10086000B08747CFB18748CFB28749CFB4874ACF47
:10087000B6874BCFB7874CCFB8874DCFB9874ECF10
:10088000BB874FCFBC8750CFBE8751CFBF8752CFDA
:10089000C18753CFC28754CFC38755CFC48756CFA4
:1008A000C58757CFC78758CFC88759CFC9875ACF71
:1008B000CC875BCFCD875CCFCE875DCFCF875ECF38
:1008C000D0875FCFD48760CFD58761CFD68762CFFF
:1008D000D78763CFD88764CFD98765CFDA8766CFCC
:1008E000DC8767CFDD8768CFDE8769CFDF876ACF98
:1008F000E1876BCFE2876CCFE3876DCFE4876ECF64
:10090000E6876FCFE78770CFE88771CFE98772CF2F
:10091000EB8773CFEC8774CFED8775CFEF8776CFFA
:10092000F08777CFF18778CFF28779CFF3877ACFC7
:10093000F4877BCFF5877CCFF6877DCFF7877ECF97
:10094000F88780CFFA8781CFFB8782CFFC8783CF60
:10095000FD8784CFFF8785CF008886CF018887CF2A
:10096000028888CF048889CF05888ACF06888BCFF4
:1009700007888CCF08888DCF09888ECF0B888FCFC2
:100980000C8890CF0D8891CF0E8892CF0F8893CF8F
:10099000108894CF118895CF128896CF148897CF5E
:1009A000178898CF188899CF19889ACF1A889BCF23
:1009B0001C889CCF1D889DCF1E889ECF1F889FCFEF
:1009C0002088A0CF2388A1CF007AA2CF6F60A3CFC9
:1009D0000C5EA4CF8960A5CF9D81A6CF1559A7CF66
:1009E000DC60A8CF8471A9CFEF70AACFAA6EABCF7D
:1009F000506CACCF8072ADCF846AAECFAD88AFCF34
:100A00002D5EB0CF604EB1CFB35AB2CF9C55B3CFAD
:100A1000E394B4CF176DB5CFFB7CB6CF9996B7CF23
:100A20000F62B8CFC67EB9CF8E77BACF7E86BBCFE6
:100A30002353BCCF1E97BDCF968FBECF8766BFCF47
:100A4000E15CC0CFA04FC1CFED72C2CF0B4EC3CF80
:100A5000A653C4CF0F59C5CF1354C6CF8063C7CF99
:100A60002895C8CF4851C9CFD94ECACF9C9CCBCF6F
:100A7000A47ECCCFB854CDCF248DCECF5488CFCF49
:100A80003782D0CFF295D1CF8E6DD2CF265FD3CF24
:100A9000CC5AD4CF3E66D5CF6996D6CFB073D7CFD8
:100AA0002E73D8CFBF53D9CF7A81DACF8599DBCFD8
:100AB000A17FDCCFAA5BDDCF7796DECF5096DFCF6C
:100AC000BF7EE0CFF876E1CFA253E2CF7695E3CFB9
:100AD0009999E4CFB17BE5CF4489E6CF586EE7CF53
:100AE000614EE8CFD47FE9CF6579EACFE68BEBCFD3
:100AF000F360ECCFCD54EDCFAB4EEECF7998EFCF86
:100B0000F75DF0CF616AF1CFCF50F2CF1154F3CF40
:100B1000618CF4CF2784F5CF5D78F6CF0497F7CFBB
:100B20004A52F8CFEE54F9CFA356FACF0095FBCF37
:100B3000886DFCCFB55BFDCFC66DFECF536640D050
:100B4000248841D0258842D0268843D0278844D0A5
:100B5000288845D0298846D02A8847D02B8848D075
:100B60002C8849D02D884AD02E884BD02F884CD045
:100B700030884DD031884ED033884FD0348850D013
:100B8000358851D0368852D0378853D0388854D0E1
:100B90003A8855D03B8856D03D8857D03E8858D0AB
:100BA0003F8859D041885AD042885BD043885CD076
:100BB00046885DD047885ED048885FD0498860D03D
:100BC0004A8861D04B8862D04E8863D04F8864D009
:100BD000508865D0518866D0528867D0538868D0D5
:100BE000558869D056886AD058886BD05A886CD09E
:100BF0005B886DD05C886ED05D886FD05E8870D069
:100C00005F8871D0608872D0668873D0678874D02E
:100C10006A8875D06D8876D06F8877D0718878D0E3
:100C2000738879D074887AD075887BD076887CD0A8
:100C300078887DD079887ED07A8880D07B8881D072
:100C40007C8882D0808883D0838884D0868885D031
:100C5000878886D0898887D08A8888D08C8889D0F0
:100C60008E888AD08F888BD090888CD091888DD0B8
:100C700093888ED094888FD0958890D0978891D083
:100C8000988892D0998893D09A8894D09B8895D050
:100C90009D8896D09E8897D09F8898D0A08899D01C
:100CA000A1889AD0A3889BD0A5889CD0A6889DD0E7
:100CB000A7889ED0A8889FD0A988A0D0AA88A1D0B4
:100CC0000F5CA2D05D5BA3D02168A4D09680A5D094
:100CD0007855A6D0117BA7D04865A8D05469A9D073
:100CE0009B4EAAD0476BABD04E87ACD08B97ADD084
:100CF0004F53AED01F63AFD03A64B0D0AA90B1D0FA
:100D00009C65B2D0C180B3D0108CB4D09951B5D00D
:100D1000B068B6D07853B7D0F987B8D0C861B9D029
:100D2000C46CBAD0FB6CBBD0228CBCD0515CBDD0A3
:100D3000AA85BED0AF82BFD00C95C0D0236BC1D0E6
:100D40009B8FC2D0B065C3D0FB5FC4D0C35FC5D09A
:100D5000E14FC6D04588C7D01F66C8D06581C9D0CD
:100D60002973CAD0FA60CBD07451CCD01152CDD0F7
:100D70008B57CED0625FCFD0A290D0D04C88D1D04C
:100D80009291D2D0785ED3D04F67D4D02760D5D09F
:100D9000D359D6D04451D7D0F651D8D0F880D9D035
:100DA0000853DAD0796CDBD0C496DCD08A71DDD000
:100DB000114FDED0EE4FDFD09E7FE0D03D67E1D017
:100DC000C555E2D00895E3D0C079E4D09688E5D047
:100DD000E37EE6D09F58E7D00C62E8D00097E9D0D8
:100DE0005A86EAD01856EBD07B98ECD0905FEDD0C5
:100DF000B88BEED0C484EFD05791F0D0D953F1D056
:100E0000ED65F2D08F5EF3D05C75F4D06460F5D000
:100E10006E7DF6D07F5AF7D0EA7EF8D0ED7EF9D01D
:100E2000698FFAD0A755FBD0A35BFCD0AC60FDD096
:100E3000CB65FED0847340D1AC8841D1AE8842D11D
:100E4000AF8843D1B08844D1B28845D1B38846D168
:100E5000B48847D1B58848D1B68849D1B8884AD135
:100E6000B9884BD1BA884CD1BB884DD1BD884ED101
:100E7000BE884FD1BF8850D1C08851D1C38852D1CC
:100E8000C48853D1C78854D1C88855D1CA8856D18F
:100E9000CB8857D1CC8858D1CD8859D1CF885AD159
:100EA000D0885BD1D1885CD1D3885DD1D6885ED122
:100EB000D7885FD1DA8860D1DB8861D1DC8862D1E4
:100EC000DD8863D1DE8864D1E08865D1E18866D1B0
:100ED000E68867D1E78868D1E98869D1EA886AD16C
:100EE000EB886BD1EC886CD1ED886DD1EE886ED13A
:100EF000EF886FD1F28870D1F58871D1F68872D100
:100F0000F78873D1FA8874D1FB8875D1FD8876D1C2
:100F1000FF8877D1008978D1018979D103897AD185
:100F200004897BD105897CD106897DD107897ED151
:100F3000088980D1098981D10B8982D10C8983D11B
:100F40000D8984D10E8985D10F8986D1118987D1E8
:100F5000148988D1158989D116898AD117898BD1AD
:100F600018898CD11C898DD11D898ED11E898FD174
:100F70001F8990D1208991D1228992D1238993D13F
:100F8000248994D1268995D1278996D1288997D10A
:100F9000298998D12C8999D12D899AD12E899BD1D3
:100FA0002F899CD131899DD132899ED133899FD19E
:100FB0003589A0D13789A1D10990A2D16376A3D177
:100FC0002977A4D1DA7EA5D17497A6D19B85A7D124
:100FD000665BA8D1747AA9D1EA96AAD14088ABD130
:100FE000CB52ACD18F71ADD1AA5FAED1EC65AFD190
:100FF000E28BB0D1FB5BB1D16F9AB2D1E15DB3D1DD
:10100000896BB4D15B6CB5D1AD8BB6D1AF8BB7D199
:101010000A90B8D1C58FB9D18B53BAD1BC62BBD1BC
:10102000269EBCD12D9EBDD14054BED12B4EBFD1EA
:10103000BD82C0D15972C1D19C86C2D1165DC3D1C7
:101040005988C4D1AF6DC5D1C596C6D1D154C7D1C9
:101050009A4EC8D1B68BC9D10971CAD1BD54CBD172
:101060000996CCD1DF70CDD1F96DCED1D076CFD16C
:10107000254ED0D11478D1D11287D2D1A95CD3D149
:10108000F65ED4D1008AD5D19C98D6D10E96D7D110
:101090008E70D8D1BF6CD9D14459DAD1A963DBD1D4
:1010A0003C77DCD14D88DDD1146FDED17382DFD186
:1010B0003058E0D1D571E1D18C53E2D11A78E3D127
:1010C000C196E4D10155E5D1665FE6D13071E7D133
:1010D000B45BE8D11A8CE9D18C9AEAD1836BEBD15D
:1010E0002E59ECD12F9EEDD1E779EED16867EFD183
:1010F0006C62F0D16F4FF1D1A175F2D18A7FF3D13B
:101100000B6DF4D13396F5D1276CF6D1F04EF7D1B3
:10111000D275F8D17B51F9D13768FAD13E6FFBD146
:101120008090FCD17081FDD19659FED1767440D269
:10113000388941D2398942D23A8943D23B8944D253
:101140003C8945D23D8946D23E8947D23F8948D223
:10115000408949D242894AD243894BD245894CD2EF
:1011600046894DD247894ED248894FD2498950D2BB
:101170004A8951D24B8952D24C8953D24D8954D28B
:101180004E8955D24F8956D2508957D2518958D25B
:10119000528959D253895AD254895BD255895CD22B
:1011A00056895DD257895ED258895FD2598960D2FB
:1011B0005A8961D25B8962D25C8963D25D8964D2CB
:1011C000608965D2618966D2628967D2638968D293
:1011D000648969D265896AD267896BD268896CD261
:1011E00069896DD26A896ED26B896FD26C8970D22F
:1011F0006D8971D26E8972D26F8973D2708974D2FF
:10120000718975D2728976D2738977D2748978D2CE
:10121000758979D276897AD277897BD278897CD29E
:1012200079897DD27A897ED27C8980D27D8981D26A
:101230007E8982D2808983D2828984D2848985D230
:10124000858986D2878987D2888988D2898989D2F7
:101250008A898AD28B898BD28C898CD28D898DD2C6
:101260008E898ED28F898FD2908990D2918991D296
:10127000928992D2938993D2948994D2958995D266
:10128000968996D2978997D2988998D2998999D236
:101290009A899AD29B899BD29C899CD29D899DD206
:1012A0009E899ED29F899FD2A089A0D2A189A1D2D6
:1012B0004764A2D2275CA3D26590A4D2917AA5D22A
:1012C000238CA6D2DA59A7D2AC54A8D20082A9D2D4
:1012D0006F83AAD28189ABD20080ACD23069ADD203
:1012E0004E56AED23680AFD23772B0D2CE91B1D296
:1012F000B651B2D25F4EB3D27598B4D29663B5D21E
:101300001A4EB6D2F653B7D2F366B8D24B81B9D2E1
:101310001C59BAD2B26DBBD2004EBCD2F958BDD264
:101320003B53BED2D663BFD2F194C0D29D4FC1D23F
:101330000A4FC2D26388C3D29098C4D23759C5D25B
:101340005790C6D2FB79C7D2EA4EC8D2F080C9D234
:101350009175CAD2826CCBD29C5BCCD2E859CDD2EB
:101360005D5FCED20569CFD28186D0D21A50D1D25C
:10137000F25DD2D2594ED3D2E377D4D2E54ED5D254
:101380007A82D6D29162D7D21366D8D29190D9D22E
:10139000795CDAD2BF4EDBD2795FDCD2C681DDD296
:1013A0003890DED28480DFD2AB75E0D2A64EE1D297
:1013B000D488E2D20F61E3D2C56BE4D2C65FE5D236
:1013C000494EE6D2CA76E7D2A26EE8D2E38BE9D2E2
:1013D000AE8BEAD20A8CEBD2D18BECD2025FEDD28B
:1013E000FC7FEED2CC7FEFD2CE7EF0D23583F1D22D
:1013F0006B83F2D2E056F3D2B76BF4D2F397F5D207
:101400003496F6D2FB59F7D21F54F8D2F694F9D29B
:10141000EB6DFAD2C55BFBD26E99FCD2395CFDD282
:10142000155FFED2909640D3A28941D3A38942D3BF
:10143000A48943D3A58944D3A68945D3A78946D394
:10144000A88947D3A98948D3AA8949D3AB894AD364
:10145000AC894BD3AD894CD3AE894DD3AF894ED334
:10146000B0894FD3B18950D3B28951D3B38952D304
:10147000B48953D3B58954D3B68955D3B78956D3D4
:10148000B88957D3B98958D3BA8959D3BB895AD3A4
:10149000BC895BD3BD895CD3BE895DD3BF895ED374
:1014A000C0895FD3C38960D3CD8961D3D38962D327
:1014B000D48963D3D58964D3D78965D3D88966D3D2
:1014C000D98967D3DB8968D3DD8969D3DF896AD39A
:1014D000E0896BD3E1896CD3E2896DD3E4896ED363
:1014E000E7896FD3E88970D3E98971D3EA8972D328
:1014F000EC8973D3ED8974D3EE8975D3F08976D3F3
:10150000F18977D3F28978D3F48979D3F5897AD3BD
:10151000F6897BD3F7897CD3F8897DD3F9897ED38B
:10152000FA8980D3FB8981D3FC8982D3FD8983D357
:10153000FE8984D3FF8985D3018A86D3028A87D323
:10154000038A88D3048A89D3058A8AD3068A8BD3EF
:10155000088A8CD3098A8DD30A8A8ED30B8A8FD3BB
:101560000C8A90D30D8A91D30E8A92D30F8A93D38B
:10157000108A94D3118A95D3128A96D3138A97D35B
:10158000148A98D3158A99D3168A9AD3178A9BD32B
:10159000188A9CD3198A9DD31A8A9ED31B8A9FD3FB
:1015A0001C8AA0D31D8AA1D37053A2D3F182A3D3E6
:1015B000316AA4D3745AA5D3709EA6D3945EA7D3E0
:1015C000287FA8D3B983A9D32484AAD32584ABD3F5
:1015D0006783ACD34787ADD3CE8FAED3628DAFD305
:1015E000C876B0D3715FB1D39698B2D36C78B3D3C9
:1015F0002066B4D3DF54B5D3E562B6D3634FB7D317
:10160000C381B8D3C875B9D3B85EBAD3CD96BBD3AE
:101610000A8EBCD3F986BDD38F54BED3F36CBFD32F
:101620008C6DC0D3386CC1D37F60C2D3C752C3D3D3
:101630002875C4D37D5EC5D3184FC6D3A060C7D369
:10164000E75FC8D3245CC9D33175CAD3AE90CBD37E
:10165000C094CCD3B972CDD3B96CCED3386ECFD3BE
:101660004991D0D30967D1D3CB53D2D3F353D3D33A
:10167000514FD4D3C991D5D3F18BD6D3C853D7D337
:101680007C5ED8D3C28FD9D3E46DDAD38E4EDBD350
:10169000C276DCD38669DDD35E86DED31A61DFD302
:1016A0000682E0D3594FE1D3DE4FE2D33E90E3D33D
:1016B0007C9CE4D30961E5D31D6EE6D3146EE7D3B9
:1016C0008596E8D3884EE9D3315AEAD3E896EBD32E
:1016D0000E4EECD37F5CEDD3B979EED3875BEFD3BD
:1016E000ED8BF0D3BD7FF1D38973F2D3DF57F3D302
:1016F0008B82F4D3C190F5D30154F6D34790F7D33E
:10170000BB55F8D3EA5CF9D3A15FFAD30861FBD3E8
:10171000326BFCD3F172FDD3B280FED3898A40D400
:101720001E8A41D41F8A42D4208A43D4218A44D4B9
:10173000228A45D4238A46D4248A47D4258A48D489
:10174000268A49D4278A4AD4288A4BD4298A4CD459
:101750002A8A4DD42B8A4ED42C8A4FD42D8A50D429
:101760002E8A51D42F8A52D4308A53D4318A54D4F9
:10177000328A55D4338A56D4348A57D4358A58D4C9
:10178000368A59D4378A5AD4388A5BD4398A5CD499
:101790003A8A5DD43B8A5ED43C8A5FD43D8A60D469
:1017A0003F8A61D4408A62D4418A63D4428A64D435
:1017B000438A65D4448A66D4458A67D4468A68D405
:1017C000478A69D4498A6AD44A8A6BD44B8A6CD4D2
:1017D0004C8A6DD44D8A6ED44E8A6FD44F8A70D4A1
:1017E000508A71D4518A72D4528A73D4538A74D471
:1017F000548A75D4558A76D4568A77D4578A78D441
:10180000588A79D4598A7AD45A8A7BD45B8A7CD410
:101810005C8A7DD45D8A7ED45E8A80D45F8A81D4DE
:10182000608A82D4618A83D4628A84D4638A85D4AC
:10183000648A86D4658A87D4668A88D4678A89D47C
:10184000688A8AD4698A8BD46A8A8CD46B8A8DD44C
:101850006C8A8ED46D8A8FD46E8A90D46F8A91D41C
:10186000708A92D4718A93D4728A94D4738A95D4EC
:10187000748A96D4758A97D4768A98D4778A99D4BC
:10188000788A9AD47A8A9BD47B8A9CD47C8A9DD489
:101890007D8A9ED47E8A9FD47F8AA0D4808AA1D458
:1018A000746DA2D4D35BA3D4D588A4D48498A5D4D2
:1018B0006B8CA6D46D9AA7D4339EA8D40A6EA9D4F3
:1018C000A451AAD44351ABD4A357ACD48188ADD48E
:1018D0009F53AED4F463AFD4958FB0D4ED56B1D44A
:1018E0005854B2D40657B3D43F73B4D4906EB5D421
:1018F000187FB6D4DC8FB7D4D182B8D43F61B9D4C5
:101900002860BAD46296BBD4F066BCD4A67EBDD49F
:101910008A8DBED4C38DBFD4A594C0D4B35CC1D4CA
:10192000A47CC2D40867C3D4A660C4D40596C5D429
:101930001880C6D4914EC7D4E790C8D40053C9D4F8
:101940006896CAD44151CBD4D08FCCD47485CDD431
:101950005D91CED45566CFD4F597D0D4555BD1D414
:101960001D53D2D43878D3D44267D4D43D68D5D46B
:10197000C954D6D47E70D7D4B05BD8D47D8FD9D497
:101980008D51DAD42857DBD4B154DCD41265DDD4C0
:101990008266DED45E8DDFD4438DE0D40F81E1D446
:1019A0006C84E2D46D90E3D4DF7CE4D4FF51E5D4C1
:1019B000FB85E6D4A367E7D4E965E8D4A16FE9D451
:1019C000A486EAD4818EEBD46A56ECD42090EDD470
:1019D0008276EED47670EFD4E571F0D4238DF1D415
:1019E000E962F2D41952F3D4FD6CF4D43C8DF5D4F1
:1019F0000E60F6D49E58F7D48E61F8D4FE66F9D402
:101A0000608DFAD44E62FBD4B355FCD4236EFDD462
:101A10002D67FED4678F40D5818A41D5828A42D511
:101A2000838A43D5848A44D5858A45D5868A46D516
:101A3000878A47D5888A48D58B8A49D58C8A4AD5E2
:101A40008D8A4BD58E8A4CD58F8A4DD5908A4ED5AE
:101A5000918A4FD5928A50D5948A51D5958A52D57C
:101A6000968A53D5978A54D5988A55D5998A56D54A
:101A70009A8A57D59B8A58D59C8A59D59D8A5AD51A
:101A80009E8A5BD59F8A5CD5A08A5DD5A18A5ED5EA
:101A9000A28A5FD5A38A60D5A48A61D5A58A62D5BA
:101AA000A68A63D5A78A64D5A88A65D5A98A66D58A
:101AB000AA8A67D5AB8A68D5AC8A69D5AD8A6AD55A
:101AC000AE8A6BD5AF8A6CD5B08A6DD5B18A6ED52A
:101AD000B28A6FD5B38A70D5B48A71D5B58A72D5FA
:101AE000B68A73D5B78A74D5B88A75D5B98A76D5CA
:101AF000BA8A77D5BB8A78D5BC8A79D5BD8A7AD59A
:101B0000BE8A7BD5BF8A7CD5C08A7DD5C18A7ED569
:101B1000C28A80D5C38A81D5C48A82D5C58A83D535
:101B2000C68A84D5C78A85D5C88A86D5C98A87D505
:101B3000CA8A88D5CB8A89D5CC8A8AD5CD8A8BD5D5
:101B4000CE8A8CD5CF8A8DD5D08A8ED5D18A8FD5A5
:101B5000D28A90D5D38A91D5D48A92D5D58A93D575
:101B6000D68A94D5D78A95D5D88A96D5D98A97D545
:101B7000DA8A98D5DB8A99D5DC8A9AD5DD8A9BD515
:101B8000DE8A9CD5DF8A9DD5E08A9ED5E18A9FD5E5
:101B9000E28AA0D5E38AA1D5E194A2D5F895A3D590
:101BA0002877A4D50568A5D5A869A6D58B54A7D54F
:101BB0004D4EA8D5B870A9D5C88BAAD55864ABD559
:101BC0008B65ACD5855BADD5847AAED53A50AFD5B3
:101BD000E85BB0D5BB77B1D5E16BB2D5798AB3D527
:101BE000987CB4D5BE6CB5D5CF76B6D5A965B7D53A
:101BF000978FB8D52D5DB9D5555CBAD53886BBD58C
:101C00000868BCD56053BDD51862BED5D97ABFD59A
:101C10005B6EC0D5FD7EC1D51F6AC2D5E07AC3D543
:101C2000705FC4D5336FC5D5205FC6D58C63C7D56B
:101C3000A86DC8D55667C9D5084ECAD5105ECBD594
:101C4000268DCCD5D74ECDD5C080CED53476CFD548
:101C50009C96D0D5DB62D1D52D66D2D57E62D3D508
:101C6000BC6CD4D5758DD5D56771D6D5697FD7D5E0
:101C70004651D8D58780D9D5EC53DAD56E90DBD5CF
:101C80009862DCD5F254DDD5F086DED5998FDFD5AC
:101C90000580E0D51795E1D51785E2D5D98FE3D535
:101CA000596DE4D5CD73E5D59F65E6D51F77E7D5AA
:101CB0000475E8D52778E9D5FB81EAD51E8DEBD5EB
:101CC0008894ECD5A64FEDD59567EED5B975EFD5CF
:101CD000CA8BF0D50797F1D52F63F2D54795F3D589
:101CE0003596F4D5B884F5D52363F6D54177F7D585
:101CF000815FF8D5F072F9D5894EFAD51460FBD51D
:101D00007465FCD5EF62FDD5636BFED53F6540D6AB
:101D1000E48A41D6E58A42D6E68A43D6E78A44D6A3
:101D2000E88A45D6E98A46D6EA8A47D6EB8A48D673
:101D3000EC8A49D6ED8A4AD6EE8A4BD6EF8A4CD643
:101D4000F08A4DD6F18A4ED6F28A4FD6F38A50D613
:101D5000F48A51D6F58A52D6F68A53D6F78A54D6E3
:101D6000F88A55D6F98A56D6FA8A57D6FB8A58D6B3
:101D7000FC8A59D6FD8A5AD6FE8A5BD6FF8A5CD683
:101D8000008B5DD6018B5ED6028B5FD6038B60D64F
:101D9000048B61D6058B62D6068B63D6088B64D61E
:101DA000098B65D60A8B66D60B8B67D60C8B68D6EB
:101DB0000D8B69D60E8B6AD60F8B6BD6108B6CD6BB
:101DC000118B6DD6128B6ED6138B6FD6148B70D68B
:101DD000158B71D6168B72D6178B73D6188B74D65B
:101DE000198B75D61A8B76D61B8B77D61C8B78D62B
:101DF0001D8B79D61E8B7AD61F8B7BD6208B7CD6FB
:101E0000218B7DD6228B7ED6238B80D6248B81D6C8
:101E1000258B82D6278B83D6288B84D6298B85D693
:101E20002A8B86D62B8B87D62C8B88D62D8B89D662
:101E30002E8B8AD62F8B8BD6308B8CD6318B8DD632
:101E4000328B8ED6338B8FD6348B90D6358B91D602
:101E5000368B92D6378B93D6388B94D6398B95D6D2
:101E60003A8B96D63B8B97D63C8B98D63D8B99D6A2
:101E70003E8B9AD63F8B9BD6408B9CD6418B9DD672
:101E8000428B9ED6438B9FD6448BA0D6458BA1D642
:101E9000275EA2D6C775A3D6D190A4D6C18BA5D6EE
:101EA0009D82A6D69D67A7D62F65A8D63154A9D600
:101EB0001887AAD6E577ABD6A280ACD60281ADD67C
:101EC000416CAED64B4EAFD6C77EB0D64C80B1D6A5
:101ED000F476B2D60D69B3D6966BB4D66762B5D632
:101EE0003C50B6D6844FB7D64057B8D60763B9D65C
:101EF000626BBAD6BE8DBBD6EA53BCD6E865BDD6FA
:101F0000B87EBED6D75FBFD61A63C0D6B763C1D678
:101F1000F381C2D6F481C3D66E7FC4D61C5EC5D60B
:101F2000D95CC6D63652C7D67A66C8D6E979C9D63C
:101F30001A7ACAD6288DCBD69970CCD6D475CDD680
:101F4000DE6ECED6BB6CCFD6927AD0D62D4ED1D601
:101F5000C576D2D6E05FD3D69F94D4D67788D5D62F
:101F6000C87ED6D6CD79D7D6BF80D8D6CD91D9D692
:101F7000F24EDAD6174FDBD61F82DCD66854DDD698
:101F8000DE5DDED6326DDFD6CC8BE0D6A57CE1D629
:101F9000748FE2D69880E3D61A5EE4D69254E5D6E2
:101FA000B176E6D6995BE7D63C66E8D6A49AE9D640
:101FB000E073EAD62A68EBD6DB86ECD63167EDD63D
:101FC0002A73EED6F88BEFD6DB8BF0D61090F1D6D5
:101FD000F97AF2D6DB70F3D66E71F4D6C462F5D618
:101FE000A977F6D63156F7D63B4EF8D65784F9D6B0
:101FF000F167FAD6A952FBD6C086FCD62E8DFDD647
:10200000F894FED6517B40D7468B41D7478B42D7B9
:10201000488B43D7498B44D74A8B45D74B8B46D700
:102020004C8B47D74D8B48D74E8B49D74F8B4AD7D0
:10203000508B4BD7518B4CD7528B4DD7538B4ED7A0
:10204000548B4FD7558B50D7568B51D7578B52D770
:10205000588B53D7598B54D75A8B55D75B8B56D740
:102060005C8B57D75D8B58D75E8B59D75F8B5AD710
:10207000608B5BD7618B5CD7628B5DD7638B5ED7E0
:10208000648B5FD7658B60D7678B61D7688B62D7AE
:10209000698B63D76A8B64D76B8B65D76D8B66D77B
:1020A0006E8B67D76F8B68D7708B69D7718B6AD748
:1020B000728B6BD7738B6CD7748B6DD7758B6ED718
:1020C000768B6FD7778B70D7788B71D7798B72D7E8
:1020D0007A8B73D77B8B74D77C8B75D77D8B76D7B8
:1020E0007E8B77D77F8B78D7808B79D7818B7AD788
:1020F000828B7BD7838B7CD7848B7DD7858B7ED758
:10210000868B80D7878B81D7888B82D7898B83D723
:102110008A8B84D78B8B85D78C8B86D78D8B87D7F3
:102120008E8B88D78F8B89D7908B8AD7918B8BD7C3
:10213000928B8CD7938B8DD7948B8ED7958B8FD793
:10214000968B90D7978B91D7988B92D7998B93D763
:102150009A8B94D79B8B95D79C8B96D79D8B97D733
:102160009E8B98D79F8B99D7AC8B9AD7B18B9BD7E7
:10217000BB8B9CD7C78B9DD7D08B9ED7EA8B9FD725
:10218000098CA0D71E8CA1D74F4FA2D7E86CA3D73C
:102190005D79A4D77B9AA5D79362A6D72A72A7D7D1
:1021A000FD62A8D7134EA9D71678AAD76C8FABD7E4
:1021B000B064ACD75A8DADD7C67BAED76968AFD700
:1021C000845EB0D7C588B1D78659B2D79E64B3D7DD
:1021D000EE58B4D7B672B5D70E69B6D72595B7D72E
:1021E000FD8FB8D7588DB9D76057BAD7007FBBD706
:1021F000068CBCD7C651BDD74963BED7D962BFD7FD
:102200005353C0D74C68C1D72274C2D70183C3D7F8
:102210004C91C4D74455C5D74077C6D77C70C7D733
:102220004A6DC8D77951C9D7A854CAD7448DCBD7DE
:10223000FF59CCD7CB6ECDD7C46DCED75C5BCFD793
:102240002B7DD0D7D44ED1D77D7CD2D7D36ED3D7E8
:10225000505BD4D7EA81D5D70D6ED6D7575BD7D789
:10226000039BD8D7D568D9D72A8EDAD7975BDBD727
:10227000FC7EDCD73B60DDD7B57EDED7B990DFD7FB
:10228000708DE0D74F59E1D7CD63E2D7DF79E3D73F
:10229000B38DE4D75253E5D7CF65E6D75679E7D764
:1022A000C58BE8D73B96E9D7C47EEAD7BB94EBD77A
:1022B000827EECD73456EDD78991EED70067EFD701
:1022C0006A7FF0D70A5CF1D77590F2D72866F3D70A
:1022D000E65DF4D7504FF5D7DE67F6D75A50F7D7FB
:1022E0005C4FF8D75057F9D7A75E40D8388C41D803
:1022F000398C42D83A8C43D83B8C44D83C8C45D856
:102300003D8C46D83E8C47D83F8C48D8408C49D825
:10231000428C4AD8438C4BD8448C4CD8458C4DD8F1
:10232000488C4ED84A8C4FD84B8C50D84D8C51D8B5
:102330004E8C52D84F8C53D8508C54D8518C55D881
:10234000528C56D8538C57D8548C58D8568C59D850
:10235000578C5AD8588C5BD8598C5CD85B8C5DD81C
:102360005C8C5ED85D8C5FD85E8C60D85F8C61D8E9
:10237000608C62D8638C63D8648C64D8658C65D8B3
:10238000668C66D8678C67D8688C68D8698C69D881
:102390006C8C6AD86D8C6BD86E8C6CD86F8C6DD849
:1023A000708C6ED8718C6FD8728C70D8748C71D818
:1023B000758C72D8768C73D8778C74D87B8C75D8E2
:1023C0007C8C76D87D8C77D87E8C78D87F8C79D8A9
:1023D000808C7AD8818C7BD8838C7CD8848C7DD877
:1023E000868C7ED8878C80D8888C81D88B8C82D83C
:1023F0008D8C83D88E8C84D88F8C85D8908C86D801
:10240000918C87D8928C88D8938C89D8958C8AD8CF
:10241000968C8BD8978C8CD8998C8DD89A8C8ED89A
:102420009B8C8FD89C8C90D89D8C91D89E8C92D868
:102430009F8C93D8A08C94D8A18C95D8A28C96D838
:10244000A38C97D8A48C98D8A58C99D8A68C9AD808
:10245000A78C9BD8A88C9CD8A98C9DD8AA8C9ED8D8
:10246000AB8C9FD8AC8CA0D8AD8CA1D88D4EA2D807
:102470000C4EA3D84051A4D8104EA5D8FF5EA6D8C4
:102480004553A7D8154EA8D8984EA9D81E4EAAD8FD
:10249000329BABD86C5BACD86956ADD8284EAED861
:1024A000BA79AFD83F4EB0D81553B1D8474EB2D84D
:1024B0002D59B3D83B72B4D86E53B5D8106CB6D87A
:1024C000DF56B7D8E480B8D89799B9D8D36BBAD8C3
:1024D0007E77BBD8179FBCD8364EBDD89F4EBED88E
:1024E000109FBFD85C4EC0D8694EC1D8934EC2D899
:1024F0008882C3D85B5BC4D86C55C5D80F56C6D884
:10250000C44EC7D88D53C8D89D53C9D8A353CAD871
:10251000A553CBD8AE53CCD86597CDD85D8DCED84A
:102520001A53CFD8F553D0D82653D1D82E53D2D85A
:102530003E53D3D85C8DD4D86653D5D86353D6D800
:102540000252D7D80852D8D80E52D9D82D52DAD83C
:102550003352DBD83F52DCD84052DDD84C52DED863
:102560005E52DFD86152E0D85C52E1D8AF84E2D845
:102570007D52E3D88252E4D88152E5D89052E6D811
:102580009352E7D88251E8D8547FE9D8BB4EEAD8B5
:10259000C34EEBD8C94EECD8C24EEDD8E84EEED8BB
:1025A000E14EEFD8EB4EF0D8DE4EF1D81B4FF2D80B
:1025B000F34EF3D8224FF4D8644FF5D8F54EF6D841
:1025C000254FF7D8274FF8D8094FF9D82B4FFAD80D
:1025D0005E4FFBD8674FFCD83865FDD85A4FFED800
:1025E0005D4F40D9AE8C41D9AF8C42D9B08C43D924
:1025F000B18C44D9B28C45D9B38C46D9B48C47D967
:10260000B58C48D9B68C49D9B78C4AD9B88C4BD936
:10261000B98C4CD9BA8C4DD9BB8C4ED9BC8C4FD906
:10262000BD8C50D9BE8C51D9BF8C52D9C08C53D9D6
:10263000C18C54D9C28C55D9C38C56D9C48C57D9A6
:10264000C58C58D9C68C59D9C78C5AD9C88C5BD976
:10265000C98C5CD9CA8C5DD9CB8C5ED9CC8C5FD946
:10266000CD8C60D9CE8C61D9CF8C62D9D08C63D916
:10267000D18C64D9D28C65D9D38C66D9D48C67D9E6
:10268000D58C68D9D68C69D9D78C6AD9D88C6BD9B6
:10269000D98C6CD9DA8C6DD9DB8C6ED9DC8C6FD986
:1026A000DD8C70D9DE8C71D9DF8C72D9E08C73D956
:1026B000E18C74D9E28C75D9E38C76D9E48C77D926
:1026C000E58C78D9E68C79D9E78C7AD9E88C7BD9F6
:1026D000E98C7CD9EA8C7DD9EB8C7ED9EC8C80D9C5
:1026E000ED8C81D9EE8C82D9EF8C83D9F08C84D992
:1026F000F18C85D9F28C86D9F38C87D9F48C88D962
:10270000F58C89D9F68C8AD9F78C8BD9F88C8CD931
:10271000F98C8DD9FA8C8ED9FB8C8FD9FC8C90D901
:10272000FD8C91D9FE8C92D9FF8C93D9008D94D9D0
:10273000018D95D9028D96D9038D97D9048D98D99D
:10274000058D99D9068D9AD9078D9BD9088D9CD96D
:10275000098D9DD90A8D9ED90B8D9FD90C8DA0D93D
:102760000D8DA1D95F4FA2D9574FA3D9324FA4D90C
:102770003D4FA5D9764FA6D9744FA7D9914FA8D967
:10278000894FA9D9834FAAD98F4FABD97E4FACD9E6
:102790007B4FADD9AA4FAED97C4FAFD9AC4FB0D992
:1027A000944FB1D9E64FB2D9E84FB3D9EA4FB4D973
:1027B000C54FB5D9DA4FB6D9E34FB7D9DC4FB8D941
:1027C000D14FB9D9DF4FBAD9F84FBBD92950BCD9AD
:1027D0004C50BDD9F34FBED92C50BFD90F50C0D9E2
:1027E0002E50C1D92D50C2D9FE4FC3D91C50C4D9C7
:1027F0000C50C5D92550C6D92850C7D97E50C8D944
:102800004350C9D95550CAD94850CBD94E50CCD9CC
:102810006C50CDD97B50CED9A550CFD9A750D0D9A7
:10282000A950D1D9BA50D2D9D650D3D90651D4D97A
:10283000ED50D5D9EC50D6D9E650D7D9EE50D8D9ED
:102840000751D9D90B51DAD9DD4EDBD93D6CDCD932
:10285000584FDDD9654FDED9CE4FDFD9A09FE0D9E3
:10286000466CE1D9747CE2D96E51E3D9FD5DE4D9BF
:10287000C99EE5D99899E6D98151E7D91459E8D983
:10288000F952E9D90D53EAD9078AEBD91053ECD99B
:10289000EB51EDD91959EED95551EFD9A04EF0D9D8
:1028A0005651F1D9B34EF2D96E88F3D9A488F4D930
:1028B000B54EF5D91481F6D9D288F7D98079F8D9EF
:1028C000345BF9D90388FAD9B87FFBD9AB51FCD96D
:1028D000B151FDD9BD51FED9BC5140DA0E8D41DA5E
:1028E0000F8D42DA108D43DA118D44DA128D45DAFC
:1028F000138D46DA148D47DA158D48DA168D49DACC
:10290000178D4ADA188D4BDA198D4CDA1A8D4DDA9B
:102910001B8D4EDA1C8D4FDA208D50DA518D51DA35
:10292000528D52DA578D53DA5F8D54DA658D55DA50
:10293000688D56DA698D57DA6A8D58DA6C8D59DAF6
:102940006E8D5ADA6F8D5BDA718D5CDA728D5DDABD
:10295000788D5EDA798D5FDA7A8D60DA7B8D61DA77
:102960007C8D62DA7D8D63DA7E8D64DA7F8D65DA47
:10297000808D66DA828D67DA838D68DA868D69DA12
:10298000878D6ADA888D6BDA898D6CDA8C8D6DDAD9
:102990008D8D6EDA8E8D6FDA8F8D70DA908D71DAA3
:1029A000928D72DA938D73DA958D74DA968D75DA6D
:1029B000978D76DA988D77DA998D78DA9A8D79DA3B
:1029C0009B8D7ADA9C8D7BDA9D8D7CDA9E8D7DDA0B
:1029D000A08D7EDAA18D80DAA28D81DAA48D82DAD3
:1029E000A58D83DAA68D84DAA78D85DAA88D86DA9F
:1029F000A98D87DAAA8D88DAAB8D89DAAC8D8ADA6F
:102A0000AD8D8BDAAE8D8CDAAF8D8DDAB08D8EDA3E
:102A1000B28D8FDAB68D90DAB78D91DAB98D92DA00
:102A2000BB8D93DABD8D94DAC08D95DAC18D96DABF
:102A3000C28D97DAC58D98DAC78D99DAC88D9ADA82
:102A4000C98D9BDACA8D9CDACD8D9DDAD08D9EDA48
:102A5000D28D9FDAD38DA0DAD48DA1DAC751A2DA54
:102A60009651A3DAA251A4DAA551A5DAA08BA6DA71
:102A7000A68BA7DAA78BA8DAAA8BA9DAB48BAADA75
:102A8000B58BABDAB78BACDAC28BADDAC38BAEDA0F
:102A9000CB8BAFDACF8BB0DACE8BB1DAD28BB2DAA6
:102AA000D38BB3DAD48BB4DAD68BB5DAD88BB6DA6B
:102AB000D98BB7DADC8BB8DADF8BB9DAE08BBADA2C
:102AC000E48BBBDAE88BBCDAE98BBDDAEE8BBEDADD
:102AD000F08BBFDAF38BC0DAF68BC1DAF98BC2DA8E
:102AE000FC8BC3DAFF8BC4DA008CC5DA028CC6DA41
:102AF000048CC7DA078CC8DA0C8CC9DA0F8CCADAF6
:102B0000118CCBDA128CCCDA148CCDDA158CCEDAAF
:102B1000168CCFDA198CD0DA1B8CD1DA188CD2DA79
:102B20001D8CD3DA1F8CD4DA208CD5DA218CD6DA3E
:102B3000258CD7DA278CD8DA2A8CD9DA2B8CDADAFA
:102B40002E8CDBDA2F8CDCDA328CDDDA338CDEDAB9
:102B5000358CDFDA368CE0DA6953E1DA7A53E2DA7F
:102B60001D96E3DA2296E4DA2196E5DA3196E6DA82
:102B70002A96E7DA3D96E8DA3C96E9DA4296EADA0E
:102B80004996EBDA5496ECDA5F96EDDA6796EEDA70
:102B90006C96EFDA7296F0DA7496F1DA8896F2DAD9
:102BA0008D96F3DA9796F4DAB096F5DA9790F6DA2E
:102BB0009B90F7DA9D90F8DA9990F9DAAC90FADA0E
:102BC000A190FBDAB490FCDAB390FDDAB690FEDAAD
:102BD000BA9040DBD58D41DBD88D42DBD98D43DB0C
:102BE000DC8D44DBE08D45DBE18D46DBE28D47DBB0
:102BF000E58D48DBE68D49DBE78D4ADBE98D4BDB74
:102C0000ED8D4CDBEE8D4DDBF08D4EDBF18D4FDB32
:102C1000F28D50DBF48D51DBF68D52DBFC8D53DBF6
:102C2000FE8D54DBFF8D55DB008E56DB018E57DBAE
:102C3000028E58DB038E59DB048E5ADB068E5BDB7B
:102C4000078E5CDB088E5DDB0B8E5EDB0D8E5FDB43
:102C50000E8E60DB108E61DB118E62DB128E63DB09
:102C6000138E64DB158E65DB168E66DB178E67DBD5
:102C7000188E68DB198E69DB1A8E6ADB1B8E6BDBA4
:102C80001C8E6CDB208E6DDB218E6EDB248E6FDB69
:102C9000258E70DB268E71DB278E72DB288E73DB30
:102CA0002B8E74DB2D8E75DB308E76DB328E77DBF0
:102CB000338E78DB348E79DB368E7ADB378E7BDBB6
:102CC000388E7CDB3B8E7DDB3C8E7EDB3E8E80DB7C
:102CD0003F8E81DB438E82DB458E83DB468E84DB39
:102CE0004C8E85DB4D8E86DB4E8E87DB4F8E88DBF0
:102CF000508E89DB538E8ADB548E8BDB558E8CDBBA
:102D0000568E8DDB578E8EDB588E8FDB5A8E90DB86
:102D10005B8E91DB5C8E92DB5D8E93DB5E8E94DB53
:102D20005F8E95DB608E96DB618E97DB628E98DB23
:102D3000638E99DB648E9ADB658E9BDB678E9CDBF2
:102D4000688E9DDB6A8E9EDB6B8E9FDB6E8EA0DBBA
:102D5000718EA1DBB890A2DBB090A3DBCF90A4DB97
:102D6000C590A5DBBE90A6DBD090A7DBC490A8DB06
:102D7000C790A9DBD390AADBE690ABDBE290ACDB9B
:102D8000DC90ADDBD790AEDBDB90AFDBEB90B0DB64
:102D9000EF90B1DBFE90B2DB0491B3DB2291B4DBA8
:102DA0001E91B5DB2391B6DB3191B7DB2F91B8DBF8
:102DB0003991B9DB4391BADB4691BBDB0D52BCDBE9
:102DC0004259BDDBA252BEDBAC52BFDBAD52C0DB11
:102DD000BE52C1DBFF54C2DBD052C3DBD652C4DBD0
:102DE000F052C5DBDF53C6DBEE71C7DBCD77C8DB46
:102DF000F45EC9DBF551CADBFC51CBDB2F9BCCDB8E
:102E0000B653CDDB015FCEDB5A75CFDBEF5DD0DB98
:102E10004C57D1DBA957D2DBA157D3DB7E58D4DB8B
:102E2000BC58D5DBC558D6DBD158D7DB2957D8DB02
:102E30002C57D9DB2A57DADB3357DBDB3957DCDB9E
:102E40002E57DDDB2F57DEDB5C57DFDB3B57E0DB4C
:102E50004257E1DB6957E2DB8557E3DB6B57E4DB85
:102E60008657E5DB7C57E6DB7B57E7DB6857E8DB1B
:102E70006D57E9DB7657EADB7357EBDBAD57ECDBDD
:102E8000A457EDDB8C57EEDBB257EFDBCF57F0DB0F
:102E9000A757F1DBB457F2DB9357F3DBA057F4DB12
:102EA000D557F5DBD857F6DBDA57F7DBD957F8DB20
:102EB000D257F9DBB857FADBF457FBDBEF57FCDBF3
:102EC000F857FDDBE457FEDBDD5740DC738E41DC59
:102ED000758E42DC778E43DC788E44DC798E45DC5F
:102EE0007A8E46DC7B8E47DC7D8E48DC7E8E49DC2C
:102EF000808E4ADC828E4BDC838E4CDC848E4DDCF3
:102F0000868E4EDC888E4FDC898E50DC8A8E51DCBA
:102F10008B8E52DC8C8E53DC8D8E54DC8E8E55DC89
:102F2000918E56DC928E57DC938E58DC958E59DC50
:102F3000968E5ADC978E5BDC988E5CDC998E5DDC1D
:102F40009A8E5EDC9B8E5FDC9D8E60DC9F8E61DCEA
:102F5000A08E62DCA18E63DCA28E64DCA38E65DCB5
:102F6000A48E66DCA58E67DCA68E68DCA78E69DC85
:102F7000A88E6ADCA98E6BDCAA8E6CDCAD8E6DDC53
:102F8000AE8E6EDCB08E6FDCB18E70DCB38E71DC19
:102F9000B48E72DCB58E73DCB68E74DCB78E75DCE5
:102FA000B88E76DCB98E77DCBB8E78DCBC8E79DCB3
:102FB000BD8E7ADCBE8E7BDCBF8E7CDCC08E7DDC81
:102FC000C18E7EDCC28E80DCC38E81DCC48E82DC4E
:102FD000C58E83DCC68E84DCC78E85DCC88E86DC1D
:102FE000C98E87DCCA8E88DCCB8E89DCCC8E8ADCED
:102FF000CD8E8BDCCF8E8CDCD08E8DDCD18E8EDCBA
:10300000D28E8FDCD38E90DCD48E91DCD58E92DC88
:10301000D68E93DCD78E94DCD88E95DCD98E96DC58
:10302000DA8E97DCDB8E98DCDC8E99DCDD8E9ADC28
:10303000DE8E9BDCDF8E9CDCE08E9DDCE18E9EDCF8
:10304000E28E9FDCE38EA0DCE48EA1DC0B58A2DCD8
:103050000D58A3DCFD57A4DCED57A5DC0058A6DC19
:103060001E58A7DC1958A8DC4458A9DC2058AADC53
:103070006558ABDC6C58ACDC8158ADDC8958AEDCF3
:103080009A58AFDC8058B0DCA899B1DC199FB2DC4B
:10309000FF61B3DC7982B4DC7D82B5DC7F82B6DC93
:1030A0008F82B7DC8A82B8DCA882B9DC8482BADC81
:1030B0008E82BBDC9182BCDC9782BDDC9982BEDC57
:1030C000AB82BFDCB882C0DCBE82C1DCB082C2DCB5
:1030D000C882C3DCCA82C4DCE382C5DC9882C6DC59
:1030E000B782C7DCAE82C8DCCB82C9DCCC82CADC4A
:1030F000C182CBDCA982CCDCB482CDDCA182CEDC67
:10310000AA82CFDC9F82D0DCC482D1DCCE82D2DC2A
:10311000A482D3DCE182D4DC0983D5DCF782D6DC5F
:10312000E482D7DC0F83D8DC0783D9DCDC82DADCED
:10313000F482DBDCD282DCDCD882DDDC0C83DEDCFA
:10314000FB82DFDCD382E0DC1183E1DC1A83E2DC8A
:103150000683E3DC1483E4DC1583E5DCE082E6DC53
:10316000D582E7DC1C83E8DC5183E9DC5B83EADCA5
:103170005C83EBDC0883ECDC9283EDDC3C83EEDCEF
:103180003483EFDC3183F0DC9B83F1DC5E83F2DCA3
:103190002F83F3DC4F83F4DC4783F5DC4383F6DCD9
:1031A0005F83F7DC4083F8DC1783F9DC6083FADCAB
:1031B0002D83FBDC3A83FCDC3383FDDC6683FEDCA1
:1031C000658340DDE58E41DDE68E42DDE78E43DD41
:1031D000E88E44DDE98E45DDEA8E46DDEB8E47DD87
:1031E000EC8E48DDED8E49DDEE8E4ADDEF8E4BDD57
:1031F000F08E4CDDF18E4DDDF28E4EDDF38E4FDD27
:10320000F48E50DDF58E51DDF68E52DDF78E53DDF6
:10321000F88E54DDF98E55DDFA8E56DDFB8E57DDC6
:10322000FC8E58DDFD8E59DDFE8E5ADDFF8E5BDD96
:10323000008F5CDD018F5DDD028F5EDD038F5FDD62
:10324000048F60DD058F61DD068F62DD078F63DD32
:10325000088F64DD098F65DD0A8F66DD0B8F67DD02
:103260000C8F68DD0D8F69DD0E8F6ADD0F8F6BDDD2
:10327000108F6CDD118F6DDD128F6EDD138F6FDDA2
:10328000148F70DD158F71DD168F72DD178F73DD72
:10329000188F74DD198F75DD1A8F76DD1B8F77DD42
:1032A0001C8F78DD1D8F79DD1E8F7ADD1F8F7BDD12
:1032B000208F7CDD218F7DDD228F7EDD238F80DDE1
:1032C000248F81DD258F82DD268F83DD278F84DDAE
:1032D000288F85DD298F86DD2A8F87DD2B8F88DD7E
:1032E0002C8F89DD2D8F8ADD2E8F8BDD2F8F8CDD4E
:1032F000308F8DDD318F8EDD328F8FDD338F90DD1E
:10330000348F91DD358F92DD368F93DD378F94DDED
:10331000388F95DD398F96DD3A8F97DD3B8F98DDBD
:103320003C8F99DD3D8F9ADD3E8F9BDD3F8F9CDD8D
:10333000408F9DDD418F9EDD428F9FDD438FA0DD5D
:10334000448FA1DD6883A2DD1B83A3DD6983A4DD37
:103350006C83A5DD6A83A6DD6D83A7DD6E83A8DDA2
:10336000B083A9DD7883AADDB383ABDDB483ACDDA4
:10337000A083ADDDAA83AEDD9383AFDD9C83B0DD9A
:103380008583B1DD7C83B2DDB683B3DDA983B4DD93
:103390007D83B5DDB883B6DD7B83B7DD9883B8DD8B
:1033A0009E83B9DDA883BADDBA83BBDDBC83BCDDF7
:1033B000C183BDDD0184BEDDE583BFDDD883C0DD13
:1033C0000758C1DD1884C2DD0B84C3DDDD83C4DD95
:1033D000FD83C5DDD683C6DD1C84C7DD3884C8DD2A
:1033E0001184C9DD0684CADDD483CBDDDF83CCDD67
:1033F0000F84CDDD0384CEDDF883CFDDF983D0DD0E
:10340000EA83D1DDC583D2DDC083D3DD2684D4DD5C
:10341000F083D5DDE183D6DD5C84D7DD5184D8DD52
:103420005A84D9DD5984DADD7384DBDD8784DCDD01
:103430008884DDDD7A84DEDD8984DFDD7884E0DD8B
:103440003C84E1DD4684E2DD6984E3DD7684E4DD0D
:103450008C84E5DD8E84E6DD3184E7DD6D84E8DD96
:10346000C184E9DDCD84EADDD084EBDDE684ECDDEA
:10347000BD84EDDDD384EEDDCA84EFDDBF84F0DDF5
:10348000BA84F1DDE084F2DDA184F3DDB984F4DDFA
:10349000B484F5DD9784F6DDE584F7DDE384F8DDBB
:1034A0000C85F9DD0D75FADD3885FBDDF084FCDD7A
:1034B0003985FDDD1F85FEDD3A8540DE458F41DE25
:1034C000468F42DE478F43DE488F44DE498F45DE1C
:1034D0004A8F46DE4B8F47DE4C8F48DE4D8F49DEEC
:1034E0004E8F4ADE4F8F4BDE508F4CDE518F4DDEBC
:1034F000528F4EDE538F4FDE548F50DE558F51DE8C
:10350000568F52DE578F53DE588F54DE598F55DE5B
:103510005A8F56DE5B8F57DE5C8F58DE5D8F59DE2B
:103520005E8F5ADE5F8F5BDE608F5CDE618F5DDEFB
:10353000628F5EDE638F5FDE648F60DE658F61DECB
:103540006A8F62DE808F63DE8C8F64DE928F65DE31
:103550009D8F66DEA08F67DEA18F68DEA28F69DE99
:10356000A48F6ADEA58F6BDEA68F6CDEA78F6DDE63
:10357000AA8F6EDEAC8F6FDEAD8F70DEAE8F71DE28
:10358000AF8F72DEB28F73DEB38F74DEB48F75DEF1
:10359000B58F76DEB78F77DEB88F78DEBA8F79DEBB
:1035A000BB8F7ADEBC8F7BDEBF8F7CDEC08F7DDE83
:1035B000C38F7EDEC68F80DEC98F81DECA8F82DE3A
:1035C000CB8F83DECC8F84DECD8F85DECF8F86DE02
:1035D000D28F87DED68F88DED78F89DEDA8F8ADEBC
:1035E000E08F8BDEE18F8CDEE38F8DDEE78F8EDE6A
:1035F000EC8F8FDEEF8F90DEF18F91DEF28F92DE17
:10360000F48F93DEF58F94DEF68F95DEFA8F96DEDB
:10361000FB8F97DEFC8F98DEFE8F99DEFF8F9ADEA0
:1036200007909BDE08909CDE0C909DDE0E909EDE47
:1036300013909FDE1590A0DE1890A1DE5685A2DEC5
:103640003B85A3DEFF84A4DEFC84A5DE5985A6DECF
:103650004885A7DE6885A8DE6485A9DE5E85AADECA
:103660007A85ABDEA277ACDE4385ADDE7285AEDE59
:103670007B85AFDEA485B0DEA885B1DE8785B2DEAE
:103680008F85B3DE7985B4DEAE85B5DE9C85B6DE8A
:103690008585B7DEB985B8DEB785B9DEB085BADE17
:1036A000D385BBDEC185BCDEDC85BDDEFF85BEDE2D
:1036B0002786BFDE0586C0DE2986C1DE1686C2DE0D
:1036C0003C86C3DEFE5EC4DE085FC5DE3C59C6DE56
:1036D0004159C7DE3780C8DE5559C9DE5A59CADE9E
:1036E0005859CBDE0F53CCDE225CCDDE255CCEDE1E
:1036F0002C5CCFDE345CD0DE4C62D1DE6A62D2DE7E
:103700009F62D3DEBB62D4DECA62D5DEDA62D6DE69
:10371000D762D7DEEE62D8DE2263D9DEF662DADE69
:103720003963DBDE4B63DCDE4363DDDEAD63DEDEAF
:10373000F663DFDE7163E0DE7A63E1DE8E63E2DE94
:10374000B463E3DE6D63E4DEAC63E5DE8A63E6DE8C
:103750006963E7DEAE63E8DEBC63E9DEF263EADEFE
:10376000F863EBDEE063ECDEFF63EDDEC463EEDE08
:10377000DE63EFDECE63F0DE5264F1DEC663F2DEBE
:10378000BE63F3DE4564F4DE4164F5DE0B64F6DE11
:103790001B64F7DE2064F8DE0C64F9DE2664FADED2
:1037A0002164FBDE5E64FCDE8464FDDE6D64FEDEAF
:1037B000966440DF199041DF1C9042DF239043DF85
:1037C000249044DF259045DF279046DF289047DF8F
:1037D000299048DF2A9049DF2B904ADF2C904BDF5D
:1037E00030904CDF31904DDF32904EDF33904FDF21
:1037F000349050DF379051DF399052DF3A9053DFE9
:103800003D9054DF3F9055DF409056DF439057DFA7
:10381000459058DF469059DF48905ADF49905BDF6A
:103820004A905CDF4B905DDF4C905EDF4E905FDF37
:10383000549060DF559061DF569062DF599063DFEE
:103840005A9064DF5C9065DF5D9066DF5E9067DFB5
:103850005F9068DF609069DF61906ADF64906BDF82
:1038600066906CDF67906DDF69906EDF6A906FDF46
:103870006B9070DF6C9071DF6F9072DF709073DF10
:10388000719074DF729075DF739076DF769077DFDA
:10389000779078DF789079DF79907ADF7A907BDFA4
:1038A0007B907CDF7C907DDF7E907EDF819080DF6F
:1038B000849081DF859082DF869083DF879084DF2C
:1038C000899085DF8A9086DF8C9087DF8D9088DFF6
:1038D0008E9089DF8F908ADF90908BDF92908CDFC3
:1038E00094908DDF96908EDF98908FDF9A9090DF86
:1038F0009C9091DF9E9092DF9F9093DFA09094DF49
:10390000A49095DFA59096DFA79097DFA89098DF09
:10391000A99099DFAB909ADFAD909BDFB2909CDFCE
:10392000B7909DDFBC909EDFBD909FDFBF90A0DF72
:10393000C090A1DF7A64A2DFB764A3DFB864A4DF1C
:103940009964A5DFBA64A6DFC064A7DFD064A8DFEE
:10395000D764A9DFE464AADFE264ABDF0965ACDF0A
:103960002565ADDF2E65AEDF0B5FAFDFD25FB0DF69
:103970001975B1DF115FB2DF5F53B3DFF153B4DF0D
:10398000FD53B5DFE953B6DFE853B7DFFB53B8DFCC
:103990001254B9DF1654BADF0654BBDF4B54BCDFF8
:1039A0005254BDDF5354BEDF5454BFDF5654C0DF02
:1039B0004354C1DF2154C2DF5754C3DF5954C4DF1D
:1039C0002354C5DF3254C6DF8254C7DF9454C8DFA6
:1039D0007754C9DF7154CADF6454CBDF9A54CCDF0B
:1039E0009B54CDDF8454CEDF7654CFDF6654D0DFD6
:1039F0009D54D1DFD054D2DFAD54D3DFC254D4DFD5
:103A0000B454D5DFD254D6DFA754D7DFA654D8DFBD
:103A1000D354D9DFD454DADF7254DBDFA354DCDFB4
:103A2000D554DDDFBB54DEDFBF54DFDFCC54E0DF35
:103A3000D954E1DFDA54E2DFDC54E3DFA954E4DFF8
:103A4000AA54E5DFA454E6DFDD54E7DFCF54E8DF16
:103A5000DE54E9DF1B55EADFE754EBDF2055ECDFEE
:103A6000FD54EDDF1455EEDFF354EFDF2255F0DFA8
:103A70002355F1DF0F55F2DF1155F3DF2755F4DF42
:103A80002A55F5DF6755F6DF8F55F7DFB555F8DFB7
:103A90004955F9DF6D55FADF4155FBDF5555FCDF20
:103AA0003F55FDDF5055FEDF3C5540E0C29041E000
:103AB000C39042E0C69043E0C89044E0C99045E01E
:103AC000CB9046E0CC9047E0CD9048E0D29049E0E2
:103AD000D4904AE0D5904BE0D6904CE0D8904DE0A1
:103AE000D9904EE0DA904FE0DE9050E0DF9051E068
:103AF000E09052E0E39053E0E49054E0E59055E02C
:103B0000E99056E0EA9057E0EC9058E0EE9059E0EA
:103B1000F0905AE0F1905BE0F2905CE0F3905DE0B1
:103B2000F5905EE0F6905FE0F79060E0F99061E07C
:103B3000FA9062E0FB9063E0FC9064E0FF9065E047
:103B4000009166E0019167E0039168E0059169E00A
:103B500006916AE007916BE008916CE009916DE0D5
:103B60000A916EE00B916FE00C9170E00D9171E0A5
:103B70000E9172E00F9173E0109174E0119175E075
:103B8000129176E0139177E0149178E0159179E045
:103B900016917AE017917BE018917CE01A917DE014
:103BA0001B917EE01C9180E01D9181E01F9182E0DD
:103BB000209183E0219184E0249185E0259186E0A5
:103BC000269187E0279188E0289189E029918AE071
:103BD0002A918BE02B918CE02C918DE02D918EE041
:103BE0002E918FE0309190E0329191E0339192E00C
:103BF000349193E0359194E0369195E0379196E0D9
:103C0000389197E03A9198E03B9199E03C919AE0A5
:103C10003D919BE03E919CE03F919DE040919EE074
:103C200041919FE04291A0E04491A1E03755A2E08C
:103C30005655A3E07555A4E07655A5E07755A6E066
:103C40003355A7E03055A8E05C55A9E08B55AAE0B4
:103C5000D255ABE08355ACE0B155ADE0B955AEE01F
:103C60008855AFE08155B0E09F55B1E07E55B2E098
:103C7000D655B3E09155B4E07B55B5E0DF55B6E0DD
:103C8000BD55B7E0BE55B8E09455B9E09955BAE0D6
:103C9000EA55BBE0F755BCE0C955BDE01F56BEE094
:103CA000D155BFE0EB55C0E0EC55C1E0D455C2E0C2
:103CB000E655C3E0DD55C4E0C455C5E0EF55C6E0A8
:103CC000E555C7E0F255C8E0F355C9E0CC55CAE068
:103CD000CD55CBE0E855CCE0F555CDE0E455CEE050
:103CE000948FCFE01E56D0E00856D1E00C56D2E0BB
:103CF0000156D3E02456D4E02356D5E0FE55D6E055
:103D00000056D7E02756D8E02D56D9E05856DAE0CD
:103D10003956DBE05756DCE02C56DDE04D56DEE050
:103D20006256DFE05956E0E05C56E1E04C56E2E0D6
:103D30005456E3E08656E4E06456E5E07156E6E06A
:103D40006B56E7E07B56E8E07C56E9E08556EAE012
:103D50009356EBE0AF56ECE0D456EDE0D756EEE0EC
:103D6000DD56EFE0E156F0E0F556F1E0EB56F2E01B
:103D7000F956F3E0FF56F4E00457F5E00A57F6E091
:103D80000957F7E01C57F8E00F5EF9E0195EFAE01A
:103D9000145EFBE0115EFCE0315EFDE03B5EFEE0A8
:103DA0003C5E40E1459141E1479142E1489143E168
:103DB000519144E1539145E1549146E1559147E1D8
:103DC000569148E1589149E159914AE15B914BE1A3
:103DD0005C914CE15F914DE160914EE166914FE164
:103DE000679150E1689151E16B9152E16D9153E11E
:103DF000739154E17A9155E17B9156E17C9157E1C1
:103E0000809158E1819159E182915AE183915BE17E
:103E100084915CE186915DE188915EE18A915FE148
:103E20008E9160E18F9161E1939162E1949163E100
:103E3000959164E1969165E1979166E1989167E1CA
:103E4000999168E19C9169E19D916AE19E916BE194
:103E50009F916CE1A0916DE1A1916EE1A4916FE160
:103E6000A59170E1A69171E1A79172E1A89173E12A
:103E7000A99174E1AB9175E1AC9176E1B09177E1F4
:103E8000B19178E1B29179E1B3917AE1B6917BE1B8
:103E9000B7917CE1B8917DE1B9917EE1BB9180E180
:103EA000BC9181E1BD9182E1BE9183E1BF9184E14A
:103EB000C09185E1C19186E1C29187E1C39188E11A
:103EC000C49189E1C5918AE1C6918BE1C8918CE1E9
:103ED000CB918DE1D0918EE1D2918FE1D39190E1A0
:103EE000D49191E1D59192E1D69193E1D79194E16A
:103EF000D89195E1D99196E1DA9197E1DB9198E13A
:103F0000DD9199E1DE919AE1DF919BE1E0919CE105
:103F1000E1919DE1E2919EE1E3919FE1E491A0E1D5
:103F2000E591A1E1375EA2E1445EA3E1545EA4E124
:103F30005B5EA5E15E5EA6E1615EA7E18C5CA8E147
:103F40007A5CA9E18D5CAAE1905CABE1965CACE1A6
:103F5000885CADE1985CAEE1995CAFE1915CB0E169
:103F60009A5CB1E19C5CB2E1B55CB3E1A25CB4E106
:103F7000BD5CB5E1AC5CB6E1AB5CB7E1B15CB8E1AE
:103F8000A35CB9E1C15CBAE1B75CBBE1C45CBCE174
:103F9000D25CBDE1E45CBEE1CB5CBFE1E55CC0E1CD
:103FA000025DC1E1035DC2E1275DC3E1265DC4E1BD
:103FB0002E5DC5E1245DC6E11E5DC7E1065DC8E179
:103FC0001B5DC9E1585DCAE13E5DCBE1345DCCE1EA
:103FD0003D5DCDE16C5DCEE15B5DCFE16F5DD0E13C
:103FE0005D5DD1E16B5DD2E14B5DD3E14A5DD4E132
:103FF000695DD5E1745DD6E1825DD7E1995DD8E177
:104000009D5DD9E1738CDAE1B75DDBE1C55DDCE193
:10401000735FDDE1775FDEE1825FDFE1875FE0E133
:10402000895FE1E18C5FE2E1955FE3E1995FE4E1C3
:104030009C5FE5E1A85FE6E1AD5FE7E1B55FE8E140
:10404000BC5FE9E16288EAE1615FEBE1AD72ECE15E
:10405000B072EDE1B472EEE1B772EFE1B872F0E187
:10406000C372F1E1C172F2E1CE72F3E1CD72F4E11B
:10407000D272F5E1E872F6E1EF72F7E1E972F8E188
:10408000F272F9E1F472FAE1F772FBE10173FCE11B
:10409000F372FDE10373FEE1FA7240E2E69141E260
:1040A000E79142E2E89143E2E99144E2EA9145E294
:1040B000EB9146E2EC9147E2ED9148E2EE9149E264
:1040C000EF914AE2F0914BE2F1914CE2F2914DE234
:1040D000F3914EE2F4914FE2F59150E2F69151E204
:1040E000F79152E2F89153E2F99154E2FA9155E2D4
:1040F000FB9156E2FC9157E2FD9158E2FE9159E2A4
:10410000FF915AE200925BE201925CE202925DE270
:1041100003925EE204925FE2059260E2069261E23F
:10412000079262E2089263E2099264E20A9265E20F
:104130000B9266E20C9267E20D9268E20E9269E2DF
:104140000F926AE210926BE211926CE212926DE2AF
:1041500013926EE214926FE2159270E2169271E27F
:10416000179272E2189273E2199274E21A9275E24F
:104170001B9276E21C9277E21D9278E21E9279E21F
:104180001F927AE220927BE221927CE222927DE2EF
:1041900023927EE2249280E2259281E2269282E2BC
:1041A000279283E2289284E2299285E22A9286E28B
:1041B0002B9287E22C9288E22D9289E22E928AE25B
:1041C0002F928BE230928CE231928DE232928EE22B
:1041D00033928FE2349290E2359291E2369292E2FB
:1041E000379293E2389294E2399295E23A9296E2CB
:1041F0003B9297E23C9298E23D9299E23E929AE29B
:104200003F929BE240929CE241929DE242929EE26A
:1042100043929FE24492A0E24592A1E2FB72A2E2A5
:104220001773A3E21373A4E22173A5E20A73A6E253
:104230001E73A7E21D73A8E21573A9E22273AAE216
:104240003973ABE22573ACE22C73ADE23873AEE2A6
:104250003173AFE25073B0E24D73B1E25773B2E223
:104260006073B3E26C73B4E26F73B5E27E73B6E26F
:104270001B82B7E22559B8E2E798B9E22459BAE2BD
:104280000259BBE26399BCE26799BDE26899BEE25C
:104290006999BFE26A99C0E26B99C1E26C99C2E286
:1042A0007499C3E27799C4E27D99C5E28099C6E228
:1042B0008499C7E28799C8E28A99C9E28D99CAE2CE
:1042C0009099CBE29199CCE29399CDE29499CEE288
:1042D0009599CFE2805ED0E2915ED1E28B5ED2E230
:1042E000965ED3E2A55ED4E2A05ED5E2B95ED6E2E8
:1042F000B55ED7E2BE5ED8E2B35ED9E2538DDAE2B4
:10430000D25EDBE2D15EDCE2DB5EDDE2E85EDEE2D5
:10431000EA5EDFE2BA81E0E2C45FE1E2C95FE2E2C5
:10432000D65FE3E2CF5FE4E20360E5E2EE5FE6E260
:104330000460E7E2E15FE8E2E45FE9E2FE5FEAE20F
:104340000560EBE20660ECE2EA5FEDE2ED5FEEE2D3
:10435000F85FEFE21960F0E23560F1E22660F2E228
:104360001B60F3E20F60F4E20D60F5E22960F6E213
:104370002B60F7E20A60F8E23F60F9E22160FAE2BE
:104380007860FBE27960FCE27B60FDE27A60FEE24D
:10439000426040E3469241E3479242E3489243E35E
:1043A000499244E34A9245E34B9246E34C9247E3F9
:1043B0004D9248E34E9249E34F924AE350924BE3C9
:1043C00051924CE352924DE353924EE354924FE399
:1043D000559250E3569251E3579252E3589253E369
:1043E000599254E35A9255E35B9256E35C9257E339
:1043F0005D9258E35E9259E35F925AE360925BE309
:1044000061925CE362925DE363925EE364925FE3D8
:10441000659260E3669261E3679262E3689263E3A8
:10442000699264E36A9265E36B9266E36C9267E378
:104430006D9268E36E9269E36F926AE370926BE348
:1044400071926CE372926DE373926EE375926FE317
:10445000769270E3779271E3789272E3799273E3E4
:104460007A9274E37B9275E37C9276E37D9277E3B4
:104470007E9278E37F9279E380927AE381927BE384
:1044800082927CE383927DE384927EE3859280E353
:10449000869281E3879282E3889283E3899284E320
:1044A0008A9285E38B9286E38C9287E38D9288E3F0
:1044B0008F9289E390928AE391928BE392928CE3BC
:1044C00093928DE394928EE395928FE3969290E38C
:1044D000979291E3989292E3999293E39A9294E35C
:1044E0009B9295E39C9296E39D9297E39E9298E32C
:1044F0009F9299E3A0929AE3A1929BE3A2929CE3FC
:10450000A3929DE3A4929EE3A5929FE3A692A0E3CB
:10451000A792A1E36A60A2E37D60A3E39660A4E3AF
:104520009A60A5E3AD60A6E39D60A7E38360A8E37E
:104530009260A9E38C60AAE39B60ABE3EC60ACE320
:10454000BB60ADE3B160AEE3DD60AFE3D860B0E384
:10455000C660B1E3DA60B2E3B460B3E32061B4E310
:104560002661B5E31561B6E32361B7E3F460B8E310
:104570000061B9E30E61BAE32B61BBE34A61BCE3BE
:104580007561BDE3AC61BEE39461BFE3A761C0E3C5
:10459000B761C1E3D461C2E3F561C3E3DD5FC4E3A6
:1045A000B396C5E3E995C6E3EB95C7E3F195C8E398
:1045B000F395C9E3F595CAE3F695CBE3FC95CCE317
:1045C000FE95CDE30396CEE30496CFE30696D0E3C3
:1045D0000896D1E30A96D2E30B96D3E30C96D4E384
:1045E0000D96D5E30F96D6E31296D7E31596D8E34A
:1045F0001696D9E31796DAE31996DBE31A96DCE30D
:104600002C4EDDE33F72DEE31562DFE3356CE0E361
:10461000546CE1E35C6CE2E34A6CE3E3A36CE4E337
:10462000856CE5E3906CE6E3946CE7E38C6CE8E37F
:10463000686CE9E3696CEAE3746CEBE3766CECE3D9
:10464000866CEDE3A96CEEE3D06CEFE3D46CF0E3A1
:10465000AD6CF1E3F76CF2E3F86CF3E3F16CF4E3C7
:10466000D76CF5E3B26CF6E3E06CF7E3D66CF8E3F5
:10467000FA6CF9E3EB6CFAE3EE6CFBE3B16CFCE390
:10468000D36CFDE3EF6CFEE3FE6C40E4A89241E4E2
:10469000A99242E4AA9243E4AB9244E4AC9245E48A
:1046A000AD9246E4AF9247E4B09248E4B19249E457
:1046B000B2924AE4B3924BE4B4924CE4B5924DE426
:1046C000B6924EE4B7924FE4B89250E4B99251E4F6
:1046D000BA9252E4BB9253E4BC9254E4BD9255E4C6
:1046E000BE9256E4BF9257E4C09258E4C19259E496
:1046F000C2925AE4C3925BE4C4925CE4C5925DE466
:10470000C6925EE4C7925FE4C99260E4CA9261E433
:10471000CB9262E4CC9263E4CD9264E4CE9265E401
:10472000CF9266E4D09267E4D19268E4D29269E4D1
:10473000D3926AE4D4926BE4D5926CE4D6926DE4A1
:10474000D7926EE4D8926FE4D99270E4DA9271E471
:10475000DB9272E4DC9273E4DD9274E4DE9275E441
:10476000DF9276E4E09277E4E19278E4E29279E411
:10477000E3927AE4E4927BE4E5927CE4E6927DE4E1
:10478000E7927EE4E89280E4E99281E4EA9282E4AE
:10479000EB9283E4EC9284E4ED9285E4EE9286E47D
:1047A000EF9287E4F09288E4F19289E4F2928AE44D
:1047B000F3928BE4F4928CE4F5928DE4F6928EE41D
:1047C000F7928FE4F89290E4F99291E4FA9292E4ED
:1047D000FB9293E4FC9294E4FD9295E4FE9296E4BD
:1047E000FF9297E4009398E4019399E402939AE48A
:1047F00003939BE404939CE405939DE406939EE459
:1048000007939FE40893A0E40993A1E4396DA2E41F
:10481000276DA3E40C6DA4E4436DA5E4486DA6E404
:10482000076DA7E4046DA8E4196DA9E40E6DAAE470
:104830002B6DABE44D6DACE42E6DADE4356DAEE4A7
:104840001A6DAFE44F6DB0E4526DB1E4546DB2E453
:10485000336DB3E4916DB4E46F6DB5E49E6DB6E471
:10486000A06DB7E45E6DB8E4936DB9E4946DBAE4FD
:104870005C6DBBE4606DBCE47C6DBDE4636DBEE467
:104880001A6EBFE4C76DC0E4C56DC1E4DE6DC2E45D
:104890000E6EC3E4BF6DC4E4E06DC5E4116EC6E402
:1048A000E66DC7E4DD6DC8E4D96DC9E4166ECAE4EF
:1048B000AB6DCBE40C6ECCE4AE6DCDE42B6ECEE4F0
:1048C0006E6ECFE44E6ED0E46B6ED1E4B26ED2E485
:1048D0005F6ED3E4866ED4E4536ED5E4546ED6E4B2
:1048E000326ED7E4256ED8E4446ED9E4DF6EDAE4A4
:1048F000B16EDBE4986EDCE4E06EDDE42D6FDEE4A7
:10490000E26EDFE4A56EE0E4A76EE1E4BD6EE2E4F2
:10491000BB6EE3E4B76EE4E4D76EE5E4B46EE6E4C0
:10492000CF6EE7E48F6EE8E4C26EE9E49F6EEAE4DE
:10493000626FEBE4466FECE4476FEDE4246FEEE466
:10494000156FEFE4F96EF0E42F6FF1E4366FF2E4E7
:104950004B6FF3E4746FF4E42A6FF5E4096FF6E447
:10496000296FF7E4896FF8E48D6FF9E48C6FFAE44E
:10497000786FFBE4726FFCE47C6FFDE47A6FFEE419
:10498000D16F40E50A9341E50B9342E50C9343E573
:104990000D9344E50E9345E50F9346E5109347E5E7
:1049A000119348E5129349E513934AE514934BE5B7
:1049B00015934CE516934DE517934EE518934FE587
:1049C000199350E51A9351E51B9352E51C9353E557
:1049D0001D9354E51E9355E51F9356E5209357E527
:1049E000219358E5229359E523935AE524935BE5F7
:1049F00025935CE526935DE527935EE528935FE5C7
:104A0000299360E52A9361E52B9362E52C9363E596
:104A10002D9364E52E9365E52F9366E5309367E566
:104A2000319368E5329369E533936AE534936BE536
:104A300035936CE536936DE537936EE538936FE506
:104A4000399370E53A9371E53B9372E53C9373E5D6
:104A50003D9374E53F9375E5409376E5419377E5A3
:104A6000429378E5439379E544937AE545937BE572
:104A700046937CE547937DE548937EE5499380E541
:104A80004A9381E54B9382E54C9383E54D9384E50E
:104A90004E9385E54F9386E5509387E5519388E5DE
:104AA000529389E553938AE554938BE555938CE5AE
:104AB00056938DE557938EE558938FE5599390E57E
:104AC0005A9391E55B9392E55C9393E55D9394E54E
:104AD0005E9395E55F9396E5609397E5619398E51E
:104AE000629399E563939AE564939BE565939CE5EE
:104AF00066939DE567939EE568939FE56993A0E5BE
:104B00006B93A1E5C96FA2E5A76FA3E5B96FA4E513
:104B1000B66FA5E5C26FA6E5E16FA7E5EE6FA8E564
:104B2000DE6FA9E5E06FAAE5EF6FABE51A70ACE5C3
:104B30002370ADE51B70AEE53970AFE53570B0E5BB
:104B40004F70B1E55E70B2E5805BB3E5845BB4E5C0
:104B5000955BB5E5935BB6E5A55BB7E5B85BB8E5F6
:104B60002F75B9E59E9ABAE53464BBE5E45BBCE514
:104B7000EE5BBDE53089BEE5F05BBFE5478EC0E585
:104B8000078BC1E5B68FC2E5D38FC3E5D58FC4E5EA
:104B9000E58FC5E5EE8FC6E5E48FC7E5E98FC8E58B
:104BA000E68FC9E5F38FCAE5E88FCBE50590CCE544
:104BB0000490CDE50B90CEE52690CFE51190D0E5A1
:104BC0000D90D1E51690D2E52190D3E53590D4E54E
:104BD0003690D5E52D90D6E52F90D7E54490D8E5D1
:104BE0005190D9E55290DAE55090DBE56890DCE52C
:104BF0005890DDE56290DEE55B90DFE5B966E0E5C3
:104C00007490E1E57D90E2E58290E3E58890E4E54B
:104C10008390E5E58B90E6E5505FE7E5575FE8E5D3
:104C2000565FE9E5585FEAE53B5CEBE5AB54ECE544
:104C3000505CEDE5595CEEE5715BEFE5635CF0E53A
:104C4000665CF1E5BC7FF2E52A5FF3E5295FF4E5F8
:104C50002D5FF5E57482F6E53C5FF7E53B9BF8E5F3
:104C60006E5CF9E58159FAE58359FBE58D59FCE560
:104C7000A959FDE5AA59FEE5A35940E66C9341E622
:104C80006D9342E66E9343E66F9344E6709345E678
:104C9000719346E6729347E6739348E6749349E648
:104CA00075934AE676934BE677934CE678934DE618
:104CB00079934EE67A934FE67B9350E67C9351E6E8
:104CC0007D9352E67E9353E67F9354E6809355E6B8
:104CD000819356E6829357E6839358E6849359E688
:104CE00085935AE686935BE687935CE688935DE658
:104CF00089935EE68A935FE68B9360E68C9361E628
:104D00008D9362E68E9363E6909364E6919365E6F5
:104D1000929366E6939367E6949368E6959369E6C3
:104D200096936AE697936BE698936CE699936DE693
:104D30009A936EE69B936FE69C9370E69D9371E663
:104D40009E9372E69F9373E6A09374E6A19375E633
:104D5000A29376E6A39377E6A49378E6A59379E603
:104D6000A6937AE6A7937BE6A8937CE6A9937DE6D3
:104D7000AA937EE6AB9380E6AC9381E6AD9382E6A0
:104D8000AE9383E6AF9384E6B09385E6B19386E66F
:104D9000B29387E6B39388E6B49389E6B5938AE63F
:104DA000B6938BE6B7938CE6B8938DE6B9938EE60F
:104DB000BA938FE6BB9390E6BC9391E6BD9392E6DF
:104DC000BE9393E6BF9394E6C09395E6C19396E6AF
:104DD000C29397E6C39398E6C49399E6C5939AE67F
:104DE000C6939BE6C7939CE6C8939DE6C9939EE64F
:104DF000CB939FE6CC93A0E6CD93A1E69759A2E68C
:104E0000CA59A3E6AB59A4E69E59A5E6A459A6E65D
:104E1000D259A7E6B259A8E6AF59A9E6D759AAE6EA
:104E2000BE59ABE6055AACE6065AADE6DD59AEE62C
:104E3000085AAFE6E359B0E6D859B1E6F959B2E6F7
:104E40000C5AB3E6095AB4E6325AB5E6345AB6E615
:104E5000115AB7E6235AB8E6135AB9E6405ABAE6E9
:104E6000675ABBE64A5ABCE6555ABDE63C5ABEE60E
:104E7000625ABFE6755AC0E6EC80C1E6AA5AC2E69D
:104E80009B5AC3E6775AC4E67A5AC5E6BE5AC6E6C6
:104E9000EB5AC7E6B25AC8E6D25AC9E6D45ACAE6AD
:104EA000B85ACBE6E05ACCE6E35ACDE6F15ACEE664
:104EB000D65ACFE6E65AD0E6D85AD1E6DC5AD2E640
:104EC000095BD3E6175BD4E6165BD5E6325BD6E624
:104ED000375BD7E6405BD8E6155CD9E61C5CDAE6C2
:104EE0005A5BDBE6655BDCE6735BDDE6515BDEE6C9
:104EF000535BDFE6625BE0E6759AE1E6779AE2E60D
:104F0000789AE3E67A9AE4E67F9AE5E67D9AE6E621
:104F1000809AE7E6819AE8E6859AE9E6889AEAE6E1
:104F20008A9AEBE6909AECE6929AEDE6939AEEE690
:104F3000969AEFE6989AF0E69B9AF1E69C9AF2E64A
:104F40009D9AF3E69F9AF4E6A09AF5E6A29AF6E611
:104F5000A39AF7E6A59AF8E6A79AF9E69F7EFAE6FD
:104F6000A17EFBE6A37EFCE6A57EFDE6A87EFEE62E
:104F7000A97E40E7CE9341E7CF9342E7D09343E742
:104F8000D19344E7D29345E7D39346E7D49347E7D9
:104F9000D59348E7D79349E7D8934AE7D9934BE7A6
:104FA000DA934CE7DB934DE7DC934EE7DD934FE775
:104FB000DE9350E7DF9351E7E09352E7E19353E745
:104FC000E29354E7E39355E7E49356E7E59357E715
:104FD000E69358E7E79359E7E8935AE7E9935BE7E5
:104FE000EA935CE7EB935DE7EC935EE7ED935FE7B5
:104FF000EE9360E7EF9361E7F09362E7F19363E785
:10500000F29364E7F39365E7F49366E7F59367E754
:10501000F69368E7F79369E7F8936AE7F9936BE724
:10502000FA936CE7FB936DE7FC936EE7FD936FE7F4
:10503000FE9370E7FF9371E7009472E7019473E7C2
:10504000029474E7039475E7049476E7059477E790
:10505000069478E7079479E708947AE709947BE760
:105060000A947CE70B947DE70C947EE70D9480E72F
:105070000E9481E70F9482E7109483E7119484E7FC
:10508000129485E7139486E7149487E7159488E7CC
:10509000169489E717948AE718948BE719948CE79C
:1050A0001A948DE71B948EE71C948FE71D9490E76C
:1050B0001E9491E71F9492E7209493E7219494E73C
:1050C000229495E7239496E7249497E7259498E70C
:1050D000269499E727949AE728949BE729949CE7DC
:1050E0002A949DE72B949EE72C949FE72D94A0E7AC
:1050F0002E94A1E7AD7EA2E7B07EA3E7BE7EA4E733
:10510000C07EA5E7C17EA6E7C27EA7E7C97EA8E765
:10511000CB7EA9E7CC7EAAE7D07EABE7D47EACE716
:10512000D77EADE7DB7EAEE7E07EAFE7E17EB0E7BE
:10513000E87EB1E7EB7EB2E7EE7EB3E7EF7EB4E761
:10514000F17EB5E7F27EB6E70D7FB7E7F67EB8E70A
:10515000FA7EB9E7FB7EBAE7FE7EBBE7017FBCE7DC
:10516000027FBDE7037FBEE7077FBFE7087FC0E799
:105170000B7FC1E70C7FC2E70F7FC3E7117FC4E756
:10518000127FC5E7177FC6E7197FC7E71C7FC8E70F
:105190001B7FC9E71F7FCAE7217FCBE7227FCCE7D0
:1051A000237FCDE7247FCEE7257FCFE7267FD0E79B
:1051B000277FD1E72A7FD2E72B7FD3E72C7FD4E765
:1051C0002D7FD5E72F7FD6E7307FD7E7317FD8E730
:1051D000327FD9E7337FDAE7357FDBE77A5EDCE7DA
:1051E0007F75DDE7DB5DDEE73E75DFE79590E0E7A5
:1051F0008E73E1E79173E2E7AE73E3E7A273E4E74E
:105200009F73E5E7CF73E6E7C273E7E7D173E8E79B
:10521000B773E9E7B373EAE7C073EBE7C973ECE789
:10522000C873EDE7E573EEE7D973EFE77C98F0E735
:105230000A74F1E7E973F2E7E773F3E7DE73F4E783
:10524000BA73F5E7F273F6E70F74F7E72A74F8E735
:105250005B74F9E72674FAE72574FBE72874FCE72A
:105260003074FDE72E74FEE72C7440E82F9441E87B
:10527000309442E8319443E8329444E8339445E86A
:10528000349446E8359447E8369448E8379449E83A
:1052900038944AE839944BE83A944CE83B944DE80A
:1052A0003C944EE83D944FE83F9450E8409451E8D8
:1052B000419452E8429453E8439454E8449455E8A6
:1052C000459456E8469457E8479458E8489459E876
:1052D00049945AE84A945BE84B945CE84C945DE846
:1052E0004D945EE84E945FE84F9460E8509461E816
:1052F000519462E8529463E8539464E8549465E8E6
:10530000559466E8569467E8579468E8589469E8B5
:1053100059946AE85A946BE85B946CE85C946DE885
:105320005D946EE85E946FE85F9470E8609471E855
:10533000619472E8629473E8639474E8649475E825
:10534000659476E8669477E8679478E8689479E8F5
:1053500069947AE86A947BE86C947CE86D947DE8C3
:105360006E947EE86F9480E8709481E8719482E88E
:10537000729483E8739484E8749485E8759486E85D
:10538000769487E8779488E8789489E879948AE82D
:105390007A948BE87B948CE87C948DE87D948EE8FD
:1053A0007E948FE87F9490E8809491E8819492E8CD
:1053B000829493E8839494E8849495E8919496E891
:1053C000969497E8989498E8C79499E8CF949AE8C7
:1053D000D3949BE8D4949CE8DA949DE8E6949EE804
:1053E000FB949FE81C95A0E82095A1E81B74A2E817
:1053F0001A74A3E84174A4E85C74A5E85774A6E89D
:105400005574A7E85974A8E87774A9E86D74AAE8F8
:105410007E74ABE89C74ACE88E74ADE88074AEE842
:105420008174AFE88774B0E88B74B1E89E74B2E819
:10543000A874B3E8A974B4E89074B5E8A774B6E8A2
:10544000D274B7E8BA74B8E8EA97B9E8EB97BAE863
:10545000EC97BBE84C67BCE85367BDE85E67BEE805
:105460004867BFE86967C0E8A567C1E88767C2E821
:105470006A67C3E87367C4E89867C5E8A767C6E8C2
:105480007567C7E8A867C8E89E67C9E8AD67CAE856
:105490008B67CBE87767CCE87C67CDE8F067CEE830
:1054A0000968CFE8D867D0E80A68D1E8E967D2E8A8
:1054B000B067D3E80C68D4E8D967D5E8B567D6E813
:1054C000DA67D7E8B367D8E8DD67D9E80068DAE8D3
:1054D000C367DBE8B867DCE8E267DDE80E68DEE8B2
:1054E000C167DFE8FD67E0E83268E1E83368E2E8D9
:1054F0006068E3E86168E4E84E68E5E86268E6E869
:105500004468E7E86468E8E88368E9E81D68EAE871
:105510005568EBE86668ECE84168EDE86768EEE836
:105520004068EFE83E68F0E84A68F1E84968F2E868
:105530002968F3E8B568F4E88F68F5E87468F6E878
:105540007768F7E89368F8E86B68F9E8C268FAE802
:105550006E69FBE8FC68FCE81F69FDE82069FEE86D
:10556000F96840E9279541E9339542E93D9543E9DA
:10557000439544E9489545E94B9546E9559547E9F2
:105580005A9548E9609549E96E954AE974954BE961
:1055900075954CE977954DE978954EE979954FE900
:1055A0007A9550E97B9551E97C9552E97D9553E9CF
:1055B0007E9554E9809555E9819556E9829557E99C
:1055C000839558E9849559E985955AE986955BE96B
:1055D00087955CE988955DE989955EE98A955FE93B
:1055E0008B9560E98C9561E98D9562E98E9563E90B
:1055F0008F9564E9909565E9919566E9929567E9DB
:10560000939568E9949569E995956AE996956BE9AA
:1056100097956CE998956DE999956EE99A956FE97A
:105620009B9570E99C9571E99D9572E99E9573E94A
:105630009F9574E9A09575E9A19576E9A29577E91A
:10564000A39578E9A49579E9A5957AE9A6957BE9EA
:10565000A7957CE9A8957DE9A9957EE9AA9580E9B9
:10566000AB9581E9AC9582E9AD9583E9AE9584E986
:10567000AF9585E9B09586E9B19587E9B29588E956
:10568000B39589E9B4958AE9B5958BE9B6958CE926
:10569000B7958DE9B8958EE9B9958FE9BA9590E9F6
:1056A000BB9591E9BC9592E9BD9593E9BE9594E9C6
:1056B000BF9595E9C09596E9C19597E9C29598E996
:1056C000C39599E9C4959AE9C5959BE9C6959CE966
:1056D000C7959DE9C8959EE9C9959FE9CA95A0E936
:1056E000CB95A1E92469A2E9F068A3E90B69A4E9D3
:1056F0000169A5E95769A6E9E368A7E91069A8E97E
:105700007169A9E93969AAE96069ABE94269ACE95B
:105710005D69ADE98469AEE96B69AFE98069B0E9BB
:105720009869B1E97869B2E93469B3E9CC69B4E957
:105730008769B5E98869B6E9CE69B7E98969B8E9E1
:105740006669B9E96369BAE97969BBE99B69BCE94A
:10575000A769BDE9BB69BEE9AB69BFE9AD69C0E94D
:10576000D469C1E9B169C2E9C169C3E9CA69C4E9D7
:10577000DF69C5E99569C6E9E069C7E98D69C8E9E6
:10578000FF69C9E92F6ACAE9ED69CBE9176ACCE973
:10579000186ACDE9656ACEE9F269CFE9446AD0E9D1
:1057A0003E6AD1E9A06AD2E9506AD3E95B6AD4E9DA
:1057B000356AD5E98E6AD6E9796AD7E93D6AD8E9CA
:1057C000286AD9E9586ADAE97C6ADBE9916ADCE996
:1057D000906ADDE9A96ADEE9976ADFE9AB6AE0E988
:1057E0003773E1E95273E2E9816BE3E9826BE4E943
:1057F000876BE5E9846BE6E9926BE7E9936BE8E98F
:105800008D6BE9E99A6BEAE99B6BEBE9A16BECE93B
:10581000AA6BEDE96B8FEEE96D8FEFE9718FF0E91F
:10582000728FF1E9738FF2E9758FF3E9768FF4E9FE
:10583000788FF5E9778FF6E9798FF7E97A8FF8E9CC
:105840007C8FF9E97E8FFAE9818FFBE9828FFCE991
:10585000848FFDE9878FFEE98B8F40EACC9541EA82
:10586000CD9542EACE9543EACF9544EAD09545EAF4
:10587000D19546EAD29547EAD39548EAD49549EAC4
:10588000D5954AEAD6954BEAD7954CEAD8954DEA94
:10589000D9954EEADA954FEADB9550EADC9551EA64
:1058A000DD9552EADE9553EADF9554EAE09555EA34
:1058B000E19556EAE29557EAE39558EAE49559EA04
:1058C000E5955AEAE6955BEAE7955CEAEC955DEAD0
:1058D000FF955EEA07965FEA139660EA189661EA1A
:1058E0001B9662EA1E9663EA209664EA239665EAAE
:1058F000249666EA259667EA269668EA279669EA74
:1059000028966AEA29966BEA2B966CEA2C966DEA41
:105910002D966EEA2F966FEA309670EA379671EA06
:10592000389672EA399673EA3A9674EA3E9675EAC0
:10593000419676EA439677EA4A9678EA4E9679EA6D
:105940004F967AEA51967BEA52967CEA53967DEA24
:1059500056967EEA579680EA589681EA599682EAE8
:105960005A9683EA5C9684EA5D9685EA5E9686EAB4
:10597000609687EA639688EA659689EA66968AEA77
:105980006B968BEA6D968CEA6E968DEA6F968EEA30
:1059900070968FEA719690EA739691EA789692EAF9
:1059A000799693EA7A9694EA7B9695EA7C9696EABB
:1059B0007D9697EA7E9698EA7F9699EA80969AEA8B
:1059C00081969BEA82969CEA83969DEA84969EEA5B
:1059D00087969FEA8996A0EA8A96A1EA8D8FA2EA25
:1059E0008E8FA3EA8F8FA4EA988FA5EA9A8FA6EAF2
:1059F000CE8EA7EA0B62A8EA1762A9EA1B62AAEA9E
:105A00001F62ABEA2262ACEA2162ADEA2562AEEA2D
:105A10002462AFEA2C62B0EAE781B1EAEF74B2EA3D
:105A2000F474B3EAFF74B4EA0F75B5EA1175B6EA17
:105A30001375B7EA3465B8EAEE65B9EAEF65BAEA14
:105A4000F065BBEA0A66BCEA1966BDEA7267BEEA9F
:105A50000366BFEA1566C0EA0066C1EA8570C2EA5D
:105A6000F766C3EA1D66C4EA3466C5EA3166C6EA6B
:105A70003666C7EA3566C8EA0680C9EA5F66CAEADA
:105A80005466CBEA4166CCEA4F66CDEA5666CEEA6A
:105A90006166CFEA5766D0EA7766D1EA8466D2EAD1
:105AA0008C66D3EAA766D4EA9D66D5EABE66D6EAD6
:105AB000DB66D7EADC66D8EAE666D9EAE966DAEABE
:105AC000328DDBEA338DDCEA368DDDEA3B8DDEEAB2
:105AD0003D8DDFEA408DE0EA458DE1EA468DE2EA60
:105AE000488DE3EA498DE4EA478DE5EA4D8DE6EA23
:105AF000558DE7EA598DE8EAC789E9EACA89EAEAF1
:105B0000CB89EBEACC89ECEACE89EDEACF89EEEAE3
:105B1000D089EFEAD189F0EA6E72F1EA9F72F2EA77
:105B20005D72F3EA6672F4EA6F72F5EA7E72F6EA83
:105B30007F72F7EA8472F8EA8B72F9EA8D72FAEAF8
:105B40008F72FBEA9272FCEA0863FDEA3263FEEAB6
:105B5000B06340EB8C9641EB8E9642EB919643EB13
:105B6000929644EB939645EB959646EB969647EBCB
:105B70009A9648EB9B9649EB9D964AEB9E964BEB8B
:105B80009F964CEBA0964DEBA1964EEBA2964FEB59
:105B9000A39650EBA49651EBA59652EBA69653EB29
:105BA000A89654EBA99655EBAA9656EBAB9657EBF5
:105BB000AC9658EBAD9659EBAE965AEBAF965BEBC5
:105BC000B1965CEBB2965DEBB4965EEBB5965FEB8F
:105BD000B79660EBB89661EBBA9662EBBB9663EB57
:105BE000BF9664EBC29665EBC39666EBC89667EB0F
:105BF000CA9668EBCB9669EBD0966AEBD1966BEBC5
:105C0000D3966CEBD4966DEBD6966EEBD7966FEB86
:105C1000D89670EBD99671EBDA9672EBDB9673EB54
:105C2000DC9674EBDD9675EBDE9676EBDF9677EB24
:105C3000E19678EBE29679EBE3967AEBE4967BEBF0
:105C4000E5967CEBE6967DEBE7967EEBEB9680EBBC
:105C5000EC9681EBED9682EBEE9683EBF09684EB7F
:105C6000F19685EBF29686EBF49687EBF59688EB4A
:105C7000F89689EBFA968AEBFB968BEBFC968CEB0D
:105C8000FD968DEBFF968EEB02978FEB039790EBD3
:105C9000059791EB0A9792EB0B9793EB0C9794EB8C
:105CA000109795EB119796EB129797EB149798EB4B
:105CB000159799EB17979AEB18979BEB19979CEB15
:105CC0001A979DEB1B979EEB1D979FEB1F97A0EBE1
:105CD0002097A1EB3F64A2EBD864A3EB0480A4EB74
:105CE000EA6BA5EBF36BA6EBFD6BA7EBF56BA8EBF3
:105CF000F96BA9EB056CAAEB076CABEB066CACEB94
:105D00000D6CADEB156CAEEB186CAFEB196CB0EB2A
:105D10001A6CB1EB216CB2EB296CB3EB246CB4EBD5
:105D20002A6CB5EB326CB6EB3565B7EB5565B8EB65
:105D30006B65B9EB4D72BAEB5272BBEB5672BCEBB2
:105D40003072BDEB6286BEEB1652BFEB9F80C0EB9C
:105D50009C80C1EB9380C2EBBC80C3EB0A67C4EBB1
:105D6000BD80C5EBB180C6EBAB80C7EBAD80C8EBA7
:105D7000B480C9EBB780CAEBE780CBEBE880CCEB13
:105D8000E980CDEBEA80CEEBDB80CFEBC280D0EBBD
:105D9000C480D1EBD980D2EBCD80D3EBD780D4EBCC
:105DA0001067D5EBDD80D6EBEB80D7EBF180D8EB3D
:105DB000F480D9EBED80DAEB0D81DBEB0E81DCEBCF
:105DC000F280DDEBFC80DEEB1567DFEB1281E0EBB0
:105DD0005A8CE1EB3681E2EB1E81E3EB2C81E4EBA4
:105DE0001881E5EB3281E6EB4881E7EB4C81E8EB8B
:105DF0005381E9EB7481EAEB5981EBEB5A81ECEBCF
:105E00007181EDEB6081EEEB6981EFEB7C81F0EB72
:105E10007D81F1EB6D81F2EB6781F3EB4D58F4EB93
:105E2000B55AF5EB8881F6EB8281F7EB9181F8EBBF
:105E3000D56EF9EBA381FAEBAA81FBEBCC81FCEBED
:105E40002667FDEBCA81FEEBBB8140EC219741EC5C
:105E5000229742EC239743EC249744EC259745EC9A
:105E6000269746EC279747EC289748EC299749EC6A
:105E70002B974AEC2C974BEC2E974CEC2F974DEC34
:105E800031974EEC33974FEC349750EC359751ECFB
:105E9000369752EC379753EC3A9754EC3B9755ECC6
:105EA0003C9756EC3D9757EC3F9758EC409759EC90
:105EB00041975AEC42975BEC43975CEC44975DEC5E
:105EC00045975EEC46975FEC479760EC489761EC2E
:105ED000499762EC4A9763EC4B9764EC4C9765ECFE
:105EE0004D9766EC4E9767EC4F9768EC509769ECCE
:105EF00051976AEC54976BEC55976CEC57976DEC97
:105F000058976EEC5A976FEC5C9770EC5D9771EC5C
:105F10005F9772EC639773EC649774EC669775EC1B
:105F2000679776EC689777EC6A9778EC6B9779ECE3
:105F30006C977AEC6D977BEC6E977CEC6F977DECB1
:105F400070977EEC719780EC729781EC759782EC7C
:105F5000779783EC789784EC799785EC7A9786EC41
:105F60007B9787EC7D9788EC7E9789EC7F978AEC0E
:105F700080978BEC81978CEC82978DEC83978EECDD
:105F800084978FEC869790EC879791EC889792ECAA
:105F9000899793EC8A9794EC8C9795EC8E9796EC76
:105FA0008F9797EC909798EC939799EC95979AEC3C
:105FB00096979BEC97979CEC99979DEC9A979EEC03
:105FC0009B979FEC9C97A0EC9D97A1ECC181A2ECC4
:105FD000A681A3EC246BA4EC376BA5EC396BA6EC83
:105FE000436BA7EC466BA8EC596BA9ECD198AAECD3
:105FF000D298ABECD398ACECD598ADECD998AEEC8C
:10600000DA98AFECB36BB0EC405FB1ECC26BB2ECC2
:10601000F389B3EC9065B4EC519FB5EC9365B6ECA5
:10602000BC65B7ECC665B8ECC465B9ECC365BAEC41
:10603000CC65BBECCE65BCECD265BDECD665BEECE8
:106040008070BFEC9C70C0EC9670C1EC9D70C2EC8F
:10605000BB70C3ECC070C4ECB770C5ECAB70C6ECE1
:10606000B170C7ECE870C8ECCA70C9EC1071CAEC2A
:106070001371CBEC1671CCEC2F71CDEC3171CEECF1
:106080007371CFEC5C71D0EC6871D1EC4571D2ECDE
:106090007271D3EC4A71D4EC7871D5EC7A71D6EC8C
:1060A0009871D7ECB371D8ECB571D9ECA871DAEC72
:1060B000A071DBECE071DCECD471DDECE771DEECBF
:1060C000F971DFEC1D72E0EC2872E1EC6C70E2EC2F
:1060D0001871E3EC6671E4ECB971E5EC3E62E6EC54
:1060E0003D62E7EC4362E8EC4862E9EC4962EAECC5
:1060F0003B79EBEC4079ECEC4679EDEC4979EEEC50
:106100005B79EFEC5C79F0EC5379F1EC5A79F2ECD5
:106110006279F3EC5779F4EC6079F5EC6F79F6EC91
:106120006779F7EC7A79F8EC8579F9EC8A79FAEC09
:106130009A79FBECA779FCECB379FDECD15FFEEC2E
:10614000D05F40ED9E9741ED9F9742EDA19743EDC3
:10615000A29744EDA49745EDA59746EDA69747ED88
:10616000A79748EDA89749EDA9974AEDAA974BED57
:10617000AC974CEDAE974DEDB0974EEDB1974FED1E
:10618000B39750EDB59751EDB69752EDB79753EDE4
:10619000B89754EDB99755EDBA9756EDBB9757EDB3
:1061A000BC9758EDBD9759EDBE975AEDBF975BED83
:1061B000C0975CEDC1975DEDC2975EEDC3975FED53
:1061C000C49760EDC59761EDC69762EDC79763ED23
:1061D000C89764EDC99765EDCA9766EDCB9767EDF3
:1061E000CC9768EDCD9769EDCE976AEDCF976BEDC3
:1061F000D0976CEDD1976DEDD2976EEDD3976FED93
:10620000D49770EDD59771EDD69772EDD79773ED62
:10621000D89774EDD99775EDDA9776EDDB9777ED32
:10622000DC9778EDDD9779EDDE977AEDDF977BED02
:10623000E0977CEDE1977DEDE2977EEDE39780EDD1
:10624000E49781EDE59782EDE89783EDEE9784ED95
:10625000EF9785EDF09786EDF19787EDF29788ED52
:10626000F49789EDF7978AEDF8978BEDF9978CED18
:10627000FA978DEDFB978EEDFC978FEDFD9790EDE6
:10628000FE9791EDFF9792ED009893ED019894EDB4
:10629000029895ED039896ED049897ED059898ED82
:1062A000069899ED07989AED08989BED09989CED52
:1062B0000A989DED0B989EED0C989FED0D98A0ED22
:1062C0000E98A1ED3C60A2ED5D60A3ED5A60A4EDD7
:1062D0006760A5ED4160A6ED5960A7ED6360A8ED8C
:1062E000AB60A9ED0661AAED0D61ABED5D61ACEDB2
:1062F000A961ADED9D61AEEDCB61AFEDD161B0EDCA
:106300000662B1ED8080B2ED7F80B3ED936CB4EDA9
:10631000F66CB5EDFC6DB6EDF677B7EDF877B8ED48
:106320000078B9ED0978BAED1778BBED1878BCEDB7
:106330001178BDEDAB65BEED2D78BFED1C78C0EDDD
:106340001D78C1ED3978C2ED3A78C3ED3B78C4EDE4
:106350001F78C5ED3C78C6ED2578C7ED2C78C8EDE3
:106360002378C9ED2978CAED4E78CBED6D78CCED68
:106370005678CDED5778CEED2678CFED5078D0ED2C
:106380004778D1ED4C78D2ED6A78D3ED9B78D4ED97
:106390009378D5ED9A78D6ED8778D7ED9C78D8EDBF
:1063A000A178D9EDA378DAEDB278DBEDB978DCED40
:1063B000A578DDEDD478DEEDD978DFEDC978E0EDB4
:1063C000EC78E1EDF278E2ED0579E3EDF478E4EDD7
:1063D0001379E5ED2479E6ED1E79E7ED3479E8ED02
:1063E0009B9FE9EDF99EEAEDFB9EEBEDFC9EECED4B
:1063F000F176EDED0477EEED0D77EFEDF976F0ED5A
:106400000777F1ED0877F2ED1A77F3ED2277F4EDE7
:106410001977F5ED2D77F6ED2677F7ED3577F8ED71
:106420003877F9ED5077FAED5177FBED4777FCEDD2
:106430004377FDED5A77FEED687740EE0F9841EE19
:10644000109842EE119843EE129844EE139845EEE0
:10645000149846EE159847EE169848EE179849EEB0
:1064600018984AEE19984BEE1A984CEE1B984DEE80
:106470001C984EEE1D984FEE1E9850EE1F9851EE50
:10648000209852EE219853EE229854EE239855EE20
:10649000249856EE259857EE269858EE279859EEF0
:1064A00028985AEE29985BEE2A985CEE2B985DEEC0
:1064B0002C985EEE2D985FEE2E9860EE2F9861EE90
:1064C000309862EE319863EE329864EE339865EE60
:1064D000349866EE359867EE369868EE379869EE30
:1064E00038986AEE39986BEE3A986CEE3B986DEE00
:1064F0003C986EEE3D986FEE3E9870EE3F9871EED0
:10650000409872EE419873EE429874EE439875EE9F
:10651000449876EE459877EE469878EE479879EE6F
:1065200048987AEE49987BEE4A987CEE4B987DEE3F
:106530004C987EEE4D9880EE4E9881EE4F9882EE0C
:10654000509883EE519884EE529885EE539886EEDB
:10655000549887EE559888EE569889EE57988AEEAB
:1065600058988BEE59988CEE5A988DEE5B988EEE7B
:106570005C988FEE5D9890EE5E9891EE5F9892EE4B
:10658000609893EE619894EE629895EE639896EE1B
:10659000649897EE659898EE669899EE67989AEEEB
:1065A00068989BEE69989CEE6A989DEE6B989EEEBB
:1065B0006C989FEE6D98A0EE6E98A1EE6277A2EEB9
:1065C0006577A3EE7F77A4EE8D77A5EE7D77A6EEB7
:1065D0008077A7EE8C77A8EE9177A9EE9F77AAEE49
:1065E000A077ABEEB077ACEEB577ADEEBD77AEEEA3
:1065F0003A75AFEE4075B0EE4E75B1EE4B75B2EE3A
:106600004875B3EE5B75B4EE7275B5EE7975B6EE9E
:106610008375B7EE587FB8EE617FB9EE5F7FBAEE53
:10662000488ABBEE687FBCEE747FBDEE717FBEEE24
:10663000797FBFEE817FC0EE7E7FC1EECD76C2EE68
:10664000E576C3EE3288C4EE8594C5EE8694C6EE38
:106650008794C7EE8B94C8EE8A94C9EE8C94CAEEE8
:106660008D94CBEE8F94CCEE9094CDEE9494CEEEB0
:106670009794CFEE9594D0EE9A94D1EE9B94D2EE6F
:106680009C94D3EEA394D4EEA494D5EEAB94D6EE22
:10669000AA94D7EEAD94D8EEAC94D9EEAF94DAEEDE
:1066A000B094DBEEB294DCEEB494DDEEB694DEEEA4
:1066B000B794DFEEB894E0EEB994E1EEBA94E2EE6E
:1066C000BC94E3EEBD94E4EEBF94E5EEC494E6EE34
:1066D000C894E7EEC994E8EECA94E9EECB94EAEEEA
:1066E000CC94EBEECD94ECEECE94EDEED094EEEEB9
:1066F000D194EFEED294F0EED594F1EED694F2EE82
:10670000D794F3EED994F4EED894F5EEDB94F6EE4C
:10671000DE94F7EEDF94F8EEE094F9EEE294FAEE10
:10672000E494FBEEE594FCEEE794FDEEE894FEEED7
:10673000EA9440EF6F9841EF709842EF719843EF01
:10674000729844EF739845EF749846EF8B9847EF33
:106750008E9848EF929849EF95984AEF99984BEFA9
:10676000A3984CEFA8984DEFA9984EEFAA984FEF39
:10677000AB9850EFAC9851EFAD9852EFAE9853EF05
:10678000AF9854EFB09855EFB19856EFB29857EFD5
:10679000B39858EFB49859EFB5985AEFB6985BEFA5
:1067A000B7985CEFB8985DEFB9985EEFBA985FEF75
:1067B000BB9860EFBC9861EFBD9862EFBE9863EF45
:1067C000BF9864EFC09865EFC19866EFC29867EF15
:1067D000C39868EFC49869EFC5986AEFC6986BEFE5
:1067E000C7986CEFC8986DEFC9986EEFCA986FEFB5
:1067F000CB9870EFCC9871EFCD9872EFCF9873EF84
:10680000D09874EFD49875EFD69876EFD79877EF45
:10681000DB9878EFDC9879EFDD987AEFE0987BEF02
:10682000E1987CEFE2987DEFE3987EEFE49880EFCB
:10683000E59881EFE69882EFE99883EFEA9884EF94
:10684000EB9885EFEC9886EFED9887EFEE9888EF60
:10685000EF9889EFF0988AEFF1988BEFF2988CEF30
:10686000F3988DEFF4988EEFF5988FEFF69890EF00
:10687000F79891EFF89892EFF99893EFFA9894EFD0
:10688000FB9895EFFC9896EFFD9897EFFE9898EFA0
:10689000FF9899EF00999AEF01999BEF02999CEF6D
:1068A00003999DEF04999EEF05999FEF0699A0EF3C
:1068B0000799A1EFE994A2EFEB94A3EFEE94A4EF74
:1068C000EF94A5EFF394A6EFF494A7EFF594A8EF57
:1068D000F794A9EFF994AAEFFC94ABEFFD94ACEF19
:1068E000FF94ADEF0395AEEF0295AFEF0695B0EFD5
:1068F0000795B1EF0995B2EF0A95B3EF0D95B4EF97
:106900000E95B5EF0F95B6EF1295B7EF1395B8EF5B
:106910001495B9EF1595BAEF1695BBEF1895BCEF26
:106920001B95BDEF1D95BEEF1E95BFEF1F95C0EFE8
:106930002295C1EF2A95C2EF2B95C3EF2995C4EF9D
:106940002C95C5EF3195C6EF3295C7EF3495C8EF5A
:106950003695C9EF3795CAEF3895CBEF3C95CCEF1C
:106960003E95CDEF3F95CEEF4295CFEF3595D0EFE9
:106970004495D1EF4595D2EF4695D3EF4995D4EFA5
:106980004C95D5EF4E95D6EF4F95D7EF5295D8EF62
:106990005395D9EF5495DAEF5695DBEF5795DCEF29
:1069A0005895DDEF5995DEEF5B95DFEF5E95E0EFF3
:1069B0005F95E1EF5D95E2EF6195E3EF6295E4EFBE
:1069C0006495E5EF6595E6EF6695E7EF6795E8EF87
:1069D0006895E9EF6995EAEF6A95EBEF6B95ECEF57
:1069E0006C95EDEF6F95EEEF7195EFEF7295F0EF1F
:1069F0007395F1EF3A95F2EFE777F3EFEC77F4EF79
:106A0000C996F5EFD579F6EFED79F7EFE379F8EF81
:106A1000EB79F9EF067AFAEF475DFBEF037AFCEFCB
:106A2000027AFDEF1E7AFEEF147A40F0089941F0E9
:106A3000099942F00A9943F00B9944F00C9945F0FA
:106A40000E9946F00F9947F0119948F0129949F0C4
:106A500013994AF014994BF015994CF016994DF092
:106A600017994EF018994FF0199950F01A9951F062
:106A70001B9952F01C9953F01D9954F01E9955F032
:106A80001F9956F0209957F0219958F0229959F002
:106A900023995AF024995BF025995CF026995DF0D2
:106AA00027995EF028995FF0299960F02A9961F0A2
:106AB0002B9962F02C9963F02D9964F02F9965F071
:106AC000309966F0319967F0329968F0339969F03E
:106AD00034996AF035996BF036996CF037996DF00E
:106AE00038996EF039996FF03A9970F03B9971F0DE
:106AF0003C9972F03D9973F03E9974F03F9975F0AE
:106B0000409976F0419977F0429978F0439979F07D
:106B100044997AF045997BF046997CF047997DF04D
:106B200048997EF0499980F04A9981F04B9982F01A
:106B30004C9983F04D9984F04E9985F04F9986F0E9
:106B4000509987F0519988F0529989F053998AF0B9
:106B500056998BF057998CF058998DF059998EF081
:106B60005A998FF05B9990F05C9991F05D9992F051
:106B70005E9993F05F9994F0609995F0619996F021
:106B8000629997F0649998F0669999F073999AF0E0
:106B900078999BF079999CF07B999DF07E999EF075
:106BA00082999FF08399A0F08999A1F0397AA2F097
:106BB000377AA3F0517AA4F0CF9EA5F0A599A6F05C
:106BC000707AA7F08876A8F08E76A9F09376AAF06E
:106BD0009976ABF0A476ACF0DE74ADF0E074AEF074
:106BE0002C75AFF0209EB0F0229EB1F0289EB2F03E
:106BF000299EB3F02A9EB4F02B9EB5F02C9EB6F0E1
:106C0000329EB7F0319EB8F0369EB9F0389EBAF099
:106C1000379EBBF0399EBCF03A9EBDF03E9EBEF062
:106C2000419EBFF0429EC0F0449EC1F0469EC2F01D
:106C3000479EC3F0489EC4F0499EC5F04B9EC6F0E7
:106C40004C9EC7F04E9EC8F0519EC9F0559ECAF0AA
:106C5000579ECBF05A9ECCF05B9ECDF05C9ECEF062
:106C60005E9ECFF0639ED0F0669ED1F0679ED2F01C
:106C7000689ED3F0699ED4F06A9ED5F06B9ED6F0E4
:106C80006C9ED7F0719ED8F06D9ED9F0739EDAF0AD
:106C90009275DBF09475DCF09675DDF0A075DEF092
:106CA0009D75DFF0AC75E0F0A375E1F0B375E2F02F
:106CB000B475E3F0B875E4F0C475E5F0B175E6F0CD
:106CC000B075E7F0C375E8F0C275E9F0D675EAF083
:106CD000CD75EBF0E375ECF0E875EDF0E675EEF0F0
:106CE000E475EFF0EB75F0F0E775F1F00376F2F094
:106CF000F175F3F0FC75F4F0FF75F5F01076F6F031
:106D00000076F7F00576F8F00C76F9F01776FAF0E1
:106D10000A76FBF02576FCF01876FDF01576FEF08D
:106D2000197640F18C9941F18E9942F19A9943F18B
:106D30009B9944F19C9945F19D9946F19E9947F1A3
:106D40009F9948F1A09949F1A1994AF1A2994BF173
:106D5000A3994CF1A4994DF1A6994EF1A7994FF141
:106D6000A99950F1AA9951F1AB9952F1AC9953F10B
:106D7000AD9954F1AE9955F1AF9956F1B09957F1DB
:106D8000B19958F1B29959F1B3995AF1B4995BF1AB
:106D9000B5995CF1B6995DF1B7995EF1B8995FF17B
:106DA000B99960F1BA9961F1BB9962F1BC9963F14B
:106DB000BD9964F1BE9965F1BF9966F1C09967F11B
:106DC000C19968F1C29969F1C3996AF1C4996BF1EB
:106DD000C5996CF1C6996DF1C7996EF1C8996FF1BB
:106DE000C99970F1CA9971F1CB9972F1CC9973F18B
:106DF000CD9974F1CE9975F1CF9976F1D09977F15B
:106E0000D19978F1D29979F1D3997AF1D4997BF12A
:106E1000D5997CF1D6997DF1D7997EF1D89980F1F9
:106E2000D99981F1DA9982F1DB9983F1DC9984F1C6
:106E3000DD9985F1DE9986F1DF9987F1E09988F196
:106E4000E19989F1E2998AF1E3998BF1E4998CF166
:106E5000E5998DF1E6998EF1E7998FF1E89990F136
:106E6000E99991F1EA9992F1EB9993F1EC9994F106
:106E7000ED9995F1EE9996F1EF9997F1F09998F1D6
:106E8000F19999F1F2999AF1F3999BF1F4999CF1A6
:106E9000F5999DF1F6999EF1F7999FF1F899A0F176
:106EA000F999A1F11B76A2F13C76A3F12276A4F127
:106EB0002076A5F14076A6F12D76A7F13076A8F1DF
:106EC0003F76A9F13576AAF14376ABF13E76ACF187
:106ED0003376ADF14D76AEF15E76AFF15476B0F12A
:106EE0005C76B1F15676B2F16B76B3F16F76B4F1B0
:106EF000CA7FB5F1E67AB6F1787AB7F1797AB8F166
:106F0000807AB9F1867ABAF1887ABBF1957ABCF1C8
:106F1000A67ABDF1A07ABEF1AC7ABFF1A87AC0F131
:106F2000AD7AC1F1B37AC2F16488C3F16988C4F162
:106F30007288C5F17D88C6F17F88C7F18288C8F163
:106F4000A288C9F1C688CAF1B788CBF1BC88CCF158
:106F5000C988CDF1E288CEF1CE88CFF1E388D0F1B7
:106F6000E588D1F1F188D2F11A89D3F1FC88D4F106
:106F7000E888D5F1FE88D6F1F088D7F12189D8F1DB
:106F80001989D9F11389DAF11B89DBF10A89DCF15E
:106F90003489DDF12B89DEF13689DFF14189E0F1B9
:106FA0006689E1F17B89E2F18B75E3F1E580E4F13B
:106FB000B276E5F1B476E6F1DC77E7F11280E8F13C
:106FC0001480E9F11680EAF11C80EBF12080ECF1ED
:106FD0002280EDF12580EEF12680EFF12780F0F19F
:106FE0002980F1F12880F2F13180F3F10B80F4F186
:106FF0003580F5F14380F6F14680F7F14D80F8F1E8
:107000005280F9F16980FAF17180FBF18389FCF11A
:107010007898FDF18098FEF1839840F2FA9941F258
:10702000FB9942F2FC9943F2FD9944F2FE9945F234
:10703000FF9946F2009A47F2019A48F2029A49F201
:10704000039A4AF2049A4BF2059A4CF2069A4DF2D0
:10705000079A4EF2089A4FF2099A50F20A9A51F2A0
:107060000B9A52F20C9A53F20D9A54F20E9A55F270
:107070000F9A56F2109A57F2119A58F2129A59F240
:10708000139A5AF2149A5BF2159A5CF2169A5DF210
:10709000179A5EF2189A5FF2199A60F21A9A61F2E0
:1070A0001B9A62F21C9A63F21D9A64F21E9A65F2B0
:1070B0001F9A66F2209A67F2219A68F2229A69F280
:1070C000239A6AF2249A6BF2259A6CF2269A6DF250
:1070D000279A6EF2289A6FF2299A70F22A9A71F220
:1070E0002B9A72F22C9A73F22D9A74F22E9A75F2F0
:1070F0002F9A76F2309A77F2319A78F2329A79F2C0
:10710000339A7AF2349A7BF2359A7CF2369A7DF28F
:10711000379A7EF2389A80F2399A81F23A9A82F25C
:107120003B9A83F23C9A84F23D9A85F23E9A86F22B
:107130003F9A87F2409A88F2419A89F2429A8AF2FB
:10714000439A8BF2449A8CF2459A8DF2469A8EF2CB
:10715000479A8FF2489A90F2499A91F24A9A92F29B
:107160004B9A93F24C9A94F24D9A95F24E9A96F26B
:107170004F9A97F2509A98F2519A99F2529A9AF23B
:10718000539A9BF2549A9CF2559A9DF2569A9EF20B
:10719000579A9FF2589AA0F2599AA1F28998A2F2AE
:1071A0008C98A3F28D98A4F28F98A5F29498A6F2E9
:1071B0009A98A7F29B98A8F29E98A9F29F98AAF293
:1071C000A198ABF2A298ACF2A598ADF2A698AEF257
:1071D0004D86AFF25486B0F26C86B1F26E86B2F292
:1071E0007F86B3F27A86B4F27C86B5F27B86B6F2FD
:1071F000A886B7F28D86B8F28B86B9F2AC86BAF261
:107200009D86BBF2A786BCF2A386BDF2AA86BEF21B
:107210009386BFF2A986C0F2B686C1F2C486C2F2D6
:10722000B586C3F2CE86C4F2B086C5F2BA86C6F27F
:10723000B186C7F2AF86C8F2C986C9F2CF86CAF254
:10724000B486CBF2E986CCF2F186CDF2F286CEF2AC
:10725000ED86CFF2F386D0F2D086D1F21387D2F248
:10726000DE86D3F2F486D4F2DF86D5F2D886D6F263
:10727000D186D7F20387D8F20787D9F2F886DAF2F7
:107280000887DBF20A87DCF20D87DDF20987DEF280
:107290002387DFF23B87E0F21E87E1F22587E2F2E7
:1072A0002E87E3F21A87E4F23E87E5F24887E6F29A
:1072B0003487E7F23187E8F22987E9F23787EAF283
:1072C0003F87EBF28287ECF22287EDF27D87EEF2C8
:1072D0007E87EFF27B87F0F26087F1F27087F2F23F
:1072E0004C87F3F26E87F4F28B87F5F25387F6F250
:1072F0006387F7F27C87F8F26487F9F25987FAF22C
:107300006587FBF29387FCF2AF87FDF2A887FEF258
:10731000D28740F35A9A41F35B9A42F35C9A43F363
:107320005D9A44F35E9A45F35F9A46F3609A47F399
:10733000619A48F3629A49F3639A4AF3649A4BF369
:10734000659A4CF3669A4DF3679A4EF3689A4FF339
:10735000699A50F36A9A51F36B9A52F3729A53F303
:10736000839A54F3899A55F38D9A56F38E9A57F36C
:10737000949A58F3959A59F3999A5AF3A69A5BF30B
:10738000A99A5CF3AA9A5DF3AB9A5EF3AC9A5FF3A9
:10739000AD9A60F3AE9A61F3AF9A62F3B29A63F377
:1073A000B39A64F3B49A65F3B59A66F3B99A67F33E
:1073B000BB9A68F3BD9A69F3BE9A6AF3BF9A6BF3FE
:1073C000C39A6CF3C49A6DF3C69A6EF3C79A6FF3BF
:1073D000C89A70F3C99A71F3CA9A72F3CD9A73F38B
:1073E000CE9A74F3CF9A75F3D09A76F3D29A77F354
:1073F000D49A78F3D59A79F3D69A7AF3D79A7BF31D
:10740000D99A7CF3DA9A7DF3DB9A7EF3DC9A80F3E7
:10741000DD9A81F3DE9A82F3E09A83F3E29A84F3B1
:10742000E39A85F3E49A86F3E59A87F3E79A88F37B
:10743000E89A89F3E99A8AF3EA9A8BF3EC9A8CF347
:10744000EE9A8DF3F09A8EF3F19A8FF3F29A90F30D
:10745000F39A91F3F49A92F3F59A93F3F69A94F3DC
:10746000F79A95F3F89A96F3FA9A97F3FC9A98F3A9
:10747000FD9A99F3FE9A9AF3FF9A9BF3009B9CF373
:10748000019B9DF3029B9EF3049B9FF3059BA0F33E
:10749000069BA1F3C687A2F38887A3F38587A4F38D
:1074A000AD87A5F39787A6F38387A7F3AB87A8F3E8
:1074B000E587A9F3AC87AAF3B587ABF3B387ACF341
:1074C000CB87ADF3D387AEF3BD87AFF3D187B0F3EE
:1074D000C087B1F3CA87B2F3DB87B3F3EA87B4F3AB
:1074E000E087B5F3EE87B6F31688B7F31388B8F3E1
:1074F000FE87B9F30A88BAF31B88BBF32188BCF373
:107500003988BDF33C88BEF3367FBFF3427FC0F3BA
:10751000447FC1F3457FC2F31082C3F3FA7AC4F308
:10752000FD7AC5F3087BC6F3037BC7F3047BC8F37E
:10753000157BC9F30A7BCAF32B7BCBF30F7BCCF310
:10754000477BCDF3387BCEF32A7BCFF3197BD0F387
:107550002E7BD1F3317BD2F3207BD3F3257BD4F385
:10756000247BD5F3337BD6F33E7BD7F31E7BD8F356
:10757000587BD9F35A7BDAF3457BDBF3757BDCF37D
:107580004C7BDDF35D7BDEF3607BDFF36E7BE0F352
:107590007B7BE1F3627BE2F3727BE3F3717BE4F3E9
:1075A000907BE5F3A67BE6F3A77BE7F3B87BE8F3F4
:1075B000AC7BE9F39D7BEAF3A87BEBF3857BECF3F3
:1075C000AA7BEDF39C7BEEF3A27BEFF3AB7BF0F3B6
:1075D000B47BF1F3D17BF2F3C17BF3F3CC7BF4F317
:1075E000DD7BF5F3DA7BF6F3E57BF7F3E67BF8F387
:1075F000EA7BF9F30C7CFAF3FE7BFBF3FC7BFCF3F8
:107600000F7CFDF3167CFEF30B7C40F4079B41F4EA
:10761000099B42F40A9B43F40B9B44F40C9B45F4F6
:107620000D9B46F40E9B47F4109B48F4119B49F4C4
:10763000129B4AF4149B4BF4159B4CF4169B4DF48F
:10764000179B4EF4189B4FF4199B50F41A9B51F45E
:107650001B9B52F41C9B53F41D9B54F41E9B55F42E
:10766000209B56F4219B57F4229B58F4249B59F4F9
:10767000259B5AF4269B5BF4279B5CF4289B5DF4C6
:10768000299B5EF42A9B5FF42B9B60F42C9B61F496
:107690002D9B62F42E9B63F4309B64F4319B65F464
:1076A000339B66F4349B67F4359B68F4369B69F42E
:1076B000379B6AF4389B6BF4399B6CF43A9B6DF4FE
:1076C0003D9B6EF43E9B6FF43F9B70F4409B71F4C6
:1076D000469B72F44A9B73F44B9B74F44C9B75F479
:1076E0004E9B76F4509B77F4529B78F4539B79F43D
:1076F000559B7AF4569B7BF4579B7CF4589B7DF406
:10770000599B7EF45A9B80F45B9B81F45C9B82F4D2
:107710005D9B83F45E9B84F45F9B85F4609B86F4A1
:10772000619B87F4629B88F4639B89F4649B8AF471
:10773000659B8BF4669B8CF4679B8DF4689B8EF441
:10774000699B8FF46A9B90F46B9B91F46C9B92F411
:107750006D9B93F46E9B94F46F9B95F4709B96F4E1
:10776000719B97F4729B98F4739B99F4749B9AF4B1
:10777000759B9BF4769B9CF4779B9DF4789B9EF481
:10778000799B9FF47A9BA0F47B9BA1F41F7CA2F4CD
:107790002A7CA3F4267CA4F4387CA5F4417CA6F4CE
:1077A000407CA7F4FE81A8F40182A9F40282AAF425
:1077B0000482ABF4EC81ACF44488ADF42182AEF4E5
:1077C0002282AFF42382B0F42D82B1F42F82B2F47E
:1077D0002882B3F42B82B4F43882B5F43B82B6F439
:1077E0003382B7F43482B8F43E82B9F44482BAF4F6
:1077F0004982BBF44B82BCF44F82BDF45A82BEF482
:107800005F82BFF46882C0F47E88C1F48588C2F4C8
:107810008888C3F4D888C4F4DF88C5F45E89C6F4C8
:107820009D7FC7F49F7FC8F4A77FC9F4AF7FCAF4D8
:10783000B07FCBF4B27FCCF47C7CCDF44965CEF440
:10784000917CCFF49D7CD0F49C7CD1F49E7CD2F4CE
:10785000A27CD3F4B27CD4F4BC7CD5F4BD7CD6F449
:10786000C17CD7F4C77CD8F4CC7CD9F4CD7CDAF4D5
:10787000C87CDBF4C57CDCF4D77CDDF4E87CDEF48A
:107880006E82DFF4A866E0F4BF7FE1F4CE7FE2F41D
:10789000D57FE3F4E57FE4F4E17FE5F4E67FE6F409
:1078A000E97FE7F4EE7FE8F4F37FE9F4F87CEAF4AB
:1078B000777DEBF4A67DECF4AE7DEDF4477EEEF43F
:1078C0009B7EEFF4B89EF0F4B49EF1F4738DF2F465
:1078D000848DF3F4948DF4F4918DF5F4B18DF6F478
:1078E000678DF7F46D8DF8F4478CF9F4498CFAF450
:1078F0004A91FBF45091FCF44E91FDF44F91FEF44B
:10790000649140F57C9B41F57D9B42F57E9B43F560
:107910007F9B44F5809B45F5819B46F5829B47F50F
:10792000839B48F5849B49F5859B4AF5869B4BF5DF
:10793000879B4CF5889B4DF5899B4EF58A9B4FF5AF
:107940008B9B50F58C9B51F58D9B52F58E9B53F57F
:107950008F9B54F5909B55F5919B56F5929B57F54F
:10796000939B58F5949B59F5959B5AF5969B5BF51F
:10797000979B5CF5989B5DF5999B5EF59A9B5FF5EF
:107980009B9B60F59C9B61F59D9B62F59E9B63F5BF
:107990009F9B64F5A09B65F5A19B66F5A29B67F58F
:1079A000A39B68F5A49B69F5A59B6AF5A69B6BF55F
:1079B000A79B6CF5A89B6DF5A99B6EF5AA9B6FF52F
:1079C000AB9B70F5AC9B71F5AD9B72F5AE9B73F5FF
:1079D000AF9B74F5B09B75F5B19B76F5B29B77F5CF
:1079E000B39B78F5B49B79F5B59B7AF5B69B7BF59F
:1079F000B79B7CF5B89B7DF5B99B7EF5BA9B80F56E
:107A0000BB9B81F5BC9B82F5BD9B83F5BE9B84F53A
:107A1000BF9B85F5C09B86F5C19B87F5C29B88F50A
:107A2000C39B89F5C49B8AF5C59B8BF5C69B8CF5DA
:107A3000C79B8DF5C89B8EF5C99B8FF5CA9B90F5AA
:107A4000CB9B91F5CC9B92F5CD9B93F5CE9B94F57A
:107A5000CF9B95F5D09B96F5D19B97F5D29B98F54A
:107A6000D39B99F5D49B9AF5D59B9BF5D69B9CF51A
:107A7000D79B9DF5D89B9EF5D99B9FF5DA9BA0F5EA
:107A8000DB9BA1F56291A2F56191A3F57091A4F53C
:107A90006991A5F56F91A6F57D91A7F57E91A8F561
:107AA0007291A9F57491AAF57991ABF58C91ACF529
:107AB0008591ADF59091AEF58D91AFF59191B0F5C1
:107AC000A291B1F5A391B2F5AA91B3F5AD91B4F538
:107AD000AE91B5F5AF91B6F5B591B7F5B491B8F5EE
:107AE000BA91B9F5558CBAF57E9EBBF5B88DBCF54B
:107AF000EB8DBDF5058EBEF5598EBFF5698EC0F5CF
:107B0000B58DC1F5BF8DC2F5BC8DC3F5BA8DC4F579
:107B1000C48DC5F5D68DC6F5D78DC7F5DA8DC8F5F8
:107B2000DE8DC9F5CE8DCAF5CF8DCBF5DB8DCCF5CD
:107B3000C68DCDF5EC8DCEF5F78DCFF5F88DD0F562
:107B4000E38DD1F5F98DD2F5FB8DD3F5E48DD4F528
:107B5000098ED5F5FD8DD6F5148ED7F51D8ED8F589
:107B60001F8ED9F52C8EDAF52E8EDBF5238EDCF503
:107B70002F8EDDF53A8EDEF5408EDFF5398EE0F59D
:107B8000358EE1F53D8EE2F5318EE3F5498EE4F573
:107B9000418EE5F5428EE6F5518EE7F5528EE8F519
:107BA0004A8EE9F5708EEAF5768EEBF57C8EECF573
:107BB0006F8EEDF5748EEEF5858EEFF58F8EF0F508
:107BC000948EF1F5908EF2F59C8EF3F59E8EF4F581
:107BD000788CF5F5828CF6F58A8CF7F5858CF8F5BE
:107BE000988CF9F5948CFAF59B65FBF5D689FCF534
:107BF000DE89FDF5DA89FEF5DC8940F6DC9B41F68D
:107C0000DD9B42F6DE9B43F6DF9B44F6E09B45F6A8
:107C1000E19B46F6E29B47F6E39B48F6E49B49F678
:107C2000E59B4AF6E69B4BF6E79B4CF6E89B4DF648
:107C3000E99B4EF6EA9B4FF6EB9B50F6EC9B51F618
:107C4000ED9B52F6EE9B53F6EF9B54F6F09B55F6E8
:107C5000F19B56F6F29B57F6F39B58F6F49B59F6B8
:107C6000F59B5AF6F69B5BF6F79B5CF6F89B5DF688
:107C7000F99B5EF6FA9B5FF6FB9B60F6FC9B61F658
:107C8000FD9B62F6FE9B63F6FF9B64F6009C65F627
:107C9000019C66F6029C67F6039C68F6049C69F6F4
:107CA000059C6AF6069C6BF6079C6CF6089C6DF6C4
:107CB000099C6EF60A9C6FF60B9C70F60C9C71F694
:107CC0000D9C72F60E9C73F60F9C74F6109C75F664
:107CD000119C76F6129C77F6139C78F6149C79F634
:107CE000159C7AF6169C7BF6179C7CF6189C7DF604
:107CF000199C7EF61A9C80F61B9C81F61C9C82F6D1
:107D00001D9C83F61E9C84F61F9C85F6209C86F69F
:107D1000219C87F6229C88F6239C89F6249C8AF66F
:107D2000259C8BF6269C8CF6279C8DF6289C8EF63F
:107D3000299C8FF62A9C90F62B9C91F62C9C92F60F
:107D40002D9C93F62E9C94F62F9C95F6309C96F6DF
:107D5000319C97F6329C98F6339C99F6349C9AF6AF
:107D6000359C9BF6369C9CF6379C9DF6389C9EF67F
:107D7000399C9FF63A9CA0F63B9CA1F6E589A2F6B9
:107D8000EB89A3F6EF89A4F63E8AA5F6268BA6F624
:107D90005397A7F6E996A8F6F396A9F6EF96AAF6F2
:107DA0000697ABF60197ACF60897ADF60F97AEF6CF
:107DB0000E97AFF62A97B0F62D97B1F63097B2F638
:107DC0003E97B3F6809FB4F6839FB5F6859FB6F6CF
:107DD000869FB7F6879FB8F6889FB9F6899FBAF64F
:107DE0008A9FBBF68C9FBCF6FE9EBDF60B9FBEF62F
:107DF0000D9FBFF6B996C0F6BC96C1F6BD96C2F609
:107E0000CE96C3F6D296C4F6BF77C5F6E096C6F610
:107E10008E92C7F6AE92C8F6C892C9F63E93CAF6DD
:107E20006A93CBF6CA93CCF68F93CDF63E94CEF6FA
:107E30006B94CFF67F9CD0F6829CD1F6859CD2F6CF
:107E4000869CD3F6879CD4F6889CD5F6237AD6F602
:107E50008B9CD7F68E9CD8F6909CD9F6919CDAF63E
:107E6000929CDBF6949CDCF6959CDDF69A9CDEF603
:107E70009B9CDFF69E9CE0F69F9CE1F6A09CE2F6C0
:107E8000A19CE3F6A29CE4F6A39CE5F6A59CE6F68D
:107E9000A69CE7F6A79CE8F6A89CE9F6A99CEAF65A
:107EA000AB9CEBF6AD9CECF6AE9CEDF6B09CEEF622
:107EB000B19CEFF6B29CF0F6B39CF1F6B49CF2F6EE
:107EC000B59CF3F6B69CF4F6B79CF5F6BA9CF6F6BC
:107ED000BB9CF7F6BC9CF8F6BD9CF9F6C49CFAF680
:107EE000C59CFBF6C69CFCF6C79CFDF6CA9CFEF63C
:107EF000CB9C40F73C9C41F73D9C42F73E9C43F7AE
:107F00003F9C44F7409C45F7419C46F7429C47F70D
:107F1000439C48F7449C49F7459C4AF7469C4BF7DD
:107F2000479C4CF7489C4DF7499C4EF74A9C4FF7AD
:107F30004B9C50F74C9C51F74D9C52F74E9C53F77D
:107F40004F9C54F7509C55F7519C56F7529C57F74D
:107F5000539C58F7549C59F7559C5AF7569C5BF71D
:107F6000579C5CF7589C5DF7599C5EF75A9C5FF7ED
:107F70005B9C60F75C9C61F75D9C62F75E9C63F7BD
:107F80005F9C64F7609C65F7619C66F7629C67F78D
:107F9000639C68F7649C69F7659C6AF7669C6BF75D
:107FA000679C6CF7689C6DF7699C6EF76A9C6FF72D
:107FB0006B9C70F76C9C71F76D9C72F76E9C73F7FD
:107FC0006F9C74F7709C75F7719C76F7729C77F7CD
:107FD000739C78F7749C79F7759C7AF7769C7BF79D
:107FE000779C7CF7789C7DF7799C7EF77A9C80F76C
:107FF0007B9C81F77D9C82F77E9C83F7809C84F735
:10800000839C85F7849C86F7899C87F78A9C88F7F0
:108010008C9C89F78F9C8AF7939C8BF7969C8CF7A6
:10802000979C8DF7989C8EF7999C8FF79D9C90F765
:10803000AA9C91F7AC9C92F7AF9C93F7B99C94F7EC
:10804000BE9C95F7BF9C96F7C09C97F7C19C98F78C
:10805000C29C99F7C89C9AF7C99C9BF7D19C9CF746
:10806000D29C9DF7DA9C9EF7DB9C9FF7E09CA0F7E3
:10807000E19CA1F7CC9CA2F7CD9CA3F7CE9CA4F7E2
:10808000CF9CA5F7D09CA6F7D39CA7F7D49CA8F7C4
:10809000D59CA9F7D79CAAF7D89CABF7D99CACF78D
:1080A000DC9CADF7DD9CAEF7DF9CAFF7E29CB0F750
:1080B0007C97B1F78597B2F79197B3F79297B4F79A
:1080C0009497B5F7AF97B6F7AB97B7F7A397B8F70D
:1080D000B297B9F7B497BAF7B19ABBF7B09ABCF7B1
:1080E000B79ABDF7589EBEF7B69ABFF7BA9AC0F7CF
:1080F000BC9AC1F7C19AC2F7C09AC3F7C59AC4F730
:10810000C29AC5F7CB9AC6F7CC9AC7F7D19AC8F7E7
:10811000459BC9F7439BCAF7479BCBF7499BCCF7D5
:10812000489BCDF74D9BCEF7519BCFF7E898D0F702
:108130000D99D1F72E99D2F75599D3F75499D4F7D1
:10814000DF9AD5F7E19AD6F7E69AD7F7EF9AD8F7FC
:10815000EB9AD9F7FB9ADAF7ED9ADBF7F99ADCF7A5
:10816000089BDDF70F9BDEF7139BDFF71F9BE0F704
:10817000239BE1F7BD9EE2F7BE9EE3F73B7EE4F76B
:10818000829EE5F7879EE6F7889EE7F78B9EE8F7E5
:10819000929EE9F7D693EAF79D9EEBF79F9EECF748
:1081A000DB9EEDF7DC9EEEF7DD9EEFF7E09EF0F74D
:1081B000DF9EF1F7E29EF2F7E99EF3F7E79EF4F710
:1081C000E59EF5F7EA9EF6F7EF9EF7F7229FF8F7A0
:1081D0002C9FF9F72F9FFAF7399FFBF7379FFCF792
:1081E0003D9FFDF73E9FFEF7449F40F8E39C41F81A
:1081F000E49C42F8E59C43F8E69C44F8E79C45F88B
:10820000E89C46F8E99C47F8EA9C48F8EB9C49F85A
:10821000EC9C4AF8ED9C4BF8EE9C4CF8EF9C4DF82A
:10822000F09C4EF8F19C4FF8F29C50F8F39C51F8FA
:10823000F49C52F8F59C53F8F69C54F8F79C55F8CA
:10824000F89C56F8F99C57F8FA9C58F8FB9C59F89A
:10825000FC9C5AF8FD9C5BF8FE9C5CF8FF9C5DF86A
:10826000009D5EF8019D5FF8029D60F8039D61F836
:10827000049D62F8059D63F8069D64F8079D65F806
:10828000089D66F8099D67F80A9D68F80B9D69F8D6
:108290000C9D6AF80D9D6BF80E9D6CF80F9D6DF8A6
:1082A000109D6EF8119D6FF8129D70F8139D71F876
:1082B000149D72F8159D73F8169D74F8179D75F846
:1082C000189D76F8199D77F81A9D78F81B9D79F816
:1082D0001C9D7AF81D9D7BF81E9D7CF81F9D7DF8E6
:1082E000209D7EF8219D80F8229D81F8239D82F8B3
:1082F000249D83F8259D84F8269D85F8279D86F882
:10830000289D87F8299D88F82A9D89F82B9D8AF851
:108310002C9D8BF82D9D8CF82E9D8DF82F9D8EF821
:10832000309D8FF8319D90F8329D91F8339D92F8F1
:10833000349D93F8359D94F8369D95F8379D96F8C1
:10834000389D97F8399D98F83A9D99F83B9D9AF891
:108350003C9D9BF83D9D9CF83E9D9DF83F9D9EF861
:10836000409D9FF8419DA0F8429D40F9439D41F9F1
:10837000449D42F9459D43F9469D44F9479D45F981
:10838000489D46F9499D47F94A9D48F94B9D49F951
:108390004C9D4AF94D9D4BF94E9D4CF94F9D4DF921
:1083A000509D4EF9519D4FF9529D50F9539D51F9F1
:1083B000549D52F9559D53F9569D54F9579D55F9C1
:1083C000589D56F9599D57F95A9D58F95B9D59F991
:1083D0005C9D5AF95D9D5BF95E9D5CF95F9D5DF961
:1083E000609D5EF9619D5FF9629D60F9639D61F931
:1083F000649D62F9659D63F9669D64F9679D65F901
:10840000689D66F9699D67F96A9D68F96B9D69F9D0
:108410006C9D6AF96D9D6BF96E9D6CF96F9D6DF9A0
:10842000709D6EF9719D6FF9729D70F9739D71F970
:10843000749D72F9759D73F9769D74F9779D75F940
:10844000789D76F9799D77F97A9D78F97B9D79F910
:108450007C9D7AF97D9D7BF97E9D7CF97F9D7DF9E0
:10846000809D7EF9819D80F9829D81F9839D82F9AD
:10847000849D83F9859D84F9869D85F9879D86F97C
:10848000889D87F9899D88F98A9D89F98B9D8AF94C
:108490008C9D8BF98D9D8CF98E9D8DF98F9D8EF91C
:1084A000909D8FF9919D90F9929D91F9939D92F9EC
:1084B000949D93F9959D94F9969D95F9979D96F9BC
:1084C000989D97F9999D98F99A9D99F99B9D9AF98C
:1084D0009C9D9BF99D9D9CF99E9D9DF99F9D9EF95C
:1084E000A09D9FF9A19DA0F9A29D40FAA39D41FAEC
:1084F000A49D42FAA59D43FAA69D44FAA79D45FA7C
:10850000A89D46FAA99D47FAAA9D48FAAB9D49FA4B
:10851000AC9D4AFAAD9D4BFAAE9D4CFAAF9D4DFA1B
:10852000B09D4EFAB19D4FFAB29D50FAB39D51FAEB
:10853000B49D52FAB59D53FAB69D54FAB79D55FABB
:10854000B89D56FAB99D57FABA9D58FABB9D59FA8B
:10855000BC9D5AFABD9D5BFABE9D5CFABF9D5DFA5B
:10856000C09D5EFAC19D5FFAC29D60FAC39D61FA2B
:10857000C49D62FAC59D63FAC69D64FAC79D65FAFB
:10858000C89D66FAC99D67FACA9D68FACB9D69FACB
:10859000CC9D6AFACD9D6BFACE9D6CFACF9D6DFA9B
:1085A000D09D6EFAD19D6FFAD29D70FAD39D71FA6B
:1085B000D49D72FAD59D73FAD69D74FAD79D75FA3B
:1085C000D89D76FAD99D77FADA9D78FADB9D79FA0B
:1085D000DC9D7AFADD9D7BFADE9D7CFADF9D7DFADB
:1085E000E09D7EFAE19D80FAE29D81FAE39D82FAA8
:1085F000E49D83FAE59D84FAE69D85FAE79D86FA77
:10860000E89D87FAE99D88FAEA9D89FAEB9D8AFA46
:10861000EC9D8BFAED9D8CFAEE9D8DFAEF9D8EFA16
:10862000F09D8FFAF19D90FAF29D91FAF39D92FAE6
:10863000F49D93FAF59D94FAF69D95FAF79D96FAB6
:10864000F89D97FAF99D98FAFA9D99FAFB9D9AFA86
:10865000FC9D9BFAFD9D9CFAFE9D9DFAFF9D9EFA56
:10866000009E9FFA019EA0FA029E40FB039E41FBE2
:10867000049E42FB059E43FB069E44FB079E45FB72
:10868000089E46FB099E47FB0A9E48FB0B9E49FB42
:108690000C9E4AFB0D9E4BFB0E9E4CFB0F9E4DFB12
:1086A000109E4EFB119E4FFB129E50FB139E51FBE2
:1086B000149E52FB159E53FB169E54FB179E55FBB2
:1086C000189E56FB199E57FB1A9E58FB1B9E59FB82
:1086D0001C9E5AFB1D9E5BFB1E9E5CFB249E5DFB4D
:1086E000279E5EFB2E9E5FFB309E60FB349E61FBEF
:1086F0003B9E62FB3C9E63FB409E64FB4D9E65FB84
:10870000509E66FB529E67FB539E68FB549E69FB1E
:10871000569E6AFB599E6BFB5D9E6CFB5F9E6DFBDC
:10872000609E6EFB619E6FFB629E70FB659E71FB9F
:108730006E9E72FB6F9E73FB729E74FB749E75FB44
:10874000759E76FB769E77FB779E78FB789E79FB0D
:10875000799E7AFB7A9E7BFB7B9E7CFB7C9E7DFBDD
:108760007D9E7EFB809E80FB819E81FB839E82FBA3
:10877000849E83FB859E84FB869E85FB899E86FB6B
:108780008A9E87FB8C9E88FB8D9E89FB8E9E8AFB32
:108790008F9E8BFB909E8CFB919E8DFB949E8EFBFF
:1087A000959E8FFB969E90FB979E91FB989E92FBC9
:1087B000999E93FB9A9E94FB9B9E95FB9C9E96FB99
:1087C0009E9E97FBA09E98FBA19E99FBA29E9AFB62
:1087D000A39E9BFBA49E9CFBA59E9DFBA79E9EFB30
:1087E000A89E9FFBA99EA0FBAA9E40FCAB9E41FCBD
:1087F000AC9E42FCAD9E43FCAE9E44FCAF9E45FC4D
:10880000B09E46FCB19E47FCB29E48FCB39E49FC1C
:10881000B59E4AFCB69E4BFCB79E4CFCB99E4DFCE7
:10882000BA9E4EFCBC9E4FFCBF9E50FCC09E51FCAD
:10883000C19E52FCC29E53FCC39E54FCC59E55FC77
:10884000C69E56FCC79E57FCC89E58FCCA9E59FC43
:10885000CB9E5AFCCC9E5BFCD09E5CFCD29E5DFC09
:10886000D39E5EFCD59E5FFCD69E60FCD79E61FCCD
:10887000D99E62FCDA9E63FCDE9E64FCE19E65FC90
:10888000E39E66FCE49E67FCE69E68FCE89E69FC4D
:10889000EB9E6AFCEC9E6BFCED9E6CFCEE9E6DFC10
:1088A000F09E6EFCF19E6FFCF29E70FCF39E71FCDC
:1088B000F49E72FCF59E73FCF69E74FCF79E75FCAC
:1088C000F89E76FCFA9E77FCFD9E78FCFF9E79FC74
:1088D000009F7AFC019F7BFC029F7CFC039F7DFC38
:1088E000049F7EFC059F80FC069F81FC079F82FC05
:1088F000089F83FC099F84FC0A9F85FC0C9F86FCD3
:108900000F9F87FC119F88FC129F89FC149F8AFC93
:10891000159F8BFC169F8CFC189F8DFC1A9F8EFC5C
:108920001B9F8FFC1C9F90FC1D9F91FC1E9F92FC27
:108930001F9F93FC219F94FC239F95FC249F96FCF2
:10894000259F97FC269F98FC279F99FC289F9AFCBF
:10895000299F9BFC2A9F9CFC2B9F9DFC2D9F9EFC8E
:108960002E9F9FFC309FA0FC319F40FD329F41FD18
:10897000339F42FD349F43FD359F44FD369F45FDA7
:10898000389F46FD3A9F47FD3C9F48FD3F9F49FD6C
:10899000409F4AFD419F4BFD429F4CFD439F4DFD33
:1089A000459F4EFD469F4FFD479F50FD489F51FDFF
:1089B000499F52FD4A9F53FD4B9F54FD4C9F55FDCF
:1089C0004D9F56FD4E9F57FD4F9F58FD529F59FD9D
:1089D000539F5AFD549F5BFD559F5CFD569F5DFD67
:1089E000579F5EFD589F5FFD599F60FD5A9F61FD37
:1089F0005B9F62FD5C9F63FD5D9F64FD5E9F65FD07
:108A00005F9F66FD609F67FD619F68FD629F69FDD6
:108A1000639F6AFD649F6BFD659F6CFD669F6DFDA6
:108A2000679F6EFD689F6FFD699F70FD6A9F71FD76
:108A30006B9F72FD6C9F73FD6D9F74FD6E9F75FD46
:108A40006F9F76FD709F77FD719F78FD729F79FD16
:108A5000739F7AFD749F7BFD759F7CFD769F7DFDE6
:108A6000779F7EFD789F80FD799F81FD7A9F82FDB3
:108A70007B9F83FD7C9F84FD7D9F85FD7E9F86FD82
:108A8000819F87FD829F88FD8D9F89FD8E9F8AFD36
:108A90008F9F8BFD909F8CFD919F8DFD929F8EFDF2
:108AA000939F8FFD949F90FD959F91FD969F92FDC2
:108AB000979F93FD989F94FD9C9F95FD9D9F96FD8C
:108AC0009E9F97FDA19F98FDA29F99FDA39F9AFD50
:108AD000A49F9BFDA59F9CFD2CF99DFD79F99EFD12
:108AE00095F99FFDE7F9A0FDF1F940FE0CFA41FE72
:108AF0000DFA42FE0EFA43FE0FFA44FE11FA45FE4D
:108B000013FA46FE14FA47FE18FA48FE1FFA49FE09
:108B100020FA4AFE21FA4BFE23FA4CFE24FA4DFEBF
:108B200027FA4EFE28FA4FFE29FA000000006100E5
:108B30001A03E0001703F8000703FF0001007801A3
:108B40000001300132010601390110014A012E01F4
:108B50007901060180014D004302810182018201F9
:108B60008401840186018701870189018A018B01C3
:108B70008B018D018E018F01900191019101930173
:108B80009401F60196019701980198013D029B011D
:108B90009C019D0120029F01A001A001A201A20150
:108BA000A401A401A601A701A701A901AA01AB0183
:108BB000AC01AC01AE01AF01AF01B101B201B30133
:108BC000B301B501B501B701B801B801BA01BB01E4
:108BD000BC01BC01BE01F701C001C101C201C3015A
:108BE000C401C501C401C701C801C701CA01CB0145
:108BF000CA01CD011001DD0101008E01DE0112016B
:108C0000F3010300F101F401F401F801280122024B
:108C100012013A020900652C3B023B023D02662C20
:108C20003F0240024102410246020A015302400053
:108C300081018601550289018A0158028F015A0279
:108C400090015C025D025E025F02930161026202BA
:108C500094016402650266026702970196016A0246
:108C6000622C6C026D026E029C01700271029D0109
:108C7000730274029F0176027702780279027A0207
:108C80007B027C02642C7E027F02A60181028202AA
:108C9000A9018402850286028702AE014402B10165
:108CA000B20145028D028E028F0290029102B7013D
:108CB0007B030300FD03FE03FF03AC0304008603F4
:108CC000880389038A03B1031103C2030200A303CB
:108CD000A303C4030803CC0303008C038E038F0398
:108CE000D8031801F2030A00F903F303F403F503B0
:108CF000F603F703F703F903FA03FA03300420033A
:108D000050041007600422018A043601C1040E01D8
:108D1000CF040100C004D004440161052604000012
:108D20007D1D0100632C001E9601A01E5A01001F2C
:108D30000806101F0606201F0806301F0806401FE1
:108D40000606511F0700591F521F5B1F541F5D1F4E
:108D5000561F5F1F601F0806701F0E00BA1FBB1F43
:108D6000C81FC91FCA1FCB1FDA1FDB1FF81FF91F3F
:108D7000EA1FEB1FFA1FFB1F801F0806901F080643
:108D8000A01F0806B01F0400B81FB91FB21FBC1FE8
:108D9000CC1F0100C31FD01F0206E01F0206E51F03
:108DA0000100EC1FF21F0100FC1F4E2101003221C7
:108DB00070211002842101008321D0241A05302C57
:108DC0002F04602C0201672C0601752C0201802CF7
:108DD0006401002D260841FF1A03000064656661E6
:108DE000756C745461736B00088E030800000020DA
:108DF00020010000583A0008288F030820010020B5
:108E0000F0C70100683A000800000000FFFF000002
:108E1000319100088D9100084001002000000010F1
:108E2000000000684091012000F00010000C0F6865
:108E30000000000017EFFFFF00001F0000F81FF800
:108E4000E007FF07E0FF07FC308418C640BC0000C5
:108E5000000000000000006800A00000000000000A
:108E60000000000001000000000000000000000001
:108E7000000000000000000061390008BF39000850
:108E800093390008C33900086B390008000000005E
:108E900000000000000000000000000000000000D2
:108EA0000100000010000000000000000024F40099
:108EB00000000000000000000000000000000000B2
:108EC00000000000000000000000000000000000A2
:108ED0000000000000000000000000000000000092
:108EE0000000000000000000000000000000000082
:108EF0000000000000000000000000000000000072
:108F00000000000000000000000000000000000061
:108F1000AAAAAAAA000000000000000000000000A9
:088F2000000000000000000049
:040000050800018965
:00000001FF
